# AIST/GSJ, Geochemical Map of Hot Spring Waters (GRES-DB ONSEN 2020), gbank.gsj.jp/gres-db
# source:    https://gbank.gsj.jp/gres-db/download/onsen/GSJ_DB_GRES-DB_ONSEN_2020.zip
# sha256:    09ceca4ebf6a4ba366c6093845f190b95e2fd3a2ad7c7d97f0ac074bc4a68cab
# licence:   政府標準利用規約 第2.0版 (CC BY 4.0 compatible), attribution required
# generated: scripts/fetch-aist.mjs -- do not edit by hand
#
# Positions are the AREA CENTROID of the polygon each row publishes. Every
# cell in this file is 187-191 m across, which is a publisher privacy
# choice rather than GPS scatter. The centroid is a distance key only: it
# must never be written to a record location or used to mint a pin.
ser	onsenName	sourceName	prefecture	lat	lng	measuredAt	celsius	unit	ph	tds	sodium	calcium	magnesium	iron	chloride	sulfate	bicarbonate	silica
1	和琴半島	和琴地獄	北海道	43.58154387327457	144.3128002778915	1977	98.2	mg/kg	9.1	1439	334.5	0.3			320.5	118.9	234.2	452.641
2	和琴半島	町有井	北海道	43.56548376462963	144.34194682264905	1977	50.9	mg/kg	8.5	827	245.5	3.3	2.2		161.8	5	425.8	170.315
3	和琴半島	静翠荘	北海道	43.57206764394697	144.31841647496887	1977	97.2	mg/kg	7.8	616	77.1	23.1	24.8		12.8		374.5	303.227
4	和琴半島	恒川井	北海道	43.57416401927026	144.3152485592473	1977	98.4	mg/kg	8.8	1300	317.8	0.7	0.2		324.6	42.6	325.7	516.6
5	和琴半島	湖畔露天風呂	北海道	43.58157769719163	144.31267133790743	1977	47.8	mg/kg	6.9	548	74.8	21.4	22.9		50.4	3.3	278.2	184.717
6	竜雲知床温泉		北海道	43.82292581285442	145.08272015346813	1998	51.5	mg/l	7.9	7220	2260	74.7	2.6	0.14	3710	3.5	373	126
7	陸嶺川鉱泉		北海道	43.907248588510306	145.01022803629616	1998	17	mg/l	5	1440	62.9	339	20.9	23.9	91.6	572	449	108
8	陸志別川支流鉱泉		北海道	43.91518774521164	145.027575423846	1998	11.5	mg/l	5.8	790	12.2	255	6.8	4.68	7.6	228	520	46.5
9	陸志別川鉱泉		北海道	43.92507369886967	145.03015006360715	1998	11.3	mg/l	5.5	885	32	254	8.4	3.72	8.9	295	491	33
10	羅臼温泉	羅臼川本流-E	北海道	44.03199179631086	145.15438738539137	1978	54.5	mg/l	6	1532	446.5	40.9	12.6	1.94	539.6	190.6	226.9	115.2
11	羅臼温泉	羅臼川本流-D	北海道	44.03101530831395	145.1555120711613	1976	95.1	mg/l	8.3	3812	1288			0.41	1587	284.8	440.4	312.8
12	羅臼温泉	羅臼川本流-C	北海道	44.031425668438175	145.15219963503665	1976	95	mg/l	9.2	3871	1288			0.03	1609	286.1	446.5	319.8
13	羅臼温泉	羅臼川本流-B	北海道	44.031154542473836	145.15225414954463	1976	96.8	mg/l	9.1	3821	1284	0.3	0.1	0.03	1580	291.4	442.9	356.7
14	羅臼温泉	地熱54井	北海道	44.03324985498274	145.1517844787532	1979	106	mg/l	9.3	3811	1310	2.3	0.5	0.04	1564	324.3	506.3	313.2
15	羅臼温泉	元湯の沢K	北海道	44.02864578197725	145.15945488461583	1976	75.6	mg/l	6.4	2012	610.5	6.8	25.2	0.06	725.6	157.6	402.6	215.5
16	羅臼温泉	元湯の沢J	北海道	44.029109778929886	145.15877102725463	1976	94.8	mg/l	9.2	3045	1072	0.2	0.1	0.01	1275	238.3	407.5	329.5
17	羅臼温泉	元湯の沢I	北海道	44.02912382767868	145.15837511855105	1976	66	mg/l	6.5	1582	539	7.6	3.7	0.11	571.1	118.5	356.2	138.3
18	羅臼温泉	元湯の沢H	北海道	44.029040624966576	145.15752736293138	1976	79	mg/l	6.5	1217	380	13.8	4.3	0.35	375.5	70.8	383.1	141.2
19	羅臼温泉	元湯の沢G	北海道	44.02902577184863	145.15729914380213	1976	77.8	mg/l	6.9	1349	438	11.2	4.1	0.11	433.7	81.5	381.9	151.1
20	羅臼温泉	元湯の沢F	北海道	44.02823361292667	145.1588327162172	1976	37	mg/l	8	465	136	8.9	3.1	0.01	135.3	21.4	161.7	64.8
21	羅臼温泉	元湯の沢E	北海道	44.02890265934688	145.15988384516396	1978	39.2	mg/l	7.9	1083	347	22	5.6	0.05	391.2	60.1	273.3	100.7
22	羅臼温泉	元湯の沢D	北海道	44.02801239482257	145.15892437787656	1976	95.2	mg/l	8.8	2821	1017	2.1	1.9	0.11	1213	203.3	434.3	246.3
23	羅臼温泉	元湯の沢C	北海道	44.02929849186591	145.16012249971072	1978	85.8	mg/l	7.3	2725	898	7.2	15.4	0.03	1047	158.9	551.4	201.4
24	羅臼温泉	元湯の沢B	北海道	44.02758177960934	145.15864321958404	1978	51.8	mg/l	6.1	909	263.3	23	7	0.77	301	50.6	250.1	119.2
25	羅臼温泉	元湯の沢A	北海道	44.02679037593258	145.15786177498563	1976	67.6	mg/l	6.5	1402	417.2	37.6	11.9		462	80.3	417.2	144
26	羅臼温泉	間欠泉	北海道	44.0328977790777	145.1599967571344	1976	98	mg/l	9.5	3235	1125	1.9	1.6	0.04	1396	259.7	377	284.8
27	羅臼温泉	ラウス荘裏	北海道	44.03229937602605	145.16144026521454	1976	66.4	mg/l	6.1	1447	421.2	20.3	11.7	0.96	499.5	85.6	313.5	111.2
28	羅臼温泉	60年井(2号井)	北海道	44.03317851323357	145.15276317936275	1986	98.5	mg/l	8.6	3850.5	1227	1.8	0.6		1588	271.5	381.9	289.7
29	羅臼温泉	51井	北海道	44.0332482235315	145.1522701505623	1976	99.5	mg/l	8.6	3152	1066	3.7	0.6	0.08	1331	243.7	323	231.2
30	羅臼温泉	50年井	北海道	44.031670567367534	145.15824479066376	1985	97.4	mg/l	8.7	3967.5	1303	2.5	1.8		1555	283.7	573.4	334.3
31	養老牛温泉	裏養老牛温泉	北海道	43.58808959158575	144.71431943291768	1993	82.3	mg/l	7.1	1700	370	130	2.1	0.18	530	430	76	88
32	養老牛温泉	裏養老牛-B	北海道	43.588013706650514	144.71425806024598	1978	68.3	mg/l	6.6	1798	439	122.2	3.8	0.12	589	387	113.5	102.6
33	養老牛温泉	裏養老牛-A	北海道	43.588004706420755	144.71432839079827	1978	28.7	mg/l	6.7	228	40.1	14.2	3.7	0.04	50.6	27	45.8	63.3
34	養老牛温泉	養老牛温泉B	北海道	43.58839473484858	144.72263734609425	1978	78.2	mg/l	7.3	1671	412.8	129.4	2.1	0.07	481.1	433.5	54.9	93
35	養老牛温泉	中標津営林署	北海道	43.58798578918883	144.7143201427918	1978	62.1	mg/l	7.6	1756	344.5	181.9	3.3	0.05	382.5	624.9	97.6	63.3
36	養老牛温泉	花山荘	北海道	43.588481861650344	144.72255333099423	1978	84.3	mg/l	7	1648	383.6	117.7	9.1	0.12	472.6	435	98.8	91.3
37	養老牛温泉	グリーンようろうし	北海道	43.58801517133708	144.71411365034078	1978	80.3	mg/l	6.9	1727	404	127.8	5.7	0.08	498.8	432.2	115.3	88.3
38	養老牛温泉		北海道	43.58841404711742	144.7225154788459	1993	77.4	mg/l	7.1	1700	380	130	1.8	0.14	530	440	56	92
39	有毒温泉	有毒温泉B	北海道	43.683158621757585	142.887029877206	1962	42	mg/l	3	466	63	21.4	10.3	0.5	111.5	124.3		110
40	有毒温泉	有毒温泉A	北海道	43.68319727059888	142.88704563960772	1962	72	mg/l	3	716	217	58	20	0.05	380.4	273.2		110
41	有毒温泉	有毒温泉-8	北海道	43.68319955115102	142.88704842214287	1988	37.8	mg/l	2.8	507	48.27	14.96	6.01			620		121
42	有毒温泉	有毒温泉-6	北海道	43.68317856670831	142.88703984563537	1988	80.7	mg/l	3	1220	159.3	50.78	19.65			584		234
43	勇駒別温泉	勇駒荘C	北海道	43.64845000696648	142.79112167354123	1957	45	mg/kg	6.1	1674	157	157	60.1		262	553	406	144.628
44	勇駒別温泉	勇駒荘A	北海道	43.64766511081545	142.7904152799653	1957	46	mg/kg	6.3	1853	190	171	46.4		295	691	428	163.861
45	勇駒別温泉	勇駒荘A	北海道	43.64843582573557	142.79112142007588	1977	47.3	mg/l	6.3	1859	190.4	162.5	110.5	0.84	298	569.5	386.7	174.9
46	勇駒別温泉	白樺荘	北海道	43.64917785943956	142.79437181200612	1977	48	mg/l	6.1	1742	126.8	192.1	91.9		285.3	564.6	234.9	192.7
47	勇駒別温泉	白雲荘	北海道	43.6480580694817	142.79513319554113	1977	43.9	mg/kg	5.8	1568	112.8	157.6	82.4		256.9	498.3	176.9	167.589
48	勇駒別温泉	湯の滝	北海道	43.653059273970904	142.80112100561544	1977	48	mg/kg	6.4	1504	106.4	172.4	81.8		248.4	494.9	179.3	163.089
49	勇駒別温泉	東川町	北海道	43.65138385219055	142.79942743356986	1959		mg/kg	6.55	1760	100	237.5	84.6		253.8	687.8	171.1	140.013
50	勇駒別温泉	大雪荘泉源横	北海道	43.64870714993643	142.78794792440334	1977	44.7	mg/l	5.9	1560	111	161.5	83.6	0.03	250.5	481.5	213.5	175.9
51	勇駒別温泉	大雪山自然科学研究所	北海道	43.65037952517539	142.7960684627773	1962	51	mg/kg	5.8	1598	198	206.9	14.6		230.7	560.3	202	208.48
52	勇駒別温泉	青年研修所	北海道	43.6504193112966	142.796122244357	1977	47.6	mg/l	6	1529	114.6	162.6	81.2	0.15	269.7	473.2	161.7	188.8
53	勇駒別温泉	弘法の湯	北海道	43.652454966127344	142.8021880893453	1977	45.6	mg/kg	6.1	1489	106.1	170.9	71.6		244.8	481	167.8	160.39
54	勇駒別温泉	仰岳荘栄楽館	北海道	43.65091317357769	142.79740480413975	1977	51.8	mg/l	6.1	1811	128.1	200	92.5	0.02	298	558	210.5	200
55	勇駒別温泉	仰岳荘	北海道	43.65086224509063	142.7972218974902	1957	51	mg/kg	5.9	1600	113	170	60.1		254	555	221	193.094
56	勇駒別温泉	旭の湯A	北海道	43.66079981203724	142.8158608658738	1977	52.8	mg/kg	5.98	1067	75.3	124.5	44.2		92.3	394.2	154.3	174.089
57	網走湖畔	木崎B	北海道	43.968330005362105	144.22026740011887	1978	26.7	mg/l	8.7	228	54.8	1.9	0.8		13.5	16.9	120.2	77.1
58	網走湖畔	木崎A	北海道	43.9666661373948	144.20333010607175	1978	30	mg/l	8.9	228	55.6	0.4	0.4	0.05	12.1	20.6	109.8	81.5
59	網走湖畔	網走市	北海道	43.97027612682169	144.2033274190729	1978	28.8	mg/l	8.8	229	55.5	0.9	0.5	0.02	11.8	20.2	115.9	77.1
60	網走湖畔	網走観光ホテル	北海道	43.992258296975315	144.2244655247672	1978	27	mg/l	9.1	173	40.2			0.04	12.5	9.8	76.9	63.7
61	網走湖畔		北海道	43.96777729044987	144.20333010563115	1978	29.7	mg/l	8.9	223	55.7	0.3	0.7	0.03	14.2	16.7	115.9	80.7
62	網走湖畔		北海道	43.98222020342206	144.22027296226895	1978	25.4	mg/l	8.8	814	289.7	3.8	0.3	0.02	241.3	7.6	377	84.3
63	網走湖畔	レインボー老人ホーム	北海道	43.965067316122074	144.2142336113936	1978	25.2	mg/l	8.9	235	50.7	0.2	0.2	0.06	13	16.1	109.2	77.4
64	末広温泉	東藻琴村2号	北海道	43.783585336035806	144.31280803285645	1978	46.2	mg/l	8.3	6921	2034	478.2	5.9	0.05	4009		43.9	37.6
65	末広温泉	東藻琴村1号	北海道	43.78363550478127	144.31294759134178	1978	26.3	mg/l	8.1	944	303	8	1.6	0.23	205.4	3.1	514.8	96.8
66	俣落鉱泉		北海道	43.6805586199435	144.8208411602706	1993	13.3	mg/l	6.7	2900	380	240	67	0.21	80	1800	180	49
67	峰浜温泉	斜里町	北海道	43.92657847546849	144.80725412493499	1979	44.2	mg/l	8.9	501	144.5	0.8	0.3	0.07	14.4	80.3	274.5	103.2
68	峰浜温泉	オジョボオマイ川B	北海道	43.966945462889925	144.8980607270502	1978	32.3	mg/l	7.6	2070	641	81.5	1.5	0.36	800.9	388.8	51.2	40.3
69	峰浜温泉	オジョボオマイ川A	北海道	43.96694124475261	144.89804772858906	1978	25	mg/l	8.3	2441	759	55.4	25.2	0.04	956.5	465.7	68.3	53.9
70	峰浜温泉		北海道	43.92661551182122	144.80738756888155	1998	42.1	mg/l	9	370	120	0.88		0.05	11.6	54.7	227	105
71	標津金山温泉	標津町	北海道	43.738374923337005	144.92342853353705	1979	41	mg/l	6.6	16983	3796	551.5	718.2	8.03	3136	6263	2233	32.4
72	尾岱沼温泉	尾岱沼泉源	北海道	43.567184376986056	145.22061138698578	1993	61.1	mg/l	7.8	9859	3503	161.2	1.7		5730		148.7	
73	白滝温泉		北海道	43.87591018253906	143.1657087284863	1977	35.8	mg/l	7.7	330	70.4	6.2	3.2	0.59	38.3	4	157.4	113
74	白滝温泉		北海道	43.875878962867795	143.1657680271199	1977	22.8	mg/l	7.6	197	34.6	5	2.7	0.15	21.5	2	90.3	78.9
75	白水川左支流		北海道	43.719283529908296	142.91385387754553	1985	78.5	mg/l	7.4	832	41	110	35	0.5	2	350	330	130
76	白水川	白水沢B	北海道	43.719219190186124	142.91395634513077	1968	65.3	mg/l	6.7	893	67	147.6	52.9	0.2	4.3	270	667	107.5
77	白水川	白水沢A	北海道	43.71926408897222	142.91399624689979	1968	54.5	mg/l	2.9	1159	25.3	53	19.3	15.3	3.6	680		216.1
78	白水川	白水川-7	北海道	43.71931548412529	142.91393359845435	1988	75.2	mg/l	6.7	32600	85.49	69.92	19.59		1	207	164	91.8
79	白水川	白水川-6	北海道	43.71931728272181	142.91409020189616	1988	16.9	mg/l	2.7	593	5.3	6.56	1.99		4.7	214	194	123
80	白水川	白水川-24	北海道	43.71933316310125	142.9139576462434	1988	82.2	mg/l	6.8	1270	92.11	154.87	41.84		2	640	378	165
81	白水川	白水川-14	北海道	43.71935349346416	142.91392498297088	1988	83.8	mg/l	7.6	1180	47.63	113.64	39.67			594	248	142
82	白水川	徴候の沢最上流	北海道	43.719221757166714	142.91380018182073	1977	83.2	mg/l	6.9	756	41.9	93	33.2	0.05	7.1	474.1	420.9	133.5
83	白水川	大北試錐B5	北海道	43.7191997796007	142.91391037694805	1977	77.8	mg/l	5.9	914	52.9	102.4	27.5	0.65	5.2	566.2	175.7	148.5
84	白水川	最上流A	北海道	43.71163832631757	142.90823111871768	1977	51.3	mg/l	6.9	1065	159	69	37	0.73	20.1	372.4	340.4	181.3
85	白水川	白水6号井	北海道	43.719234554702346	142.91384226257233	1991		mg/l	7.7	28	1.49	0.07	0.01		1.2		969	
86	白水川		北海道	43.71929669879969	142.9139061792943	1968	95.6	mg/kg	7	1244	82.2	114.6	26.2		9.2	725	384	152.706
87	白水川		北海道	43.71924880700762	142.9138761090401	1968	75.5	mg/kg	6.7	1163	82.5	141.3	43.8		3.8	500	476	146.244
88	湯の沢		北海道	43.732622955792934	144.83521111599117	1993	22.2	mg/l	6.5	6100	1200	480	73	2.2	2700	480	220	49
89	天人峡温泉	天人閣B	北海道	43.62187957796418	142.78090547496853	1957	50	mg/kg	6.5	2239	263	196	52.2		305	723	633	169.246
90	天人峡温泉	天人閣1号	北海道	43.62169224702257	142.78086899709956	1972	54.1	mg/kg	6.6	2486	351.6	212.7	121.8		418.9	798.9	591.9	189.248
91	天人峡温泉	天人閣	北海道	43.62159704033417	142.78049378859	1977	53.2	mg/l	6.5	2458	303.3	206.9	130.7	3.5	350.5	744.4	622.2	210
92	天人峡温泉	熊ノ沢-1	北海道	43.63256787686103	142.7733580324103	1988	35.7	mg/l	6.8	2830	448.76	156.04	132.66		506	760	684	169
93	天人峡温泉	羽衣荘	北海道	43.62096988203515	142.7793177215078	1957		mg/kg		2121	226	143	62.2		286	663	606	186.94
94	天人峡温泉	グランドホテル泉源下流	北海道	43.62089826964732	142.77890148160435	1987	32.7	mg/l	6.6	2350	278.83	184.64	119.86		340	640	507	195
95	天人峡温泉	グランドホテル泉源	北海道	43.620915527490524	142.7791141734638	1987	38.7	mg/l	7.8	1830	207.73	152.24	106.46		285	612	409	156
96	弟子屈温泉		北海道	43.5022190455388	144.45249037810598	1978	53.6	mg/kg	9.1	680	199.2	8.6	1.2		186.2	150.2	79.3	81.707
97	中岳温泉	中岳温泉-16	北海道	43.68186981090288	142.86109214095916	1988	31.5	mg/l	5	1140	169.86	73.05	18.45		180	594		113
98	中岳温泉	中岳温泉-10	北海道	43.68169421592638	142.86101498896718	1988	11.1	mg/l	3.5	330	36.12	26.21	4.4		39	176		52
99	中岳温泉	中岳温泉-1	北海道	43.6816637486872	142.86137894000947	1988	54.2	mg/l	5.4	1780	232.32	182.54	23.67		280	625	54.2	105
100	中岳温泉		北海道	43.681918475807755	142.86119080675317	1977	58	mg/kg	5.5	1749	282.3	206.1	19.6		300.9	856.3	85.4	114.693
101	池の湯	池の湯クラプ	北海道	43.60039047723371	144.3487051995062	1977	44.3	mg/kg	6.7	977	245.2	32	22		48.3	174.1	550.2	172.516
102	池の湯	赤湯温泉	北海道	43.601806020438275	144.34979891248747	1977	46.1	mg/kg	6.7	1055	264	39.2	22.3		62.9	190.9	617.3	174.516
103	池の湯	まつや旅館源泉	北海道	43.60049389259382	144.34849333802293	1982	42.5	mg/l	6.8	904	240	27	21		49	180	520	13
104	池の湯	イナセランド4号泉	北海道	43.60490329002779	144.35767908070483	1977	53.8	mg/kg	7.8	1098	286.3	32.6	21		61.7	144.4	702.7	210.319
105	池の湯	イナセランド2号泉	北海道	43.60486712378333	144.3576340499117	1977	5.3	mg/kg	7.9	1112	290.3	33.8	22		601	177.4	671	190.417
106	地獄谷	地獄谷5	北海道	43.532941792678	142.89368961289358	1975	84.5	mg/l	1.95	3536	20.1	68.6	9.9	32.32	17.2	2798.6		96.8
107	地獄谷	地獄谷4	北海道	43.532906720898	142.89366291815224	1975	74.6	mg/l	1.92	926	20.4	35	5.6	14.83	21.3	558		106.7
108	地獄谷	地獄谷3	北海道	43.5329207118521	142.89367645947584	1975	93.8	mg/l	2.1	4414	68.1	113.6	28.7	38.24	31.9	3596.9		23.6
109	地獄谷	地獄谷-22	北海道	43.532957964491835	142.89364032309842	1987	79.8	mg/l	8	517	49.19	42.62	2.21		2.3	49.6	189	134
110	地獄谷	地獄谷2	北海道	43.53288955838151	142.89374620790406	1975	53.2	mg/l	3.43	201	7.6	13	4.5	0.93	16.6	92.2		47.8
111	地獄谷	地獄谷-18	北海道	43.53290517865567	142.89370167055742	1987	94.9	mg/l	2.5	1730	19.9	42.42	9.39		0.9	624		196
112	地獄谷	地獄谷-15	北海道	43.53290058692726	142.89357957885773	1987	86.2	mg/l	2.3	4020	23.74	39.19	20.91		3	1850		344
113	地獄谷	地獄谷-1	北海道	43.53293862559695	142.8936362218658	1987	90.6	mg/l	3.4	560	5.09	8.08	0.78		3.6	162		80.4
114	地獄谷	地獄谷1	北海道	43.53287180135576	142.89368172880629	1975	51.3	mg/l	2.38	1996	32.8	70.4	24.9	40.6	10.6	1255.9		50.6
115	地獄谷	新岳温泉2	北海道	43.54455188650901	142.903204826688	1975	75.6	mg/l	3.69	644	54.2	81.5	10.1	0.23	7.8	380.2		99.7
116	地獄谷	新岳温泉1	北海道	43.54462065733764	142.90316019933607	1975	68.1	mg/l	6.2	559	38.1	88.5	12.2		7.1	302.9	38.6	101.9
117	地獄谷	新岳-9	北海道	43.54458711046237	142.9030327828379	1987	66.3	mg/l	6.3	726	25.15	105.04	15.35		0.3	230	147	88.1
118	滝の湯温泉	静楽園	北海道	43.73384341382272	143.422556548109	1977	44.2	mg/l	9.4	234	70	0.2	0.1	0.03	49.7	3	100	51.8
119	相泊温泉		北海道	44.184327484265445	145.3176726334397	1978	56	mg/l	6.1	4321	1429	95.6	18.1	2.46	2225	159.7	247.7	168
120	層雲峡温泉	日赤旭川分院(幸ノ湯)	北海道	43.722532211991734	142.95568711813158	1988	91	mg/l	7.1	629	135.26	12.38	1.45		4.4	107	187	172
121	層雲峡温泉	朝陽荘上の湯	北海道	43.72982818942822	142.94251384473358	1977	74.4	mg/l	7.7	547	142.5	11.5	1.5		71.7	90.9	202.5	115.1
122	層雲峡温泉	層雲閣桂の湯	北海道	43.730410637062505	142.94096759447146	1952	72	mg/kg	7.4	687.6	122.9	16.9	2.5		68.5	98.3	199.6	95.778
123	層雲峡温泉	層雲閣グランドホテル宝の湯	北海道	43.73087389367251	142.94094402440544	1977	89.3	mg/l	7.3	616	149	15.6	1.7	0.04	81.6	102.3	220	155.7
124	層雲峡温泉	層雲閣グランドホテル川上の湯	北海道	43.730770124071505	142.94113596129154	1977	66.4	mg/l	7.8	533	139	14	2.2	0.06	67.7	60.5	250.1	117.6
125	層雲峡温泉	層雲閣グランドホテル川下の湯	北海道	43.73049780310802	142.94086516301797	1977	60.4	mg/l	7.6	480	120.7	14.6	2.9		62.7	52.5	233.6	119.5
126	層雲峡温泉	層雲閣グランドホテル桂上の湯	北海道	43.730700154175835	142.94098117442408	1977	93.2	mg/l	7.9	597	155	13	2.4	0.07	78.8	94.9	237.9	124.3
127	層雲峡温泉	層雲閣グランドホテル-1	北海道	43.72658623781973	142.9534238361452	1988	68.8	mg/l	7.5	551	122.54	15.28	2.33		40.4	56.5	238	123
128	層雲峡温泉	層雲閣-美女の湯	北海道	43.73080415036501	142.94066195354074	1952	68	mg/kg	7.4	546.6	84.8	15.9	1		60	55	158.6	23.079
129	層雲峡温泉	層雲閣-神の湯	北海道	43.730511896449606	142.94113485261127	1958	66	mg/kg	7.4	554	120	11.4	4.8		63.7	65	215	60.467
130	層雲峡温泉	商店街地区旅館組合	北海道	43.72766549735107	142.9472409313505	1971	22	mg/kg	3.3	405	43	12.09	9.42		24.85	279		17.848
131	層雲峡温泉	荒井建設-霊光の湯	北海道	28.59333732616449	93.4626251354343	1963	50	mg/kg	7	462	80.2	23.5	4.4		21.3	23.8	271.8	62.006
132	層雲峡温泉	荒井建設-宝石の湯2号	北海道	43.730397087492285	142.94130304762504	1963	60	mg/kg	7.4	472	89	25	3.6		53.2	90.3	163.1	38.465
133	層雲峡温泉	荒井建設-宝石の湯	北海道	43.73062997446883	142.94132275500607	1961	60	mg/kg	7.4	492	92	20.7	3.82		42.6	67.8	213.5	69.468
134	層雲峡温泉	銀泉閣	北海道	43.725401356473135	142.94633836533856	1977	63.2	mg/l	7.8	679	170.4	12.6	1.7	0.02	85.9	122	229.4	157.5
135	層雲峡温泉	銀河荘銀の湯	北海道	43.72671670924052	142.94589376696177	1971	51	mg/kg	7.2	708.9	143	27.6	9.42		28.4	125	461	75.853
136	層雲峡温泉	銀河荘金の湯	北海道	43.72696346032767	142.9458042623454	1971	48	mg/kg	7	418.3	110	27.45	5.23		17.7	122	298	29.772
137	層雲峡温泉	観光ホテル霊泉の湯	北海道	43.728509428713814	142.94527248693035	1952	75	mg/kg	7.3	826.8	178.604	34.59	2.97		35.358	104.17	450.86	103.986
138	層雲峡温泉	観光ホテル岸の湯	北海道	43.7286108972429	142.94481616434845	1952	75	mg/kg	7.8	568	86.127	35.735			27.723	53.95	323.324	68.277
139	層雲峡温泉	観光ホテル	北海道	43.728418587479084	142.94433826711142	1966	59	mg/kg	6.6	791	148	32	15		40	98	432	120.78
140	層雲峡温泉	観光ホテル	北海道	43.72827969298049	142.94524337898886	1977	62.4	mg/l	6.6	778	207.3	21.7	9.1	0.97	44.4	59.7	567.3	160.5
141	層雲峡温泉	ホテル層雲(駐車場)	北海道	43.73060202039973	142.94090014606806	1988	47.1	mg/l	6.2	621	137.41	23.08	4.98		11.7	105	341	61.8
142	層雲峡温泉	千鳥の湯	北海道	43.72251321623692	142.95548378685896	1985	88	mg/l	7.2		130	12	0.43					130
143	層雲峡温泉	幸の湯	北海道	43.72248397907497	142.95552241523959	1985	87.2	mg/l	7.6		140	11	1.3					160
144	層雲峡温泉	観光ホテル-2	北海道	43.728362918111614	142.94459202730621	1985	63.5	mg/l	7.8	742	200	21	8.4		36	4.9	570	150
145	層雲峡温泉	観光ホテル-1	北海道	43.728325088482464	142.94493836876606	1985	62.5	mg/l	7.8	683	190	21	7.2	1.2	38	67	720	130
146	層雲峡温泉	温泉組合	北海道	43.72388974502701	142.9522252598878	1985	77	mg/l	7.6	535	120	16	1.7		69	91	190	140
147	層雲峡温泉	営林局の湯	北海道	43.72452504306129	142.9525353468462	1985	82.5	mg/l	7.6		160	13	1.6					140
148	層雲峡温泉	営林局	北海道	43.72508786266603	142.95237230406838	1985	80.5	mg/l	7.6	599	140	17	1.9		81	90	220	140
149	層雲峡温泉	ホテル大雪	北海道	43.7253869854481	142.95043550884438	1985	75	mg/l	7.8	588	140	15	2.5		74	100	200	130
150	層雲峡温泉	ホテル層雲	北海道	43.73062670785572	142.94071638894474	1985	54.5	mg/l	7.6	662	190	16	3.2		20	86	480	100
151	層雲峡温泉	ホテル石狩	北海道	43.727906483853026	142.9468503787221	1985	63.5	mg/l	6.8		160	24	2.4					85
152	層雲峡温泉	ホテル銀河	北海道	43.726811464691856	142.94570594440836	1985	60.5	mg/l	7.6	515	140	28	5		14	65	530	83
153	層雲峡温泉	グランドホテル	北海道	43.726722027314366	142.9532843724513	1985	66	mg/l	7.6		140	9	1.4					120
154	川北温泉	川北温泉-E	北海道	43.70256571225355	144.91272751007048	1975	27.5	mg/l	6	1566	403.7	85.3	55.6	4.24	450.9		872.3	153.4
155	川北温泉	川北温泉-D	北海道	43.70250762156042	144.91279692975579	1975	37	mg/l	6.1	2595	848.8	46.8	53.8	2.24	919.5		1098	191.6
156	川北温泉	川北温泉-C	北海道	43.70251323507382	144.912720296186	1974	74.3	mg/l	6.5	13388	4545	144.7	27.3	9.46	7380	92	431.9	136.1
157	川北温泉	川北温泉-B	北海道	43.702582062157404	144.91279250308116	1974	51.4	mg/l	6.1	6176	2018	79.7	18.1	1.03	3197	17	396.5	146.4
158	川北温泉	川北温泉-A	北海道	43.70251465995393	144.91261804606597	1974	58.1	mg/l	6.1	8226	2755	98.7	21.1	0.33	4336	24	427	133.7
159	川北温泉	石油の沢	北海道	43.70256803116334	144.91258378583046	1993	36.5	mg/l	6.6	3200	500	160	150	4.2	1300	200	210	120
160	川北温泉		北海道	43.7026550316444	144.9126079929745	1993	60.6	mg/l	6.2	12000	3500	100	25	0.75	5600	87	1300	130
161	川湯温泉	白樺荘	北海道	43.63847726600559	144.43836842090604	1978	48.7	mg/l	1.64	4183	329.5	117	49.8	77.73	959.2	2875		99.1
162	川湯温泉	第1ホテル橋下流10m	北海道	43.637267805406594	144.43904619849496	1978	38.2	mg/l	1.7	4069	332.5	126.4	42.6	73.13	895.5	2680		173.2
163	川湯温泉	川湯山荘(学校共済)	北海道	43.63666829375275	144.44056012105227	1978	59.2	mg/l	1.6	5065	391	143.4	62.8	95.6	1189	3447		223.6
164	川湯温泉	川湯パークホテル	北海道	43.636669601565565	144.44056460730985	1978	52.4	mg/l	1.68	4147	343.7	125.9	49.5	48.6	937.9	2854		151.9
165	川湯温泉	ダイマル裏	北海道	43.63638472667096	144.4405414976649	1978	51.2	mg/l	1.63	4608	376.8	136.4	56.7	86	1080	3174		116.7
166	川湯温泉	野賀美旅館	北海道	43.64055824957925	144.4302856122979	1959	52	mg/kg	1.5	6027	500	227.2	10.4		1512	4503.715		164.63
167	川湯温泉	摩周荘	北海道	43.63833383078332	144.43694703844002	1960	58	mg/kg	2.2	1983	155	10.7	14.7		495.2	929.903		112.933
168	川湯温泉	北洋相互銀行	北海道	43.639440335382446	144.43832085453064	1970	54	mg/kg	1.4	5633	370	207	48.8		1260	3237.556		173.862
169	川湯温泉	北電つつじ荘	北海道	43.63999998887886	144.43611108579873	1978	58.8	mg/kg	1.6	4838	381.7	147.3	63.1		1101	3310		213.619
170	川湯温泉	北海道拓殖銀行	北海道	43.63944414382954	144.4383329009089	1959	61	mg/kg	1.5	6140	445	273.7	37.8		1425	1356.715		155.783
171	川湯温泉	福住	北海道	43.63916553319852	144.43693909116408	1957	52	mg/kg	1.8	5697	919.7	218.6	11.1		1203.4	3278.351		198.479
172	川湯温泉	道民生部保険課	北海道	43.64055622130629	144.43472217291955	1959	62	mg/kg	1.5	6912	450	232.6	68		1554.3	4043.7		224.405
173	川湯温泉	湯の閣ホテルB	北海道	43.639307622646704	144.4310694501955	1978	43.3	mg/kg	1.79	3092	224.2	91.6	26		672.5	3023		104.809
174	川湯温泉	湯の閣ホテルA	北海道	43.63935272844463	144.4312548436971	1978	51	mg/kg	1.65	4372	374	133.4	51		991	3007		185.617
175	川湯温泉		北海道	43.639161476737044	144.43859298547866	1978	38.3	mg/kg	1.7	4069	332.5	126.4	42.6		895.5	2680		173.216
176	川湯温泉	第一ホテル	北海道	43.63741620291696	144.43903548750646	1953	58.6	mg/kg	1.4	6606	434.16	214.76	31.2		1391.6	4037.878		274.871
177	川湯温泉	太平洋炭鉱I	北海道	43.63861098448625	144.43888881871635	1953	61.8	mg/kg	1.4	6370.5	448.6	197.97	8.84		1271.6	3908.615		243.968
178	川湯温泉	泉陽館	北海道	43.64027895714092	144.43305913277294	1953	63	mg/kg	1.4	6522	347.7	234.4	14.6		1493.8	3979.867		179.478
179	川湯温泉	泉陽閣	北海道	43.6405529234389	144.43304516099812	1978	56.1	mg/kg	1.56	4923	385.1	150.3	62.5		1229	3404		212.719
180	川湯温泉	川湯観光ホテル	北海道	43.63657262579279	144.4394486038212	1950	60	mg/kg	1.8	5305	546.9	10.4	13.86		1356	2875.43		205.48
181	川湯温泉	川湯ホテル	北海道	43.63651882018871	144.43920111071458	1957	56	mg/kg	1.6	5119.5	245.2	248	55.8		1201	3320.761		157.706
182	川湯温泉		北海道	43.64083294018538	144.43194267819547	1965	48	mg/kg	1.7	581	400	239	12.7		1142	3485.796		62.006
183	川湯温泉	十条製紙源泉横	北海道	43.6400003823476	144.43527925828963	1978	50.6	mg/kg	1.58	4883	383.3	147.8	64.6		1150			150.714
184	川湯温泉	寺尾6号泉	北海道	43.640830126427524	144.43137878790532	1964	46	mg/kg	1.4	4334.5	240	202.9	8.6		1216	2764.081		193.864
185	川湯温泉	寺尾5号泉	北海道	43.64111160158976	144.43055792910022	1964	46	mg/kg	1.4	4015	191.9	153.6	11.6		1103	2587.793		158.091
186	川湯温泉	寺尾3号泉	北海道	43.640832244700164	144.43082963172267	1964	48	mg/kg	1.4	4862	215	174	10.1		1314	3119.614		168.861
187	川湯温泉	山形屋	北海道	43.63944900886498	144.43835068549112	1953	57	mg/kg	1.4	6299.5	478.7	176.1	6.6		1400.1	3725.165		176.939
188	川湯温泉	札幌郵政局	北海道	43.63944489063592	144.43861588072258	1953	53	mg/kg	1.4	5249.8	152.8	170			1029.5	3517.651		297.411
189	川湯温泉		北海道	43.639165321567525	144.43693861072444	1978	51.2	mg/kg	1.63	4608	376.8	136.4	56.7		1080	3174		116.71
190	川湯温泉	国鉄共済白樺荘	北海道	43.63875392896802	144.43826786817291	1978	48.7	mg/kg	1.64	4183	329.5	117	49.8		959.2	2875		99.109
191	川湯温泉	高野2号泉	北海道	43.63916820573303	144.4372261202213	1956	60	mg/kg	1.5	6177.5	489.4	243.7	48.1		1544.3	3779.2		199.633
192	川湯温泉	高野1号泉	北海道	43.63917040550327	144.43723298845748	1956	59	mg/kg	1.54	6330.5	472.3	244.4	74.9		1558.9	3744.727		172.393
193	川湯温泉	御園ホテル	北海道	43.63901217713178	144.43387947260342	1978	58.1	mg/kg	1.58	5075	389.7	159.3	65.5		1239	3547		224.82
194	川湯温泉	湖山荘	北海道	43.63610387185615	144.4389443334665	1967	54	mg/kg	1.4	5810	356	213	39		1384	2852.638		145.398
195	川湯温泉	湖山荘	北海道	43.635960088614915	144.43891351827898	1978	45.6	mg/kg	1.65	4198	330	126.9	51		966.2	2866		182.516
196	川湯温泉	橘屋旅館	北海道	43.637158778084874	144.43824732371894	1956	59.5	mg/kg	1.52	5835	391.4	239.4	80.9		1833.3	3290.567		137.782
197	川湯温泉		北海道	43.64027965904968	144.43333856643574	1953	65	mg/kg	1.4	6610	298.2	226.9	16.9		1159.6	4104.109		177.324
198	川湯温泉	岩崎2号泉	北海道	43.64056026154601	144.43279106935177	1964	43	mg/kg	1.2	5224.5	335	323	23.8		1476	3905.613		193.479
199	川湯温泉	岩崎1号泉	北海道	43.64055790671185	144.43278333734065	1964	62	mg/kg	1.2	6026.5	350	299.4	15.2		1757	4324.801		187.325
200	川湯温泉	学校共済川湯山荘	北海道	43.63916909122456	144.43500742565828	1978	59.2	mg/kg	1.6	5065	391	143.4	62.8		1189	3447		223.62
201	川湯温泉		北海道	43.639723349825225	144.43583770638415	1964	53	mg/kg	1.3	5296.5	325	216.5	27.5		1363	3408.929		146.167
202	川湯温泉		北海道	43.640834273972956	144.43472656346316	1966	61.5	mg/kg	1.4	6346	301	305	27		1633	3375.083		198.479
203	川湯温泉	パークホテル	北海道	43.63860898005244	144.43610428193304	1978	52.4	mg/kg	1.68	4147	343.7	125.9	49.5		937.9	2854		151.914
204	清里	清里町	北海道	43.833612117416976	144.59306000427273	1979	54.6	mg/l	7.9	5497	1784	130.2	4.9	0.39	3000	35	120.2	156.3
205	瀬戸瀬温泉		北海道	43.940187189420094	143.4289422317552	1977	43.6	mg/l	9.3	143	33.9	2.2	0.1		8	21.6	64.7	47.8
206	仁伏温泉	富士火災湖畔荘	北海道	43.64338618408933	144.39461098983588	1977	43.2	mg/kg	7.1	581	162.8	7.2	4.1		93.2	74.5	233	131.112
207	仁伏温泉		北海道	43.64292104513434	144.39409371448895	1970	41	mg/kg	7.6	606	150	16.2	4.9		96	42	304	71.545
208	仁伏温泉	辻谷建設	北海道	43.643402293812855	144.3928718737549	1977	46.7	mg/kg	7.6	662	175.2	7.4	3.7		104.3	30.2	318.4	164.915
209	仁伏温泉		北海道	43.6431967940211	144.39353855201708	1964	45	mg/kg	7.4	629.5	197.1	11.7	2.8		94.8	84.7	280.6	69.237
210	仁伏温泉		北海道	43.64378195060665	144.39341283085028	1964	44	mg/kg	7.4	667.5	214.7	10.3	4.1		105.4	74.4	335.5	91.008
211	仁伏温泉		北海道	43.64374650316725	144.3939453445181	1966	35	mg/kg	7.5	656.5	171	10	2		78	45	328	116.934
212	仁伏温泉		北海道	43.64304074202312	144.39495177796607	1970	49.5	mg/kg	7.6	661	168	16.2	0.98		113	58	280	109.241
213	仁伏温泉	営林署小浴場	北海道	43.64335687061196	144.39024547641236	1964	46	mg/kg	7.4	580.5	202	6	3.8		105.1	65.8	327	58.851
214	仁伏温泉	営林署	北海道	43.64357430783568	144.3904666686654	1977	43.8	mg/kg	7.3	666	186	7.4	3.8		103.2	30.5	313.5	165.715
215	仁伏温泉	にぶしの里	北海道	43.64369700440523	144.39789384118268	1977	43.3	mg/kg	7	680	145.4	25.3	8.3		110.7	127.8	176.9	148.413
216	仁伏温泉	トヨタ湖の家	北海道	43.643662943727364	144.39517481685837	1977	43.8	mg/kg	7.6	546	136.9	10.3	3.9		58.2	88.9	215.9	141.613
217	上武佐温泉	及川	北海道	43.617157419733275	144.99673007393622	1980	42.1	mg/l	7.7	7001	2409	143.1	12	0.04	3764	328.8	67.7	91.5
218	小鉢平温泉	小鉢平-3	北海道	43.65860748675403	142.87998843097097	1988	10.5	mg/l	6.3	920	26.34	131.84	43.94		3	445	12.9	76
219	女満別温泉	女満別町	北海道	43.907527096528796	144.17302839376617	1978	25.4	mg/l	8.9	461	136	2.4	1	0.07	151.9		139.1	79
220	斜里川ニノ沢鉱泉		北海道	43.67948274021788	144.69984093871764	1993	8	mg/l	3.8	120	5.5	8.4	1.9	1	5.9	47		35
221	斜里温泉		北海道	43.912221372459385	144.6438879662959	1978	48.3	mg/l	8.5	1490	520	6.3	1.2	0.03	203.1	5	1137	147.2
222	斜里温泉	長屋水道	北海道	43.906110439692604	144.66083122835212	1979	46.4	mg/l	7.9	946	319.5	5.3	1.4	0.3	159.6	7.8	629.5	135.2
223	鹿の湯		北海道	43.6255736891548	143.31898499231454	1977	26	mg/l	8.9	823	290.3	3.8	0.4	0.04	390.3		134.8	74.3
224	鹿の沢	鹿の沢C	北海道	43.50104796889204	142.89702758662375	1974	70.1	mg/l	1.53	131	2.7	3.8	2.9	0.73	7.8	47.8		38.8
225	鹿の沢	鹿の沢B	北海道	43.50112348630902	142.89704076565877	1974	71.7	mg/l	2.49	314	15.7	27.3	10	31.11	3.8	176.4		93.4
226	鹿の沢	鹿の沢A	北海道	43.501192090509086	142.897036629098	1974	69.6	mg/l	2.51	569	2	5.1	3.5	6.6	6.9	90.8		90.7
227	鹿の子温泉		北海道	43.61773257321885	143.44221545218525	1977	32.5	mg/l	9.4	337	103.1	2.2	0.3	0.03	83.5	70.2	53.7	47.9
228	崎無異川鉱泉		北海道	43.842870187556336	144.94673327223785	1998	9.2	mg/l	5.4	3980	757	424	58.9	8.62	1170	904	613	31.5
229	砂湯	板谷泉源	北海道	43.62110914393965	144.35840279552858	1977	77.2	mg/kg	6.7	1208	300.8	21.6	22.7		80.7	119	762.5	239.922
230	砂湯	砂湯レストハウス	北海道	43.624352350218004	144.3598645167206	1977	55.3	mg/kg	6.7	1050	292	24.2	18.1		63.9	101.1	714.9	124.611
231	高原温泉	湯沼下流20m点	北海道	43.62432176063823	142.91029865538772	1977	71.4	mg/l	6.5	487	54.8	19.9	6.7	0.05	5.2	34.6	259.3	212.4
232	高原温泉	大雪山有毒2号	北海道	43.68063551660839	142.88393305628088	1964	48	mg/kg	2.6	502	52.5	32.1	8		117.1	275.368		11.001
233	高原温泉	大雪山有毒1号	北海道	43.680644872282265	142.88396011009277	1964	55	mg/kg	2.8	970	174	63.9	21.4		319.5	466.217		60.929
234	高原温泉	大雪観光-間欠泉	北海道	43.62802788604011	142.93157628924337	1968	92	mg/kg	5.1	241.5	45	13.5	2		3.5	143	24.4	6.001
235	高原温泉	大雪観光-ヤンペ	北海道	43.6244863031626	142.92254813650501	1968	95	mg/kg	6.8	713	61	70	22		17.5	432	43	27.464
236	高原温泉	大雪観光-B泉	北海道	43.62606666627348	142.93109687192904	1968	96	mg/kg	2.2	554	3	12	2		14.2	491.653		49.446
237	高原温泉	雪祭温泉下流500m	北海道	43.630556120254994	142.91500027919417	1977	55.5	mg/l	6.5	482	62.2	61.5	12.9	0.48	7.1	5	408.7	127.1
238	高原温泉	高原温泉A	北海道	43.62630698887374	142.93092102495	1977	93.7	mg/l	2.61	467	4.2	5.9	3.2	3.22	19.2	255.8		56.1
239	高原温泉	高原温泉-1	北海道	43.62613505246272	142.93130811305826	1988	91.3	mg/l	3	259	3.06	3.96	1.14			113		58.5
240	高原温泉	ヤンベ温泉-1	北海道	43.62431906975278	142.92238980503592	1988	95.3	mg/l	1.2	16200	87.6	120.16	121.77			9200		492
241	高原温泉	ヤンベタップ噴気口	北海道	43.627029013148416	142.9304555209854	1977	92.2	mg/l	2.4	1794	19.8	44.9	17.2	38.15	13.5	1064		153.6
242	高原温泉	ヤンベタップ町自然湧出泉	北海道	43.61860214292234	142.96973946468376	1977	44.1	mg/l	6.7	606	172	37.1	4.8	0.15	63.9	3	481.9	75.8
243	高原温泉	ヤンベタップ町ボーリング	北海道	43.618526417449054	142.9692914906184	1977	38	mg/l	6.7	677	174.4	36.3	5.2	0.03	73.3	5.8	473.4	60.3
244	高原温泉	ヤンベタップ川上流-1	北海道	43.62438241142783	142.9225878228072	1988	53.8	mg/l	7	407	63.11	58.7	4.87		0.6		352	140
245	高原温泉	ヤンベタップ川下流-1	北海道	43.61838638526504	142.9696034535257	1988	39.5	mg/l	6.9	757	200	41.23	4.08		86.4		492	78.4
246	薫別温泉		北海道	43.79800678409886	144.94364516886506	1993	64.5	mg/l	7.4	5500	1800	210	12	0.67	2700	430	190	82
247	岩尾別温泉	岩尾別温泉B	北海道	44.11033918395578	145.08983936070507	1978	53.6	mg/l	6.1	2304	475.6	201.3	59.7	0.7	615.5	290	797.9	131.6
248	岩尾別温泉	岩尾別温泉A	北海道	44.110427552164225	145.089805288402	1978	60.1	mg/l	6.9	1679	360.4	140.6	34.6	0.08	353	209.2	719.8	157.6
249	岩間温泉		北海道	43.516002275786136	143.04931137425328	1966	60	mg/kg	6	2143.5	618	89	8.6		994	71	280	127.704
250	岩間温泉	岩間温泉B	北海道	43.516030054210525	143.04924924944046	1973	59.1	mg/l	6.1	2171	629	47.1	5	0.06	994	10	281.8	121.8
251	岩間温泉	岩間温泉A	北海道	43.51604110648334	143.04924528508695	1973	63.5	mg/l	6.7	2353	691	54	5.9	0.06	1083	13	266	136.8
252	丸瀬布温泉	翠明荘	北海道	43.91465679618773	143.32863816506566	1977	29.4	mg/l	8.2	802	281.6	5	1.4	0.07	232		358.7	52.3
253	開陽台温泉		北海道	43.62294882055577	144.8840006639573	1993	53.4	mg/l	8	2200	690	76	1.6	0.7	1100	280	46	9.1
254	海別温泉		北海道	43.89013773028979	144.91004105515816	1998	27	mg/l	5	2150	25.6	459	46.8	3.85	9.6	1280	158	83
255	温根湯温泉	武華ホテル2号	北海道	43.75846914612801	143.50744551848928	1977	42.6	mg/l	6.9	392	107.2	7.5	1.4	0.3	78.7	93	76.3	70.8
256	温根湯温泉	武華ホテル1号	北海道	43.75858968723868	143.5074430869425	1977	51.8	mg/l	8.6	370	110.8	5	0.4	0.03	81.5	62.4	104.9	68.1
257	温根湯温泉	大江本家4号	北海道	43.76020095707004	143.5093109983186	1977	44.4	mg/l	8.7	385	109	4.9	0.6	0.02	81.5	63	105.5	68.8
258	温根湯温泉	大江本家2号	北海道	43.76022761680106	143.50924759222772	1977	55.1	mg/l	8.7	377	106.3	4.8	0.4	0.03	79.9	63.8	93.3	71.3
259	温根湯温泉	花水荘1号	北海道	43.75851948474917	143.5077049585871	1977	49.1	mg/l	8.6	372	110.2	5.4	0.5		77.3	60.7	112.2	66.3
260	温根湯温泉	温根湯ホテル2号	北海道	43.75989900091451	143.5071355299592	1977	48.3	mg/l	8.7	377	113.9	5.1	0.2	0.07	85.6	59.3	114.7	66.4
261	温根湯温泉	いずほ観光1号	北海道	43.75762411418943	143.50900535014983	1977	44.4	mg/l	9.1	286	100.5	1.6	0.2		84.7	23.3	93.3	30
262	塩別温泉	塩別温泉2号	北海道	43.73863830179204	143.42045116972812	1977	40.4	mg/l	9.3	186	49.3	0.5	0.1	0.01	26.3		95.8	66.3
263	塩別温泉	塩別温泉1号	北海道	43.738651446894636	143.4203443932429	1977	38.4	mg/l	9.3	199	51	0.3	0.4	0.01	29.1		95.2	68
264	越川温泉		北海道	43.834296438633416	144.79219540778695	1998	51.1	mg/l	7	7590	1750	536	54.6	0.62	1930	2680	192	24
265	宇登呂温泉	斜里バス	北海道	44.069370064031695	144.99412021255392	1978	42.3	mg/l	8.7	1284	492	4.6	3.3	0.07	290.8	3	871.1	28.6
266	宇登呂温泉	桑島井	北海道	44.071685581737434	144.99583885841417	1967	27	mg/l	7.8	7784	2322	30	138		2556	162	2422	25.5
267	宇登呂温泉	温泉利用組合6号井	北海道	44.06918385776795	145.00250231253537	1979	58.2	mg/l	7.5	6189	2042	175.2	83.3	1.05	2455	460.2	1671	49.9
268	宇登呂温泉	温泉利用組合5号井	北海道	44.06928927607383	145.00225134058752	1978	40.3	mg/l	6.7	10968	3572	312.6	205.5	8.33	5048	292.1	2678	26.9
269	宇登呂温泉	温泉利用組合4号井	北海道	44.06907944942766	145.0023249446618	1978	53.2	mg/l	7.1	6448	2060	195.1	97.8	0.29	2542	390	1897	36.3
270	宇登呂温泉	温泉利用組合3号井	北海道	44.06907876838981	145.00212955683912	1978	37.3	mg/l	6.7	11191	3592	306.8	218.7	7.58	5244	268.5	2458	31.1
271	宇登呂温泉	ホテル知床	北海道	44.06551126355802	145.00192225096382	1965	32.6	mg/l	7.1	16538	5170	532	284	2.17	8551	8	2203	25.8
272	稲富温泉		北海道	43.87816140149944	144.2722389971187	1978	48.6	mg/l	8	14124	4660	385.7	61.8	0.29	7997	2	135.4	92.8
273	旭岳噴気孔		北海道	43.663887759956125	142.83388502616262	1977	92.8	mg/kg	0.46	4316	61.6	160.8	50.6			2919		303.481
274	旭岳火口	旭岳姿見の池噴気ロ	北海道	43.66222448053122	142.84723059361048	1977	92.8	mg/l	0.46	4316	61.6	160.8	50.6	308.5	20969	2919		303.5
275	旭岳火口	旭岳火ロ-1	北海道	43.6611118383067	142.8433352723839	1988	82.5	mg/l	1.2	3360	50.93	50.27	32.1		16	3120		280
276	旭岳温泉	勇駒荘泉源	北海道	43.64773274134402	142.79037307659442	1988	46.9	mg/l	6	1900	180.31	153.44	112.56		322	634	317	169
277	旭岳温泉	白雲荘泉源-1	北海道	43.64811545200462	142.79516890391562	1988	42.4	mg/l	6	1640	108.31	144.84	86.28		302	540	124	165
278	旭岳温泉	仰岳荘泉源	北海道	43.65093132558967	142.79754652853615	1988	52.9	mg/l	5.8	1830	120.62	177.24	102.66		342	628	160	192
279	旭岳温泉	えぞまつ荘分湯槽	北海道	43.65060295597613	142.7991129863301	1988	45.5	mg/l	6.2	1330	96.34	155.74	18.55		270	532	124	150
280	旭の湯	矢沢温泉	北海道	43.660843107897215	142.8157506920709	1977	47.8	mg/l	5.9	915	67	99.5	44.8	6.69	93	309.9	147.6	157.7
281	旭の湯	天人の湯-1	北海道	43.6569419344389	142.81860470440648	1988	47.3	mg/l	6	970	68.9	82.89	44.28		110	346	125	160
282	旭の湯	旭の湯A	北海道	43.66080481955755	142.81569308568672	1977	52.2	mg/l	5.9	1067	75.3	124.5	44.2	4.58	92.3	394.2	154.3	174.1
283	愛山渓温泉	上川町	北海道	43.72009176295794	142.8151323904741	1958	46	mg/kg	7.8	1517.2	334.4	28.8	74.9		102.9	383.8	790.1	79.084
284	愛山渓温泉	愛山渓温泉B	北海道	43.71999372846504	142.81331256141667	1977	44.6	mg/l	6.9	1520	282.5	96.7	74.5	1.18	102.9	365.1	836.9	179.2
285	愛山渓温泉	愛山渓温泉A	北海道	43.72000406659743	142.81334671232196	1977	44.9	mg/l	6.4	1557	285	97.1	73.5	1.38	105	373.3	849.1	168.9
286	愛山渓温泉	愛山渓-1	北海道	43.71722519282264	142.81862192317033	1988	44.8	mg/l	6.5	1510	251.83	84.51	72.75		22.8	374	635	181
287	愛山渓温泉	新湯	北海道	43.720002777896944	142.81445232626814	1985	48.9	mg/l	7.6	1500	280	89	83	0.8	100	370	850	180
288	愛山渓温泉	旧湯	北海道	43.71972104713128	142.81471923566917	1985	49.5	mg/l	7.6	1480	270	88	82	0.3	98	360	830	180
289	ルベス温泉	ルベス温泉	北海道	43.732279283414606	144.8350718499748	1974	41.8	mg/l	6.3	14550	2981	1224	189.9	18.6	5883	1123	1227	75.9
290	ポン湯(北見温泉)	三光荘2号	北海道	43.7866878683775	143.64234253844555	1978	39.6	mg/l	9.2	591	101.3	5.4	0.3	0.57	66.5	62.9	84.2	52.4
291	ポン湯(北見温泉)	三光荘1号	北海道	43.786743946992246	143.6424193571132	1977	37.9	mg/l	9.3	313	97.3	3.2	0.2	0.05	61.5	62.6	75	48.3
292	セセキ温泉		北海道	44.17794412583006	145.31203866416465	1976	60.4	mg/l	6.6	4881	1506	178.7	23.7	0.64	2338	157	602.7	140.9
293	標津健福温泉		北海道	43.659443219981725	145.12110893601465	1990	42.3	mg/l	8.5	2554	893.7	36.3	1		1331	93.1	85.4	
294	シケレベツ	シケレベツ営林署保養所	北海道	43.75166818557777	143.40764648299674	1977	39.4	mg/l	9.3	121	31	2.2	0.2		11.6	8.9	65.3	37.6
295	コタン温泉	弟子屈町長	北海道	43.56549682941497	144.3418422513163	1977	50.9	mg/l	7.7	827	245.5	3.3	2.2	0.14	161.8	5	425.8	170.3
296	コタン温泉	コタン共同浴場源泉	北海道	43.56555582878267	144.34194274149186	1982	56.5	mg/l	6.9	624	150	25	6.2		65	1.6	390	21
297	屈斜路		北海道	43.57036815136966	144.32037308228604	1982	99	mg/l	9.3	940	250	1.4	0.13		190	35	257	25
298	カムイワッカ・硫黄山	カムイワッカB	北海道	44.15126581590856	145.13475858227534	1978	81.5	mg/l	1.63	7791	636	126.1	261.5	32.48	1562	4682		341.5
299	カムイワッカ・硫黄山	カムイワッカA	北海道	44.15198772596849	145.13265526304272	1978	80	mg/l	1.69	7250	528	119.5	246.4	26.8	1592	3491		315
300	オショバオマブ川温泉	オショバオマブ川温泉B	北海道	43.965350702652245	144.89472582682396	1998	35.2	mg/l	7.3	2000	544	84	1	0.4	728	402	38.8	52
301	(女満別町)	女満別町1号井	北海道	43.90777970125308	144.17306185364518	1983	51	mg/l	8.2	1204	404	3.2	1.1		239.4	49.4	622.4	
302	(丸瀬布町)	丸瀬布町2号井	北海道	43.91458579828651	143.32873479943754	1990	45.2	mg/l	8.7	634	211.9	4.9	0.8		180.6		224.7	
303	(丸瀬布町)	丸瀬布町1号井	北海道	43.91459840788818	143.32881010882608	1982	44.4	mg/l	8.5	609	201	1	0.5	0.26	114.2		373.3	53.2
304	(東藻琴村)	東藻琴村3号井	北海道	43.84798366632435	144.28746352559907	1991	51.8	mg/l	7.9	2402	828.1	29.2	2.9		1275		211.9	
305	(中標津町)	中標津トーヨーグランドホテル	北海道	43.55842343953734	144.99080233755242	1993	45.7	mg/l	8.3	2600	880	24	0.11	0.18	1500	210	99	120
306	(津別町)	津別町達美井	北海道	43.724923960039966	144.01335960819208	1982	12.1	mg/l	8.3	33449	11215	770.7	159		19571	5.1	248.9	3.4
307	(斜里町)	斜里町朝日町泉源	北海道	43.90749769398851	144.66999227000653	1982	41.9	mg/l	8	690	205.5	9.8	3.5		183.1	2	312.3	105.2
308	(標津町)	旧武佐鉱山	北海道	43.70173722199201	144.8653796370528	1993	8.6	mg/l	4.4	640	5	110	7.8	1.2	3.9	410		35
309	(標津町)	金山2号井	北海道	43.738343399088954	144.92322285031088	1984	37	mg/l	6.7	15028	3890	485.6	351.5	69.88	3018	5351	1508	64.4
310	(小清水町)	小清水町2号井	北海道	43.85528065310468	144.4727866965148	1991	51.8	mg/l	8.1	2805	853.6	144.5	2.2		1507		152.2	
311	(小清水町)	小清水町1号井	北海道	43.85472131583014	144.46999861250828	1981	54.2	mg/l	8.3	1420	459	39.4	0.7		671.9	13.2	162.5	
312	(訓子府町)	訓子府町泉源	北海道	43.72611241908131	143.72222634614846	1989	50.4	mg/l	7.9	1063	355.5	6.2	1.5		128.6	250.1	416.3	
313	(清里町)	清里町2号井	北海道	43.839722668593154	144.58583588393057	1984	46.2	mg/l	8.8	735	222.7	6.2	0.3		283.6	8.6	88.2	
314	(上川町)	リクマンベツ沢	北海道	43.74202605957162	142.89551161565893	1977	26	mg/l	6	460	76.8	36.3	16.2	0.24	17.4	82.7	302.6	105
315	(上川町)	上川町KR-1	北海道	43.78236987017749	142.90258084382447	1984	24	mg/l	8.1	506	80.9	12.3	5.6		29.6	69.9	164.7	12.6
316	(置戸町)	メモリーハウスおけと	北海道	43.61386369901218	143.38050601367607	1984	47.7	mg/l	8.8	307	114.6	2.2	0.7		41.8	1.2	193.2	
317	(置戸町)	置戸町勝山地区泉源	北海道	43.63210535056491	143.4937662646049	1991	52.4	mg/l	7.8	1795	546.7	90.3	2.5		756.3	291.4	94.1	
318	(歌登町)	歌登町源泉	北海道	44.78555417695571	142.5172148882282	1987	19.8	mg/l	7.3	215.5	60.3	10.2	2.6		31.2	47.7	86.6	3.3
319	(旭川市)	旭川市泉源	北海道	43.719088827833566	142.68442805643772	1992	43	mg/l	8	2482	231	471.9	0.2		40.1	1552	23.1	
320	昭和火□	湯の沢(熊の沢)	北海道	43.43036269290641	142.67781588188092	1977	79.1	mg/l	1.8	9494	168.9	287.3	200.8	103.44	1441	5748		323.7
321	安政火口	凌雲閣泉源	北海道	43.40928821589483	142.66035528562307	1977	92.6	mg/l	2.1	2130	9.4	66.9	19.1	39.96	240	1345		343.2
322	十勝岳温泉	凌雲閣上流50m右岸	北海道	43.41305935477727	142.64389991011015	1977	25	mg/l	2.8	834	17.8	43.3	10.3	2.65	93	405.8		125.4
323	十勝岳温泉	維摩滝下流30m右岸	北海道	43.4128504102156	142.64327297952414	1977	30.4	mg/l	2.4	1243	15.2	79.1	11.2	13	126.4	670.4		135.2
324	十勝岳温泉	砂防ダム上流70m	北海道	43.41160259808133	142.64722957991046	1977	32.3	mg/l	2.5	1332	18.8	91.3	13.4	2.83	122.8	716.2		169.5
325	翁温泉		北海道	43.418019585231875	142.63648395817316	1977	28.3	mg/l	2.6	1302	20.6	88.9	10.5	8.08	136.3	669.7		150.6
326	吹上温泉		北海道	43.43134574433343	142.6418250288638	1977	32.1	mg/l	2.6	749	14.5	55.9	10.8	5.28	72.4	391.8		130.7
327	ベンガラ温泉		北海道	43.43131133358391	142.64184196850823	1977	30.7	mg/l	2.8	788	17.6	63	13.6	15.74	74.6	363		156.6
328	ベンガラ温泉	白銀荘泉源	北海道	43.431362557867324	142.64186438772273	1977	31.1	mg/l	2.9	785	19	63.4	13.6	5.65	71	353.3		149.4
329	川井	川井1号井	北海道	43.455280726119575	142.62695327085083	1977	27.8	mg/l	7.2	2682	294.5	274.7	127.8	0.05	305.1	1169	286.7	84.9
330	白金温泉	白金温泉改良9号井	北海道	43.468903591234486	142.6435784701391	1977	50.5	mg/l	6.7	5509	761	419.8	336.2	4.26	955	1935	793	147.2
331	ヌプントムラウシ温泉(沼の原温泉)	ヌプン塩谷造材部下	北海道	43.49121541475843	142.95873657530254	1974	50.2	mg/l	6.3	1430	460.5	29	6.2	0.05	383.2	63.8	712.5	89.1
332	ヌプントムラウシ温泉(沼の原温泉)	ヌプン噴気孔	北海道	43.49124976372037	142.95878230058932	1974	97.3	mg/l	9.1	2625	939	3.4	3.8	0.05	694	28.1	1269	107.1
333	ヌプントムラウシ温泉(沼の原温泉)	函沢	北海道	43.49123024856676	142.95868686402346	1974	68.9	mg/l	6.7	1603	498	11.2	4	0.7	348.4	7	829.6	33.4
334	ヌプントムラウシ温泉(沼の原温泉)	一の沢	北海道	43.49126807240163	142.95876689302975	1974	26.8	mg/l	6.5	2743	834	113.4	44.4	2.89	115		2733	118.5
335	ヌプントムラウシ温泉(沼の原温泉)	ヌプン合流点A	北海道	43.49129517327987	142.95871809245554	1974	25	mg/l	6.9	1028	320.5	9	1.4	0.08	303.7	26.4	363.6	119.6
336	トムラウシ温泉	東大雪荘A	北海道	43.46009365579146	142.87530183759017	1974	82	mg/l	8	1310	418	6.7	2.2	0.07	407.3	18	408.7	116.5
337	トムラウシ温泉	東大雪荘B	北海道	43.46007546643824	142.87527670543952	1974	82	mg/l	7.5	1258	403	10.9	2.2	0.03	399.5	52.3	392.8	108.4
338	オソウシ温泉		北海道	43.232399195434	142.9612160637501	1975	27.2	mg/l	9.8	160	56.9	0.5	0.1	0.02	7.1		128.1	52.3
339	幌加温泉	幌加温泉A	北海道	43.468452920927426	143.12391837983677	1973	62.9	mg/l	6.4	1920	598	50.2	6	0.33	576.5	5	861.3	88.2
340	幌加温泉	幌加温泉B	北海道	43.46836985618007	143.1238080227736	1973	60	mg/l	6.6	2659	789	93.3	12.8	0.19	926		992	109.5
341	幌加温泉	幌加温泉C	北海道	43.46842613541084	143.1237043510677	1973	58.3	mg/l	6.5	2751	798	95.4	10.2		928.3		1031	105.8
342	幌加温泉	幌加温泉D	北海道	43.46840620076814	143.12365271650648	1973	64.4	mg/l	6.7	2729	833	97	13.1	0.08	965.6		1046	109.2
343	幌加温泉	幌加温泉E	北海道	43.46838580250867	143.12402855908712	1973	59.9	mg/l	6.7	2503	747	99.1	10.2		837.8		1037	105.3
344	糠平温泉	湯元館	北海道	43.36514372424594	143.18681388831303	1973	59.6	mg/l	7.1	889	235.5	40.5	2.7		246.4	68	286.7	98.8
345	糠平温泉	糠平温泉ホテル	北海道	43.36460626549186	143.1882518049415	1973	52	mg/l	7.1	854	260.5	39.6	2.5	0.05	245.5	67	300.1	102.6
346	糠平温泉		北海道	43.36438725568093	143.1893409504096	1973	49.1	mg/l	7	850	255.2	41.3	2.7	0.4	247.7	64	295.2	100.2
347	糠平温泉	ホテル樹林	北海道	43.36604971226846	143.18920624138067	1973	53.8	mg/l	7	882	256.8	41	2.3	0.06	249.1	67	305	104.1
348	糠平温泉	グリーン糠平	北海道	43.365399742362676	143.18957224482676	1973	48.3	mg/l	7.2	883	256	39.6	2.5	0.07	250	68	294	95.9
349	糠平温泉	大雪グランドホテル表	北海道	43.365171447882496	143.18944199450493	1973	54.5	mg/l	7	877	262	40.5	2.6	0.12	250.6	67	303.8	106.2
350	糠平温泉	大雪グランドホテル裏	北海道	43.36527489353268	143.18991639698095	1973	55	mg/l	7.2	877	248.4	39.8	2.7	0.1	251.2	68	298.9	105.3
351	糠平温泉	富士見観光ホテル	北海道	43.36442740617722	143.190099987289	1973	52.8	mg/l	7.1	881	256	41.2	3	0.03	249.1	66	307.4	98.7
352	糠平温泉	山湖荘	北海道	43.36570685990195	143.19088476022665	1973	51.8	mg/l	7	838	232	39.8	2.7		233.6	64	285.5	91.5
353	糠平温泉	仙翠閣	北海道	43.364517191420326	143.1915721188972	1973	52.6	mg/l	7	881	246.5	41.8	2.1	0.07	245.5	68	294	96.9
354	糠平温泉	湖畔荘	北海道	43.36547285931528	143.19190304116646	1973	43.2	mg/l	7.1	856	233.5	40.8	2.8	0.55	234.3	65	295.2	96
355	糠平温泉	湖水荘	北海道	43.366056378257554	143.1879537331475	1973	46.1	mg/l	7.1	888	250	41.2	2.8	0.12	255.6	68	297.7	87.9
356	山田温泉	山田温泉3号	北海道	43.30796924508358	143.12578469179485	1977	36.2	mg/l	7	411	78.1	13.2	7.3	0.41	42.3		225.1	139.8
357	山田温泉	山田温泉2号	北海道	28.322187569294897	93.59958690628733	1975	38.5	mg/l	7.1	379	65.5	12.5	9.3		44.5	8.2	243	129.4
358	菅野温泉	菅野温泉1号	北海道	43.325097877342365	143.04891859716264	1977	50.1	mg/l	8.1	3550	1233	60.3	23.1	0.12	997		1967	153.7
359	菅野温泉	菅野温泉2号	北海道	43.32513322976874	143.0489250770415	1975	41.2	mg/l	7.6	3328	1110	52	27.2		941.5	38.9	1700	157.6
360	菅野温泉	菅野温泉4号	北海道	43.32511633382082	143.04894438973398	1975	48	mg/l	7	3260	1144	33.5	16.5		940.8	28.7	1699	163.9
361	菅野温泉	菅野温泉6号	北海道	43.32509647204913	143.04897694963648	1977	67.3	mg/l	7.2	4107	1504	32.8	13.5	0.11	1182		2140	137.7
362	菅野温泉	菅野温泉7号	北海道	43.32510172017058	143.04893085505304	1975	38.2	mg/l	6.6	2559	807.2	44.2	20.5		717.1	1.2	1452	134.9
363	菅野温泉	営林署	北海道	43.337817688328656	143.06080176189232	1977	49.6	mg/l	6.5	2883	990	25.2	10.1	0.08	912.4		1340	144.5
364	菅野温泉	ダム止水点	北海道	43.332648911054186	143.05287467324797	1977	41.1	mg/l	6	1329	428.5	20.8	14.6	7.88	400.9		639.3	108.5
365	菅野温泉	ダム下流150m	北海道	43.33277720890689	143.05082933942097	1977	57.6	mg/l	6.5	2149	677	46.8	13.6	2.05	619.5	4.7	1047	177.5
366	菅野温泉	水銀鉱山	北海道	43.3333897001537	143.03573898754664	1977	53.6	mg/l	6.7	3039	1051	18.4	9.1	1.26	1008	23.5	1269	138.4
367	士幌	下居辺町泉源	北海道	43.138357283554086	143.36818421892121	1977	28.2	mg/l	7.7	200	37.8	0.9	0.7	0.22	6.4		92.7	112.3
368	士幌	静渓園	北海道	43.12822872064934	143.368286109193	1977	30.5	mg/l	7.5	208	36.3	0.8	1.5	0.37	6.9		101.9	111.3
369	筒井温泉	新十勝川国際ホテル筒井A	北海道	42.98465921143381	143.28594926638382	1977	42.8	mg/l	7.8	626	180.2	27	9.7	0.47	42.6	2	549	99.7
370	筒井温泉	新十勝川国際ホテル筒井B	北海道	42.98469899080033	143.28598385150806	1967	31.2	mg/l	7.2		95	10.5	11.4	0.17	25		294	112
371	筒井温泉	音更丸美観光	北海道	42.94744046330214	143.2239056216296	1977	37.4	mg/l	7.9	523	157.3	8.8	13.9	0.14	40.5		456.3	77.8
372	筒井温泉	音更フィールドアスレチック	北海道	42.943888880692505	143.23722179811406	1977	41.6	mg/l	8.3	287	88.2	4.4	2	0.05	17.3		244	57.7
373	十勝川温泉	音更中川魚園	北海道	42.95667006796772	143.2541763303987	1977	29.4	mg/l	7.3	293	53.6	13.7	6.2	0.46	13.7		209.8	102.5
374	十勝川温泉	音更簡易保険保養センター	北海道	42.937680096063325	143.28827293730546	1977	25.8	mg/l	7.7	296	45.5	31	6.5	0.12	15.1	2.8	231.8	83.9
375	十勝川温泉	音更サイクリングターミナル	北海道	42.94116702746458	143.29930679337755	1977	55.6	mg/l	8.2	1524	570	10.6	1.5	0.2	705.3		339.2	44.7
376	十勝川温泉	音更雨宮館	北海道	42.933383687313324	143.30070305288004	1977	43.8	mg/l	7.8	521	160.3	3.5	1.8	0.05	30.9	3	397.7	121.2
377	十勝川温泉	音更笹井ホテル	北海道	42.93381782655043	143.30335356359976	1977	46	mg/l	8.3	641	192.6	2	0.8	0.02	54.6		434.3	80.1
378	十勝川温泉	音更観月ホテル	北海道	42.930248603037576	143.29921646954583	1977	42.7	mg/l	8	427	118.2	2.8	1.8	0.03	17	2.6	312.3	126.4
379	十勝川温泉	音更大平原ホテル	北海道	42.93113728224198	143.30300304503504	1977	46.2	mg/l	8	604	186.6	1.7	0.9		65.3	2	407.5	137.6
380	十勝川温泉		北海道	42.93589583676766	143.3021877037913	1977	42.9	mg/l	8	13648	4790	297.6	53.8	0.6	7717		205	68.2
381	芽室	河北観光	北海道	42.941940362975075	143.03387756742873	1977	28.7	mg/l	7.9	147	33.9	5.1	1.3	0.16	13.7		91.5	49.2
382	帯広	セントラルボウル	北海道	42.9215504677047	143.19846319845024	1977	42	mg/l	8.5	263	96.5	7.5	1.7		19.2	25.9	218.4	35.8
383	帯広	ホテル大奥	北海道	42.92883709041368	143.20248868789363	1977	30.4	mg/l	7.5	441	102.3	39.7	13.1	1.13	34.5		398.9	59.6
384	幕別温泉	町営温泉	北海道	42.89891931319363	143.25496389838455	1977	33.9	mg/l	7.7	394	112	13.7	7.5	0.24	9.2	2	357.5	72.9
385	幕別温泉	成井農園	北海道	42.89895040378893	143.25499805309937	1977	29.3	mg/l	7.3	345	65.9	22.5	9.6	0.31	16.3		280.6	105.1
386	幕別温泉	バークホテル	北海道	42.906987610909056	143.26122721911912	1977	27.5	mg/l	7.3	445	67.6	52	18.9	1.06	29.3	1	396.5	101.5
387	幕別温泉	岡田温泉	北海道	42.90127223627596	143.29933294626272	1977	27.7	mg/l	7.6	449	122.9	2.4	2.1	0.51	16.3		331.8	122.8
388	豊頃温泉		北海道	42.80401121238287	143.49815497459892	1977	14.5	mg/l	7.3	30578	11080	250	242.6	33.3	17243		1726	74.1
389	千代田温泉	池田千代田温泉	北海道	42.94293979858886	143.34291153504824	1977	27.1	mg/l	7.6	5011	1704	85.9	17	0.25	2769		175.7	79.2
390	千代田温泉	池田干代田パークホテル	北海道	42.94290339884589	143.34297978079724	1977	29.3	mg/l	7.7	5702	1950	117.3	24.1	0.3	3122		434.3	90.9
391	本別	本別温泉グランドホテルA	北海道	43.131396519822026	143.58870290567154	1977	42.1	mg/l	8.1	2997	1053	37.4	8.2	0.46	1213	2	951.6	124.2
392	雄阿寒温泉	雄阿寒温泉F	北海道	43.42185808384767	144.14328140378655	1978	90.2	mg/l	6.4	687	85	34.1	10.6	0.75	28.2	23.4	327	302.5
393	雄阿寒温泉	雄阿寒温泉A	北海道	43.421687581083404	144.14324111172806	1978	80.2	mg/l	6.7	772	113.6	30	19.3	0.53	23.7	5	470.9	283.3
394	雄阿寒温泉	雄阿寒温泉B	北海道	43.42189374305149	144.1429416962561	1978	58.7	mg/l	6.1	732	134.6	31.6	18.7	1.11	22.5	42	488	226.3
395	雄阿寒温泉	雄阿寒温泉C	北海道	43.421930287175215	144.14298981685278	1978	42.3	mg/l	6	479	71.8	29.8	11.5	2.6	16.6	26.1	319.6	160.8
396	雄阿寒温泉	雄阿寒温泉D	北海道	43.42210121787744	144.14281819700594	1978	27	mg/l	6	333	49	19.2	7.1	3.42	9.2	28	187.9	121.8
397	雄阿寒温泉	雄阿寒温泉E	北海道	43.42138642104682	144.13554803400967	1978	52	mg/l	6.2	700	128.8	35.1	15.5	1.26	23.7	31.7	480.7	199.8
398	雄阿寒温泉	雄阿寒温泉ホテル	北海道	43.42172213971814	144.1433267607841	1978	49.1	mg/l	6.3	632	113.8	34.1	12.7	0.77	31.5	28.2	411.1	190.9
399	阿寒湖畔温泉	前田一歩園2号	北海道	43.434847711582734	144.10001094684367	1978	65	mg/l	7.3	566	82.8	26.1	15.6	0.28	37.7	51.2	276.3	186.3
400	阿寒湖畔温泉	前田一歩園河田泉源	北海道	43.431107247986795	144.0976130305476	1978	62	mg/l	6.7	568	85	29.8	14.2	0.39	40.6	52	290.4	186.3
401	阿寒湖畔温泉	前田一歩園10号	北海道	43.43173152154716	144.09869170928766	1978	49.5	mg/l	6.3	737	94.2	61.3	39.3	2.13	90.8	93.2	396.5	164
402	阿寒湖畔温泉	前田一歩園7号	北海道	43.43391348280853	144.0909391938145	1978	55.4	mg/l	6.7	671	97.2	44.2	24.6	0.96	64.9	79.4	330.6	185.9
403	阿寒湖畔温泉	前田一歩園A	北海道	43.432849813964886	144.10161728138314	1978	37.6	mg/l	7.5	210	23.8	9.9	3.1	0.01	8.3	18.1	68.9	97.9
404	阿寒湖畔温泉	正次4号井	北海道	43.42392734339821	144.08486633532814	1978	75.6	mg/l	6.8	796	168.9	17.9	7.3	0.09	51.9	67.7	390.4	252.1
405	阿寒湖畔温泉	正次下流自噴	北海道	43.424083772677676	144.08488370560784	1978	50.2	mg/l	6.8	572	115.5	18.9	7.4	0.08	41.2	41.4	295.9	186.8
406	阿寒湖畔温泉	阿寒湖コタン	北海道	43.43317267209143	144.08963859579066	1978	26.3	mg/l	6.3	971	123	89.2	55.9	3.61	88.2	238.6	427	107.2
407	阿寒湖畔温泉	手塚泉源A	北海道	43.430001048906405	144.06778131629295	1978	72.8	mg/l	6.4	520	87	18.7	7.3	0.08	39.3	36.2	247.7	166.9
408	阿寒湖畔温泉	手塚泉源B	北海道	43.42999745075955	144.06776976561798	1978	51.5	mg/l	7	475	80.8	26.3	5.3	0.3	37.1	69.5	194.6	154.7
409	阿寒湖畔温泉	手塚泉源C	北海道	43.430001047982785	144.0677803759314	1978	47.8	mg/l	6.3	366	49	16.8	6.4	1.05	35	13.6	144	155.3
410	渋川温泉	渋川温泉A	北海道	43.404184617407154	144.06413017421528	1978	49.7	mg/l	2.97	423	3.3	5.8	2	0.05	8.3	128.4		151.2
411	渋川温泉	渋川温泉B	北海道	43.40426822053887	144.06418720848384	1978	48.1	mg/l	6.3	137	7.6	9.3	3.7	0.11	6.6	8.8	51.9	65.9
412	渋川温泉	渋川温泉C	北海道	43.40429459558047	144.0641959901883	1978	86.8	mg/l	3.14	355	8.1	5.8	6.3	0.68	14.2	109.4		113.7
413	白土温泉	白土温泉A	北海道	43.41293353510787	144.0812343405626	1978	58.6	mg/l	2.84	397	2.1	5.7	1.7	3.31	6.8	166.3		133.9
414	白土温泉	白土温泉B	北海道	43.41298830836389	144.0812633373115	1978	74.7	mg/l	2.51	856	9.1	12.2	1.9	2.66	17.5	349.2		114.5
415	白土温泉	白土温泉C	北海道	43.41291178118825	144.0813013951356	1978	93.7	mg/l	2.56	828	8.9	7.6	4.2	2.93	6.9	347.3		204.4
416	ピリカネップ白水川	白水川A	北海道	43.38066519538599	144.1014612078266	1978	71.6	mg/l	2	262	2.9	7.7	4.7	0.24	9.4	95		98.7
417	ピリカネップ白水川	白水川B	北海道	43.38055428662666	144.10166177133559	1978	95.6	mg/l	2.71	633	1.7	3.1	10.9	9.72	8.5	281.8		105.8
418	ピリカネップ白水川	白水川C	北海道	43.38040532757882	144.10132503974148	1978	32.6	mg/l	5.7	865	33	122.3	27.6	0.96	62.5	364.5	70.8	94.6
419	白水川(濁川上流)	濁川A	北海道	43.41385610723749	143.9992245730737	1978	37	mg/l	5.9	5205	236.3	696.9	253.5	96.84	1447	1215	208.6	146
420	白水川(濁川上流)	濁川B	北海道	43.41394350566811	143.998951523206	1978	32.6	mg/l	5.9	3976	198	580.7	145.4	65	944.5	963.1	434.3	128.3
421	白水川(濁川上流)	濁川C	北海道	43.41403080094539	143.99867628793677	1978	30.2	mg/l	5.9	2525	126	366.9	102.2	51.4	596.1	625.3	329.4	116.7
422	雌阿寒温泉(野中温泉)	野中温泉A	北海道	43.39447512231799	143.98380233110217	1978	42.9	mg/l	5.9	4223	287.3	392.6	266.8	0.13	655.2	1615	267.2	112.5
423	雌阿寒温泉(野中温泉)	野中温泉B	北海道	43.39455625612564	143.9840652475888	1978	34.7	mg/l	5.9	3248	228.2	320.6	217.3	0.06	499.1	1264	209.2	111.9
424	雌阿寒温泉(野中温泉)	褐鉄鉱山あと	北海道	43.39437045785869	143.9839863446892	1978	28.4	mg/l	2.76	4068	207.8	566.4	185.6	20.18	1143	1222		102.1
425	オンネトー湯の滝	湯の滝	北海道	43.3700510211807	143.9783005110319	1978	42.9	mg/l	6.4	2230	171.3	172.2	160.7	0.04	269.7	884.7	230	145.1
426	弟子屈温泉		北海道	43.50000021225517	144.45750077576972	1978	53.6	mg/l	9.1	680	199.2	8.6	1.2	0.25	186.2	150.2	79.3	81.7
427	鐺別温泉		北海道	43.48889925609407	144.44273940159587	1978	39.5	mg/l	9.3	365	74.9	0.2		0.03	20.3	29.7	144	155.1
428	鐺別温泉		北海道	43.488886984346536	144.45749246539614	1978	95.1	mg/l	9.3	474	125.2	0.2	0.1	0.04	77.2	49.6	152.5	132.7
429	鐺別温泉		北海道	43.4852776264694	144.44055396203515	1978	49.1	mg/l	9	478	115.1	0.6	0.1	0.08	77.9	54.6	119.6	141.7
430	鐺別温泉		北海道	43.482922620840874	144.44333626757697	1978	64.7	mg/l	8.5	874	231.6	39.2	0.2	0.14	238.4	249	51.2	66
431	鐺別温泉	光風苑-3	北海道	43.482648801559556	144.44690751364683	1978	82	mg/l	8.3	1441	401.1	51	6.4	0.05	393.1	440	52.5	72
432	鐺別温泉	光風苑-1	北海道	43.48296351877222	144.4471767552151	1978	28.9	mg/l	8.6	273	59.7	8.6	0.6	0.05	37.1	63	58	67.4
433	鐺別温泉		北海道	43.48222312074145	144.45750355977495	1978	47.9	mg/l	8.7	535	131.8	2.4	0.2	0.03	99.1	93	95.2	141.1
434	鐺別温泉		北海道	43.48388758596696	144.45749638065422	1978	62.7	mg/l	8.3	2833	891	52.6	6.2	0.08	1334	150.9	153.1	196.5
435	弟子屈温泉		北海道	43.48499855360901	144.45749529505812	1978	99	mg/l	8.5	3654	966	205.3	8.3	0.07	1681	226.8	92.1	149.6
436	標茶・五十石	千葉一心堂	北海道	43.29999777758474	144.605278899256	1977	44.1	mg/l	8.9	393	106.8	0.2			56.3	2.1	184.2	100.2
437	標茶・五十石	やすらぎ処望郷苑	北海道	43.23840925161848	144.5475124352977	1978	47.8	mg/l	8.5	4657	1539	90.5	0.7	0.06	2517	13.8	121.4	118
438	標茶・五十石	(株)道東養殖	北海道	43.23840693402464	144.54750466791967	1978	28.5	mg/l	8.7	171	34.7	1	0.9	0.06	7.8	5.5	83	69.4
439	標茶・五十石		北海道	43.23848050290821	144.54755828031952	1978	47.2	mg/l	8	5454	1908	59.9	10	0.4	3062		116.5	121.7
440	塘路湖・シラルトロ沼	標茶町いこいの家	北海道	43.192260403618846	144.49969639092325	1978	45.8	mg/l	7.9	8085	2660	117.2	16.7	0.16	4460		139.1	119.9
441	塘路湖・シラルトロ沼		北海道	43.180053872179975	144.50825421141346	1978	41.7	mg/l	8.3	2302	791	21.6	1.7	0.04	1249		165.9	116.6
442	塘路湖・シラルトロ沼		北海道	43.20635713823972	144.52596312915233	1978	39.7	mg/l	9.1	368	83.3	0.2			43.9		162.9	141.1
443	塘路湖・シラルトロ沼		北海道	43.18833162077761	144.50832783155013	1978	26.7	mg/l	9.1	195	39	0.7	0.2		5	18.3	86.6	81.2
444	留真温泉		北海道	42.940096414550055	143.68868483773826	1978	31.6	mg/l	9.7	172	51.3	0.3		0.03	25.7		106.8	37.7
445	トムラウシ温泉	新得町	北海道	43.460759773987476	142.87269600811806	1965	42	mg/kg	7.4	1205	370	14.04	3.7		360	60	371	123.088
446	トムラウシ温泉		北海道	43.46076225871528	142.87272604298988	1965	81.5	mg/kg	7.2	1218.5	360	17	3		358	46	366	113.856
447	糠平温泉	琴月源泉	北海道	43.36453858956474	143.18904372267565	1955	47	mg/kg	7.3	839.6	204.5	48.7	4.5		241.3	42.2	253.9	65.16
448	糠平温泉	泉翠館・鶴乃湯源泉	北海道	43.364623719874665	143.19192854965883	1955	52	mg/kg	7.4	895.6	224.1	48.8	3.8		252.5	65.4	260.1	76.776
449	糠平温泉	湯元館・滝の湯源泉	北海道	43.36517399659729	143.1867902819645	1955	59.8	mg/kg	7.4	894	232.2	38.7	2.9		256.2	55.7	260.1	65.237
450	糠平温泉		北海道	43.364620822906176	143.18833519054084	1955	52.2	mg/kg	7.5	849.6	201.5	44.6	3.9		237	59.6	208.8	81.392
451	糠平温泉		北海道	43.3658309146987	143.18860456967363	1955	47.5	mg/kg	7.3	925	212.1	61.5	3.3		245.9	55.5	281.1	56.39
452	糠平温泉	上士幌営林署	北海道	43.366924319203754	143.19179959181193	1957	56	mg/kg	8.4	871	202.4	56.1	2.1		247.4	68.1	119.8	66.775
453	糠平温泉	釧路鉄道管理局	北海道	43.36694317207837	143.1922192167294	1957	50	mg/kg	7.2	889.5	188	42.5	1.6		235.5	65.8	286.9	60.005
454	糠平温泉		北海道	43.364446305081934	143.19028620528275	1960	46.5	mg/kg	7.3	844	212	47.8	3.3		254	78.1	246.8	53.466
455	糠平温泉		北海道	43.36444114723496	143.1913794686003	1960	52	mg/kg	7.1	867	216	41.8	3.9		245	66.2	240.7	51.928
456	幌加温泉		北海道	43.46850977271805	143.12382616973775	1959	65	mg/kg	7.2	2652	760	129.7	13.9		965.6	73.2	864.3	59.621
457	糠平温泉	大雪源泉	北海道	43.36520670681657	143.18955135675142	1959	50	mg/kg	7.2	907	220	48.2	5.7		243.6	89.6	284.8	46.158
458	糠平温泉		北海道	43.36500225031789	143.19139662698782	1962	47	mg/kg	6.8	870	236	47.8	12		248.5	117.6	298.9	64.467
459	菅野温泉		北海道	43.325139484809654	143.0489459167501	1961	56	mg/kg	7.9	3507	1010	61.4	22.5		940.7	5.77	1494.5	166.477
460	幌加温泉	営林著A源泉	北海道	43.46847579280802	143.1239803523918	1963	56	mg/kg	6.9	1663	464	63.2	6.3		514.7	22.6	639.5	113.01
461	幌加温泉	営林署B源泉	北海道	43.46844237575764	143.12383628161348	1963	46	mg/kg	6.5	2682	677	118.6	9.5		976.2	23.4	652.9	108.471
462	菅野温泉		北海道	43.32510096479778	143.04890617016287	1961	56	mg/kg	7.9	3126	948	52.5	16.4		905.2	60.4	1210	107.01
463	然別峡温泉	薬師の湯源泉	北海道	43.30795095263328	143.1257714356578	1964	41	mg/kg	7.4	422	72	15.7	6.3		53.2	9	256.9	23.464
464	糠平温泉	富士見館A源泉	北海道	43.36452824049599	143.18999235704848	1964	50	mg/kg	7.2	875	230	63.6	3.6		248.5	85.1	335.7	81.007
465	糠平温泉	富士見館B源泉	北海道	43.36457400778095	143.1901245969731	1964	47.5	mg/kg	7.2	882	235	56.4	3.1		255.6	77.3	335.7	86.469
466	然別湖畔温泉	福原荘源泉	北海道	43.273087881627525	143.1040202460088	1965	53	mg/kg	6.9	1960	731	23.5	10.1		886	19.3	549	196.172
467	然別湖畔温泉	福原荘源泉	北海道	43.273116774290905	143.10399205156526	1966	71	mg/kg	6.8	2882.5	850	53.4	20.9		1067	169	616	192.325
468	然別湖畔温泉	温泉ホテル源泉	北海道	43.27368900723153	143.10571378214277	1966	80	mg/kg	7.6	2430	728	30	8.7		853	41	677	121.549
469	芽登温泉		北海道	43.39057319394088	143.33315159766082	1958	58	mg/kg	8.4	230.1	59.7	8.4	3.9		24.8	59.2	67.1	24.002
470	オソウシ温泉		北海道	43.23234346065336	142.96120163258354	1973	28	mg/kg	8.4	219	54.28	3.37			14.2	24.28	170.8	16.501
471	弟子屈温泉	辻谷建設A泉	北海道	43.49389274323543	144.4480691577634	1978	58.6	mg/kg	9.5	313	75.3	0.2			14.9	42.4	129.3	97.209
472	弟子屈温泉	今井林業(株)	北海道	43.49055554403256	144.4555536116602	1978	45.3	mg/kg	8.8	1128	348	2.9	0.3		338.4	133	200.7	164.315
473	弟子屈温泉	小林観光(株)	北海道	43.48944252721328	144.45499558483348	1978	53.4	mg/kg	8.2	942	274.5	18.7	1.7		361.2	65.3	139.1	114.9
474	弟子屈温泉	子宝ホテル	北海道	43.48686130952448	144.45121397027748	1978	74.9	mg/kg	8.1	1667	481.5	67.3	1.7		734.4	103.3	135.4	150.814
475	弟子屈温泉		北海道	43.49055667717629	144.450279570727	1978	39.5	mg/kg	9.3	365	74.9	0.2			20.3	29.7	144	155.114
476	弟子屈温泉		北海道	43.49055713128804	144.45083578702383	1978	95.1	mg/kg	9.3	474	125.2	0.2	0.1		77.2	49.6	152.5	132.712
477	弟子屈温泉	石川組ライラック荘	北海道	43.48694420772699	144.44861218550267	1978	49.1	mg/kg	9	478	115.1	0.6	0.1		77.9	54.6	119.6	141.713
478	弟子屈温泉		北海道	43.484722709879584	144.44528115354188	1978	64.7	mg/kg	8.5	874	231.6	39.2	0.2		238.4	249	51.2	66.006
479	弟子屈温泉	光風苑3号泉	北海道	43.48276042439964	144.44744458179505	1978	82	mg/kg	8.3	1441	401.1	51	6.4		393.1	440	52.5	72.006
480	弟子屈温泉	光風苑1号泉	北海道	43.48257176746187	144.4473172597492	1978	28.9	mg/kg	8.6	273	59.7	8.6	0.6		37.1	63	58	67.406
481	弟子屈温泉		北海道	43.483892348500554	144.45167759112493	1978	47.9	mg/kg	8.7	535	131.8	2.4	0.2		99.1	93	95.2	141.113
482	弟子屈温泉		北海道	43.48555344019053	144.4533241940153	1978	62.7	mg/kg	8.3	2833	891	52.6	6.2		1334	150.9	153.1	196.518
483	弟子屈温泉	町有10号泉	北海道	43.488885853116884	144.4563794479683	1978	65.1	mg/kg	7.4	2326	602	126.6	5.9		1068	154.4	50.6	124.511
484	弟子屈温泉	町有泉(白雲閣裏)	北海道	43.4894491756301	144.45696072278452	1978	94.2	mg/kg	7.9	5160	1473	392.3	1.9		2846	172.4	33.6	89.008
485	弟子屈温泉	町有4号泉	北海道	43.4888909351309	144.45667421673352	1978	83.8	mg/kg	8.4	3395	936	156.9	1.9		1614	200.9	50	179.216
486	弟子屈温泉	双岳荘	北海道	43.489164480346474	144.45804838370745	1978	44.7	mg/kg	6.8	2082	529	111.4	14		915.4	131.3	144.6	141.413
487	弟子屈温泉	慶楽荘	北海道	43.48694974954792	144.45746296943153	1978	43	mg/kg	7.4	2174	589	119.2	7.5		993.4	102.3	203.1	108.91
488	弟子屈温泉		北海道	43.48888609985187	144.45776843904505	1978	72.2	mg/kg	8	3300	882	183.4	8		1529	186.7	125.7	131.112
489	弟子屈温泉	(株)宮脇モータース	北海道	43.48701734375271	144.45648738893237	1978	66.4	mg/kg	8.1	2137	545	124.8	9.6		959.2	132.1	122	107.61
490	弟子屈温泉	町有泉(役場裏)	北海道	43.48548408751026	144.4592325996455	1978	99	mg/kg	8.5	3654	966	205.3	8.3		1681	226.8	92.1	149.613
491	弟子屈温泉		北海道	43.48639011517407	144.46305984338295	1978	48.6	mg/kg	8.3	2481	842	63.9	1.4		1231	234.2	36.6	58.905
492	弟子屈温泉		北海道	43.48971973696266	144.4599933194742	1978	47	mg/kg	7.6	1086	330.7	31.3	3.2		505.4	53.5	104.9	72.507
493	弟子屈温泉		北海道	43.48832913764498	144.46220949688782	1978	56.2	mg/kg	7.8	6336	1612	550.3	1.8		3388	163	26.2	67.906
494	弟子屈温泉	弟子屈木材工業(株)	北海道	43.489171284046485	144.4672364778003	1978	59.1	mg/kg	7.5	8226	2088	776.5	3.7		4545	168.3	36	83.307
495	弟子屈温泉	農林協同工業(株)	北海道	43.487219392598746	144.46915834792648	1978	43.1	mg/kg	8.2	2709	927	34.2	1.9		1433	137.1	54.9	73.507
496	弟子屈温泉	農協日の出団地	北海道	43.48888591317345	144.47221203057063	1978	50	mg/kg	9	760	228.6	1.1			248.5	58.3	133.6	123.911
497	鐺別温泉	釧路土木現業所	北海道	43.48194671351771	144.44862096289262	1978	34.5	mg/kg	8.9	235	66.4	6	0.4		32.1	58.7	65.9	38.904
498	鐺別温泉	櫟旅館	北海道	43.48167226946685	144.44918439160787	1978	52.2	mg/kg	8.5	475	122	14.7	0.5		100.4	137.9	58	59.305
499	鐺別温泉	町有泉	北海道	43.48082784815489	144.45026137116832	1978	52.4	mg/kg	8.6	372	100.4	9	0.9		68.7	99.5	61	58.905
500	鐺別温泉		北海道	43.4822216814857	144.45416555640767	1978	80.6	mg/kg	8.5	1696	499	86.8	0.7		661.9	332.6	58.6	72.907
501	鐺別温泉	(株)協栄林産	北海道	43.48305551130592	144.45833037300326	1978	67.8	mg/kg	8.3	2581	714	148.8	1.2		1182	264.9	36	61.306
502	鐺別温泉		北海道	43.48444455336144	144.46083590487373	1978	92.6	mg/kg	6.9	3178	870	175.3	1.9		1437	295.1	79.3	118.411
503	鐺別温泉		北海道	43.48305591793642	144.46249879605594	1978	43.3	mg/kg	8.9	1161	329.5	54.9	2.6		508.3	81.5	83	97.309
504	鐺別温泉		北海道	43.487734055863314	144.45648562056596	1978	47.2	mg/kg	8.7	1083	333.5	12	0.9		403.5	126.6	75.6	105.81
505	鐺別温泉		北海道	43.47833133012405	144.4711057369704	1978	37.7	mg/kg	8.5	2322	825	20.9	2		1070	212.8	196.4	87.708
506	弟子屈温泉		北海道	43.48749980075282	144.46083248522996	1982	45	mg/l	7.8	822	290	20	0.4		360	73	84	5.7
507	鐺別温泉	国鉄寮源泉	北海道	43.480276367306914	144.44916092180256	1982	48.5	mg/l	8.8	250	68	5.8	0.05		46	85	24	8.9
508	雄阿寒変質帯		北海道	43.426400579791235	144.14176984817547	1988	90.4	mg/l	7.1	777	92.4	39	7.3	0.19	23	21	407	149
509	阿寒湖畔温泉		北海道	43.432672171849994	144.09917418433932	1988	71	mg/l	6.4	1170	199	60.4	52.5	0.86	128	164	578	217
510	阿寒湖畔温泉		北海道	43.432485936267874	144.09916424857954	1988	62.7	mg/l	6.9	637	127	17	3.4	0.1	37	56	313	155
511	フレベツ変質帯		北海道	43.40573553985445	144.069993212056	1988	68.4	mg/l	2.1	2620	16.5	5.7	4.5	31	9	546		353
512	白水川上流変質帯		北海道	43.37996269920637	144.04774639933152	1988	96.2	mg/l	6.7	997	55.9	93.2	26.4	0.11	32	351	107	182
513	湯の滝温泉		北海道	43.36996427975765	143.9781696241888	1988	43.8	mg/l	6.1	1950	165	120	140		165	791	308	105
514	白湯山変質帯		北海道	43.41462236532781	144.08148238741168	1988	92.7	mg/l	2.5	120	6	9.2	2.5	3.3		399		120
515	雄阿寒変質帯		北海道	43.42351392743923	144.14616861921962	1988	54.7	mg/l	6.1	700	121	40	15	1.3	16.8	27.9	429	188
516	雄阿寒変質帯		北海道	43.423340780452435	144.14741998052165	1988	48.5	mg/l	6.4	659	109	37.8	14.8	2.7	12	21.7	372	167
517	阿寒湖畔温泉		北海道	43.43260042284128	144.099270171628	1988	57.7	mg/l	6.9	515	77	31.6	12.5	1.4	29.6	55.6	220	152
518	阿寒湖畔温泉		北海道	43.43259653541269	144.09937376461556	1988	62.9	mg/l	7.6	609	92	35.8	15.5	0.2	36.2	51.1	255	180
519	雌阿寒温泉(野中温泉)		北海道	43.39462876696601	143.98381571228722	1988	42.3	mg/l	5.7	4370	280	376	260		630	1710	66.3	178
520	飽別川上流部		北海道	43.34515782801229	144.03556494309868	1988	15.2	mg/l	6.1	652	23.1	62.3	60.4	253	17	259	172	51
521	白水川上流部		北海道	43.36270425398406	144.05312198167218	1988	21.2	mg/l	6.8	3370	148	569	55	1183	91	1100	1020	96
522	足寄白水川		北海道	43.41380491543493	143.99945655625484	1988	34.3	mg/l	5.8	4080	186	720	37.2	572	860	927	352	114
523	ウグイ川上流部		北海道	43.397226186871954	144.04167186785938	1988	21.8	mg/l	6.5	466	19.7	28.9	7.7		13	137	5	56
524	湯の沢	湯の沢-1	北海道	43.429718836945405	142.67971195426588	1987	92.5	mg/l	2	5960	14.75	45.25	18.58		6.36	2260		112
525	湯の沢	湯の沢-3	北海道	43.4302805487022	142.678619278421	1987	57.7	mg/l	2.1	5140	44.74	303	122.21		489	3470		227
526	安政火口	安政火ロ-1	北海道	43.40954712081689	142.662056076559	1987	93.4	mg/l	1.5	5330	4.37	5.46	3.38		4.03	1680		104
527	安政火口	安政火ロ-2	北海道	43.40956157859658	142.66208926068188	1987	67.7	mg/l	1.9	11200	31.21	76.46	19.19		4.81	3060		457
528	安政火口	安政火ロ-3	北海道	43.40949607506543	142.6620805689731	1987	72.4	mg/l	2.4	3300	16.36	82.21	11.41		2.69	834		223
529	安政火口	安政火ロ-4	北海道	43.409509781089746	142.6620477665163	1987	76.3	mg/l	2.9	1860	36.06	73.23	18.79		1.41	769		279
530	十勝岳温泉	凌雲閣温泉2号井	北海道	43.413579096039605	142.64301495437363	1987	54.3	mg/l	6.8	1980	131.3	236.34	54.44		128	564	158	62.8
531	十勝岳温泉	凌雲閣温泉1号井	北海道	43.41356166577979	142.64299082092398	1987	34.5	mg/l	2.6	110	17.68	70.09	13.43		131	512		80.8
532	十勝岳温泉	翁温泉-1	北海道	43.4180421955633	142.63644806713046	1987	30.9	mg/l	2.8	1380	21.61	89.89	16.36		113	638		85.7
533	十勝岳温泉	十勝岳温泉ダム上-1	北海道	43.41191355258997	142.64719530910705	1987	31.3	mg/l	2.9	1380	21.11	88.88	16.46		105	694		84.8
534	十勝岳温泉	上ホロ荘泉源	北海道	43.414791604500536	142.6399446866196	1987	32	mg/l	2.5	1450	17.68	84.03	14.75		107	725		76
535	十勝岳温泉	凌雲閣上流70m	北海道	43.4136814928864	142.64359340846747	1987	27.2	mg/l	3	1100	25.65	43.13	10.5		66	411		86.4
536	吹上温泉	白銀荘泉源	北海道	43.43139608346541	142.64177652990998	1987	32.7	mg/l	2.9	1410	67.77	97.97	26.46		317	373		88.6
537	吹上温泉	ベニガラ温泉	北海道	43.43139949317737	142.64185178248312	1987	32.1	mg/l	3	1550	53.13	93.12	24.64		331	356		87.3
538	吹上温泉	吹上温泉-1	北海道	43.431344049339096	142.6418185226811	1987	36.7	mg/l	2.5	1890	167.66	139.38	39.9		648	320		85.4
539	中茶屋	川井3号	北海道	43.46083678435748	142.59945668766406	1987	24.7	mg/l	7.2	2460	220.18	218.16	107.06		212	765	248	52.6
540	白金温泉	白金温泉改良8号井	北海道	43.47297785421475	142.64359305419018	1987	41.9	mg/l	6.5	6350	672.66	431.27	361.58		899	2150	737	84.2
541	白金温泉	白金温泉10号井	北海道	43.47157054753933	142.6469893509341	1987	25.7	mg/l	6.6	2910	267.65	179.78	145.44		377	815	325	54.4
542	白金温泉	白金温泉13号井	北海道	43.47239276204247	142.64105833454246	1987	38.8	mg/l	7.2	7320	682.76	553.48	413.09		936	2040	1010	78.3
543	白金温泉	白金温泉14号井	北海道	43.47294042729126	142.64285967404626	1987	43	mg/l	6.7	6390	602.97	469.65	378.75		799	2260	808	74.1
544	白金温泉	白金温泉17号井	北海道	43.47074863713553	142.64346913029505	1987	53.5	mg/l	6.7	4890	680.74	272.7	206.04		607	1670	692	90
545	新得・湯の滝	ユウ十勝川泉源-1	北海道	43.38072248199173	142.78078820384542	1987	26.9	mg/l	6.7	2430	532.27	106.05	76.05		127	13.1	2370	118
546	新得・湯の滝	湯の滝-3	北海道	43.39293587256274	142.77396510698645	1987	42.5	mg/l	4.7	1020	118.17	62.42	50.7		13.9	198	620	150
547	新得・湯の滝	湯の滝-7	北海道	43.393208055304505	142.7717446086411	1987	42.6	mg/l	6.3	979	120.19	61	48.88		12.9	195	616	155
548	新得・湯の滝	湯の滝-12	北海道	43.392743469252764	142.7703898354733	1987	45	mg/l	6.4	1090	133.32	68.28	56.36		13.9	216	704	152
549	ヌプントムラウシ温泉(沼の原温泉)	ヌプントムラウシ温泉-3	北海道	43.491232755437125	142.9587726152165	1987	55	mg/l	6.9	1240	295.93	23.03	1.99		238	61.9	483	97
550	ヌプントムラウシ温泉(沼の原温泉)	ヌプントムラウシ温泉-4	北海道	43.49119782310692	142.95872460652987	1987	94.5	mg/l	9.6	3020	788.81	1.47			715	52.8	1400	171
551	ヌプントムラウシ温泉(沼の原温泉)	ヌプントムラウシ温泉-9	北海道	43.49127760699261	142.95871846620994	1987	50	mg/l	7.4	1380	341.38	9.84	3.43		310	40.9	678	111
552	ヌプントムラウシ温泉(沼の原温泉)	ヌプントムラウシ温泉-13	北海道	43.49119453201143	142.95871374682667	1987	40.2	mg/l	6.2	648	142.41	15.35	4.59		119	49.7	295	60
553	ヌプントムラウシ温泉(沼の原温泉)	熊追沢-5	北海道	43.41666760216641	142.91722364214309	1987	24.2	mg/l	8.1	2410	609.03	77.37	48.08		114	14	2320	94.6
554	ヌプントムラウシ温泉(沼の原温泉)	熊追沢-7	北海道	43.41665696342715	142.917996673125	1987	24	mg/l	7.2	3020	374.71	102.01	40.5		114	16.3	2910	139
555	鹿の沢	鹿の沢-1	北海道	43.498800676076385	142.8971690596202	1987	89.5	mg/l	3.2	818	4.25	3.84	4.82		0.5	381		131
556	鹿の沢	鹿の沢-14	北海道	43.498645049221295	142.89720724666836	1987	96.7	mg/l	3.6	313	7.88	13.13	8.22		1.2	150		39.2
557	鹿の沢	鹿の沢-17	北海道	43.49852925976464	142.89731147720414	1987	76.2	mg/l	3.3	570	10.71	10.1	2.15			243		147
558	鹿の沢	鹿の沢-27	北海道	43.49789353722368	142.89778781261037	1987	96.2	mg/l	3.3	167	1.59	2.18	0.8		1.8	114		37.1
559	トムラウシ温泉	トムラウシ温泉-2	北海道	43.46075996907464	142.87271827295203	1987	92.2	mg/l	8.2	1220	299.97	8.04			374	46.9	375	144
560	トムラウシ温泉	トムラウシ温泉-18	北海道	43.460775107615746	142.87273302597146	1987	62.3	mg/l	7.2	1280	260.58	8.36	0.11		357	43.6	373	137
561	トムラウシ温泉	トムラウシ温泉-19	北海道	43.46077813476468	142.87273655685786	1987	72.2	mg/l	7.3	1120	200.99	12.22	0.05		269	36.4	344	84.8
562	トムラウシ温泉	トムラウシ温泉-21	北海道	43.46077692059339	142.8726883457078	1987	91	mg/l	7.6	1300	317.14	8.99	0.06		366	52.4	497	148
563	原始が原	原始が原-3	北海道	43.357529581506775	142.6284498286862	1988	9.8	mg/l	4.3	930	27.24	108.6	14.25		5	393		92
564	上ホロカ川上流	上ホロカ川-1	北海道	43.417501292920136	142.73139304652838	1988	5.6	mg/l	5.9	160	8.92	15.95	9.08		3		104	52
565	(鶴居村)	鶴居グリーンパーク泉源	北海道	43.24083285114244	144.3249991277521	1980	46.4	mg/l	8.4	4147	1502	63.8	0.5		2315	36.8	110.7	
566	十勝幕別温泉	幕別ホテル緑館井	北海道	42.89894854371719	143.25501462244875	1981	44.7	mg/l	8.1	3663	12663	94.7	3.9		2045	205	159.8	62.1
567	(上富良野町)	上富良野町泉源	北海道	43.45833117739076	142.5455507540895	1982	46	mg/l	7.3	2285	637	61.7	31.5		364.7	561.1	786.9	105.3
568	(標茶町)	標茶町1号井	北海道	43.303889409187306	144.59666921358314	1984	54.1	mg/l	8.4	3448	1168	45	3.3		1854.3	19.1	119.6	130.9
569	(帯広市)	市総合福祉センター	北海道	42.90833491183303	143.19250659182836	1986	43.5	mg/l	8.9	459	164.8	1.9	0.3		141.6		134.8	
570	(白糠町)	白糠町源泉	北海道	42.963334214888434	144.05194825402813	1986	26.2	mg/l	7.8	14649	4280	991	66.7	5.19	8562	4.5	74.4	14.6
571	(士幌町)	士幌町1号井	北海道	43.17222326224157	143.2477833263895	1987	40.1	mg/l	8	887	272.8	1.8	1.4		90.1	0.4	596.6	126.1
572	(阿寒町)	自然休養林泉源	北海道	43.14361141451908	144.14194493396698	1988	44.5	mg/l	8.1	4971	1719	56.9	7.8		2583	144.8	478.5	
573	(士幌町)	士幌町2号井	北海道	43.12528060736501	143.22000875620736	1988	42.1	mg/l	7.9	1252	423.7	3.6	1.3		388.6	0.6	531.9	101.3
574	(士幌町)	士幌町緑風荘2号泉源	北海道	43.13845995947368	143.368182070466	1989	45.9	mg/l	7.9	1051	331	3.3	1.4		424	7	196.4	131.1
575	(上士幌町)	上士幌町2号井	北海道	43.24278203734431	143.29390221627372	1989	32	mg/l	8.9	351.5	89.2	1	0.6		46.8	25.4	145.3	89.3
576	(足寄町)	足寄町泉源	北海道	43.23777893680797	143.5433358413564	1989	54.3	mg/l	8.3	2102	758	13.5	1		1062		206.7	
577	(新得町)	新得町泉源	北海道	43.15646039530889	142.90551929428486	1990	31	mg/l	8.9	1067	369.9	19.6	1		583.7		29.9	
578	(別海町)	別海ふれあい泉源	北海道	43.38258693509268	145.1128709468638	1989	40	mg/l	7.7	3099	1129	16.1	7.1		1531		507.2	
579	(陸別町)	陸別町泉源	北海道	43.4783321882826	143.6180538645865	1992	36.4	mg/l	7.9	1068	331	7.3	1.6		214.6	72.7	479.6	
580	(忠類村)	アルコ236泉源	北海道	42.58018407530803	143.3138152088423	1992	26.7	mg/l	9.3	315	119.6	2	0.3		23.8	0.8	136	
581	(更別村)	更別村泉源	北海道	42.64580330901838	143.19378213690055	1993	20.9	mg/l	8.1	5546	1932	131.9	53.6		2693	14.7	821.6	
582	(釧路市)	交流センター泉源	北海道	43.07902217653773	144.2298065140723	1994	42.7	mg/l	8.1	28390	7381	3068	14.3		16960		20.3	
583	椎内温泉		北海道	45.42038539729646	141.64085361594206	1977	35	mg/l	7.5	21172	8408	61.1	33.4	3.26	9354		6631	20.2
584	天塩	北川口	北海道	44.93948351127166	141.78261606086096	1972	27.7	mg/l	7.2	17247	5220	791	59.3	2.72	9335		791	65.7
585	天塩	更岸	北海道	44.83944525943789	141.84722610388852	1972	34.6	mg/l	7.2	14404	4260	759	18.5	8.28	8007		327	66.6
586	豊富温泉	合同資源R4	北海道	45.08055231916919	141.8302663017236	1977	32.1	mg/l	7.9	12144	4416	102.4	33.1	1.58	6039		1879	29.7
587	豊富温泉	合同資源R8	北海道	45.07583212748173	141.84721861498716	1977	35.9	mg/l	8	12200	4464	83.6	48.2	1.54	6174		1850	24.4
588	豊富温泉	合同資源R1A	北海道	45.07333860954442	141.84723871836334	1977	35.3	mg/l	8.1	12106	4488	85.6	45.7	2.2	6156		1947	41
589	豊富温泉	北豊富R3	北海道	45.06888716927882	141.84721619514758	1972	30.7	mg/l	7.7	16012	6070	52.6	26	0.11	6894		3831	33.1
590	遠別旭温泉	旭E-6	北海道	44.66005845263136	141.86030102793225	1977	31.7	mg/l	8	17159	5410	719.4	40	47.83	9681		305	19.6
591	遠別旭温泉	旭R-2	北海道	44.65998800475451	141.86038242207533	1972	28.2	mg/l	7.6	17215	5290	705	48.6	6.39	9681		193	23.6
592	(遠別町)	旭E-7	北海道	44.659532608435605	141.85553161002252	1980	27.5	mg/l	7.7	16893	5230	714	36.6		9350		212	16.9
593	(豊富町)	R-9	北海道	45.07361163733249	141.84139096675793	1985	30	mg/l	8.18	13210	4950	60.8	50.9		6350		3320	
594	(新十津川町)	新十津川町2号井	北海道	43.551107934304234	141.8763786768333	1983	33.6	mg/l	7.5	24122	6530	1463	314		13632		115.9	41
595	(豊富町)	R-10	北海道	45.07444621007074	141.84278576980736	1987	37.5	mg/l	8.5	11969	4520	30	48.5	0.15	5538		2855	29.6
596	(秩父別町)	秩父別町源泉	北海道	43.76462249117352	141.96504607114875	1988	30.1	mg/l	7.7	1483.5	481	17.8	9.1		681.6	2	229.4	74.6
597	岩尾温泉	増毛町岩老泉源	北海道	43.77315551145823	141.3689938541808	1989		mg/l	6.6	4587	757	686.4	55.6		1191	1727	155.9	
598	(芦別市)	芦別市油谷泉源	北海道	43.544655741405144	142.24219158295955	1989	17.5	mg/l	7.4	15980	5660	395.4	27		9218		574.2	
599	(深川市)	深川市イルム泉源	北海道	43.68608700090563	142.09064524728757	1990	20.2	mg/l	7.5	206	42.1	6.5	1.7		30.5	2.6	89.4	
600	(北竜町)	北竜町泉源	北海道	43.75097332007171	141.87593343374672	1992	42.7	mg/l	7.7	14050	4916	333	79.9		8579		170.2	
601	(羽幌町)	サンセットプラザ泉源	北海道	44.36635719183284	141.70705236237174	1992	33.6	mg/l	7.6	18370	5554	872.9	162.2		10780		127.4	
602	(滝川市)	たきかわスプリング	北海道	43.58368784549744	141.89371075555604	1994	31.2	mg/l	7.6	1219	348.9	55.7	17.4		517.1	34.6	274.2	
603	入舸	民宿入舸	北海道	43.36709340180747	140.47470100696387		31	mg/l	7.3		192.7	521.3	39.4		209.7	1440	129.3	20.2
604	月形	月形町泉源	北海道	43.34195142321233	141.68036661971766		37	mg/l	8.6		331.6	8.4	1.2		248.3	0	467.4	113.6
605	於札内	ラウスリゾート開発公社	北海道	43.46500158672743	141.8057052095137		19.4	mg/l	7.9		13140	1226	466		23680	0	111.6	4.3
606	鶴沼	鶴沼公園井	北海道	43.45048894811985	141.8356757828419		38.3	mg/l	7.3		8161	11864	23.7		34244	0	28.2	37.8
607	花月	花月温泉	北海道	43.496799730469	141.864198892403		31	mg/l	7.6		7233	526.9	202.7		12716	0	172.4	48.4
608	砂川	砂川オアシスパーク井	北海道	43.47950470667103	141.8979170959717		21.9	mg/l	7.6		6986	403.9	166.9		11930	17.5	198.2	405.6
609	富良野	富良野振興公社	北海道	43.349001735567356	142.38630531954874		26.8	mg/l	7.5		1504	261.9	79.7		2867	0	292.8	74.3
610	上富良野	フロンティア・フラヌイ	北海道	43.45922709325029	142.47945541658476		35.3	mg/l	6.9		660	49.5	44		461.6	249.3	1103	154.4
611	富良野	安田海上火災	北海道	43.35130223905869	142.36470720904182		40	mg/l	8.3		1584	510.4	1.6		3304		27.5	16.1
612	珊内	神恵内村5号井	北海道	43.18193414552662	140.3628067028439		34.4	mg/l	6.7		1567	202.8	60.5		1130	1696	1243	12.2
613	古平	古平温泉	北海道	43.2777193593985	140.63908682972692		50	mg/l	7.6		4260	431.6	24		6720	924.2	79.3	48.3
614	美国	美国温泉	北海道	43.25065554294179	140.52449110678347		46	mg/l	7.2		6488	343.8	225.6		8454	1288	3703	42.3
615	美国	美国温泉2号	北海道	43.29896361185171	140.59939968895708		40	mg/l	7		9380	840	360		16520	434.2	288	61.6
616	余市	余市モイレ温泉1号	北海道	43.1976483532741	140.78875442578638		13.4	mg/l	6.3		1157	643	175		2764	299	64	
617	余市	余市川温泉	北海道	43.192618396337416	140.7856651561026		42.5	mg/l	8.1		805	8.8	1.4		595.7	337.3	720	66.7
618	余市	よいち観光温泉	北海道	43.18564748728848	140.7828100311748		59.6	mg/l	8.3		1789	392.9	0.1		2443	1343	22.5	48
619	余市	大黒湯	北海道	43.19253251774849	140.7973290601627		30	mg/l	7.1		2370	561.9	125.1		4734	434	311.2	92.9
620	余市	鶴亀温泉	北海道	43.193363737659986	140.82223364214883		48.2	mg/l	7.5		1950	76.3	30.3		2490	795.9	293.4	48.4
621	余市	東洋田園開発井	北海道	43.19584819335902	140.83762701391598		40.8	mg/l	7.8		771.1	28.5	9		484.6	850.8	309.6	75.1
622	小樽	梅ヶ枝温泉	北海道	43.21236501947164	140.9944397857304		43.2	mg/l	8.4		441	94	2.2		27.7	1056	66.8	87.7
623	忍路	忍路温泉	北海道	43.205798654385255	140.8632954261917		50.9	mg/l	7.7		500.3	113.8	3.1		152.4	1030	152.6	64.6
624	小樽	鹿の湯	北海道	43.18223644342053	141.01157028709622		27	mg/l	8.6		64.6	3.8	0.5		20.3	32.5	112.9	52.3
625	小樽	大正湯	北海道	43.188166629584	140.99802905094833		31	mg/l	7.2		41	3.3	0.1		21.3	39.7	94.6	48.6
626	小樽	中央湯	北海道	43.174324040871916	140.9984436507638		29.8	mg/l	9.2		197.8	0.7	0.1		75.6	212	53.2	114
627	小樽	松の湯	北海道	43.17961584563233	141.00373228975684		33.2	mg/l	7.2		78.9	0.2	0.1		17.7	74.6	138.5	37.7
628	小樽	若の湯1号	北海道	43.17787986090545	141.0374774854933		50.5	mg/l	8.9		489.6	2.1	0.4		125.7	635.2	227	56.6
629	小樽	若の湯2号	北海道	43.177897738877434	141.0374826106821		51	mg/l	8.2		963.6	102.1	0.2		527	1487	69.6	33.8
630	小樽	銀鱗荘	北海道	43.180595551270486	141.03508437034534		58.5	mg/l	7.4		7186	346	728.1		12493	2067	101.2	77.4
631	小樽	林商店	北海道	43.17730107620188	141.03330429248825		26.8	mg/l	7.5		23	4.7	1.3		14	6.4	54.9	90.8
632	小樽	小町湯	北海道	43.184865887400896	141.01163751147598		39.5	mg/l	8.1		556.8	6.6	2.1		119.7	626.8	507.5	58
633	小樽	三マス	北海道	43.18489401732152	141.01162120660322		62	mg/l	7.3		755.4	30.1	6		186.8	973.3	596.7	60.5
634	小樽	橋本建設1号	北海道	43.211883405195756	141.00884495458234		30.9	mg/l	8		173	7.8	1.7		21.8	91.9	328.5	98.3
635	小樽	橋本建設2号	北海道	43.157405938540236	141.04468553636357		52.4	mg/l	7.9		222	3.9	1.8		38.4	116.6	395.2	47.2
636	小樽	南湯温泉	北海道	43.17989017215536	140.99675716525704		44.8	mg/l	7.8		762.4	13.3	6.5		58.5	1148	543.9	40.5
637	小樽	神佛湯2号	北海道	43.18699185831912	141.00454330258893		59.2	mg/l	7.2		1693	292.2	29.9		2414	937.5	282.6	89.8
638	小樽	滝の湯	北海道	43.1951286813819	141.0008850657511		38.8	mg/l	8.3		804	9.4	4.3		359.8	983.6	302	35.2
639	小樽	富士の湯	北海道	43.20963106953755	140.99640230338738		38.5	mg/l	8.5		417.2	141.8	3.3		42.5	1113	47.7	68.8
640	朝里川	宏楽園	北海道	43.16515484627198	141.04968766036936		12.6	mg/l	7.5		14.2	16.4	5.2		22.2	5.3	71.9	32.6
641	太美	太美温泉ホテル	北海道	43.18823558578231	141.4448946723112		26	mg/l	8.1		682	9.1	11.7		929.6	0	368.4	128.9
642	太美	太美温泉ホテル	北海道	43.18818860273816	141.44491070308695		25.8	mg/l	7.8		390.5	3.3	4.9		491	0	257.2	78.8
643	太美	太美いちご温泉	北海道	43.188237498098005	141.44496532005533		25	mg/l	7.7		509.2	5.4	10.1		673.5	0	293.8	77
644	太美	スタービレッヂ	北海道	43.17179900842504	141.43719644201605		14.5	mg/l	6.9		629.8	51.3	70.4		1055	0	446.2	48
645	石狩	石狩温泉	北海道	43.244890550267684	141.3491959094013		38.8	mg/l	7.6		7293	134.3	273.4		12219	0	649.6	133.9
646	北村	北村泉源1号	北海道	43.2607111043475	141.6982117675761		42.4	mg/l	7.5		9180	1769	317.2		18365	0	132.6	164.5
647	北村	北村泉源2号	北海道	43.26076145295426	141.69816652391168		43.6	mg/l	7.4		9290	1978	232.9		18720	0	104.6	119.5
648	新篠津	しのつ公園温泉	北海道	43.213736028816314	141.6428063171697		30.2	mg/l	7		3523	398	231.6		6853	0	318.2	87.3
649	岩見沢	岩見沢ターミナルビル	北海道	43.20349297153424	141.75984595458507		34.2	mg/l	7.7		4119	153.5	219.6		7223	0	639.4	154.3
650	神恵内	神恵内村2号源泉	北海道	43.14220185234434	140.43100565311502		38.5	mg/l	8.3		562	21.3	4.8		829.7	92.1	85.4	105.2
651	茂岩・盃	潮香荘2号	北海道	43.10801455063421	140.4532355833911		43.9	mg/l	7.8		212	217.2	1.9		88.5	811.1	39	49
652	茂岩・盃	茂岩4号	北海道	43.11491795120927	140.45885673291383		41.2	mg/l	8.7		196.1	302.8	0.7		67.1	1032	52.5	23.1
653	茂岩・盃	茂岩5号	北海道	43.112767781862296	140.453249824471		49.9	mg/l	7.7		303.8	241.5	3.7		158.8	958.8	65.9	53.1
654	神恵内	神恵内村4号	北海道	43.15554410396685	140.45021171587936		60.3	mg/l	6.8		17202	492.3	286		26098	1294	4146	7
655	砥ノ川	仁木町砥の川S44年井	北海道	43.15099931114208	140.7376981015115		15.5	mg/l	6		246	22	1		19	54	671	78
656	堀株	中村御民井	北海道	43.02899932324467	140.53769736121941		26.8	mg/l	7.9		342.8	8.6	13.2		261.3	101.1	462.4	98.1
657	大江鉱山	400ML W7	北海道	43.144254805608625	140.67960366288926		31.3	mg/l	7.5		99.2	261.3	13		21.5	745.2	103.7	29.9
658	稲倉石鉱山	7L	北海道	43.1484993921426	140.6237982422021		32	mg/l	7.7		117.3	102.1	5		9	384.8	153.7	27.8
659	仁木	森内科医院井	北海道	43.153489167185725	140.76618201960335		47	mg/l	7		5167	119.9	49.5		5764	1690	2400	55
660	フゴッペ	余市フゴッペ川温泉	北海道	43.14978196206396	140.8656533840209		30.4	mg/l	8.2		685	13.1	6.4		16.1	962.9	610	41.5
661	フゴッペ	フゴッペ温泉森林村	北海道	43.14767566178108	140.87497833986947		48.5	mg/l	7.5		458	176.9	20.4		15.9	1327	181	59.7
662	赤井川		北海道	43.08949842708672	140.81869384894028		29.2	mg/l	8		83	14.6	4.8		53.8	51.1	147	84.1
663	赤井川	小樽土現歩道融雪実験井	北海道	43.08229759262095	140.819692100304		30.6	mg/l	7.7		38.9	4	1.6		12.5	17.7	85.4	112.4
664	赤井川	赤井川村1号泉源	北海道	43.0742031532845	140.80970948991606		45.9	mg/l	8.1		305.5	17.7	1.6		188.6	202.1	281.8	87.7
665	赤井川	フレベツ具生産井	北海道	43.07399999322699	140.81899998329322		24.7	mg/l	8.1		27	6.4	1.3		10.2	9	77.5	81.4
666	赤井川	赤井川農協	北海道	43.07229659728921	140.80978876942183		41	mg/l	7.9		411	10.8	2.6		204.2	263	496	102
667	赤井川	ヤマハリゾート井	北海道	43.075936479209396	140.9823802972992		67	mg/l	7.4		1233	267.1	6.1		1743	797.7	167	55.1
668	稲穂	稲穂井	北海道	43.12570082555821	141.22000169728884		23.3	mg/l	9.5		1463	21.5	10.8		1917	449.7	77.9	15.2
669	朝里川	朝里川B	北海道	43.14213257804604	141.0411953864955		26.8	mg/l	8.1		359.5	458	3.6		1116	342.3	34.2	17.1
670	朝里川	小樽市ASR87	北海道	43.149537063600945	141.04221709661314		45	mg/l	7.8		8103	275	215.7		13611	0	268	106.6
671	望洋台	三菱地所1号	北海道	43.16298163058474	141.03873256156274		43	mg/l	7.9		692.8	6.8	1.1		267.7	1060	74.1	60.5
672	前田	道央観光	北海道	43.126316904783955	141.2429163152079		30.2	mg/l	7.9		8103	275	215.7		13611	0	268	106.6
673	茨戸	茨戸ハワイランド	北海道	43.16732595520401	141.345262123337		14.7	mg/l	8.3		1170	6.4	20.4		1660	0	515	45
674	花川	新札幌団地5号井	北海道	43.141803872431936	141.3052137139392		24.9	mg/l	7.8		823	10.4	36.9		1200	0	458	75
675	前田	新札幌団地4号井	北海道	43.14080227504408	141.30420651472886		25.1	mg/l	8		309	6.1	6.9		244	0	449	85
676	前田	励明温泉	北海道	43.120480502132224	141.2555973040602		25	mg/l	7.9		272.7	10.9	11.7		272.1	6.2	401.3	113.4
677	新川	丸増健康ランド	北海道	43.1011089931531	141.31191677383347		38.4	mg/l	7.9		80.9	11.5	3.4		69.4	4.4	149.4	111.6
678	研究団地	地下資源調査所2号井	北海道	43.07900436126965	141.33631479664018		36	mg/l	7.7		1162	14.5	23.1		1688.3	0	438	101.8
679	山鼻	屯田湯	北海道	43.04757475707356	141.34657531787244		34	mg/l	7.3		5628	1238	287.9		11867	0	216.9	19.8
680	すすきの	三井すすきの井	北海道	43.048795184468155	141.35728408735056		30.2	mg/l	7.3		6229	529.8	148.1		10909	0	178.4	19.8
681	すすきの	ジャスマック2号	北海道	43.05182049733959	141.35558859747894		28.6	mg/l	7.7		4204	241.8	173.7		7377	0	185.3	21.4
682	苗穂	上山温泉	北海道	43.067756080510776	141.3757845270179		33	mg/l	7.3		7078	422.9	555.1		12699	992.7	251.7	105.9
683	森林公園	森林公園湯	北海道	43.05199278323964	141.48530621774918		41.4	mg/l	8.2		3177	126.2	26.4		4112	0.4	1969	130.9
684	厚別	厚別温泉	北海道	43.03320355850522	141.46431099106914		36	mg/l	8.4		386.2	2.5	0.9		158.1	0	757.6	168.1
685	厚別	セキボウ温泉	北海道	43.03822300878682	141.47169937707082		36	mg/l	8.1		998	35.2	4		991	5	1074	653.6
686	裏参道	FRC裏参道温泉	北海道	43.053298240360185	141.32499430633905		27	mg/l	7.8		217.7	10.7	9.9		166.4	55.6	318.1	85.6
687	北2東4	サッポロファクトリー	北海道	43.0654109773988	141.36320197880536		39.5	mg/l	7.5		5094	394.9	186.1		8900	327.3	255.6	102.2
688	屯田	道央観光ACB屯田	北海道	43.13499655023335	141.33248834595372		34.3	mg/l	7.6		5558	209	340.9		9871	0	373.1	108.7
689	江別	富士屋旅館	北海道	43.11161143506805	141.55776272736864		37.3	mg/l	7.6		1829	37.4	19.5		1832	0	2049	130.8
690	豊幌	豊栄ドライブイン	北海道	43.1359190433531	141.6249069497713		44	mg/l	7.2		9086	718.9	330.3		16220	1.4	574.7	96.4
691	幌向	幌向井	北海道	43.14849961652898	141.65349882041542		44.5	mg/l	7.3		9489	796.5	347.2		17290	0.6	440.8	63.4
692	南幌	南幌町源泉	北海道	43.06910166036081	141.59866993352423		45.4	mg/l	7.4		6267	294.2	91.5		10167	0	907.6	137
693	日吉	夕張市2号泉源	北海道	43.02026126629588	141.98563048186034		46.1	mg/l	7.1		7294	2320	60.8		15560	0	128.1	35.3
694	鹿の谷	夕張市3号泉源	北海道	43.035301594759815	141.96370623641505		18.3	mg/l	7.1		5040	2730	30.4		12480	20	188	22.1
695	栗山	ホテルリオス	北海道	43.05600185373366	141.7985068792423		23	mg/l	7.8		1657	51.2	32.3		2386	0	660	74.2
696	日吉	夕張市1号源泉	北海道	43.02934619082125	142.00393351380333		40.4	mg/l	7.5		5631	1978	24.5		12340	0	42.7	25.8
697	雷電	岩内町雷電1号	北海道	42.91615629083032	140.42135096427262		55.8	mg/l	7.8		86.9	325.2	3		19.1	908.2	33.6	47.3
698	朝日	朝日温泉	北海道	42.916886383022494	140.4248545616843		46.4	mg/l	7.7		92.1	354.5	3		13.5	990.9	32.3	76.5
699	岩内	岩内町3号井	北海道	42.95005271825748	140.51559704825766		60.1	mg/l	7.4		6440	507.8	612.3		11939	1428	362.3	163.1
700	岩内	岩内町2号井	北海道	42.950200302832	140.51551155668523		66.5	mg/l	8		8690	597.3	694		15622	1688	176.9	168.1
701	岩内	岩内町5号井	北海道	42.95007977707128	140.51583036222374		50	mg/l	8.4		314	29.9	15.3		233.5	168.9	486.8	122.3
702	岩内	岩内町6号井	北海道	42.9522907890877	140.50681008811122		59	mg/l	7.3		5450	411.1	556.5		9910	1337	262.3	170.3
703	小沢	共和町小沢泉源	北海道	42.96619911778087	140.68419724579257		74.7	mg/l	8.2		2045	2264	0.3		6863	495.1	41.2	68.7
704	小沢	中村御民井	北海道	42.963698448474375	140.69169511330588		46.3	mg/l	8.4		921	248.7	2.7		1406	543.3	37.8	28.1
705	ワイス	ワイス2号	北海道	42.96003486359898	140.69456978196968		56	mg/l	8.6		1045	336	1.1		1679	607	36	38.1
706	ワイス	ワイス3号	北海道	42.959952103618264	140.6947535884162		44.2	mg/l	8.5		511	43.1	1.4		592.1	328.6	98.8	27
707	盤の沢		北海道	42.92500209699918	140.70170773319592		33.7	mg/l	7.2		401.9	17	23.3		325.8	6.2	719.8	133.1
708	花園	ニセコ山系観光開発公社	北海道	42.9060576237417	140.67186850110932		60	mg/l	8.2		265	49.9	20.9		267	12.6	526	185.6
709	花園	ニセコワイス山荘緑館	北海道	42.90588482820977	140.671903334661		44.1	mg/l	7.3		220.3	35.2	39.2		212.7	138.3	409.8	150.4
710	倶知安(旭)	羊蹄閣1号	北海道	42.897337582717455	140.73480616473412		25	mg/l	6.5		385.3	102.7	76.3		237.3	20.4	1318	77.1
711	倶知安(岩尾別)	羊蹄閣2号	北海道	42.897369465569504	140.7348244642682		60	mg/l	7.7		1802	71.3	83.5		2026	253.9	1793	82.9
712	山田	ニセコ望洋温泉	北海道	42.86567858413733	140.69124052678694		46.5	mg/l	6.6		1764	134.4	289.2		2108	313.6	2803	66.8
713	山田	サンモリッツリフト	北海道	42.85983796983885	140.7004975814044		65	mg/l	8.4		1600	160.4	76.4		1243	1072	1741	113.1
714	山田	パストラル55泉源	北海道	42.85170278522165	140.70370974503734		59.8	mg/l	7.5		612	34.8	23.9		521.6	64	965	83.9
715	ニセコ東山	ニセコ東山温泉1号井	北海道	42.84514371280698	140.67704117987586		53.2	mg/l	7.4		470.1	23.7	10.5		244.6	396.1	524.3	167.2
716	ニセコ東山	ニセコ東山温泉2号井	北海道	42.84515853740639	140.67669081929705		55.2	mg/l	7.2		271.4	62.7	33		112.3	406.5	440.8	197.4
717	ニセコ東山	北電(株)望岳荘泉源	北海道	42.83599975833978	140.6766991650567		46.3	mg/l	7.7		463.1	31.2	13.1		316.6	335.4	487.3	108.3
718	ニセコアンヌプリ	ニセコアンヌプリスキー場	北海道	42.850544649904045	140.64166555438766		41.8	mg/l	7		161.6	31.2	17.1		101.3	129.4	291.6	118.4
719	ニセコ	興和不動産	北海道	42.83530070281592	140.64880249539766		44.2	mg/l	7.1		35.1	21.5	9.6		12.5	30.2	156.9	103.1
720	ニセコ	道興観光	北海道	42.84869954559462	140.63029847596826		55	mg/l	6		62.6	39	16.5		45.8	99.5	238	116.4
721	ニセコ	ニセコ町泉源	北海道	42.84530359874839	140.64131151942627		62.2	mg/l	7.2		360.8	61.7	42.2		249.6	346.3	560	225
722	ニセコ	ニセコアンヌプリホテル	北海道	42.85052172500171	140.64188623954132		51	mg/l	7.4		299.3	56.7	24.5		193.2	242.3	513.8	238.2
723	ニセコ	拓殖林業	北海道	42.835199550733186	140.64399879321533		42	mg/l	8.6		256.2	32.2	26		174.9	192.6	494.1	
724	ニセコ	ムトウニセコ保養所	北海道	42.84256829703527	140.63120698629004		56.5	mg/l	6.3		934.5	39	18.5		1033	246.2	727	168.7
725	ニセコ	山京ニセコ倶楽部井	北海道	42.83870062415194	140.63000179621258		55	mg/l	6.6		637.5	111.7	99.6		931.4	150.3	896	200.1
726	ニセコ	ニセコロイヤルリゾートタウン井	北海道	42.839812982653214	140.6307419196564		47.4	mg/l	7.2		384.5	63.8	29.9		308.7	247.7	563.6	110.8
727	ニセコ	ニセコ温泉1号	北海道	42.84046079159375	140.62236068735595		67	mg/l	7		716	144.5	80		1120	184.6	774.9	275.1
728	湯の里	蘭越ニセコ温泉2号	北海道	42.83984695133111	140.62248542824926		43	mg/l	5.8		510.2	103	30.7		697.6	254.2	496.2	175.5
729	湯の里	鯉川旅館	北海道	42.841915522106426	140.61999496372212		70.4	mg/l	6.5		738	150.4	80.6		1169	157.6	800.3	248.8
730	湯本	蘭越町雪秩父泉源	北海道	42.86698077095007	140.5993706816322		52.2	mg/l	5.8		46.4	38.5	24.8		10.6	13	377.8	161.1
731	旭台	フジヤ産業	北海道	42.85599683542782	140.58518971180123		34.8	mg/l	6.1		42.4	11.1	6.4		32.8	41.1	115.9	132.1
732	旭台	石山物産	北海道	42.84700246969298	140.57500814595159		48	mg/l	8.3		256	28.6	9.5		420.7	33	177.6	163.2
733	旭台	旭台温泉	北海道	42.84869108720591	140.59121282778653		34.4	mg/l	6		94.8	61.4	30.9		178.7	31.7	296.3	181.1
734	日ノ出	後藤不動産	北海道	42.845767298737485	140.60301984060942		34.8	mg/l	5.5		166.4	31.8	6.8		233.7	102.3	161	181.2
735	日ノ出	ドクターズビレッジ井	北海道	42.84530071529223	140.60314367315962		60.5	mg/l	5.4		342.5	38.2	6.6		517.7	211.1	163.5	278.4
736	日ノ出	薬師温泉	北海道	42.83315470107537	140.5939981555597		38.2	mg/l	5.7		519	85.4	22.2		821.5	108.6	367.2	191.1
737	新見	新見温泉1号	北海道	42.88224883470823	140.54810401463993		64.4	mg/l	7.5		100.1	305.7	8		20.3	874.9	46.4	52.5
738	湯本	大湯沼	北海道	42.87035808168485	140.59903765764307		64	mg/l	2.8		11.7	9.7	3.2		13.3	92.2	6.5	89.9
739	五色	五色温泉	北海道	42.87605535347569	140.63746051175414		75.4	mg/l	2.9		565	204.1	372.7		903	2269	56.1	165.1
740	大和	大和温泉泉源	北海道	42.944153871622206	140.84466837345835		35.1	mg/l	7.9		71.5	25.1	4.5		9.4	114.2	143.4	20.7
741	大和	永江温泉	北海道	42.944158161411245	140.84468155916872		34	mg/l	8.1		106.1	37.5	3.5		8.9	217.3	121	18.5
742	川西	京極町川西井	北海道	42.83999790872188	140.88999339049735		41.1	mg/l	7.6		447.6	42.4	1.2		438.3	415.8	49.6	15.9
743	倶知安	ナガワ	北海道	42.88700211548485	140.75580704765792		74.5	mg/l	7.7		4718	1055	33.7		8687	698	133.9	43.2
744	薄別	熊牧場井	北海道	42.94109724283081	141.12764687838964		34.8	mg/l	7.3		104.6	137.2	34.7		35.4	57.7	791.9	30.2
745	豊滝	豊滝温泉井	北海道	42.92979932433399	141.22329756073023		48	mg/l	8.5		365	29.5	18.9		74.5	7.9	1057	224.3
746	薄別	豊平渓温泉熱研	北海道	42.95008858821316	141.15587118833218		51.5	mg/l	7		415.8	158	21.5		429.3	67	1015	70.2
747	豊羽鉱山	450ML但馬樋32号	北海道	42.98245967170413	141.03971618344582		84.1	mg/l	6.6		576	67.6	21.4		940.2	128	311.1	74.2
748	薄別	薄別温泉	北海道	42.94174303828849	141.12833123451432		35	mg/l	6.2		96.3	158.6	38.7		30	65.2	867.4	35.5
749	定山渓	ときわ旅館	北海道	42.96935934040978	141.1653764206396		83.8	mg/l	6.7		950	112.4	13.7		1621	79.4	319.6	114
750	黄金湯	黄金湯温泉	北海道	42.96804484735003	141.2203468372512		30.3	mg/l	8.5		200.6	6.3	1.7		160.4	1	298.9	59.6
751	常盤湯の沢	常盤湯ノ沢	北海道	42.9074271684613	141.307441170004		26.9	mg/l	2.7		8.8	8.2	17		9	860		120
752	豊羽	N61-TH-6	北海道	42.98436749411889	141.06462362962188			mg/l	7.8		2460	250	11.7		4460	46.6	82.6	121
753	豊羽	N59-TH-2	北海道	42.97560390419252	141.07617266346153			mg/l			28000	1450	15.9		55900	115	56.5	25.4
754	藻南	ホテル藻南	北海道	28.10481773431878	92.41436627345084		17.1	mg/l	8.2		7540	119.8	94.3		11870	16.3	642.8	73.3
755	里塚	里塚温泉	北海道	42.972990644623664	141.4621347904927		51.8	mg/l	8.4		2347	246.3	1.1		3741	435.7	51.4	59
756	大曲	スリーライト泉源	北海道	42.97369923337384	141.47369741359444		41	mg/l	9		90.1	0.6	0.4		41.8	7.7	105	135.8
757	常盤湯ノ沢		北海道	42.91080302832821	141.3190093027695		24.5	mg/l	7.7		1801	8.9	8.2		832.1	1	3404	19.2
758	常盤湯ノ沢	常盤温泉1号	北海道	42.90750217158267	141.32550693983188		30.7	mg/l	7.8		3050	11.1	8.2		2766	29.8	3429	10.4
759	常盤湯ノ沢		北海道	42.90854488006577	141.30448673734767		32	mg/l	7.5		1784	10.6	6.8		818.3	5.3	3431	27.9
760	藤野	ふじの公園井	北海道	42.95983239869571	141.2824750195063		14.5	mg/l	8.3		663	14.6	2.7		701.4	8.3	686.5	35.4
761	輪厚	輪厚温泉	北海道	42.94799908960765	141.4876978204676		40	mg/l	9.1		91	1.6	0.2		16.7	13.4	124.7	149.4
762	竹山	竹山温泉2号	北海道	42.95188373505224	141.53223771879632		31.6	mg/l	9		97.2	1.6	0.7		18.8	2.6	188.6	73.1
763	恵庭	恵庭ヘルスセンター	北海道	42.86687499754414	141.5864409176832		38.5	mg/l	7.9		3487	539.8	7.3		6280	0	335.6	92.5
764	恵庭	キリマンジャロ1号井	北海道	42.87495808470844	141.60569428489444		39.4	mg/l	8.2		1307	174.7	3.9		2068	0	486.5	118.7
765	恵庭	キリマンジャロ2号井	北海道	42.87511529304885	141.605698972916		46.2	mg/l	7.7		5222	830.6	9.1		9573	0	34	84.7
766	長沼	長沼町泉源	北海道	43.003055068593085	141.72370286161518		51	mg/l	7.7		6085	559.2	35.8		10383	0	91.8	66.9
767	根志越	根志越井	北海道	42.846341903482795	141.68210474714542		29	mg/l	8.7		2019	279.6	8.1		3585	0	183.1	33.3
768	松原(泉郷)	松原温泉1号	北海道	42.913130960713914	141.72265232691834		25.4	mg/l	8.3		408	3.8	7.7		101.2	11.3	992.8	77.1
769	松原(泉郷)	松原温泉2号	北海道	42.911013662995316	141.72622486037875		27.5	mg/l	7.8		4262	211.9	103.8		7124	6	397.8	74.6
770	由仁	由仁町泉源	北海道	42.998122608649844	141.77651380803604		20.7	mg/l	8.3		647.9	5.2	4.7		222.9	18.4	1323	89.1
771	栄浜	モツタ海岸温泉	北海道	42.672684919186516	139.8884686261224		46.8	mg/l	6.7		1478	295.8	140.8		2746	442.7	585.6	51.4
772	永豊	高田泉源	北海道	42.70248905429085	140.0704096303433		41.7	mg/l	8.7		1172	168.8	0.7		1182	1213	48.8	31.7
773	宮内	宮内温泉3号井	北海道	42.674822676018316	140.08520529597894		48.4	mg/l	7.3		305.5	32.1	7.8		36.4	225.9	625.3	37.4
774	宮内	宮内温泉4号井	北海道	42.67483993164677	140.08527167048274		53.5	mg/l	7.5		335	18.4	7.8		69.4	85.2	783.2	53.6
775	江ノ島	島牧村泉源	北海道	42.68781668340443	140.01504523325303		58	mg/l	7.3		2438	107.6	60.7		2491	392.6	2647	62.7
776	江ノ島	島牧村千走河口泉源2号	北海道	42.68787424545343	140.01501910313908		68.2	mg/l	7.2		2217	34.1	18.4		1502	565.3	2928	49.4
777	湯別	湯別温泉2号	北海道	42.753472621027086	140.27546602821099		33.5	mg/l	9.1		643	896.5	2.4		2626	0	22.6	24.6
778	湯別	農林漁家高齢者センター	北海道	42.74993261883669	140.28254891798693		35.8	mg/l	8.8		698.4	933	2.5		2723	6.4	15.9	25.5
779	湯別	寿都町泉源	北海道	42.75349606520528	140.27529619803494		48.4	mg/l	7.6		3616	2953	102.1		10382	1139	33.5	39.6
780	薬師		北海道	42.83301938253134	140.59404455968738		36.8	mg/l	6.7		608	122.6	30.7		1061	102.5	346.5	148.8
781	日の出	宮脇井(石山物産)	北海道	42.825297795490194	140.5912932158582		54	mg/l	8		1357	148.3	102.3		2371	27	684	250.9
782	湯の里	百寿温泉	北海道	42.831911675891966	140.62124942893672		44	mg/l	6.6		491.4	161	118.4		893.4	114.9	825.4	190.3
783	湯の里	熊谷組	北海道	42.81770073678246	140.6083027749031		52.5	mg/l	8.1		2729	222.5	90.9		4672	237.8	707.8	268.8
784	湯の里	ハイグレードヴィラ1号	北海道	42.817018483038936	140.6091462686214		48.5	mg/l	8.3		1636	180.9	107.1		2698	171.6	903.1	259.2
785	湯の里	ハイグレードヴィラ2号	北海道	42.81705204142753	140.6091664241287		35.8	mg/l	7.3		176.1	27.9	22.2		165	35.4	370.9	103.4
786	湯の里	ハイグレードヴィラ3号	北海道	42.8170193018787	140.60919205704096		66.3	mg/l	6.8		1672	140.1	61.6		2092	512.7	988.2	116.2
787	昆布川	幽泉閣3号井	北海道	42.797996836067284	140.5981070205047		47.5	mg/l	8		545	4.4	1.7		543.2	91.3	415.4	93.8
788	昆布川	昆布川温泉病院2号井	北海道	42.8011293670946	140.60339915585587		49.7	mg/l	8.5		354.5	2	1.1		191.5	87.6	549	106.3
789	藤山	飯興	北海道	42.80800247490333	140.63600931618168		54	mg/l	8.6		1740	33	25.3		1289	1380	1030	122.5
790	藤山	吉田宅建	北海道	42.806299298217276	140.63529830015204		48	mg/l	6.8		993	39.8	33		558.4	1030	777.8	80.9
791	曽我	高橋水産	北海道	42.82969903460126	140.66099681209047		58.3	mg/l	8.3		830	25.4	13.8		1099	177.2	499	172.1
792	曽我		北海道	42.811997930056975	140.6836921415616		35.6	mg/l	7.5		1462	221.5	87.6		2632	61.3	937	173
793	曽我	町営芙蓉荘	北海道	42.810027797850864	140.6844569642216		33.4	mg/l	6.7		1128	226.6	154.1		2089	89.9	888.2	104.1
794	羊蹄	ヴィラカムイ	北海道	42.820202021399474	140.74470727999028		31.2	mg/l	8.5		256	17.9	12.5		214.8	72	445.4	79.3
795	羊蹄	大三開発	北海道	42.81029876968166	140.7486962333696		35.2	mg/l	8.6		155	4.3	1.1		39.1	18	404.9	52
796	川上	川上温泉(22年井)	北海道	42.83076696305974	140.893329774683		31.5	mg/l	7.5		66.9	28.4	3.6		99.4	53.9	60.9	89.7
797	更新	邦和京極温泉	北海道	42.81069767619154	140.9392929001829		32.6	mg/l	9.2		33.6	2.3	0.9		8.9	18.5	108.6	13.9
798	真狩	真狩村泉源	北海道	42.765582388149106	140.77774434010493		54.4	mg/l	7.8		1182	20.6	4.5		744.8	1008	827.2	30.4
799	留寿都	加森観光5号	北海道	42.749296270696725	140.9056878378444		44.5	mg/l	6.4		822.7	241.2	105.1		1282	0	1375	77.6
800	登川	寿楽荘	北海道	42.75872741484906	140.93046549545218		29.5	mg/l	6.1		173.8	71.5	32.7		307.5	3.7	341.6	119.9
801	千歳鉱山	300ML.W11.5	北海道	42.71249868598885	141.21079571999582		38.2	mg/l	8.7		110.8	191.9	1.2		22.7	622.8	20.1	30.2
802	支笏湖畔	旅館組合共同井	北海道	42.77617332701307	141.4044161523245		39	mg/l	8.6		508.3	17.2	3.9		63.8	38	1306	29.6
803	丸駒	支笏丸駒温泉	北海道	42.77976511243309	141.31005393820388		49.5	mg/l	6.9		260.4	90.8	21.1		296.6	240.7	295.2	172.3
804	オコタン	支笏グランドホテル	北海道	42.77094599226183	141.2704159551716		42.4	mg/l	7		288	100	28.2		350.5	260.9	356.2	159.9
805	千歳蘭越	京信産業	北海道	42.81143819556639	141.59191780527473		30.8	mg/l	8.7		76.1	0.9	0.9		7.6	0	208.6	91.1
806	ウトナイ	ウトナイ観光ホテル	北海道	42.700843355560785	141.6949758851375		31.6	mg/l	8.1		357.5	14.7	3.9		198.6	5.1	680.9	79
807	駒里	最上牧場	北海道	42.7928871536008	141.73243698692303		40.2	mg/l	7.6		5906	106.1	223		9593	0.4	1027	88.3
808	早来	早来町泉源	北海道	42.75980384190182	141.78547801950504		36.4	mg/l	7.7		7325	378.2	245		12750	0	414.3	106.9
809	泊可鹿	泊可鹿湯	北海道	42.629792505989094	140.10803740494296		67.5	mg/l	6.5		619	287.5	39.6		1075	233.7	744.7	88.3
810	二股	二股温泉	北海道	42.57712083844355	140.23929257416654		42.1	mg/l	6.5		2579	684.5	146.3		4918	113.2	1495	39.5
811	千走	千走温泉2号	北海道	42.64491561666415	140.04216267262694		41.4	mg/l	6.4		1000	209	81.4		745	311.8	2214	35.4
812	泊黄金	黄金湯	北海道	42.58969759108773	140.13729125033092		50.3	mg/l	6.5		441.5	489.3	80.9		1129	578.7	739.3	49
813	豊幌		北海道	42.639296814305816	140.35168935604375		26.2	mg/l	8.1		544.2	20	7.8		817.5	17.2	145.5	76.6
814	静狩	静狩金山興業	北海道	42.59369837354886	140.46799436062977		45.7	mg/l	8.4		72.2	36.6	0.4		69.8	131.6	32.9	36.6
815	長万部	OR-6	北海道	42.51099911288476	140.37569806741936		53.2	mg/l	7.6		9624	1273	60.3		17669	0	66.5	129.6
816	長万部	OR-7	北海道	42.51369731731596	140.3782909650155		50	mg/l	7.8		5224	84.8	47.2		8201	38.9	549.2	133.3
817	長万部	OR-10	北海道	42.51029871136874	140.37329555581547		49.5	mg/l	7.3		9241	657.4	147.5		16008	0	413.7	137.9
818	長万部	OOR-1	北海道	42.5164644658169	140.3747375427608		43.5	mg/l	8.2		4021	141.8	35.9		6344	0	592	399.9
819	黒松内	黒松内町泉源	北海道	42.657098160533295	140.3103982148285		39.9	mg/l	8.8		723.3	16.1	9.8		1081	13	133.9	112.3
820	美利河	美利河温泉	北海道	42.539390069830084	140.25147502871675		38.4	mg/l	7.6		9.7	49.3	8		12.3	53.4	135.4	15.9
821	礼文華	豊浦町礼文華泉源	北海道	42.6057033546085	140.58371109174428		38.8	mg/l	7.9		137.5	141.9	2.1		58.6	518.6	32.9	29.4
822	礼文華		北海道	42.6080011307646	140.57970393472192		24.6	mg/l	7.9		54.4	40.2	11.5		28.1	180.2	45.1	22.4
823	豊浦	豊浦町2号井	北海道	42.58438197738849	140.70470039363195		53	mg/l	7.3		257.6	327.6	3.5		35.5	1186	109.4	40
824	洞爺	洞爺村1号泉源	北海道	42.63824405431122	140.8220188191144		42	mg/l	8		339.4	41	3.4		129.1	502.9	180.6	29.4
825	洞爺	洞爺村2号泉源	北海道	42.647298362806644	140.83479530766672		67.5	mg/l	7.9		203.8	273.3	0.2		164.5	844.8	16.8	65.5
826	洞爺	東日本観光開発井	北海道	42.64871593521716	140.86791356213178		45	mg/l	8.1		459.1	474	0.5		648.5	1210	18.4	37.2
827	洞爺	御三家信長湯大西1号井	北海道	42.65980076434718	140.89700133458533		55	mg/l	7.4		730.7	352.9	8.2		273.6	1943	121.4	44.6
828	弁景	SB-1(52-SB-1)	北海道	42.56055323078136	140.98861086020455		44.7	mg/l	8.1		268.8	51.8	1.2		251.7	304.7	50	35.4
829	弁景	町54年井(54-SB-1)	北海道	42.56001245257484	140.9866631640123		69.9	mg/l	7.6		238.2	53.6	1.5		221.2	283.9	68.3	60.2
830	壮瞥	滝之町泉源	北海道	42.546802590516435	140.89670952212438		70	mg/l	6.6		735	104.5	40.5		489.2	335.7	1257	158.8
831	壮瞥	壮瞥町昭和新山1号井	北海道	42.54680062700947	140.86870200875566		58	mg/l	7.7		4270	338.2	185.4		5727	905.8	2794	117.3
832	壮瞥	利用管理共同組合新6号	北海道	42.55230286593197	140.85430986633318		61.4	mg/l	6.7		955	132	60.4		797.7	906.7	884.5	177.3
833	壮瞥	利用共同組合1号	北海道	42.55866528899475	140.84152556014527		43.6	mg/l	6.4		980	243.7	26.2		1383	653.5	420.9	122.4
834	壮瞥	利用共同組合2号	北海道	42.55865064993101	140.84176867042527		40.1	mg/l	7		570	143.4	45.7		849.8	427.2	251.3	94.7
835	洞爺湖	共同3号	北海道	42.56145737250163	140.82936535595263		60.2	mg/l	6.6		724.1	190.2	39.4		672.3	645.1	812.9	153.3
836	洞爺湖	温泉利用共同組合新8号	北海道	42.559970250798635	140.82797425461882		47.8	mg/l	6.4		233.5	125.8	53.1		132.7	175.9	854	114.4
837	洞爺湖	温泉利用共同組合9号	北海道	42.56065108058012	140.82928471712913		55.4	mg/l	7.5		571	115.2	19.6		665.7	536.2	195.2	114.5
838	有珠	北有珠温泉1号	北海道	42.53420349568917	140.80601229270053		27	mg/l	8.2		314	93.1	18.1		253.1	575.4	144	74.6
839	有珠	観照園泉源	北海道	42.525247590502	140.78211157904695		45.5	mg/l	7.7		1758	205	8.5		2652	542.2	201.3	93.3
840	仲洞爺	壮瞥町仲洞爺泉源	北海道	42.615879037717654	140.91690045830418		45.7	mg/l	8.7		125.9	671.5	2.8		23.4	1755	4.6	31.1
841	胆振	N56-IB-1	北海道	42.61302284110013	141.05715058914654		87.6	mg/l	8.3		298	24.7	1.2		164	223	319.6	37
842	蟠渓	蟠渓温泉組合2号	北海道	42.59078904207179	141.02726122226397		86.2	mg/l	7.1		256.4	145.9	2.3		283.1	445.8	83	73.2
843	蟠渓	蟠渓2	北海道	42.5908439268391	141.02733164345338		87	mg/l	7.3		268.9	76.5	0.5		273.3	329.4	62.8	107.2
844	北湯沢	大滝村1号泉源	北海道	42.620025238510756	141.02347961002263		91.9	mg/l	8.3		221.8	23.5	0.3		167.1	235.4	74.4	94
845	カルルス	日野(新)2号井	北海道	42.51882802253916	141.10721603747007		68.3	mg/l	7.1		108	183.4	3.9		54.6	570	97.6	72.6
846	北湯沢	横山温泉A	北海道	42.61576885139339	141.02285612499333		86.6	mg/l	8.1		220.6	24.1	0.3		172.1	242	71.4	93.6
847	蟠渓	共同泉源	北海道	42.58817961699898	141.02596713194876		65.3	mg/l	7.5		213	54.4	5.1		206.9	270	54.9	83.2
848	カルルス	N63-NB-3	北海道	42.52721919366602	141.11476013605744		80	mg/l	8.1		255	40.4	5.7		144	343	351	63
849	弁景	林	北海道	42.561966899619705	140.98515352819481		62.5	mg/l	7.7		216	47.7	0.8		192.9	250.7	70.8	50
850	錦岡	福龍温泉	北海道	42.632202815426616	141.4995097955816		40.7	mg/l	7.2		9508	600.2	525		17192	492.7	506.1	172
851	錦岡	ジョイランド樽前	北海道	42.6137750239246	141.47841170443135		36	mg/l	7.6		4700	203.1	162.9		7631	98.6	995.5	87.7
852	樽前	ランチョ牧場	北海道	42.58179938343812	141.42929793661384		41.1	mg/l	7.1		10544	975.7	353.8		18921	729	307.2	192
853	森野	北炭観光開発	北海道	42.65670012747329	141.25869976451068		33.1	mg/l	8.7		145.2	26.4	0.8		152.3	138	43.9	156.8
854	森野	北炭観光開発	北海道	42.6189989049113	141.2697962940732		36.2	mg/l	7.3		2162	16.4	31.9		1845	941.3	2373	39.3
855	白老		北海道	42.57949863434243	141.31929517106383		55.4	mg/l	9		172	3.5	0.2		114	30.5	209.5	182.5
856	社台	ニチメン2号	北海道	42.57550397499534	141.3602126402091		53	mg/l	8.3		428	12.5	2.9		324.1	20.1	768.9	169.2
857	社台	ニチメン1号	北海道	42.574302263227366	141.36700764908957		47.4	mg/l	8.2		410	6.1	0		239.6	13.9	789	183
858	社台	ヴィラ太平洋団地	北海道	42.56270208078776	141.3880198207344		42.8	mg/l	8		500	8.3	2.6		301	8.9	982.4	172.1
859	白老	ポロト観光1号	北海道	42.567203113656795	141.36431037827225		36.2	mg/l	8.4		280	5.1	1.5		124.1	35.5	566.1	176.8
860	白老	ポロト観光2号	北海道	42.55769781266808	141.3654929879749		49.3	mg/l	8.7		166.6	2.4	0.2		50.6	1.8	347.6	200.3
861	白老	日本企業観光	北海道	42.55649889085753	141.37219612833917		44.8	mg/l	8.7		297	6.9	1.6		329.8	2.4	332.6	172.6
862	白老	白老エメラルド温泉管理組合	北海道	42.555124435847894	141.3738500281774		56.8	mg/l	8.4		421	3.6	0.1		402.9	5.6	488.2	206.5
863	石山	ホクタイ	北海道	42.5382009423526	141.33120307984115		52	mg/l	8		220.5	5.9	0.6		215.1	16	477.9	189
864	石山		北海道	42.54400229532147	141.33130780385574		55	mg/l	8.3		196	5.1	0		152.7	47.5	319.3	200.5
865	石山	青葉団地	北海道	42.53949681076565	141.32848931892588		49.3	mg/l	8.1		222.4	4.1	1.4		172.1	17.9	345.3	167.9
866	石山	山九運輸	北海道	42.539297189870936	141.32269078172675		52.4	mg/l	8.6		170	3.1	0.5		94.1	7	321	214
867	石山	山九運輸	北海道	42.546697533305185	141.3127916469425		53.2	mg/l	8.3		172	2.3	0.2		110.8	42.3	273.7	177.5
868	石山		北海道	42.52250002397555	141.3187000971445		56	mg/l	8.2		895	94.2	2.1		1420	9.2	292.3	198.1
869	石山	ライラック団地	北海道	42.53100376595135	141.31171226135385		49.7	mg/l	8.2		526	59.6	1.9		793.8	7	256.3	154.4
870	石山	岩倉組1号井	北海道	42.54242642966112	141.30801338675911		50.8	mg/l	8.4		276.5	12.3	1.3		281.9	5.7	259.8	182.8
871	萩野	慶北商事	北海道	42.51921460614487	141.30878324052108		46.6	mg/l	8.3		496	30	3.8		596.4	12.1	391.8	170.5
872	石山	岩倉組2号井	北海道	42.5340654110197	141.3081216486789		58.7	mg/l	7.7		2132	269.4	3.4		3836	0	108.6	188.4
873	石山	鈴蘭団地温泉管理組合	北海道	42.53149968799537	141.30499970294008		52.5	mg/l	8.1		968	143.9	1.7		1769	31.7	45.5	224.1
874	石山	旭化成工業	北海道	42.53873379258753	141.2990195197868		59.6	mg/l	8.6		700	45.1	2.1		1019	4.2	266	215.3
875	石山	片倉物産	北海道	42.55080055892414	141.3005020266528		59.5	mg/l	8.5		598	23	4.8		879.9	3	229.4	164
876	北吉原・萩野	緑泉郷4号	北海道	42.522802513126855	141.30050828462134		54.5	mg/l	8.9		216.5	3	0.4		90.5	3.5	470	175.8
877	北吉原・萩野	緑泉郷2号	北海道	42.52538071021925	141.2979751442219		60	mg/l	8.8		286	15.2	0		287.6	3.9	347	199.9
878	北吉原・萩野	緑泉郷3号	北海道	42.5214998803931	141.29519879364346		56	mg/l	8.5		220	1.9	1.5		52.5	4.1	594.3	151
879	北吉原・萩野	緑泉郷1号	北海道	42.52431633911455	141.29187984031827		60.5	mg/l	8.4		1134	5.8	1.9		1643	43	262.3	209.3
880	北吉原・萩野	クラウン	北海道	42.53188361398515	141.29142394412415		57	mg/l	8.5		338.2	26.7	1.2		465.1	16.1	198.9	179.6
881	北吉原・萩野	ホクレン農業協同組合	北海道	42.53900124986417	141.2878043345574		57	mg/l	8.7		142	3.8	0.2		78.8	3.5	255.8	202
882	北吉原・萩野	緑泉郷5号	北海道	42.527900816669074	141.28861410204053		56.7	mg/l	8.5		448	22.7	3.1		652.8	3.3	197.6	178.9
883	石山		北海道	42.54969840165024	141.28269462677147		52	mg/l	7		622	17.3	0		756	85.3	396	250
884	北吉原・萩野	共栄興産	北海道	42.5338007513733	141.28100253583108		53.8	mg/l	8.7		158.8	3.3	0		133.7	10.7	138.9	203
885	北吉原・萩野	太平洋団地	北海道	42.5367818233834	141.27749503572238		53	mg/l	8.3		285	12	2.1		383.3	4	173.3	196.8
886	北吉原・萩野	ゆうかり団地	北海道	42.527699812596964	141.2796995920917		54	mg/l	8.8		128	2.5	0		60.4	20.6	269.3	179.1
887	北吉原・萩野	白老バーデン	北海道	42.53100353875621	141.27781233378647		55	mg/l	8.8		104	2.4	0.4		39.1	25.3	217.2	174.3
888	北吉原・萩野		北海道	42.52999856327028	141.2706953083856		50.6	mg/l	8.4		654	16	16.4		1038	8.9	163.5	141.6
889	北吉原・萩野		北海道	42.527201917542826	141.28020642179789		53.6	mg/l	8.1		1742	49.2	27.7		2797	4.8	187.9	147.9
890	北吉原・萩野	柏洋団地温泉管理組合	北海道	42.513171408249896	141.27435510500243		47.5	mg/l	8.4		353.2	4.6	0.2		364.3	1.3	334.4	189.9
891	北吉原・萩野	柏洋団地温泉管理組合	北海道	42.51309823409427	141.27431859231558		55.2	mg/l	8.4		398	3.5	2.6		446.6	3.3	359.5	184.1
892	樽前	樽前ハイランド2号井	北海道	42.60430107461505	141.43030466092722		34.5	mg/l	8.2		637.6	15.4	8.7		850.9	5.3	319.8	82.8
893	森野	近藤工業	北海道	42.62220075922255	141.27730359919485		34.5	mg/l	7.7		439.2	41.8	9.8		699	0	206.2	103.2
894	苫小牧	海洋温泉	北海道	42.621999128830076	141.56299793832153		35	mg/l	7.1		7658	268.4	343.3		13025	55.4	818.3	104.3
895	鵡川	鵡川町泉源	北海道	42.57440981628527	141.92487246675725		32.7	mg/l	7.6		7399	580.4	307.2		13148	196.3	467	90.2
896	瀬棚	瀬棚観光ホテル	北海道	42.45730179863628	139.85670631281923		25.5	mg/l	8.8		578	4.4	4		496.4	73.9	646.6	30.9
897	寧土井	ネトイ荘泉源	北海道	42.42999856647835	139.94269466077498		25.6	mg/l	8.3		1243	47.9	37.1		1813	377.6	129.3	89
898	北檜山	北檜山町1号泉源	北海道	42.415616919854585	139.88105343284548		79.7	mg/l	7.1		2600	93.6	7.7		2655	1656	684.4	55.8
899	北檜山	北檜山町3号泉源	北海道	42.41558668084873	139.88123659286708		71.2	mg/l	7.4		3246	97.1	12.2		3261	1659	1151	74
900	瀬棚	瀬棚町4号泉源	北海道	42.43299996645888	139.85250049473404		38.4	mg/l	8.1		853.9	6.6	6.7		967.1	200.8	429.9	46.5
901	ピリカ	美利河(1PHS-1)	北海道	42.46830197542275	140.2210060843926		40.1	mg/l	8.2		2108	912.6	24.6		4254	983.8	51.7	25
902	種川	種川温泉	北海道	42.419774983599346	140.06778097593167		31.8	mg/l	7.9		2725	345	88.8		4519	717.8	84.2	61
903	田代	田代温泉2号	北海道	42.41629769652802	140.0199915434999		19.5	mg/l	8.4		20.1	15.8	4		14.4	4.5	100	30.5
904	今金	今金町5号井	北海道	42.42429679111814	140.01887425708807		45.1	mg/l	7.4		14640	2817	309.6		27630	1421	66.9	15.6
905	長万部	長万部町有GR-2	北海道	42.49330079693527	140.35170185855284		39.4	mg/l	7.7		7320	140.3	186.7		12055	0	1159	94.1
906	長万部	長万部町有GR-4	北海道	42.488495313890944	140.34998415990387		54	mg/l	8		4603	142.6	77.3		7205	0	1307	105.4
907	長万部	大浜R-1号	北海道	42.49731070678592	140.3659464005892		36.7	mg/l	7.7		8190	175.7	105.2		12968	0	775.9	112.3
908	伊達	伊達温泉	北海道	42.485282971603276	140.85082384648717		46.4	mg/l	7.9		4106	855.9	10.3		7529	494.6	69.5	60.2
909	弄月	伊達市弄月泉源	北海道	42.46351622449915	140.8927794743404		47.2	mg/l	7.7		2050	382.3	11		3444	627	30.5	63.2
910	北黄金	室光泉源	北海道	42.41270077713587	140.9193014410537		39.5	mg/l	6.7		1645	357.3	27.3		2737.1	742.3	48.2	117.3
911	南黄金		北海道	42.396997749331355	140.93629355192982		41	mg/l	8.5		295	14.5	2.3		242.2	307	26.8	128.9
912	白鳥台	室蘭市泉源	北海道	42.38099753119345	140.9506909147769		41.5	mg/l	8.2		582.5	41.8	3.4		667.4	378.9	76.9	108.3
913	白鳥台	千代の湯泉源	北海道	42.37662135056021	140.93613027259124		43	mg/l	6.8		5025	5095	27.3		16596	414	26.6	50.3
914	伊達	伊達市泉源	北海道	42.47629551136491	140.8977848452434		56.6	mg/l	7.3		1512	250.5	8.6		2295	534.4	221.5	81.5
915	虎杖浜	白老町長	北海道	42.459300400331784	141.20030120753356		48	mg/l	8.7		3405	265.4	49.4		4597	1765	217.2	147.7
916	虎杖浜	東北興業	北海道	42.46329758444189	141.2044921558023		48.3	mg/l	8.3		451.6	11.4	1.6		537.1	97.7	209.4	118.1
917	虎杖浜	マルゲン観光	北海道	42.455696874984305	141.20529037793793		49	mg/l	8.4		1201	27.2	4		1243	729.4	257.4	97.5
918	虎杖浜		北海道	42.45720186744734	141.2105058477598		52	mg/l	8.3		724.5	6.7	0.4		772.7	239.4	303.9	156.9
919	虎杖浜	虎杖浜臨海温泉郷旅館業組合井	北海道	42.45541729349646	141.20730258997287		47.5	mg/l	8.2		824	8.4	2		868	315.7	390	102.7
920	虎杖浜	虎杖浜温泉ホテル	北海道	42.46102251295987	141.20958015252413		51.7	mg/l	8.4		826	8.9	1.6		901.2	327.9	347.7	118.1
921	虎杖浜	鉄北団地温泉保護利用組合	北海道	42.46589680631874	141.21869617501		49	mg/l	8.5		451	4.7	1.1		573.6	66.3	200.1	104.3
922	虎杖浜	花の湯温泉	北海道	42.464457384929815	141.21996587345333		48.1	mg/l	8.2		453.6	6.5	0.3		551.4	74.1	207.6	147.2
923	虎杖浜	北海道開拓農業協同組合	北海道	42.470803707722055	141.2229524611782		47	mg/l	8.4		338.8	4.3	0.3		404.5	39.6	143.4	153.9
924	竹浦	柏透温泉組合	北海道	42.4734026716975	141.2327803862011		48	mg/l	8.4		329.5	4	1.7		390.3	40.9	186.7	127.2
925	竹浦	竹浦ことぶき温泉保護利用組合	北海道	42.47569898504062	141.2361964616377		46	mg/l	8.7		252	5.6	0.5		287.4	33.5	173.9	122.5
926	竹浦		北海道	42.47949813376811	141.24349340268168		52	mg/l	8.4		432	8.4	0		582.2	34.2	176.3	113.1
927	竹浦		北海道	42.4790822428774	141.2439993733477		47.5	mg/l	8.9		213.1	0.2	0		176.8	20	141.6	173.4
928	竹浦	竹浦温泉利用管理組合	北海道	42.491303589139065	141.26021271916164		58.6	mg/l	8.4		621	24.7	2		885.6	52.3	252.4	203.1
929	竹浦	竹浦中央温泉管理組合	北海道	42.49730111103083	141.26480403230207		58.9	mg/l	8.7		51.5	3.9	0.5		6.6	10	141.5	76.6
930	室蘭	山口温泉	北海道	42.377497591921156	141.01049217632513		26.2	mg/l	8.9		20.5	1.7	0		16.3	19.4	12.2	98.1
931	室蘭	富士の湯	北海道	42.35075779010261	141.01400763240576		28.5	mg/l	9.4		173.4	5.5	1.4		125.9	112	34.2	140.3
932	幌別	松の湯	北海道	42.41280141042455	141.10950443599486		19	mg/l	7.7		92.4	24.4	9.5		68	434	78.1	42.5
933	浜登別	和光園2号井	北海道	42.44680043464023	141.1767010766398		42.6	mg/l	7.5		460	250.9	71.5		168.8	1427	247.7	45.7
934	浜登別	フンベ山温泉	北海道	42.450379234757776	141.18086464581637		42.2	mg/l	6.9		598.8	381.8	48		231.2	1871	279.6	89.4
935	登別	第一滝本20号	北海道	42.49506282433663	141.14631370516238		89	mg/l	7.7		1250	422.3	14.8		2668	88.9	192.2	270.3
936	浜登別	住石3号	北海道	42.45429885070806	141.18549537289334		49.9	mg/l	7.4		506.2	49	53.2		149.1	720.9	634.4	145.5
937	浜登別	マリンパーク1号	北海道	42.45220303727769	141.1852105748388		36.8	mg/l	7.2		354.5	60.8	22		304.6	318.5	427.1	115.2
938	川股沢	川股温泉	北海道	42.456157848011124	140.99926086947417		33.3	mg/l	8.9		74.1	376.4	0.6		12.3	994.4	26.8	30.2
939	登別	登別温泉24号	北海道	42.49514565579799	141.14402860697345		98.4	mg/l	2.2		461.5	57.8	42.7		825.1	890.3	580.6	346.5
940	はまの湯	はまの湯	北海道	42.46393120063665	141.18053242465513		49.8	mg/l	7		415	86.4	11.8		163.1	503.2	573.7	184
941	大湯沼	大湯沼	北海道	42.50215951574613	141.14697014737018		95.2	mg/l	1.1		22	24	8.8		5.8	1364	0.1	287
942	中登別	ユートピア温泉	北海道	42.468946783595726	141.16018046606425		53	mg/l	7.2		460.5	98.5	18.7		21.8	853.1	459	83.3
943	幌内	幌内温泉2号井	北海道	42.192999899456	139.43330018881508		56	mg/l	5.8		903	230.3	29.1		1712	186.6	316	101.2
944	神威脇	神威脇1号井(奥尻町泉源)	北海道	42.17159339580402	139.4105415232206		64	mg/l	6.6		2995	640.9	126.5		5393	548.9	908.4	119.2
945	貝取澗	貝取澗1号井	北海道	42.194179415970574	139.92833204054048		56.5	mg/l	6.5		671	161.4	44.6		862.2	143.6	917.4	67.5
946	貝取澗	貝取澗5号井	北海道	42.19427814039839	139.92840335892694		82.7	mg/l	7.6		311.7	6.1	1.2		145.8	168.2	398.7	70.5
947	臼別	臼別温泉A	北海道	42.22984743764107	139.91869901436206		56.7	mg/l	6.9		865	243.1	16.1		1338	537.2	268.4	100.6
948	鉛川	鉛川1号井	北海道	42.186942993919835	140.12292516312527		56.7	mg/l	6.7		989	264.8	63.3		1213	349.7	1336	44.3
949	鉛川	八雲旧坑	北海道	42.172781243488	140.13186916947535		23	mg/l	6.1		260	224	23.8		388	580	108	17.6
950	鉛川	N62-YK-4	北海道	42.18276463726426	140.12904331911633		91	mg/l	6.4		22000	1100	144		39000	51.9	387	184
951	鉛川	N62-YK-5	北海道	42.18511355821541	140.1025508570106		70	mg/l	6		6840	341	26.6		12000	234	275	242
952	鉛川	N63-YK-6	北海道	42.191971594366535	140.11999331899494		69	mg/l	6.5		6640	158	48.9		10500	297	1430	102
953	鉛川	N63-YK-7	北海道	42.18249503486095	140.1400432638477		62	mg/l	6.3		12100	613	94.2		20800	219	581	142
954	八雲	八雲町泉源	北海道	42.256000180045675	140.26899974236576		52.9	mg/l	7.3		6720	992	133.8		11399	1478.5	110.5	37.7
955	浜松	浜松温泉	北海道	42.2355190036644	140.31035644765686		28.3	mg/l	8.3		2113	93.9	57		2462	1220	442.9	60.8
956	落部下の湯	喜寿温泉2号井	北海道	42.165318176850995	140.39144770567026		38.2	mg/l	6.4		1116	93.1	58.6		1149	331.5	1312	133.1
957	落部下の湯		北海道	42.16514702726618	140.39054896447794		34.1	mg/l	6.3		950	78.5	49.8		915.4	246	1196	33.5
958	コタン	コタン温泉	北海道	42.232300677360165	140.31500166166379		30.7	mg/l	7.8		2028	52	55.1		2804	439.3	584.3	78.2
959	神威脇	ホテル緑館井	北海道	42.16545146725524	139.41336781481317		40	mg/l	8.2		90.1	58.9	17.8		173	31.6	200.9	37
960	平田内	平田内4号井	北海道	42.16133801398511	139.9972000057646		94	mg/l	7.6		1836	241.7	26.8		2945	128.4	890.6	193.6
961	平田内	平田内10号井	北海道	42.16136773289145	139.99716824143687		89.5	mg/l	7.2		1528	210	24.3		2535	112.3	793	177.2
962	見市	見市温泉A	北海道	42.155399546264725	140.04107038122677		68.1	mg/l	6.7		1933	198	33.6		2959	173	896.7	111.1
963	砂蘭部川	砂蘭部川	北海道	42.15981973825117	140.20920244800777		27.5	mg/l	7.8		74	32	13.4		74.6	1	259	118
964	見市	大谷2号	北海道	42.15726753087074	140.0442840066637		55	mg/l	6.2		943	232.3	35.2		1826	57.2	638	82.6
965	濁川		北海道	42.11479587091325	140.431686767533		89.2	mg/l	7.8		2076	168.8	62.7		3621	33.4	1083	195.8
966	濁川		北海道	42.12200362043298	140.43631098932298		67.7	mg/l	8.2		1334	15.9	18.7		1411	20.1	1128	243.3
967	濁川	ミナト産業	北海道	42.12500294575774	140.44270949468572		77.8	mg/l	7		974.3	84.3	42.1		1213	7.4	1131	187.7
968	濁川		北海道	42.11069815281885	140.4431936418144		43	mg/l	7.4		2080	325.6	124		3453	87.6	1330	259.5
969	濁川	五色の湯	北海道	42.121782440230696	140.4441099415707		58	mg/l	6.6		198.3	165.1	34.8		44	0	1265	138.8
970	濁川		北海道	42.128698312578585	140.44869484970494		79	mg/l	7		659	67.8	21.3		360.5	12	1562	186.8
971	濁川	中央荘	北海道	42.12502512738079	140.4476667903841		75	mg/l	6.8		588.8	125.6	12.9		642.4	2.4	1026	220.4
972	濁川		北海道	42.1214986958327	140.45729564625424		81	mg/l	6.9		738	67.7	37		775.2	64.1	987.9	147.6
973	石倉	田中1号井	北海道	42.14100327157572	140.4870105462313		30.9	mg/l	8.7		732	18.5	1.4		734.4	403.8	201.3	48.5
974	石倉	塚田積井	北海道	42.14269880189129	140.48669652098798		43.6	mg/l	8.3		1110	22.9	7.7		1299	569.6	129.3	42.8
975	桜野	桜野温泉2号	北海道	42.14800421700353	140.29056064581187		55.6	mg/l	6.7		1182	131.2	40		1533	111.1	1081	90.8
976	落部上の湯	富士サルベージ井	北海道	42.13969560151768	140.37828507232632		73.7	mg/l	6.8		2320	122.3	23.6		2376	898.9	1495	117.4
977	落部上の湯	来島興産1号	北海道	42.12199058922105	140.3750588630679		85	mg/l	7.3		2218	101.6	3.3		2323	1080	1196	89.9
978	落部上の湯	上の湯温泉3号井	北海道	42.12202600430237	140.37505636022584		98	mg/l	7.5		2340	15.9	11.9		2427	1173	904.2	169.7
979	落部上の湯		北海道	42.10670180840761	140.37400553951346		34.6	mg/l	8.4		359.3	4.8	0.8		374.7	0	286.2	38.9
980	落部上の湯	魚住金婚湯井	北海道	42.14547305402591	140.37556110675925		56	mg/l	6.9		2400	59	15		2200	630	2200	74
981	桜野	岡山県桜野牧場	北海道	42.12959978273049	140.28158074427682		78.8	mg/l	7		1451	105.6	28.5		1900	165.4	1011	117.8
982	森	オニウシ果樹園井	北海道	42.090697000944	140.57298978318087		25	mg/l	8.4		335	5.6	2.2		140.8	5.9	725.5	95.3
983	砂原	内浦荘井	北海道	42.118535285338545	140.63158093148886		23.3	mg/l	7.5		1850	72.8	102.5		2574	0	1303	98.6
984	沼尻	富士観光開発協会	北海道	42.1213015553535	140.72670529652132		33.2	mg/l	7.1		1013	362.4	224		1507	1261	825.4	155.4
985	駒ヶ岳	ワールド牧場2号井	北海道	42.03494170694008	140.58250707721544		40.8	mg/l	8.7		144.3	0.8	0.4		58.8	16	236	138.2
986	駒ヶ岳	寿観光駒ヶ岳R1	北海道	42.020001983300205	140.6237062493631		42	mg/l	8.1		632	11.1	7.9		59.6	0	1745	54.3
987	森赤井川	日本石油東大沼荘	北海道	42.01180170232039	140.65400601384408		49.3	mg/l	7.8		188	11.7	2.5		95.7	17.1	390.4	118.7
988	東大沼	藤田観光井	北海道	42.01679897545581	140.69919736572385		42.7	mg/l	7.7		173.8	31.4	6		64.7	0	522.2	126.4
989	東大沼	ユートピア大沼R2	北海道	42.01737535115856	140.71950958074376		62.5	mg/l	7.8		137.4	9.9	2.1		30.1	74.3	280.6	57.7
990	留ノ湯	留の湯1号井	北海道	42.024905968821685	140.73704452216		42.1	mg/l	7.1		106.3	15	3.8		31.2	107	179.3	135.2
991	東大沼	R2	北海道	42.011697423596985	140.73469179554496		61.2	mg/l	7.5		384	10.9	8.7		73.2	493	402.6	55.9
992	東大沼	R3	北海道	42.01119835948772	140.72969366092073		45.3	mg/l	7.9		34.4	13.5	3		13.5	23	102.5	113.4
993	東大沼	東管駒見R5井	北海道	42.006198011583386	140.7371932276114		42.4	mg/l	8		285	61.1	18.3		78	721	18.2	29.2
994	本別	大和ハウス2号	北海道	42.06730132559816	140.7753039668303		44.3	mg/l	8		433.8	9.6	4		363.3	109.9	443.6	60.1
995	鹿部	鹿部町3号泉源	北海道	42.030298928435975	140.81529672432302		76	mg/l	7.4		380.5	98.5	7.7		118.3	798.2	156.2	89.2
996	鹿部	虎の湯	北海道	42.0313541459586	140.82201798147307		41.5	mg/l	7.7		525.5	9.2	7.2		245.5	337.3	673.4	79.8
997	鹿部	亀の湯(1)	北海道	42.02875951892286	140.83062279858967		97	mg/l	7.6		970	86.6	10.5		1143	410.2	470.8	150.6
998	鹿部	鹿部地熱調査1号井	北海道	42.02270022146205	140.83500052424105		82.4	mg/l	8.3		970	89.8	10.6		1262	492	327	113.5
999	鹿部	旧温泉研究所	北海道	42.02878314852208	140.830719133667		85.7	mg/l	6.8		1036	101.1	20.4		1378	348.5	417.2	92.7
1000	トドメキ	トドメキ海岸	北海道	42.0977477594461	140.76638449413457		29.1	mg/l	6.6		402	185.2	78.7		532.6	810.8	134.2	107.3
1001	乙部	乙部町鳥山泉源	北海道	41.99593019925538	140.1254710578391		68.6	mg/l	7.3		1711	81.4	15.3		1190	1957	398.5	55.9
1002	乙部	乙部町館浦泉源(乙部町泉源B)	北海道	41.94843148142207	140.13846870482314		67.1	mg/l	7.7		1668	59.1	9.8		979.3	1939	584.4	49
1003	五厘沢	ホテル緑館4号	北海道	41.94851684151894	140.13820737185674		49.6	mg/l	7.3		779.4	19	6.8		325.5	755.7	668.2	54.6
1004	江差	江差町泉源	北海道	41.89550215126812	140.14530722349417		50.4	mg/l	8.2		273.4	3.3	1.8		32.8	21.5	648.1	39.1
1005	館	厚沢部町館泉源	北海道	41.89033920980993	140.34728223575988		40.4	mg/l	8.7		170.6	4.1	0.8		146.1	0.8	214.7	101.5
1006	意養	厚沢部町上里1号(老人ホーム泉源)	北海道	41.931466740244595	140.23635298041376		29.7	mg/l	4.9		7	3.4	2		13.6	23.6	0	12.3
1007	意養	厚沢部町上里2号	北海道	41.93624879587934	140.24800314789132		31.2	mg/l	3.8		6.7	2	2.4		22.7	29.6	0	3.9
1008	森赤井川	グリンピア大沼井	北海道	42.00084115823033	140.60118299797188		35.3	mg/l	8.3		352.2	2.1	1.1		73.3	48.1	771.9	149
1009	西大沼	西武ゴルフ場R-3	北海道	41.991199845275226	140.64770011796656		42.2	mg/l	8		123.8	3.3	0.8		41.4	89.6	160.7	111
1010	大沼	ホテル山水2号	北海道	41.988995899851	140.66183838539135		36.3	mg/l	7.7		64.7	7.8	1.9		40	13	126.3	141.5
1011	西大沼	じゅんさい沼温泉R1号	北海道	41.980684213364725	140.638234784535		31	mg/l	7.5		266.2	145.8	16.8		28.3	863.7	151	106.5
1012	大沼	大沼公園寺西R1号井	北海道	41.98068651745173	140.66658643900647		52.4	mg/l	7.8		183.5	9.5	1.6		98.5	143.5	212.4	161.7
1013	大沼	ホテルニットー大沼井	北海道	41.981574055906634	140.6776787694364		42.2	mg/l	8.6		55.2	5.1	2.6		14.9	17.6	181.9	64.6
1014	大沼		北海道	41.98600366572933	140.68351299109372		43.4	mg/l	7.9		145	4.3	2.6		14.2	10	386.7	94.2
1015	大沼	吉野山R1	北海道	41.96499741275317	140.6834913572535		32	mg/l	8.5		17.2	8.2	0.9		12.8	10.9	30.5	45.7
1016	七飯	七飯町泉源	北海道	41.859895257847995	140.70882662316433		51.2	mg/l	8.7		63.8	2.4	0.6		9.5	25.6	112.3	27.2
1017	桔梗	笹谷光雄井	北海道	41.8390061902429	140.72672005332467		40	mg/l	8.4		357.2	3.6	2.3		208	128	471.7	48
1018	大野	大野町泉源	北海道	41.878953102988056	140.6403410520501		76	mg/l	6.5		1694	465.2	120.2		3167	597.1	689.3	93.3
1019	軍川	大沼池田園古関R-1	北海道	41.97949787352337	140.69649268143164		50.8	mg/l	7.7		364.6	24.8	6.5		86.9	445.7	403.3	42.3
1020	横津岳	東管大中山R2	北海道	41.88130110188572	140.75500344074666		31.5	mg/l	7.2		13.4	14.7	1.1		11.4	37.7	75.3	19.2
1021	南茅部	N61-MK-6	北海道	41.9491109173787	140.89442931634125		96.4	mg/l	8.1		1360	76	2.6		2240	150	20	346
1022	大船上の湯	老人いこいの家	北海道	41.937532362867564	140.91256238595773		55.4	mg/l	6.4		581	68.5	15.8		837.3	68.4	405	106
1023	川汲	川汲温泉	北海道	41.896456063164315	140.965435169737		45.9	mg/l	9.1		104	110.3	0.5		30.3	428.9	40.3	42.4
1024	大船下の湯	大船下の湯	北海道	41.94558059082795	140.91740437027912		85.8	mg/l	6.7		778	127.2	14		1208	146.7	403.8	144.9
1025	大船上の湯	大船上の湯	北海道	41.93756465253626	140.9125603469302		75.8	mg/l	6.2		537	61.8	13.7		817.8	71.6	279.4	86
1026	磯谷	磯谷温泉	北海道	41.97812705325803	140.88350734570687		65	mg/l	6.4		510	151	57.2		764	567	264	49.4
1027	南茅部	N59-MK-2	北海道	41.94810057384922	140.8997088615806		98.7	mg/l	7.9		1340	68	2.7		2436	127	22.3	361
1028	南茅部	N61-MK-7	北海道	41.953777091346666	140.86857445686786		73	mg/l	6.3		1080	80	4.3		1900	107	193	278
1029	尾礼部	村上運輸泉源	北海道	41.887697686505035	141.0239915971466		28.1	mg/l	7.4		122	111.3	7.2		42.1	416.1	59.2	51.9
1030	湯ノ岱	湯の岱2号泉源	北海道	41.746030873724294	140.2444625293793		41.4	mg/l	6.6		517	305.6	47.4		1070.7	24.3	868.6	24.3
1031	上ノ国	上ノ国町泉源(勝山)	北海道	41.79793471261358	140.11409115431383		60.6	mg/l	7.6		557.6	10.8	3.7		220.8	184.1	926.2	24.9
1032	七飯浜	上磯豊猛温泉	北海道	41.823698003357464	140.68829331069162		35.7	mg/l	7.7		223.7	7.8	3.1		24.8	0	618.1	127.8
1033	七飯浜	七飯浜温泉	北海道	41.81977783810756	140.69245724572477		40.8	mg/l	7.5		2336	37.3	36.6		3444	24.3	709	103.1
1034	函館	豊岡浴場センター2号井	北海道	41.806117972326994	140.74247763161685		65	mg/l	6.5		2304	631.8	202.1		4178	828.2	983.5	58.1
1035	弁天	マリンパーク井	北海道	41.77759191298314	140.7066517921438		44.2	mg/l	6.4		7906	387.5	677.9		13938	1423	333	164.4
1036	弁天	紺田観光井	北海道	41.77019849810688	140.7091947897477		26.7	mg/l	7.2		11000	385.3	1295		19613	2680	160.5	91.2
1037	大森	大森温泉	北海道	41.76590431402719	140.73075364205138		33.5	mg/l	7		8200	613	1001		15443	1483	335.5	
1038	大森	函館温泉2号井	北海道	41.765908506247484	140.73081249497287		42.2	mg/l	6.5		7692	489.2	894.2		14105	1735	537.2	103
1039	大森	蓬莢温泉3号井	北海道	41.756211738870164	140.72187631231984		34.2	mg/l	6.9		9320	501.3	1218		17358	2471	272.4	184.1
1040	谷地頭	谷地頭温泉9号井	北海道	41.75196617494977	140.71433097244451		67	mg/l	6.4		5020	488.7	403.9		9168	900.3	850.9	155.9
1041	釜谷	釜谷温泉	北海道	41.71200172308857	140.52920542338757		26.9	mg/l	6.9		2670	141.3	117.1		2058	52.7	4514	21.3
1042	桔梗	西ききょう温泉	北海道	41.83045445734447	140.71227986982936		66	mg/l	6.4		2641	679.6	234.6		4863	879.9	1066	55.8
1043	陣川	マルミ三益商店井	北海道	41.81430514428312	140.7762175145126		47.5	mg/l	8.3		540	28	9.4		468.3	378.9	351.4	32.2
1044	陣川	鍛治湯	北海道	41.806563611470395	140.76419453653355		29.6	mg/l	8.9		106.2	3.2	1.3		17.5	47.3	219.6	16.7
1045	旭岡	函館カトリック社会福祉協会	北海道	41.805002280877964	140.84820792176606		23.5	mg/l	9.3		41.6	0.4	0.1		11.4	30.5	58.6	64.9
1046	函館	花園温泉	北海道	41.79622390064986	140.78008836535523		45	mg/l	7.2		189.4	32.8	17		195.4	98.3	245.7	29.9
1047	上湯の川	熊の子温泉	北海道	41.794373753548314	140.82675604933706		44.3	mg/l	7.5		1418	17	17.6		1293	403.7	1179	37.1
1048	上湯の川		北海道	41.79050172037542	140.8397053013715		31.2	mg/l	7.9		407	14.3	7		169.6	83.1	775.9	25.4
1049	函館	にしき湯	北海道	41.79002778833061	140.7777739911136		28.2	mg/l	7.8		25.5	21	4.9		18.9	15	111	27.6
1050	湯の川	湯の川D号井	北海道	41.77645187767138	140.7825952393374		66.3	mg/l	6.7		2127	606.9	200.9		3942	786.2	902.8	54.3
1051	湯の川	若松旅館	北海道	41.77435739157133	140.78483065539695		63.6	mg/l	6.7		2323	561	116.5		3918	845.8	878.6	85.8
1052	豊原	ニッシン観光	北海道	41.769799652702716	140.86649863932107		32	mg/l	7.6		66.4	526.9	37.3		30.5	1448	161.1	33.8
1053	函館湯の沢		北海道	41.80430229820842	140.80330730243057		29.6	mg/l	8.2		22.8	23.5	10.2		18.7	40.1	108.6	19.1
1054	鱒川	鱒川温泉	北海道	41.814432161803204	140.8393974162444		45.5	mg/l	8		1000	111	3.4		728	0	12.8	
1055	水無	恵山荘3号井	北海道	41.81135566271789	141.18433407548886		60	mg/l	8		2218	170.3	286.7		4013	739.7	179.1	164.5
1056	御崎	恵山町御崎1号井	北海道	41.79594087636667	141.1724696916395		43.7	mg/l	6.3		183.8	204.4	78.8		307.3	411	503.5	181
1057	柏野	恵山町3号	北海道	41.79532050514229	141.15311324470926		58.6	mg/l	7.2		10046	582.1	879.7		17638	2232	205.4	181
1058	柏野	モンテローザ泉源	北海道	41.794428182843994	141.1509257643584		53.2	mg/l	6.6		523.6	148.4	44.7		454.1	709.7	508.2	139
1059	戸井	戸井町泉源1号井	北海道	41.729567684087804	141.03123544087143		38.5	mg/l	8.2		58.5	59.5	0.1		17.9	175.2	94.6	26.3
1060	水無	露天風呂	北海道	41.81133628353725	141.1843642652341		42.8	mg/l	7.4		444.2	52.2	48.3		681.2	252.1	148.8	128.4
1061	恵山	恵山温泉	北海道	41.80499963988695	141.15876667524594		42.6	mg/l	1.7		50.7	268.8	52.7		482.5	4334	0	195.2
1062	御崎	石田温泉	北海道	41.796101149746	141.17425704970452		40.8	mg/l	7.4		115	149.2	44.6		115.3	337.1	381.9	134.3
1063	上国鉱山	内外鉱山坑内水A	北海道	41.670610144979115	140.04848607652715		38.4	mg/l	7.9		371	225.1	107.9		745	203.7	756.4	23.4
1064	上国鉱山	上国鉱山200ML下盤7号樋	北海道	41.670681152311026	140.0484985606728		48.2	mg/l	6.7		1064	702.7	192.2		2498	332.1	1598	33.6
1065	知内	ユートピア和楽園	北海道	41.59513609957351	140.29372441954422		62.5	mg/l	6.5		725	115	59.1		911.8	47.5	1098	47.5
1066	元町	知内町元町泉源	北海道	41.57952774799906	140.41517763762226		37.1	mg/l	7.7		924.5	370.3	18.9		587.5	2096	65.9	83
1067	福山	矢野旅館井	北海道	41.42933076724478	140.11161223260743		35.9	mg/l	7.4		724.6	88.3	29.6		214.1	1336	295.3	25.9
1068	大沢	松前町1号泉源	北海道	41.43728716799569	140.14973886091786		48.8	mg/l	6.9		204.3	159	33.6		1432	2253	796.3	53.5
1069	福山	松前町松城泉源	北海道	41.428918420392655	140.1092509635626		27	mg/l	8.2		101	8.8	8.1		31	40	25.7	13.6
1070	吉岡	福島町吉岡1号井	北海道	41.44391322267273	140.22732471537395		46.1	mg/l	8.5		555.8	260.4	6.3		77.8	1649	70.2	26.5
1071	摩訶		北海道	41.359101358087365	139.80430455212215		24		2.8									
1072	大間	海峡保養センター	青森県	41.52118285231384	140.9203370812367		54.5	mg/kg	6.8		3630	859	35.1		6020	1660	226	17.7
1073	易国間	桑畑(鍬畑)	青森県	41.48181147378863	141.03525975091836		35.1	mg/l	6.2		1670	611	233		2680	1090	1410	240
1074	下風呂	新湯	青森県	41.46581353390141	141.09200613499345		94.5	mg/kg	6.6		1210	281	79.2		2350	313	247	94.1
1075	大赤川	大赤川	青森県	41.45184524639511	141.10204441384732		36.5	mg/l	6		264	1110	64.2		192	208	720	76
1076	薬研	ニュー薬研	青森県	41.38181792501956	141.0674178394143		55.7	mg/l	8.1		90	119	0.1		56	345	25.7	118
1077	奥薬研	鶯鳴荘	青森県	41.386011544691044	141.0465340467339		65.5	mg/l	8.2		90	107			99	313	25	74
1078	湯野川	一号泉	青森県	41.316303438112236	140.96012620046645		55	mg/kg	7.4		104	145	0.6		88	434	20	46.5
1079	安部城	前田二号	青森県	41.25198854439509	140.98984852697225		42	mg/kg	7.2		406	518	56.6		174	1950	153	30.4
1080	脇野沢村	脇野沢	青森県	41.1663992822293	140.8037469454156		51	mg/kg	7.5		1580	1180	19.4		3680	1230	36.5	23.2
1081	石神	石神	青森県	41.36668357788965	141.20915409326523		39.7	mg/l	7		9330	815	1410		18600	2590	125	108
1082	恐山	薬師湯	青森県	41.327913930755514	141.08945992096446		77.2	mg/l	2.3		740	152	5.4		1430	1080	0	393
1083	矢立	むつ矢立	青森県	41.30886637125355	141.16364187996817		51.5	mg/kg	7.2		5640	648	238		9700	1390	159	147
1084	田名部	むつ観光ホテル	青森県	41.2977586087729	141.22890294583877		36.3	mg/kg	8.9		189	4.8	0.7		231	40.4	79.5	117
1085	小川	弘前湯	青森県	41.293303079847135	141.2096922483467		31	mg/kg	7.3		5880	345	51.6		9350	854	97.6	123
1086	熱川	熱川	青森県	41.28976839079168	141.1817799953282		41	mg/kg	7.3		7400	1280	1100		15500	2190	86.7	81.5
1087	中央	中央	青森県	41.29007901980136	141.18137147453288		44	mg/kg	7		9380	1170	1120		18200	2580	120	107
1088	大曲	やすらぎ	青森県	41.27026472669588	141.21988292019765		37	mg/kg	7.2		1710	122	47.5		2840	290	85.4	102
1089	城ケ沢	城ケ沢	青森県	41.20345036859942	141.07414240286212		48.3	mg/kg	6.9		6080	932	210		11200	1270	85.4	150
1090	下北半島温泉	下北半島	青森県	41.27081039812716	141.2686639211486		54.8	mg/l	7.1		8080	620	159		13400	916	327	43.7
1091	上田屋	日の出	青森県	41.266058607946455	141.29422410256484		26	mg/kg	8.2		690	3.4	3		211	391	1070	26.4
1092	二階坂	老人福祉センター	青森県	40.87309594422035	141.35980431260083		46	mg/kg	7		10500	1200	600		19600	1010	195	33
1093	馬門	馬門温泉ホテル	青森県	40.87440561150257	141.061361344518		38		9.3									
1094	馬門道	馬門道	青森県	40.86980458964569	141.11701326437773		32.5	mg/kg	8.9		53.8	0	0.1		35.1	10.8	73.3	89.9
1095	野辺地港	二本木	青森県	40.86430099868988	141.11180347929		24.9	mg/kg	7.9		15	4.8	3.1		12.4	8	43.6	60.7
1096	野辺地	野辺地町№10	青森県	40.8539046680743	141.11172441086234		38	mg/l	8.6		56	417	1		11.8	1100	36.6	0
1097	柳沢	森林組合	青森県	40.785390101651245	141.18696810236523		54.5	mg/kg	7.6		4280	160	29.2		6610	495	0	105
1098	国沢	東龍館	青森県	40.782329854585285	141.21343963201647		37	mg/kg	8.2		32.1	0.1	0		12.7	9.9	56.7	85.8
1099	膳前	老人福祉センター	青森県	40.78153491929389	141.21197255550345		48.6	mg/kg	7.5		1650	32.6	6.3		2450	176	235	128
1100	上笹橋・東北	上笹橋	青森県	40.77860483515582	141.2170464578739		39.5	mg/kg	8.4		1070	20	5.4		1580	119	146	112
1101	蛯沢	えびさわ	青森県	40.77631763195447	141.24139639445295		46	mg/kg	8		490	7.2	1.7		714	30	104	129
1102	長崎	長崎	青森県	40.78006651948862	141.2505632726499		41	mg/kg	7.8		32.7		0.5		9.2	7.6	70.1	130
1103	天間館	老人福祉センター	青森県	40.74525016532337	141.16960056641165		42.6	mg/kg	8.5		36	13.6	0		36	10.3	62.4	72.4
1104	天間林	天間林	青森県	40.7479269542077	141.15448681109118		41.5	mg/kg	8.4		81	0.5	1		90.3	8.5	67.1	112
1105	上野	玉勝の湯	青森県	40.73100910832357	141.26639615634383		47.5	mg/kg	7.6		146		0.7		170	19.8	94.5	105
1106	大浦	境の沢	青森県	40.716857759173436	141.2289307019903		53	mg/kg	8.1		469	5.2	1.1		676	66	86.6	89
1107	荒能内	やまびこ	青森県	40.71832296249372	141.15213836495448		47.3	mg/l	8.8		144	2.8	0.3		157	28	97.6	161
1108	立野頭	老人福祉センター	青森県	40.70606105286859	141.1688468071419		48	mg/kg	8.3		190	0.3	0.4		217	25.4	107	143
1109	天王	青森健康センター	青森県	40.705288085715516	141.1521050326996		43.8	mg/kg	8.4		182	0	0.5		213	47.3	96.8	101
1110	笊田	あすなろ(七戸桂)	青森県	40.69848429520302	141.1656695280741		46.5	mg/kg	7.8		52.4	0.4	0.2		14.2	12.7	90.9	158
1111	七戸	さかた	青森県	40.693969387011755	141.15068336150037		48	mg/kg	8.6		172	2	0.2		195	21	104	156
1112	太田野	太田野温泉団地	青森県	40.69413311084716	141.16547343929906		52.4	mg/kg	8.4		290	0.3	0.2		396	20.3	129	92
1113	六川目	六川目	青森県	40.77348319316145	141.39885994913664		45	mg/kg	7.2		4370	295	232		7730	315	312	125
1114	早稲田	早稲田	青森県	40.76278796293513	141.35895665376913		49	mg/kg	7.4		2940	171	39.5		4820	321	177	42.3
1115	三沢空港	三沢空港	青森県	40.693835415389415	141.38727966629108		44	mg/kg	6.7		40.4	1.6	1		9.6	11.4	87.2	117
1116	平畑	平畑	青森県	40.694568227639	141.37070151554087		46.2	mg/kg	8.3		538	27.2	7.3		785	91.3	116	116
1117	駒沢	青葉	青森県	40.68281631226129	141.35134983512677		46	mg/kg	8.4		690	25.5	1.9		986	115	122	131
1118	小川原湖	小川原湖ドライブイン	青森県	40.69820787190628	141.3243529562033		43.5	mg/kg	8.6		244	15	2.4		330	26	140	138
1119	三沢	保養センター(浜)	青森県	40.68752146166665	141.40057066585217		43	mg/kg	7.8		50.5		0.5		9.2	18.9	97.2	127
1120	下久保	下久保	青森県	40.689199739731514	141.38033039638333		46.5	mg/kg	8.5		255	2.8	0.4		273	36	201	95.3
1121	桂		青森県	40.691309589868546	141.37596096271315													
1122	岡三沢	三沢共同	青森県	40.686454462953485	141.37802916618554		45.5	mg/kg	8.4		262	4.8	1		298	41.9	170	98.9
1123	中央町	中央町	青森県	40.6853866369095	141.36478727148767		44	mg/kg	8.2		294	12.8	3.4		372	51.6	171	120
1124	浜通り	浜通	青森県	40.68086201318	141.42918631458323		45.5	mg/kg	7.6		1660	60.1	8.8		2490	238	140	102
1125	太郎	太郎温泉1号泉	青森県	40.67544344380077	141.39202103704912		48	mg/kg	7.8		1750	110	23		2790	250	129	124
1126	木崎野	木崎野	青森県	40.67552963985098	141.37893258609702		43	mg/l	9		47.5	0.2	0		7.1	13	104	132
1127	古牧	古牧	青森県	40.664494070886015	141.35495426622438		42	mg/kg	8		195	10	3.4		264	24.1	107	137
1128	内山平	向洋	青森県	40.63166502270985	141.43529467670876		41	mg/kg	7.6		3050	250	45		4830	524	208	87.9
1129	下前田	石田温泉病院	青森県	40.60252447559322	141.43142096930313		42.5	mg/kg	7.8		2900	211	50.1		4520	603	281	140
1130	本町	百石中央	青森県	40.59425391858426	141.43026353638416		34	mg/kg	8.4		402	8	1.2		182	380	305	45.2
1131	鶉久保	鳥越	青森県	40.66139477090349	141.3795818287438		45.5											
1132	向山	下田ニューグリーン	青森県	40.615563345716225	141.38860926693957		46.5	mg/kg	7.3		7100	706	125		12100	932	105	79.9
1133	きざきの	菜飯	青森県	40.59946797493483	141.41954154487925		44.8	mg/kg	7.4		5160	898	105		9170	1150	165	95.6
1134	米寿	米寿	青森県	40.59888215198217	141.39148532870786		42.5	mg/kg	8.2		1680	83.2	19.5		2510	320	259	91.3
1135	神明前	えどはちファミリーパー	青森県	40.60806142572726	141.3649481371838		39.3	mg/kg	9		127	2.7	0.4		132	24	98.7	48
1136	七百	七百	青森県	40.64704471588135	141.3036899071959		41.7	mg/kg	8.4		432	18.8	1.2		600	72	122	170
1137	折茂	折茂	青森県	40.634600727525346	141.2917022968476		45	mg/kg	8.4		881	76.6	8.1		1350	160	165	85.3
1138	館野		青森県	40.62569946337108	141.33659797259946													
1139	下久保	下久保	青森県	40.62131225973448	141.3249276505737		49.8	mg/kg	7.5		1220	123	17.2		1980	180	156	90.6
1140	後田	後田	青森県	40.60403136593278	141.32509524033472		45.8	mg/kg	7.8		1650	80.4	17.6		2590	154	156	28.7
1141	六戸	六戸ヘルスセンター	青森県	40.59726576182463	141.32430123144647		45.5	mg/kg	7.8		1390	80.9	19.3		2180	203	141	70.7
1142	千歳森	千歳森	青森県	40.63693887785726	141.20123439948014		46.4	mg/kg	8.8		62	0	0		39.5	12	79.3	143
1143	里ノ沢	ホテル里の沢	青森県	40.61793971974108	141.25031472464775		50.3	mg/kg	8		2800	226	30		4700	270	76.3	128
1144	丑泊	丑泊	青森県	40.617195782564515	141.23433244000168		46	mg/kg	7.4		1540	128	10.9		2500	199	101	120
1145	みちのく	太素温	青森県	40.61770786351378	141.2185381185601		46	mg/kg	7.5		1350	78.1	11		2960	178	171	102
1146	十和田	十和田	青森県	40.60836725731653	141.2144951114595		50	mg/kg	7.5		5750	872	92.3		10200	899	48.7	58.1
1147	十和田ポニー	十和田ポニー	青森県	40.60978396952842	141.1720337720281		41	mg/kg	8.7		97.6	0	0		91.9	16.8	81.9	74.4
1148	奥入瀬	赤沼	青森県	40.59618969641888	141.1855620130837		42.5	mg/kg	8.8		76	0.3	0.4		65.1	16.8	92.1	132
1149	グリーンランド	グリーンランド	青森県	40.547488967543984	141.24004284668325		33	mg/kg	7.6		230	3.2	1.9		312	21	91.3	93.9
1150	柏木	一号泉	青森県	40.52748627983594	141.15303051569026		37	mg/kg	7.8		1380	508	3.7		3030	0	48.7	66.2
1151	谷地	あつ湯	青森県	40.633208948442125	140.92391367871016		40	mg/l	4.9		41	117	12		21	410		30
1152	猿倉	小笠原4号	青森県	40.626593536593305	140.90874899897463		80.5	mg/l	5.6		110	35.9	2.8		84.7	121	115	84
1153	十二里		青森県	40.6011714135705	141.04657324148374													
1154	十和田湖	十和田湖町№9	青森県	40.57971598256194	140.99473529640304		88	mg/l	6.4		35.9	42	30.5		22.9	193	50	0
1155	蔦	家族風呂	青森県	40.59728269765194	140.95278800521808		47.2	mg/kg	7		239	58.3	13.1		126	344	269	71
1156	沢田	沢田	青森県	40.58759746108675	141.18277452576027		14	mg/kg	6.8		13.8	16	8.5		10.6	23.8	91.4	59.1
1157	三日市	三日市	青森県	40.5893632870133	141.17531812137477		13	mg/kg	6.8		15.8	11.8	7.8		10.8	26	79.3	61.1
1158	冷水	冷水	青森県	40.58272272025463	141.05081586074522		11.5	mg/l	7.4		42.4	6.9	1.1		14.9	17.4	94	31
1159	栃久保	栃久保	青森県	40.585472545324144	141.02415462409542		21	mg/kg	7.4		268	89.9	6.1		124	574	69.9	9
1160	高館	一号井	青森県	40.53997854138472	141.4577264672301		33.5	mg/kg	7.4		713	9.6	3.7		638	188	649	119
1161	高館中央	高館中央	青森県	40.540081022516645	141.45862440012016		28.1	mg/kg	8.5		1.4	1	0.3		7.1	6.4	101	59.6
1162	海岸	八戸港湾運送	青森県	40.55374192815619	141.4958795053648		31	mg/kg	8.3		46	0.1	0		6.2	5.7	107	79.7
1163	河原木	月の湯	青森県	40.54588698707595	141.47255551924022		34	mg/kg	8.3		187	0.8	0.5		113	80.2	207	41
1164	長寿	長寿	青森県	40.53889823054122	141.47251371476483		39.5	mg/kg	8.4		620	14	5.6		765	148	226	24.3
1165	石堂	石堂病院	青森県	40.52966803993016	141.48091045028372		26.5	mg/kg	8.6		143	3	0.9		84.9	48.8	211	9.3
1166	貝鞍	貝鞍	青森県	40.52670351835657	141.48201247665267		22	mg/kg	8.2		306	41.6	22.3		464	107	146	24
1167	沼館		青森県	40.52999383307912	141.49942274161108													
1168	城下	本八戸駅前	青森県	40.516532135688614	141.49212430394		27.5	mg/kg	7.8		445	42.3	26.8		763	38	143	22.7
1169	小中野	栄湯	青森県	40.51806641655113	141.5063592424176		26	mg/kg	8.2		496	37	14.4		696	133	177	15.2
1170	八戸中央	卵湯温泉1号泉	青森県	40.51690184610268	141.5019284485471		32	mg/kg	7.9		430	52.1	18.2		630	168	153	26.2
1171	青葉	レインボー	青森県	40.508746207507386	141.50839787065695		33	mg/kg	8.2		590	70.9	33		956	155	171	43.6
1172	類家	類家温泉2号泉	青森県	40.50288999049657	141.5085205109528		42.2	mg/kg	7.8		484	62.7	22.2		715	182	159	14.7
1173	中居林	幸の湯	青森県	40.493240035253805	141.50261167648299		26.1	mg/kg	8.2		800	71	34		1350	74	171	33.3
1174	長苗代	寿楽	青森県	40.51860062754512	141.45928557579134		40	mg/kg	7.2		7560	549	360		13600	583	317	51.2
1175	根城	松園湯	青森県	40.50749329895137	141.46203523393652		18.1	mg/kg	8.4		400	4	2.8		326	125	378	35.4
1176	尻内	金太郎	青森県	40.50420469173043	141.44521531380735		51.2	mg/kg	6.8		3650	249	62.4		5900	300	452	14.3
1177	追切山	富士の湯	青森県	40.50842038517139	141.43497768903745		30.5	mg/kg	7.8		340	6.5	4.2		391	104	147	61.3
1178	櫛引	喜和楽園	青森県	40.463377921789224	141.4269585806196		27	mg/l	8		255	3.9	1.1		165	103	311	44.8
1179	五戸	五戸	青森県	40.5312139194431	141.30128299579124		11.5	mg/kg	6.8		9.2	17.2	4.6		10.5	11.3	76.5	47.9
1180	五戸まきば温泉	五戸まきば温泉	青森県	40.513559711867366	141.32932918595358		42	mg/kg	8		998	48	7		1440	172	223	88.2
1181	島守		青森県	40.40798138404976	141.4733700238048													
1182	斗賀・剣吉		青森県	40.4561631717501	141.34186167828437													
1183	小向		青森県	40.41392885963586	141.26387832636414													
1184	戸来	戸来	青森県	40.464298235811164	141.17451066549108		23	mg/l	8.3		12.6		2.8		14	6.2	51.5	0
1185	野沢	野沢	青森県	40.42087302656597	141.1115299143134		36.5	mg/kg	8.4		50.5	25.6	1		34	111	24.3	25.1
1186	泉山	長生堂山下治療院	青森県	40.3830508463849	141.28203063254296		12	mg/kg	6.5		3790	870	19.6		6700	962	36.8	42.3
1187	宝寿温泉	宝寿温泉	青森県	40.37238488639564	141.24155987353112		23.3	mg/kg	8.3		443	42.3	4.5		690	26.8	140	43.3
1188	田子	田子	青森県	40.322687373753006	141.1400978710869		35	mg/kg	7.6		62.1	10.4			42.8	20.2	114	89.7
1189	白萩平	白萩平	青森県	40.324121012589295	140.978668482916		7.6	mg/kg	5.8		8.6	15.2	4.5		7.8	1.5	121	18.3
1190	関	関一号泉	青森県	40.29165906008429	141.04650059214185		16	mg/kg	6.5		12.8	20	16		9.2	96.1	39.5	25
1191	遠部	遠瀬	青森県	40.28120152755046	141.07890486888166		9.9	mg/kg	3.7		4	2.7	0.9		4.9	34	0	2.7
1192	小湊	夏泊松島	青森県	40.93370266839424	140.9719088796026		47.5	mg/kg	7.6		582	68	4.9		981	549	193	28.7
1193	福館	福館	青森県	40.94169989503821	140.9598413073705		11	mg/kg	8.6		65.2	6.4	4.4		15.9	51.8	128	7
1194	浅虫	4号泉	青森県	40.888887440932535	140.86342305445328		76.2	mg/kg	8.4		200	138	0.1		199	460	30.5	59.5
1195	久栗坂	国立療養所青森病院	青森県	40.87129800726325	140.85719201554267		30	mg/kg	7.6		27.6	38.6	9.9		29.3	100	76.3	24.5
1196	草津	草津	青森県	40.82614569528662	140.76884089534022		28	mg/kg	7.6		20.5	6.4	2.3		17.7	3.4	57.1	73.9
1197	合浦	浪打病院	青森県	40.826844874811776	140.77593969330357		31.5											
1198	こやなぎ	林・こやなぎ	青森県	40.818850201710454	140.79391679361657		42.6	mg/l	7.8		158	595	0.7		53.1	1680	24.4	20
1199	松森	青森放送	青森県	40.81858695323263	140.77138655823626		28	mg/l	7.4		14.9	4	2.7		19.6	1.6	31.5	0
1200	戸山	二号泉	青森県	40.80666154259978	140.8012341280924		45	mg/kg	7.4		197	592	14.6		71	1820	12.2	33
1201	フラワー温泉	花月苑	青森県	40.80866964284659	140.79123395681447		46.2	mg/l	8.2		199	687	0.8		252	1740	18.3	54.3
1202	バイカル	バイカル	青森県	40.8030048356328	140.77403095446022		29	mg/kg	7.4		17.3	3.6	2.4		14.5	3	46.6	65.2
1203	月見野		青森県	40.79415826443383	140.80271484731125													
1204	里見	里見	青森県	40.76971344675167	140.78084130168173		36.5	mg/l	7.8		1.4	95.1	12.1		1350	1350	226	26
1205	四ツ石	四ツ石	青森県	40.7782331800123	140.76876824882936		45.4	mg/l	8.6		35	3.4	0.1		19.5	34.7	36.6	0
1206	松枝	あすなろ(2号泉)	青森県	40.77132497455194	140.76087861835094		39.7	mg/l	7.8		868	34.2	5.5		1060	358	208	87.7
1207	合子沢	松森	青森県	40.77127380959415	140.76079772743725		47.5	mg/kg	7.8		1480	46	15		2230	44.3	375	27.7
1208	雲谷	雲谷ゴルフ	青森県	40.74611520770499	140.79233543690782		45.4	mg/kg	8.6		35	3.4	0.1		19.5	34.7	36.6	15.5
1209	くさぶえ	くさぶえ	青森県	40.7446353486615	140.75872710558568		34.8	mg/l	7.3		470	42	14		767	52	97.6	66
1210	金浜	金浜	青森県	40.76750668098992	140.73260450807624		41.5	mg/kg	8.6		225	0.8	1.5		283	27.1	91.2	108
1211	下湯	B	青森県	40.7225632762231	140.74282706317425		98.9	mg/l	7.3		207	17	0.2		176	137	135	121
1212	田代新湯	田代新湯	青森県	40.71028064516541	140.9048483610281		53.8	mg/l	6.1		274	130	12		118	483	410	88
1213	田代平	田代平	青森県	40.70811527249464	140.90564768695086		54.1	mg/l	7.8		127	137	1.1		20	464	84	54
1214	田代元湯	冷の湯	青森県	40.708389600382134	140.899852637927		54.4	mg/l	6.2		244	146	10		88	500	324	84
1215	駒沢	みちのく民宿	青森県	40.700972221820955	140.8989484410415		45.8	mg/kg	6.8		115	82.8	25.8		35.1	450	111	110
1216	八甲田	八甲田六号泉	青森県	40.696441320044016	140.9114861195532		64.4	mg/l	7.1		199	108	33		58.4	590	269	202
1217	田茂萢	田茂萢	青森県	40.69143831614608	140.84668687620766		24.5	mg/kg	6.4		54.5	119	22.6		13.8	373	136	147
1218	寒水沢	青葉	青森県	40.679204745759186	140.82998470951003		47.3	mg/kg	6.8		1000	8.5	5.8		305	180	2250	50
1219	城ケ倉	3号泉	青森県	40.65611383386594	140.83739885020398		51	mg/l	7.3		60	14	7.4		29	32	179	103
1220	酸ケ湯	ふかしの湯	青森県	40.64996616486766	140.85207286309637		90.7	mg/l	1		78.6	432	322		1840	7880		383
1221	油川		青森県	40.85685040276107	140.69457345115873		25.5	mg/kg	8		131	10.4	3.4		131	17.5	154	61.8
1222	多喜の湯	多喜の湯	青森県	40.82574303066115	140.76474402563463		34	mg/kg	8		56.6	1.3	0.8		32.7	11.5	94.8	95.1
1223	大谷	大谷	青森県	40.82926946809873	140.72955232336494		28.2	mg/l	6.7		22.9	15.4	3.4		14.9	0	104	0
1224	沖館	沖館温泉2号	青森県	40.830897998016106	140.71768608090952		45	mg/l	8		232	53.5	10.7		407	24.7	122	0
1225	やまびこ	リゾート温泉やまびこ	青森県	40.834284282371186	140.6913941658198		46.4	mg/kg	7.4		4210	139	76.8		6950	0.1	494	126
1226	橋本	モーテル別館	青森県	40.808804201151034	140.75629731099926		39	mg/kg	7.3		945	118	39.1		1670	164	62.6	80.9
1227	花の湯	花の湯	青森県	40.8220188732743	140.72647360049646		29	mg/l	6.6		12.5	21.1	5.5		18.4	0	97.6	0
1228	西滝	西滝	青森県	40.82507993977548	140.71413789759646													
1229	稲元	稲元	青森県	40.82506859112438	140.7143554608883		45	mg/kg	7.1		4230	287	69.5		7300	24.3	244	108
1230	出町	出町	青森県	40.819794955712545	140.71969308828065		47	mg/l	8.7		59	2.8	0.7		17	12	131	0
1231	大湯	太陽レジャーランドニューターミナル二号泉	青森県	40.81560357375932	140.71352769889936		51	mg/kg	7.3		5570	372	123		9490	153	141	58.6
1232	大福湯	大福湯	青森県	40.81097162808537	140.72317071885408		37	mg/kg	8.3		31.2	5	0.5		11.7	6.7	79.3	61.8
1233	三内	三内ヘルスセンター	青森県	40.81535374695069	140.68655225455353		46	mg/l	7.4		4800	242	140		7950	395	366	0
1234	だるま		青森県	40.81824594889459	140.64525820736588		40.5	mg/kg	8.2		465	43	3.4		756	8	131	64.9
1235	青森仁医ラドンセンター	青山ラドン	青森県	40.80348302097691	140.70556472568808		30	mg/kg	8.4		39.4	8	3.4		14.3	10.7	110	65.7
1236	森と温泉	向陽荘	青森県	40.79073587290203	140.7121205316777		40.2	mg/kg	7.8		708	6.2	9.6		789	113	519	71.7
1237	細越	中粕	青森県	40.78957263575806	140.71226121827726		19	mg/kg	7.2		40.4	4.4	3.9		31.9	42.7	36.5	41.9
1238	鶴ケ坂・たらポッキ	鶴ケ坂長寿	青森県	40.79381999072945	140.63430735213703		45	mg/kg	8		3350	310	48		5810	128	211	11
1239	玉松	玉松	青森県	40.99469627944042	140.64749529811013		45.5	mg/kg	7.2		11200	1770	141		21000	106	160	87.6
1240	湯の沢	湯の沢	青森県	41.14993429466786	140.63472853123352		48	mg/kg	7.2		5430	121	73.6		8590	195	577	121
1241	平館不老不死	不老不死	青森県	41.15013047354242	140.63271474665748		40	mg/kg	8.6		260	128	0.1		48.2	766	24.4	30.5
1242	つるが浜名	浜名沢一号泉	青森県	41.17899566839113	140.4636524057366		37	mg/kg	8.2		209	2	1.9		186	26.7	231	77.8
1243	竜飛崎	ホテル竜飛	青森県	41.257037619201476	140.34767706180864		20	mg/kg	7.4		4540	1210	565		9680	1570	67.7	15.6
1244	王余魚沢	王余魚沢	青森県	40.72681155076203	140.66302355578208		54.4	mg/kg	8.8		1230	553	0.1		1680	1680	36.6	39.3
1245	杉沢	赤川	青森県	40.72131385851805	140.58996058555186		40	mg/kg	8.7		120	1.5	0.6		38.5	13	251	102
1246	稲村	稲村	青森県	40.70916739947273	140.59544115175805		48	mg/kg	8.6		145	3	0.4		84.3	10.3	324	107
1247	沖萢		青森県	40.70143015387974	140.59489935958578													
1248	浪岡	山正旅館	青森県	40.71081639580121	140.58616698145804		43.2	mg/kg	7.8		162	2.1	0.2		90.4	6.6	287	97.3
1249	女鹿沢	沖萢	青森県	40.71208319586383	140.57372354959287		48.1	mg/kg	8.6		241	2.7	0		207	43.8	232	150
1250	樽沢		青森県	40.709055002131294	140.55230613827064													
1251	下十川	健康温泉ポパイ	青森県	40.68913447093603	140.5593398932632		53.3	mg/kg	8.8		259	1.9	0		198	13.1	348	145
1252	福島	ときわリハビリテーション	青森県	40.679211779994205	140.56340534218504		24.8	mg/kg	7.2		24.3	9.6	4.9		12.7	9.3	91.1	73.2
1253	常盤	常盤村福祉センター	青森県	40.671344035938084	140.54723401608933		45	mg/kg	8.6		218	2.7	0.3		153	4	332	130
1254	榊	ときわ会病院	青森県	40.67333289626183	140.53311146470793		52	mg/kg	7.3		3350	120	7.3		5440	8.7	208	110
1255	豊田	喜龍	青森県	40.65532400447961	140.50594884270737		43	mg/kg	8.3		187	2.8	0.2		227	0	153	137
1256	西豊田	藤崎老人福祉センター	青森県	40.655731158651754	140.50203078578434		49	mg/kg	8.2		475	6.2	0.5		629	12	226	114
1257	藤崎	武元	青森県	40.653422639617474	140.4943558636175		41	mg/kg	8.4		113	3.6	1.5		87.8	1.8	171	117
1258	福井	福井1号泉	青森県	40.6538756812751	140.49139860892603		58.4	mg/kg	8.4		4470	78.4	5.9		7250	8.5	345	196
1259	西浅田	西浅田	青森県	40.646184934305325	140.50712491196148		44	mg/kg	8.8		69	3.2	0.2		28.1	7.5	141	116
1260	堂野前	リバーサイド温泉ホテル	青森県	40.650595133726775	140.56677173657022		44	mg/kg	8.5		72	6.7	0.1		94.9	12	45	112
1261	前田屋敷	喜楽井	青森県	40.64950836389339	140.55287558172773		45	mg/l	8.7		318	9.7	1.1		410	10	195	138
1262	川部	川部	青森県	40.64549765749342	140.52423325412778		45	mg/l	8.7		335	10	0.2		467	11	128	125
1263	畑中	老人憩の家	青森県	40.6325969985215	140.55054948361519		50.8	mg/l	8.7		1040	49	0.5		1630	10	183	174
1264	大袋	平川温泉旅館	青森県	40.618297818721494	140.5157890590805		51	mg/kg	8.6		116	2	0.7		98.6	0.5	164	138
1265	大和	大和	青森県	40.614119999300314	140.57750947178647		44	mg/kg	8.6		59.7	0	1		17.7	19.3	112	64.9
1266	猿賀	猿賀温泉4号泉	青森県	40.61941016003929	140.5668285630663		50	mg/l	8.8		198	4.6	0.1		217	16.3	153	130
1267	つがる	つがる	青森県	40.621452012687996	140.539404519488		47.2	mg/kg	8.6		200	10.4	0.3		240	11	146	86.7
1268	新屋町	新屋町	青森県	40.60469166438578	140.56736637394638		52.3	mg/l	8.4		342	8.4	0.3		460	3.2	183	83.3
1269	大川原	大川原	青森県	40.633322455904434	140.71337783314175		47	mg/kg	8		59.7		0.5		15.2	33.3	94.2	13
1270	南野田	黒石環境管理センター	青森県	40.69113644442588	140.5943870530507		48.3	mg/l	8.8		96	2.4	0.7		33.3	14	186	163
1271	黒石二双子	二双子	青森県	40.679716264198944	140.60390158168298		45.3	mg/kg	8.8		50	3	0.3		16.3	8	105	107
1272	下目内澤	並木宝石店	青森県	40.669877015284825	140.60589123542738		40.2	mg/kg	8.6		34.1	9.2	0.6		15.1	9	93.4	67.3
1273	富士見	富士見	青森県	40.66565132465041	140.59917377991738		42.8	mg/l	8.8		79.3	2.7	0.8		13.4	11.9	189	129
1274	上十川	第2岩木	青森県	40.66034429521252	140.61576167430127		26.4	mg/l	8.4		25.9	6.6	2.7		12	11	68.3	54
1275	末広	末広	青森県	40.65665501170948	140.5969230308847		36	mg/kg	8.2		24.7	8.3	1.8		15.7	9	67	71
1276	袋井	袋井	青森県	40.64097740373233	140.59018664134624		43.5	mg/kg	8.6		37.7	5.2	1		12.4	17.3	79	81.9
1277	追子野木	柳川	青森県	40.63506012506948	140.58407057879057		26	mg/kg	7.4		22	11.6	3.2		12.3	2.1	87.3	57.5
1278	宝	滝の口	青森県	40.62773728476773	140.61135287922696		53.5	mg/kg	7.6		644	1.8	1		789	0	463	169
1279	長者	長寿温泉3号泉	青森県	40.61412903794608	140.65712369239054		47.5	mg/kg	8		260	3	5.8		154	25.3	449	120
1280	中野		青森県	40.62051710127221	140.68886481186678													
1281	温湯	三号泉	青森県	40.60693610909977	140.66657338059062		60	mg/kg	7.6		383	24.8	1.5		404	223	122	47
1282	板留	板留	青森県	40.605964228346785	140.6823868884319		61.8	mg/l	7.5		234	239	4.5		204	774	74.4	100
1283	袋	サニーランド	青森県	40.60576196422982	140.67880814785994		54	mg/kg	7.2		350	322	5.4		390	936	109	56.3
1284	落合	平山温泉1・2号	青森県	40.606584175661126	140.67723919664087		55.9	mg/l	8.1		56.3	12.2	0.2		13.4	68.2	88.5	18.7
1285	要目		青森県	40.58570643763148	140.72575076574833			mg/l										
1286	大穴	大穴	青森県	40.58364759941426	140.7170376865369		62	mg/kg	8.3		199	5.6	0.5		146	176	72.1	53.3
1287	二庄内	新二庄内	青森県	40.58191025497456	140.69251374053812		81.5	mg/l	8		182	7.2	0.5		113	176	91.2	71.9
1288	沖浦	沖浦	青森県	40.57157755131083	140.68547055293564		76	mg/kg	8.5		264	32	1		319	136	109	41.9
1289	青荷	2号泉	青森県	40.57035556698543	140.72965757998978		48.2	mg/kg	7.6		75.7	13.4	0.4		64.7	66.4	61	34.7
1290	新屋	新屋	青森県	40.59175542010536	140.60037318705926		41.6	mg/kg	8.8		295	7.2	2.8		142	235	211	126
1291	平賀観光	平賀観光	青森県	40.587358603893136	140.58843478087192		48.4	mg/kg	8.5		182	8.4	0.2		38	285	88.5	137
1292	南田	アップル	青森県	40.58772370152499	140.5706203143873		51	mg/l	8.5		430	3	0.1		545	1.9	235	0
1293	町居	みちのく	青森県	40.58543153412879	140.58039498536363		51.5	mg/kg	8		448	2	0.7		390	191	292	105
1294	鷹の羽	鷹の羽	青森県	40.58971559073952	140.5633226911719		45	mg/kg	7.6		883	14.4	2.4		1310	11.5	198	110
1295	松崎	前田	青森県	40.59386068184389	140.53323720678685		58	mg/l	7.8		4000	185	4		6850	79	100	170
1296	柏木	せきかわ旅館	青森県	40.57984259951746	140.55969468174376		47	mg/kg	7.8		1230	21.8	7.8		1580	493	159	149
1297	沖館	沖館比山館	青森県	40.57192275452153	140.57759901967194		50	mg/kg	8		556	9.6	0.7		387	639	85.5	143
1298	石郷	柳田	青森県	40.57626382787872	140.5532411947688		48.8	mg/kg	7.5		720	20.3	6.4		986	290	119	147
1299	大坊	大坊	青森県	40.57116467728534	140.54247112839545		61	mg/kg	7		410	17.8	3.8		605	103	48.8	0
1300	高畑	向陽	青森県	40.565511065875974	140.57292505378683		44	mg/kg	7.8		680	24.5	75		760	710	104	75
1301	岩館	大龍	青森県	40.55915617741666	140.54291647651215		62.6	mg/kg	7.3		4000	157	32		6590	124	159	81.9
1302	広船	矢捨山	青森県	40.56682768074887	140.6117593182605		58.4	mg/kg	8.4		228	59	0.5		286	206	76.3	88.9
1303	唐竹	向川原田	青森県	40.565012089234685	140.5952262260425		60.5	mg/kg	7.6		320	140	1.4		469	360	42.7	43.4
1304	小国	山下	青森県	40.54046467539784	140.69017329604821		45.7	mg/l	8.2		106	12.7	0		120	64.4	43.9	27.3
1305	葛川	平六沢上	青森県	40.526068452806506	140.71878455640032		54	mg/kg	9		132	12.4	0.1		86	148	64.1	79.3
1306	切明	誉田	青森県	40.51019024983091	140.7364407625033		78.1	mg/kg	9.2		48	4	0		326	11	67.1	75.8
1307	井戸沢	井戸沢	青森県	40.52819424091095	140.7475662154262		50	mg/kg	8		440	25	0.6		425	285	161	62
1308	平六		青森県	40.53260628511077	140.75846891662363													
1309	温川		青森県	40.51433534726751	140.78608020887313		49.5	mg/kg	7.2		322	58.7	6.6		321	243	257	50.7
1310	八幡館		青森県	40.54028086599525	140.5621162233375													
1311	上牡丹森	湯とぴあ	青森県	40.51165497598217	140.5729893790273		30.3	mg/kg	7.4		13.7	3	1.2		16	0	30	2.5
1312	萢頭	萢頭	青森県	40.51077655175456	140.57736670205648		64	mg/kg	8.2		178	25.5	1.8		169	128	113	59
1313	大鰐	青柳温泉3号泉	青森県	40.52095303010998	140.5750583351563		78	mg/kg	6.8		690	210	8.2		1030	548	141	46.3
1314	苦木	苦木観音橋の湯	青森県	40.51545529180819	140.60077161339123		43	mg/kg	8		147	18.8	1		149	128	53.2	43
1315	長峰	正観湯	青森県	40.51156878958824	140.6113210934846		46	mg/kg	7.7		62.6	1.2	0.7		28.3	55.5	66.8	67.9
1316	駒木沢		青森県	40.52239922089903	140.63943043300216													
1317	島田	島田	青森県	40.47096312206131	140.5806709330002		13.6	mg/kg	7.4		6.6	4.8	1.3		4.9	1.9	30.5	12.7
1318	古懸		青森県	40.49005534944789	140.62534756926377													
1319	碇ケ関	興栄	青森県	40.474105371574126	140.6300348583529		51	mg/kg	6.5		4500	640	197		8140	127	1210	80.2
1320	折橋	関所	青森県	40.44330945496112	140.63390053004724		72.6	mg/kg	7.2		3500	750	93.8		6390	406	683	87.3
1321	久吉	大川下際	青森県	40.43570268751927	140.7133632472778		49	mg/kg	6.4		1540	150	79		2100	40.1	1060	47.5
1322	程ケ平間欠泉	程ケ平間欠泉1	青森県	40.44418921383512	140.65433999367855		50.3	mg/l	6.5		426	623	78.8		583	870	1350	0
1323	古遠部	遠部沢	青森県	40.430371434178475	140.67039528980345		49	mg/kg	7.4		248	160	4.9		280	492	73.2	37.7
1324	藾ケ平	藾ケ平	青森県	40.44519506123213	140.6484682821769		47.5	mg/kg	7.7		317	72.8	2.4		260	362	201	40.3
1325	津刈	津刈川	青森県	40.44615273885537	140.63993505919163		54	mg/kg	6.8		460	601	122		579	939	1520	137
1326	津軽湯ノ沢	新湯の沢	青森県	40.42946971991631	140.61375074653375		72.8	mg/kg	7		5470	1180	187		11000	382	623	62.8
1327	相乗	おおげど1号	青森県	40.427324036566205	140.63500503174808		71	mg/kg	7.4		136	127	3.7		131	379	66.8	67.4
1328	小泊	小泊	青森県	41.126201266074446	140.31096892856053		39	mg/l	7.6		1650	459	4.9		565	3730	96.3	10.8
1329	十三湖	十三湖	青森県	41.051900545500104	140.35130114046382		25.5	mg/kg	6.6		1790	92	148		2740	878	92.8	43
1330	今泉	布引	青森県	41.02957629815047	140.4186353215236		48	mg/kg	8.2		1010	986	0.7		2730	820	39.7	35
1331	中里	亀山	青森県	40.96466484798838	140.44144985004016		44	mg/kg	7.9		1360	29.6	6.3		1840	272	299	22.3
1332	老人福祉センター	福祉センター	青森県	40.9210506518468	140.4598248192667		38	mg/kg	8.5		455	8.8	1.9		497	207	143	20.7
1333	金木	朝日山	青森県	40.90158286533154	140.453616527452		34.6	mg/kg	8		1640	34	17.5		2100	636	214	9.2
1334	福泉	不動の滝	青森県	40.829450526467184	140.4878559849209		36.2	mg/kg	7.7		1990	18	12.8		3010	59.4	427	71.2
1335	社会福祉老人ホーム	青山荘	青森県	40.80872324326136	140.4990192205453		52	mg/kg	7.9		899	11.6	4.2		800	437	539	22.3
1336	下平井	磯の湯	青森県	40.81494143064193	140.4486056736322		19.7	mg/l	8		172	1.9	1		177	5.7	186	49
1337	西北	西北	青森県	40.811111928939795	140.4434090713355		52	mg/l	8.3		4000	136	48.6		6280	245	256	0
1338	小曲		青森県	40.8097903141035	140.43390469697576		61.1	mg/l	7.5		2630	67.5	23.2		4060	186	278	120
1339	松島	温泉ホテル	青森県	40.80666259013833	140.45946231394018		60.5	mg/kg	7.6		3140	50.7	20.6		4700	317	329	31.2
1340	一ツ谷	つるの湯	青森県	40.807919104459025	140.45086939624989		56	mg/kg	7.8		4080	127	18.3		6380	259	244	71.3
1341	りんご館	りんご館	青森県	40.8072520965931	140.44713633706573		57	mg/kg	8.2		3600	50.5	0.9		5600	165	287	111
1342	温泉津軽	温泉津軽	青森県	40.80620639122741	140.4464276287754		28	mg/l	7.7		1830	20	10.7		2610	26.1	567	0
1343	五所川原	1号	青森県	40.808529622622814	140.44035392491222		49.5	mg/kg	7.4		4000	190	25.3		6420	282	201	143
1344	藤巻	藤巻	青森県	40.80319795352374	140.46799696979411		58.8	mg/l	8.2		2410	22.4	15.2		3420	135	662	32.3
1345	滝ノ湯	滝ノ湯	青森県	40.80086208566197	140.4516923265154		66	mg/kg	7.5		4510	116	65.6		7190	294	268	46.3
1346	湊千鳥	福乃湯	青森県	40.79473375618314	140.44543671530923		64.2	mg/kg	7.6		4570	108	34.6		7080	265	305	25.3
1347	青陽園	青陽園	青森県	40.790088870109706	140.45117802590454		60	mg/kg	7.2		5200	148	42.3		8160	270	299	57.4
1348	桜木	金太郎	青森県	40.78217120291028	140.44047813592613		57.3	mg/l	8		2230	17.9	3.2		3040	31	976	95.3
1349	広田	広田	青森県	40.779845538155435	140.4657727468077		48	mg/kg	7.8		2870	54.4	3.5		4500	0	390	120
1350	浅井	浅井	青森県	40.778316058981375	140.48925048058936		63	mg/kg	7.6		1820	21.5	12		2270	468	540	76.4
1351	広富	広富	青森県	40.7797924005169	140.5077179029447		52.6	mg/kg	7.6		1320	14.7	5		1550	474	350	48.8
1352	夢野	持子沢	青森県	40.7630360379317	140.54162190260016		46	mg/kg	7.4		834	4.8	2		667	202	852	102
1353	松倉	梅沢	青森県	40.75722558129288	140.4658135841758		50.1	mg/l	7.8		2980	62	10.3		4670	0	488	185
1354	山田	山田	青森県	40.75321934179093	140.4366403164708		61	mg/kg	8.1		1500	7.3	0.3		1780	16.5	1070	174
1355	鶴田	鶴田	青森県	40.75743626463454	140.43149391736952		34.3	mg/l	7.8		624	39.7	30.1		498	0	828	0
1356	鶴寿	鶴寿	青森県	40.75883996879135	140.41533202023183		62	mg/kg	7.8		3560	48.7	1.3		5540	3.7	571	137
1357	妙堂崎	北日本	青森県	40.783773351326936	140.36389753756487		56.8	mg/kg	7.4		6300	28.2	58.3		8470	240	2700	153
1358	大沢・津軽富士見荘	国民年金保養センター	青森県	40.75391749819832	140.37781056525094		53.5	mg/kg	7.1		7340	187	136		11200	678	1610	160
1359	前田	鶴泊	青森県	40.73292169741946	140.43345098458408		63.5	mg/kg	7.8		3250	42.1	3.6		5000	0	546	31.3
1360	高増	ねぶた	青森県	40.72771424055874	140.4944403651263		56.2	mg/l	7.8		5040	117	4.9		8030	14.8	636	90
1361	高増	高増神社	青森県	40.717962593271984	140.48911283862913		52	mg/kg	7.6		1590	11.2	1.9		2260	16.3	459	145
1362	三千石	木賊	青森県	40.70422610171434	140.46482643801593		60	mg/l	7.6		2760	20.6	0.3		4190	36.5	543	95.3
1363	掛落林	あすなろ	青森県	40.71895293564607	140.44008492733144		63.8	mg/l	8.2		3900	32	9.8		5750	0	960	186
1364	灰沼	おおくら	青森県	40.70025513527135	140.45195799119537		45	mg/kg	7.6		1480	18.4	2.9		1990	11.7	779	183
1365	板柳	板柳温泉2号泉	青森県	40.697790636960484	140.46035702394505		50.7	mg/l	8.2		2580	36.1	6.5		3980	27.5	500	84
1366	宮元	宮元	青森県	40.68558205221602	140.46972274781098		57.4	mg/l	8.2		2070	19.9	0.2		3110	16.5	445	95.7
1367	福野田	ふるさと	青森県	40.68816038469279	140.46385203791226		52	mg/l	8		1870	23.5	2.6		2800	24	443	212
1368	三和	三和	青森県	40.725338227447196	140.40495168388514		69.5	mg/kg	7.6		7270	354	14.9		12300	5.1	201	230
1369	大森	田浦	青森県	40.71218796550295	140.384479168933		47	mg/kg	7.8		614	5.8	1.3		430	21.4	943	147
1370	貝沢	二十一世紀ランド温泉	青森県	40.70732682710342	140.39468560866797		31.5	mg/kg	8		204	61	62		185	266	415	103
1371	三世寺	鳴瀬	青森県	40.659637988678554	140.4604884151954		51.5	mg/kg	7.4		3100	74	10		4850	144	375	232
1372	神原	神原	青森県	40.66052371513768	140.43188762975558		42	mg/kg	7.4		960	34.5	6.8		1480	14.4	275	99.8
1373	独弧	石田	青森県	40.65107693288715	140.4451877790095		38.5	mg/l	7.6		303	27.1	14.5		318	15.6	427	87.3
1374	津賀野	はなさき	青森県	40.640782586911634	140.49040615722825		51	mg/kg	8		2560	22.8	1.7		3830	8	549	239
1375	鶴田	長成	青森県	40.6168409898541	140.3523799362497		27.5	mg/l	6.9		230	114	90.1		389	66	688	136
1376	堅田	鷹揚園	青森県	40.613742000112396	140.49350042897385		36	mg/kg	7.4		2690	64.5	7.5		4150	0.8	426	96.4
1377	船水	船水	青森県	40.62881813567891	140.46429516154808		47.5	mg/kg	7.4		5730	160	12.9		8740	545	488	75.7
1378	石渡	一号泉	青森県	40.629915194764614	140.4534287625355		45	mg/kg	7.2		2650	24.4	31.6		1990	7.5	4140	137
1379	福田	タカラ温泉	青森県	40.6096898741732	140.51037053837078		46	mg/kg	7.8		2320	92	11.6		3720	12	262	110
1380	境関	境関	青森県	40.617136846139516	140.50379363184902		46.1	mg/l	8		1300	48	5.5		2110	2	213	164
1381	紺屋町	白菊	青森県	40.61259181635986	140.46108249115196		37.7	mg/kg	7		1530	25.8	149		1450	115	2460	93
1382	宝来泉	宝来泉	青森県	40.604559583826195	140.45799846388869		33											
1383	新里	二ツ屋(花咲)	青森県	40.60185480235136	140.5202809441906		47	mg/kg	8.4		60	1.7	0.1		42	1	134	118
1384	城東	城東	青森県	40.60686387561757	140.4959314369209		23	mg/kg	7.8		368	10.4	2.4		507	3.8	189	80
1385	城北	津軽長寿	青森県	40.61906086453567	140.4730926454281		50.6	mg/kg	7.4		7000	168	21.5		11500	0	336	232
1386	駅前	菊乃湯	青森県	40.60239368279936	140.48309328709811		26	mg/kg	8.4		980	17.6	4.4		1440	20.6	280	61
1387	土手町	朝日2号泉	青森県	40.602234130134676	140.47107283944683		42	mg/kg	8		1840	30.7	5.7		2810	7.3	360	106
1388	小比内	小比内泉(1号泉)	青森県	40.591002436651074	140.49723104089904		42	mg/kg	7.3		5430	188	36.5		8920	170	455	84
1389	富田	弘西	青森県	40.58807352462705	140.4795720017792		39	mg/kg	8.4		424	7.2	3.9		586	64.6	109	51
1390	寒沢・弘前	寒沢	青森県	40.59015125669126	140.4664412389215		42	mg/l	8.8		1310	21.2	13.9		2360	21.9	146	0
1391	桔梗野	富の湯	青森県	40.589197419876136	140.4612609645656		36	mg/kg	7.5		892	20	11.2		1350	8.8	204	112
1392	清水富田	清水富田	青森県	40.59255906918558	140.44744877475418		31.2	mg/kg	7.6		380	16.1	7.1		569	39.5	115	98.6
1393	堀越	合川	青森県	40.57320932000164	140.51965173159812		51	mg/kg	7.6		1500	41.5	4.8		2300	32	336	133
1394	伸光	大清水	青森県	40.58098261615548	140.49214852714744		29	mg/kg	8.4		1100	4.1	0.5		1740	11.4	137	43.6
1395	城南	山崎	青森県	40.5750003508073	140.47190132498116		45	mg/l	7.8		5040	135	36.4		8140	1.9	284	10.3
1396	旭ケ丘	緑ケ丘ホテル	青森県	40.57974149793661	140.45977616166024		41.5	mg/kg	7.4		3260	72.3	29.3		4950	219	306	44.2
1397	桜ケ丘	桜ケ丘	青森県	40.57503533849973	140.4521889151671		41.2	mg/kg	8.4		497	4.7	2.4		560	56	350	62.8
1398	松原	松原	青森県	40.568500148123015	140.48262732703895		44.5	mg/kg	8.4		993	6.8	1.7		1350	25.2	348	54.4
1399	石川	川原田	青森県	40.55592391723696	140.53966762835034		43.5	mg/kg	7.8		723	21.8	10.6		911	93.8	437	104
1400	小栗山	白馬龍神	青森県	40.55876289542645	140.49140915764823		58.4	mg/kg	6.8		2250	210	79		2830	1250	561	47.6
1401	大和沢	光世	青森県	40.54794563462428	140.46366693518476		43.5	mg/kg	6.7		1240	150	61		835	1620	665	46
1402	小沢	小沢龍神	青森県	40.55127601748961	140.43100058625976		43	mg/kg	7.3		2360	609	5.3		2980	2330	54.2	27.7
1403	高屋	高屋	青森県	40.6180466481449	140.4279104985833		46.3	mg/kg	6.8		2120	152	1.5		2520	74.2	2090	164
1404	一町田		青森県	40.61145375629618	140.423040535942													
1405	五代	五代	青森県	40.61327317645895	140.40769377282942		48.2	mg/kg	8.2		101	9.4	0.8		23.7	12.4	253	123
1406	新岡	新岡	青森県	40.63017072100483	140.39232691793606		47.3	mg/kg	8		875	20	7		1000	0	780	155
1407	三本柳	二号泉	青森県	40.61030798794236	140.34739633124053		45	mg/kg	6.5		340	72	118		497	83.6	761	130
1408	百沢	東岩木山	青森県	40.620379383362064	140.3436480576728		52	mg/kg	7.8		576	17.8	0.1		380	157	796	98.3
1409	嶽	嶽	青森県	40.641637647260346	140.27539837191276		46	mg/kg	2		212	432	82.6		1650	580	0	147
1410	黒森	常盤野	青森県	40.63937334131238	140.27147643492899		61	mg/kg	6.6		547	409	200		1550	499	537	210
1411	湯段	湯段萢	青森県	40.62688724836099	140.25210317835672		55.4	mg/kg	6.4		493	300	144		1210	368	568	168
1412	駒越	ちょっとマイウェイ駒越	青森県	40.60876348547169	140.44115911246578		28.1	mg/kg	7.8		90.5	18	5.3		127	24.4	88.9	71
1413	五所	御所	青森県	40.585799367110674	140.396273302984		49	mg/kg	8.2		890	48	5.6		1400	90	117	104
1414	黒滝	黒滝	青森県	40.589864391622875	140.40055826392316		31	mg/kg	8.2		150	4.4	1.5		164	33.2	104	96.9
1415	黒土	国吉	青森県	40.594139635679184	140.3436315719127		61	mg/kg	7.8		4320	273	9.7		7200	123	79.4	160
1416	大白	白沢	青森県	40.59292734228127	140.28309671812593		50.4	mg/kg	8.2		1350	39.4	1.5		2000	42.9	313	160
1417	田代	おんな坂	青森県	40.56681850148457	140.2935798524045		40.2	mg/kg	8.4		810	590	2.4		2240	108	61	114
1418	砂子瀬	美山湖	青森県	40.52969319581423	140.24233640493824		60.5	mg/kg	8		2760	1500	1.4		6740	441	34.8	0
1419	牛潟	会津稲荷(16号)	青森県	40.931583346884466	140.3547122206518		40.5	mg/kg	8		471	11.3	2.1		515	72.2	344	115
1420	稲垣	稲垣寿楽	青森県	40.87511963010315	140.39721883510225		49.5	mg/kg	7.8		3200	120	18.7		5000	260	208	187
1421	館岡	亀ケ岡	青森県	40.87931187225864	140.3376249738277		50	mg/kg	7		9200	652	109		15300	819	143	0
1422	秋元観光	秋元2号泉	青森県	40.816790459842686	140.38306303977643		63	mg/kg	7.4		3660	18	10.2		4490	21.3	2560	124
1423	曙	尾野病院	青森県	40.80706203744934	140.39103175245174		65	mg/kg	7.8		5100	106	57		7790	320	678	90
1424	野田	光風	青森県	40.795603040212654	140.37211046699542		55.8	mg/kg	7.6		3120	16	18		3050	8	3480	163
1425	森田	3号泉	青森県	40.77794519458333	140.34781010107662		52	mg/kg	7.4		4490	80.7	95.6		5370	68.5	3730	150
1426	鷺坂	アサヒ	青森県	40.80919169572207	140.43291419742516		67											
1427	柏	柏	青森県	40.80641219186687	140.42055553836113		65.5	mg/kg	7.2		4690	135	22.5		7190	344	417	99.5
1428	志野田	志野田	青森県	40.79696342411131	140.39888372966917		61.8	mg/kg	7.8		4520	54.5	47.3		7040	137	579	65.7
1429	舞戸	舞戸	青森県	40.774208591051995	140.22351051097814		54.5	mg/kg	7.7		8920	2560	80.2		18500	442	18.3	39.2
1430	鰺ケ沢	鰺ケ沢	青森県	40.773500810772724	140.2207988149091		52											
1431	大鳴沢	1号泉	青森県	40.73215508454694	140.28691349663194		30.5	mg/kg	7.6		73.9	14	6.3		18.4	6.4	250	76.9
1432	大燃	熊ノ湯	青森県	40.66083026816071	140.1495945697228		32.5	mg/l	6.8		452	320	37.5		397	849	659	0
1433	吾妻	吾妻	青森県	40.66002287064698	139.93848343852545		30	mg/kg	7		3250	528	530		6780	879	311	29.4
1434	深浦		青森県	40.63110949050012	139.9197319550615		30											
1435	六角沢		青森県	40.632827610492086	139.92378036089627													
1436	黄金崎不老不死	黄金崎	青森県	40.61458345304277	139.8619010507231		43.5		7									
1437	舮作・みちのく	へなし岬	青森県	40.6014871863303	139.86872887185265		55.5	mg/kg	6.6		6100	670	595		11000	1040	1620	88.1
1438	椿山	ボーリング井	青森県	40.592662236328884	139.8707650793513		49	mg/l			8620	700	1000		16700	1720	1180	0
1439	猿の湯	猿の湯	青森県	40.61128945154244	140.00393142332035		31.5	mg/kg	6.1		83	260	45.4		17.7	15.9	1190	157
1440	岩崎	岩崎	青森県	40.58691109364702	139.91169466233023		39	mg/l	6.4		440	65.8	22.8		787	49.5	182	0
1441	奥ノ湯		青森県	40.579956641049726	139.9984753741603													
1442	岩崎新湯	岩崎新湯	青森県	40.58148876128064	139.98927002221345		50.4	mg/kg	7.4		2150	294	6.1		2110	2380	196	42.6
1443	白神	白神温泉静観荘	青森県	40.580360725415716	139.92792730249792		40	mg/kg	6.8		2150	84	70		1060	400	4140	152
1444	十二湖	十二湖キャニオン	青森県	40.55656145803698	139.9465725489088		26	mg/kg	7.2		42		1		33.4	17	44	109
1445	湯坂		青森県	41.32494207159195	141.09922171756386		42											
1446	下夕沢	下夕沢源泉	青森県	40.69850501197916	141.39419832631478		47	mg/l	7.6		3400	290	49.5		5660	410	143	0
1447	(三沢市)	淋代平源泉、住友化学三沢工場給湯施設	青森県	40.73364887438535	141.35845151757763		40											
1448	一川目	一川目	青森県	40.63821125583704	141.44244032567846		41											
1449	下田	下田	青森県	40.60166274024083	141.41478774866633			mg/l	8.2		1680	83.2	19.5		2510	320	253	0
1450	角の浜	松梼湯	岩手県	40.449842102226064	141.68086468887492		11	mg/kg	6.1		31	7.3	5.7		56.5	13.5	13.5	21.5
1451	大谷	1号泉	岩手県	40.35739442640189	141.6618283393402		11	mg/kg	6.4			3.7	1		6.8	7.6	19.4	27
1452	伊保内	伊保内	岩手県	40.19736234368029	141.41031537270712		15	mg/kg	5.5		15.6	30	5.6		11.3	15.5	190	16.7
1453	宇部冷泉	第1号泉	岩手県	40.14900017976186	141.8308005140646		13.2	mg/kg	3.3		32.3	49.6	12		71.3	921		89.9
1454	山根の湯	1号泉	岩手県	40.08261463266348	141.70562996096172		12.5	mg/kg	10.2		97.3	1.2	0.1		8.6	4.6	379	42
1455	金田一	金栄の湯	岩手県	40.32264156025208	141.3130389260744		35	mg/kg	8.1		195	5.7	2.2		24	72	480	12
1456	似鳥	羊見の湯	岩手県	40.23790388682438	141.23353894094234		13.6	mg/kg	6.3		1690	79.3	56.2		1520	373	1920	8.2
1457	浄法寺	玉の湯	岩手県	40.16941207400568	141.13672869775775		12.9	mg/l	6.5		4550	420	353		6170	1510	3690	35.5
1458	田山	米代	岩手県	40.13676074583922	140.95231377565327		32	mg/kg	8.8		34	7.6	0.1		14.2	27.8	47.5	13.6
1459	新安比	保戸沢の湯	岩手県	40.102227842854056	141.05992486133675		53	mg/kg	7		8660	286	235		11700	183	4800	69.2
1460	七時雨山(荒沢)	田代の湯	岩手県	40.084577331839306	141.12926411768925		15	mg/kg	6.1		592	73.6	22.5		1050	15	316	33
1461	小屋畑の湯	保戸坂の湯	岩手県	40.07850006219812	141.02029899972266		33.4	mg/l	9.3		33.8	6.4	0		3.9	57.5	31.4	10.5
1464	浪打	弁天の湯	岩手県	40.21755958582818	141.352195155834		13	mg/kg	8.3		72.8	8.6	0.3		16.6	14.5	218	16.6
1465	宮田	1号泉	岩手県	40.17629069830133	141.23303860680457		38.2	mg/l	7.1		72.8	8.6	0.3		724		1810	51.7
1514	とぴや		岩手県	40.00375996046176	140.9787570408126													
1515	七時雨	老人憩の家	岩手県	40.03031181875761	141.1084543542906		17.4	mg/kg	6.5		2500	460	180		4300	63.3	2040	62.6
1516	尻沢	尻沢	秋田県	40.40339513371806	140.75754725813098		38.1	mg/kg	6.2		190	490	118		284	693	1260	65.6
1517	大森平	大森平	秋田県	40.4090265952361	140.75382373978852		40.1	mg/kg	6.3		540	861	133		1310	815	1500	52.8
1518	仁吾平	小坂町八九郎	秋田県	40.39462596964338	140.74931802807083		36.5	mg/l	6.3		475	808	135		1290	736	1310	343
1519	野口		秋田県	40.38522407741652	140.74233331421783													
1520	若木立	同和鉱業	秋田県	40.37439604123337	140.7191853383937		42	mg/kg	6.5		197	538	95.8		223	940	1770	106
1521	砂子沢		秋田県	40.36298486910227	140.738945579466		24											
1522	小坂鉱山	湧水	秋田県	40.330166081424245	140.75002493354572		26		6.1									
1523	渡ノ羽	渡ノ羽	秋田県	40.336431227645896	140.73624713524035		34	mg/kg	6.9		1160	543	118		1030	2430	477	27.4
1525	大湯	同和鉱業	秋田県	40.374908237652626	140.88702870220598		26	mg/kg	8.2		31.9	12.9	0.4		14.5	48.6	40.2	15.8
1526	湯の岱	湯岱	秋田県	40.29889304677298	140.84116525594592		60	mg/kg	7.8		373	75.6	4.2		601	86.8	98.9	58.4
1527	荒瀬	荒瀬の湯	秋田県	40.29737947147969	140.83638609969202		60.5	mg/kg	8.6		405	61.2	0.6		624	86.7	76.9	62.8
1528	上の湯	千葉旅館	秋田県	40.294736284625564	140.8330769557247		68	mg/kg	8		429	66.4	0.3		662	122	86.4	54.3
1529	中田	石川4号井	秋田県	40.29173139761089	140.82750474258415		56	mg/kg	8.1		420	52.9	2.2		537	202	77.7	57.4
1530	川原の湯	川原の湯(元湯)	秋田県	40.29381216269383	140.82157060581073		74	mg/kg	8.1		555	94.9	0.1		880	159	130	5.1
1531	下の湯	下の湯	秋田県	40.29210645638047	140.82170073839418		59	mg/kg	7.9		435	82.1	0.6		715	130	68.2	62.2
1532	湯瀬	鶴の湯	秋田県	40.12343906670159	140.83708578279112		63.2	mg/l	9.2		145	25	0		33	297	36.7	53.6
1533	下水沢	桂温泉	秋田県	40.05345228764564	140.8154367562861		33.5											
1534	志張		秋田県	40.02390040883582	140.81542591169432		47.2	mg/l	8.5		113	6	0.5		74	47.5	123	39.2
1535	切留平(長者)	若の湯	秋田県	40.01890009556678	140.81157140696752		66	mg/l	7.9		191	7.8	0.1		143	71.8	182	77
1536	ナナカマド	ナナカマド荘2号井	秋田県	40.01559671545974	140.8102856061775		70	mg/l	8.7		126	1.5	0		51.6	12.6	198	57.5
1537	銭川		秋田県	40.01472234423506	140.80369847941338		95	mg/l	8.1		242	19.2	0		305	106	73.7	144
1538	トロコ		秋田県	40.01295692193029	140.80287488851766		99	mg/kg	8.6		235	23.7	0.01		294	104	10.4	225
1545	日景	日景	秋田県	40.423438697397074	140.60796598069658		42.2	mg/l	6.5		2650	627	165		5550	11	758	
1546	矢立		秋田県	40.41842635540664	140.61728522352098		41.5	mg/kg	6.2		2330	552	155		4750		665	120
1547	下内沢		秋田県	40.41685818532969	140.57980054316863		36	mg/kg	7		590	100	41.8		1150	12.4	195	153
1548	長森		秋田県	40.33360282868429	140.55183557271027		38.5	mg/kg	8.4		265	521	0.3		246	1230	313	38.4
1549	滝の沢	滝の沢	秋田県	40.328841347194135	140.5423453197784		37	mg/kg	8.4		175	359	10.6		113	1120	20.1	29.4
1550	大明神	大明神	秋田県	40.30336065458381	140.65695481365316		46	mg/kg	8.1		310	513	9.7		75.5	1820	39.7	22.4
1551	雪沢	雪沢	秋田県	40.298175917035316	140.64229521666195		49.5	mg/kg	7.9		300	463	21.2		113	1630	54.9	60.7
1552	富留沢		秋田県	40.29068672892928	140.58343548749133		31	mg/l							210			
1553	大文字		秋田県	40.278566902791894	140.57128960146352													
1554	沼館	沼館	秋田県	40.28528373669652	140.53984395377424		44	mg/kg	8.5		570	314	139		867	1440	24.4	42
1555	長静		秋田県	40.28144617298972	140.51835813658136		44	mg/kg	9.6		188	139	1.2		150	503	3.1	26.6
1556	柄沢	柄沢	秋田県	40.26366750364916	140.58085158617402													
1557	東台		秋田県	40.270053901261214	140.57422503005452													
1558	山館		秋田県	40.23237833644092	140.5847589964839		32	mg/kg	9.3		120	132	2		10.6	527	70.8	20.4
1559	軽井沢		秋田県	40.21644951851042	140.643265418912		47.5	mg/kg	8.1		475	175	6.4		520	701	41.4	45.1
1560	新軽井沢		秋田県	40.21673443835429	140.63715094064895		64	mg/kg	8.4		733	195	2.4		1040	723	74.7	58
1561	大滝		秋田県	40.213073516889644	140.6431174582987		58.5	mg/kg	8		460	192	3.6		510	716	18.3	44.6
1562	二井田		秋田県	40.22660246003074	140.56467681456456													
1563	別所		秋田県	40.20399476841054	140.6917255152557		48.6	mg/kg	7.5		295	516	7.5		94.7	1700	79.1	40.4
1564	岩瀬	岩瀬	秋田県	40.2876394704298	140.46202310677864		26	mg/kg	7.4		550	258	7.2		1190	134	54.9	41.5
1565	早口		秋田県	40.29930340202053	140.42441175933976		27	mg/kg	8		728	535	13.9		1480	993	56.7	14.2
1566	湯繰舟沢	湯繰舟沢鉱泉	秋田県	40.29842894143979	140.35703349185582		11.5	mg/kg	6.3		17.1	2.4	0.2		12.1	19.4	21.1	60.1
1567	(鷹巣町鷹の湯)	鷹の湯	秋田県	40.229988275280995	140.36675549343775		17	mg/kg	7.2		15.2	8.6	4.2		10.1	8.6	66	43.1
1568	長重		秋田県	40.2131201048934	140.30338542014448		9.6	mg/kg	6.4		36.3	1	0.2		15.6	33.8	53.8	41.3
1569	湯の岱	湯の岱	秋田県	40.17568172709705	140.47621638528824		38	mg/kg	7.4		280	216	26.7		177	848	113	58.6
1570	七日市		秋田県	40.17472153255813	140.40362648908123		11	mg/kg	6.3		13.2	8.1	3.5		17.7	16.9	41.7	36
1571	明利又		秋田県	40.104978318576606	140.50503323889401		41											
1572	(鷹巣町松沢)		秋田県	40.10456658956506	140.47806028330015		19.5	mg/kg	7.6		190	553	12.1		892	548	61	40.6
1573	(能代市大柄)		秋田県	40.298126812522504	140.1568224605239		12.7	mg/kg	7.8		170	19.9	1.6		209	30.9	205	5
1574	蓮		秋田県	40.16091101147815	140.32980896345552													
1575	扇田	扇田	秋田県	40.22947058443016	140.5810060693318		34.5	mg/kg	9.2		328	256	4.8		24.8	1240	24.4	33.2
1576	中野		秋田県	40.17579086743105	140.60539297284555		32	mg/kg	8.5		210	204	1.3		56.7	817	18.3	25.2
1577	大葛	源泉B	秋田県	40.126508188573176	140.67833108424233		44	mg/kg	8.6		210	184	173		121	1410	18.3	48.8
1578	湯ノ沢・杣		秋田県	40.05412752832702	140.58159008483815		53.5	mg/kg	8.8		298	137	0.1		486	289	36.2	61.9
1579	下前田	下前田	秋田県	40.070747620655624	140.4139081863549		44.5	mg/kg	7.4		1930	1100	82.6		4290	1200		59.4
1580	(森吉町米内沢)	薬師湯	秋田県	40.12280472762729	140.37713562640695		12.7	mg/kg	6.4		16.6	11.8	4		17.7	5.6	95.6	42.2
1581	(森吉町平田)		秋田県	40.043393244318324	140.60174676263404		13	mg/kg	5.8		4110	233	103		6720	47.5	827	71.2
1582	中山		秋田県	40.0543207466476	140.30188642756													
1583	山ふじ		秋田県	40.02238496725101	140.31233411461918													
1584	鯉茶屋	村ボーリング井	秋田県	40.01364021815081	140.27982625606575		18	mg/kg	8.1		946	49.3	14.1		1350	11.3	403	278
1605	妙乃湯		秋田県	39.803127647123354	140.79765399584608		68	mg/l	2.9		36	29.5	17.2		51.4	812		87
1628	茂谷		秋田県	40.318434814985125	140.22603856632713		9	mg/kg	6.5		6.5	6.2	1.3		10.6	8.3	25.4	54.7
1629	湯の沢	湯の沢	秋田県	40.30740270417433	140.29407107824716		46.5	mg/kg	8.8		1550	18.5	1.6		2060	415	112	95.4
1630	(藤里町松倉)		秋田県	40.30719603168208	140.27504667610376		13.6	mg/kg	6		63	10.3	1.3		58.5	3.6	99.8	44.9
1631	八森		秋田県	40.3861344160309	139.98643959603223		19	mg/kg	9.1		2410	449	97		2000	2970	459	34.8
1632	潮浜		秋田県	40.328527774144696	140.02684918706663		21.5	mg/kg	6.9		72.9	9.9	0.1		53.7	10.1	110	61.3
1633	梅内		秋田県	40.23850372032353	140.21073678445376		20	mg/kg	8.6		357	2.4			403	2.8	274	70
1634	湯の沢		秋田県	40.21775471396532	140.2602054446396		14	mg/kg	8.6		450	2.5	3		682	22	31.8	19.5
1635	切石	二ツ井温泉開発	秋田県	40.20423517515795	140.21117378453886		45	mg/kg	8.1		5300	51.7	11.5		8010	2	569	35.5
1636	駒形		秋田県	40.19954666166694	140.1788120523584		28.5	mg/kg	8.6		1660	15.7	3.7		2450	3.5	304	72.4
1637	能代	1号	秋田県	40.23639395585662	140.0131506392818		74	mg/kg	6.9		9780	275	120		13300	32.9	5290	88.6
1638	船沢		秋田県	40.169019932352946	140.04168927316556		38	mg/kg	7.6		11800	677	173		20200		424	136
1639	下岩川	田屋の湯	秋田県	40.084326610232274	140.15229162695755		16.5	mg/kg	7.4		2390	34.7	6.1		3070		1290	11
1640	森岳	1号井	秋田県	40.087989671709025	140.09903756113206		64	mg/kg	7.6		6000	2190	213		13800	270	24.4	47.4
1683	小本	黄金八大龍王	岩手県	39.84653959326753	141.96537090027843		11.3	mg/kg	7.1		4460	404	800		8990	1290	283	14.2
1684	宮本		岩手県	39.84288306072039	141.90382902994077		5	mg/kg	2.7		5.1	4.2	1.4		27.7	234.7	0	38.6
1685	岩泉・龍泉洞	沢廻湯(龍泉洞温泉ホテル)	岩手県	39.860441157830024	141.79666922265824		11	mg/kg	7.6		5	9.7	5.1		3.5	37	17.6	33
1686	小田代	小田代源泉	岩手県	39.72174281219947	141.9293250314633		11	mg/kg	6.8		6.1	2.7	0.9		6.6	21.3	20.6	21.2
1687	安庭沢・和井内		岩手県	39.70485613274987	141.6608240931975		24	mg/l										
1688	宮古	宮古源泉	岩手県	39.645854644782524	141.94233102102748		9	mg/kg	6.5		8.2	4.7	2.7		7.9	5.7	30	17.3
1689	倉の沢		岩手県	39.646691683825914	141.7487486651283		24	mg/l										
1690	大沢		岩手県	39.590595877272996	141.7445095044112		4.6	mg/kg	8.7		33.6	2.3	0.3		5.6	18.4	84.4	16.5
1691	赤平	鷹の湯	岩手県	39.45769432001669	142.04786497622538		13	mg/kg	5		152	31.4	21.7		270.5	127.6	9.8	50
1692	小川・白水	白水の湯	岩手県	39.29613766724044	141.77299517503167		15	mg/kg	9.4		48	2.3	0		10.7	15.7	84.8	12.9
1693	釜ぶろ	釜石マリンホテル	岩手県	39.25384830706612	141.8894909904693													
1694	小峠	かみおつぼの湯	岩手県	39.12648688015306	141.8067128252011		14.3	mg/kg	6.3		4	2.6	1		5.2	0	28.9	11
1695	赤崎・大船渡		岩手県	39.06505191606729	141.7401343043115		18	mg/kg	6.2		0.5	0.9	2.2		17.8	13.6	72.9	9.1
1696	金山	姫の湯	岩手県	39.02675407480312	141.3315459113184		14	mg/kg	6.6		5.8	14.4	4.3		11.9	43.2	58.1	17.5
1697	三島・千厩	不老の湯	岩手県	38.91609972202128	141.31910134022144		15	mg/kg	6.4		14	14.8	2.5		13.6	10.8	52.3	22
1698	草の湯		岩手県	39.98062002053303	140.87509298724567		34.5	mg/l	3.6		11.5	15.6	4.1		7.2	111	0	31.8
1699	安比		岩手県	39.9743842142861	140.8984793912767		42.5	mg/l	4.4		40	293	4.7		10.7	773	0	16.5
1700	御岳・黒石	御岳の湯	岩手県	39.99944231330854	141.15525005611886		31.3	mg/l	8.1		104.4	16.2	5.4		52.2	3.2	285.2	19.2
1701	西根	宝の湯	岩手県	39.89533401296772	141.0920392494441		56	mg/l	8.5		670	14.1	7.4		654.1	341	341.4	24.5
1702	焼走	いこいの村岩手	岩手県	39.88293750255243	141.07370932037253		29.5	mg/l	7.5		48.8	12.5	5.8		16	26.8	153	43.1
1703	岩手・生出	松の湯	岩手県	39.859816569232194	141.1131909264328		16	mg/kg	8.4		48	6.3	30.5		45.4	195	149	79.5
1704	御在所		岩手県	39.95032747442386	140.9322622860897		17	mg/l	3		8.2	77	6.1		7.2	335	0	33
1705	藤七	H-3(藤七温泉)	岩手県	39.94159295279538	140.86149424913208		95	mg/l	9.1		143	3.8	0.5		10	300	3.1	48
1706	藤七沢		岩手県	39.940697379143266	140.86509399604654		94.5	mg/l	3.9		3.7	35.2	20		7.2	188	0	117
1707	畚沢		岩手県	39.93438398247904	140.8667651772136		94	mg/l	8.7		146	1.9	0.3		32	26	263	147
1708	清水川		岩手県	39.91974435455727	141.02769079456573		27	mg/l	7.7		125	50	46.3		81	251	296	45.7
1709	八幡平	八龍の湯	岩手県	39.948001015782495	140.93085367702324		92.4	mg/l	7.6		575	154	7.2		9.5	1169	400.3	99.4
1710	松川	松川荘の湯	岩手県	39.87102812205757	140.92650482874578		42	mg/l	3.9		16.8	8	4.3		2.8	96	0	8
1711	赤川(松川)		岩手県	39.86541892758143	140.91423908796006		31.6	mg/l	3.9		20.8	48.2	8.7		1	229.6	0	28
1712	澄川(松川)		岩手県	39.85879594730206	140.9298303551606		44.4	mg/l	5.8		70.3	76.9	24.2		1.5	306.2	198.3	38
1713	七滝	一号泉	岩手県	39.8497925009667	140.9752662335903		65	mg/l	4.1		156.1	82.1	50.8		203.8	1054.5	0	213.8
1714	岩手山	第2白百合源泉	岩手県	39.813868343884415	141.06904148037208		41	mg/l	7.8		469	65	7.8		302.9	612.5	232.2	118.4
1715	夢の湯		岩手県	39.78933752881432	141.1086425255121		37		8									
1716	滝沢		岩手県	39.75207328486565	141.10020577309527													
1717	新盛岡	麗の湯	岩手県	39.75389706495632	141.06513663319274		27.2	mg/l	8.1		152	4.1	2.7		14.1	7.6	392.9	38
1718	栃内	第2大釜の湯	岩手県	39.69847379253862	141.0576653703679		37.3	mg/l	7.9		928	25.2	30.4		302.9	1242	232.2	24.1
1719	大松倉沢		岩手県	39.83863922174588	140.91518452388638		44	mg/l	5.5		40.7	67.7	13.9		3.1	226	95.8	46
1720	網張元湯	元湯	岩手県	39.837882398546846	140.94286894491347		92.5	mg/l	5.9		2.5	3.9	1.4		4	32.5	15.3	21
1721	中州		岩手県	39.827142719245145	140.8732245267771		66	mg/kg	6.9		148	24.5	1.3		198.5	94	94	80
1722	滝ノ上	第2鳥越野湯	岩手県	39.8250700780041	140.87243348959166		96	mg/l	9.1		109	9.6	0.3		63	116.5	65.9	160.5
1723	南白沢		岩手県	39.819622899047125	140.87200346260332		96	mg/l	3.9		5.7	12.6	1.1		5.4	83.5	0	79
1724	治山事務所		岩手県	39.816696808713914	140.89768932091764		51.2	mg/kg	7.7		322	6.3	0.8		255.2	20	364.9	70
1725	ぬくもり	ぬくもりの湯	岩手県	39.80535127285362	140.94615516486297		39.2	mg/l	8.1		89.4	28.4	7.8		33.2	37	285.8	77.8
1726	玄武	若返りの湯	岩手県	39.79056208416961	140.9456508583207		28.2	mg/l	7.4		410	17.5	33.5		191.9	24	1031	72.5
1727	篠崎		岩手県	39.77019781549224	140.94653938165837		15.4		7.7									
1728	雫石高倉	高倉の湯	岩手県	39.77519561878509	140.93021565615757		54.8	mg/kg	6.8		1281	24.4	5.4		1426	5.4	1038.8	107
1729	雫石	幸の湯	岩手県	39.74613657264462	140.93399017354434		45.5	mg/l	7.8		1395	62	5.8		2206	0	285.6	75.7
1730	国見	薬師の湯	岩手県	39.72759677451065	140.79335530810513		54.6	mg/l	7		966	128	84		259.6	260	2483.1	50.5
1731	鴬宿	元湯	岩手県	39.635560067522945	140.92157700856419		58	mg/kg	8.3		145	65	0.4		1358	495	503	143
1732	御所湖	橘の湯	岩手県	39.67899052047748	141.02561214159348		53.5	mg/kg	8.9		173	5.5	0		89.7	180	80.7	34.4
1733	繋	藤美の湯	岩手県	39.67234680567104	141.02549953201162		72.3	mg/l	8.9		172.2	11.8	0		88.6	230	50	54
1734	鳳	1号	岩手県	39.69862427313731	141.02750629093342		36	mg/kg	8.4		304	9.5	0.1		497	391	430	32.5
1735	猪去	簡易保険センター	岩手県	39.678717472682834	141.06276355057835		14.5	mg/kg	7.3		6.2	9.9	5.8		10.3	10.7	46.1	24.1
1736	赤湯	赤湯温泉健康ランド	岩手県	39.64820055553522	141.08994496756287		41											
1737	矢巾	煙山の湯	岩手県	39.619427157277315	141.08011498008756		39.2	mg/kg	8.3		239	4	0.8		85.9	0.5	478.1	36.3
1738	あづまね	けやきの湯	岩手県	39.57280439905057	141.08055556667415		41.3	mg/kg	8.9		134.4	1.3	0.1		7.2	9.1	332.9	103.6
1739	志和稲荷	1号井(稲荷湯)	岩手県	39.5576390871296	141.07796153547318		12	mg/kg	8.5		23.8	4.5	0.1		3.9	5.5	62.8	14.5
1740	石鳥谷	しらふじの湯	岩手県	39.50152333177909	141.09556153751663		26.5	mg/kg	8.6		33	3.1	1.4		8.4	6.2	106.2	30
1741	新湯本・新花巻	小桜の湯3号泉	岩手県	39.47027267723497	141.09788796139495		52.5	mg/l	8.9		138.6	1.5	0		41.7	65.4	148.4	44.1
1742	花巻	鬼ケ沢第2号泉	岩手県	39.45408189064472	141.06844642108828		98	mg/kg	8.3		348	32.5	0.2		132.8	485.4	163.4	133
1743	台	新湯	岩手県	39.45431958123615	141.0521325730657		99	mg/l	8.6		320	29.4	0		165.7	457	80.7	50
1744	金矢	万寿の湯	岩手県	39.44038058866656	141.0549810214029		42.7	mg/l	8.9		80	2.6	0		29.7	27	116.4	46.9
1745	新鉛	黄金の湯	岩手県	39.469806828025675	140.98830819263696		35	mg/kg	8.4		209	1.5	0.01		82	250	142	27.5
1746	西鉛		岩手県	39.4693395055977	140.98852907091378		35	mg/kg	8.4		40	29.1	0.1		55	249	68	34
1747	鉛	下の湯	岩手県	39.46439706516753	140.99320764934276		54.5	mg/l	8.2		166	11	0		57.2	220	79.4	33.9
1748	高倉山	夢	岩手県	39.457085067725316	141.00205775078464		42.2	mg/l	9		226	1.5	0		76.4	265	122	30.8
1749	山の神	福の湯	岩手県	39.452504960431	141.0047939226253		42.1	mg/l	9.2		217	2.1	0.1		71.2	258.9	128.1	45.4
1750	大沢	大湯	岩手県	39.43717440605947	141.01610553421256		60.7	mg/l	8.4		220	5.8	0		81	275	95.5	41.1
1751	南花巻わたり	和多里の湯	岩手県	39.42702742204015	141.01476134854946		54.8	mg/l	8.6		172	30	0		54.6	276.9	56.8	33
1752	志戸平	喜久の湯	岩手県	39.41753450219407	141.0127196414288		74.2	mg/l	8.4		286	51	0.3		210.9	404	39.8	76
1753	松倉	第3養老の湯	岩手県	39.410324866652466	141.0140102554439		49.2	mg/kg	8.4		150.4	13.1	0.2		10.1	219.1	142	25.2
1754	二子		岩手県	39.31718738621894	141.1401006719114		24		1.5									
1755	沢曲	弥生の湯	岩手県	39.30710030834748	140.94865588834108		24	mg/kg	7.4		661.5	400	2.6		464	1720	38	101
1756	綱取	1号泉	岩手県	39.30622313352107	140.93103178335824		22	mg/kg	8.1		555	542.3	2.2		463	1813	58	196.5
1757	岩沢	羽山の湯	岩手県	39.297418794784654	140.92659263429476		36.5	mg/l	7.7		365	600	4.3		48.7	2150	23.9	20.9
1758	岩崎	元湯	岩手県	39.274384918746804	141.04257136555904		28	mg/kg	8.1		100	5.1	2.2		48.4	1.4	221.2	91
1759	水神	湯本3号井	岩手県	39.2397475646845	140.98183623210863		44.8	mg/l	7.4		173	4.2	2.6		53.6	7.7	406.5	86.5
1760	瀬美	夢の湯	岩手県	39.23833824392026	140.9561897559201		43.3	mg/l	8.6		113	0.3	0		41.1	17.8	204	104.1
1761	夏油	ラジウムの湯	岩手県	39.21265521842843	140.88813970345447		67.2	mg/l	6.8		208.4	509	8.5		146.6	1372	171.6	70.5
1762	真昼	1号泉	岩手県	39.40499877842248	140.73642884192347		42	mg/kg	8.4		530	31.5	0.1		491.1	424	81.1	55.5
1763	錦秋湖	大石の湯	岩手県	39.296636996242974	140.83640432620518		45.3	mg/kg	7.9		646	230	3.6		571.6	1124	37.4	15.8
1764	鷲合森	(鷲合森)	岩手県	39.227900659441374	140.86773157299504		38.5	mg/kg	7.3		159.6	279.4	2.4		39.6	967.9	5.3	52.4
1765	槻沢	1号泉	岩手県	39.35719545602854	140.7696606824382		90.4	mg/l	7.4		444	150.6	0.8		254.5	898	69.9	69.5
1766	湯本	3号泉	岩手県	39.34609143373832	140.77413680205507		88	mg/l	8.3		445	68	0.2		289.6	655	78.5	55.4
1767	湯本二度逢	1号井	岩手県	39.343597222765275	140.77323186591474		85	mg/l	7.6		597	230	0.7		477.2	1140	38.9	43.5
1768	湯田薬師		岩手県	39.331977971823136	140.77696040976053		59.8	mg/l	7.6		616	268.5	1.9		561.1	1235	36.5	35.1
1769	川尻	駅前の湯	岩手県	39.31389731786642	140.7758149676548		64.8	mg/l	7.6		690	344	3.7		696.7	1262	43.4	36.5
1770	小繋沢		岩手県	39.310715696704804	140.75848189018924		28.1		9.5									
1771	湯川・出途の湯	ふるさとランド	岩手県	39.28747198341641	140.77098589746953		64.3	mg/l	7.7		350	36.8	1.9		447	224	104	81
1772	湯川・中の湯	3号井	岩手県	39.278180265452356	140.7717044242555		67.3	mg/l	8.5		407	0.8	0		401.7	231	113.7	66.5
1773	湯川・奥の湯	奥の湯	岩手県	39.27540171390988	140.76935171214083		58	mg/l	7.9		300	41.6	1.9		400	195	80	86
1774	巣郷	3号泉	岩手県	39.27452789313647	140.71901321669014		71	mg/l	8.9		334	15.4	0		262.2	308	77.1	34
1775	千貫石	湯本東館	岩手県	39.2272085305663	141.01209839510796		59											
1776	金ケ崎・和光	寿の湯	岩手県	39.188096623876504	141.00391347895143		32.2	mg/l	7.7		150.4	6	2.6		6.4	0.8	437.3	53.8
1777	永岡	夢の湯	岩手県	39.17304393224687	141.0259419499349		38	mg/kg	8.3		850	47.2	15.8		1249	0	385.6	214.5
1778	若柳		岩手県	39.12359544693996	141.04789065375195		14		7.1									
1779	いさわ	旭の湯	岩手県	39.13155948927187	141.0057379041192		32	mg/l	7.3		223	3.1	1.1		73.5	2.3	461.3	108.9
1780	焼石岳	ヒメカ湯	岩手県	39.115716287917046	140.94419035669628		76	mg/kg	7.2		5600	79	21		7951	235	1172.2	107
1781	鹿の里	鹿の湯	岩手県	39.09459061251277	140.8715913081277		19	mg/kg	8.3		440	6.3	1.1		624.7	19.4	182.7	51
1782	石淵	ダムの湯	岩手県	39.113500896589954	140.90372343056097		44	mg/kg	7.8		1220	141	21		2136	11.7	109.1	94
1783	黒滝	のぞみの湯	岩手県	39.00854973677889	140.98033614544676		48	mg/kg	8.7		1860	14.5	2		2064	575	709.2	13
1784	平泉大沢		岩手県	38.98725121253023	141.10050111065735		16											
1785	湯元平泉	黄金の湯	岩手県	38.990921937425526	141.11058307707629		42.6	mg/kg	7.7		1628	174	12		2846	1.5	59.8	20.5
1786	花泉	喜久の湯	岩手県	38.8333863448406	141.180563965134		11	mg/kg	6.8		21.8	21.6	0		46.2	15	113.9	72.5
1787	一関	釜ケ渕の湯	岩手県	38.92619532446657	141.11142662204503		18	mg/kg	8.1		60	18.7	2.2		29.7	31.1	145.5	63.8
1788	厳美・厳美渓	滝の湯	岩手県	38.94423300016125	141.04378895018388		33.5	mg/l	7.7		572	18.8	2.8		700.2	0.7	382.4	73.5
1789	矢櫃	山王の湯2号	岩手県	38.976679241786634	140.92722264468892		65.3	mg/l	7.2		585	80	9		504.2	500.5	284.1	42
1790	奥厳美	つきの木の湯	岩手県	39.013513821289735	140.88690021390195		49.9	mg/l	8.7		268	7.9	0.4		218.2	182.4	127.4	23.5
1791	鳴沢	駒	岩手県	39.02499880557722	140.87444819262575		26.5	mg/kg	8.5		27.8	7.4	0		11	15	54	17.2
1792	祭畤	有朋亭	岩手県	39.00875273961029	140.86128796178733													
1793	真湯	真湯2号	岩手県	39.005439428361015	140.84603518054195		58.1	mg/kg	8.8		286	198	0.2		6.8	1077	19.1	31.6
1794	須川	霊泉の湯	岩手県	38.97936559747848	140.77107367375632		44.8	mg/l	2.2		119	106	39		250	1289.7	0	131
1795	赤川	赤川1号	秋田県	39.99773900985381	140.79323093745995		52	mg/kg	2.6		14.6	18	8.3		23.7	243.5		124
1796	澄川	酸の湯	秋田県	39.98966863090799	140.7927287466192		83	mg/l	2.2		5.9	20.3	21.7		2.2	1870	0	385
1797	大沼		秋田県	39.983465264453514	140.8017490702248		54	mg/kg	7		54	18.2	8		0.7	7.8	244.7	103.3
1798	蒸の湯		秋田県	39.97635136255127	140.81932967265647		96.9	mg/l	4.2		60	100	14		42	500	12.2	178
1799	後生掛	紺屋地獄	秋田県	39.97300776507686	140.80020645835899		96.5	mg/l	2		16	51	77.5		1	1430	0	350
1800	秋田焼山		秋田県	39.96461027116131	140.76183269899266		95	mg/l	2.1		4.4	7.4	4.4		1.8	1114.4	0	105.2
1801	打当	農業者健康管理センター	秋田県	39.92154154357454	140.53777643793237		52.6	mg/l	7.2		950	785	0.3		2600	589	15.3	19.5
1802	銀山		秋田県	39.996048336252464	140.40894362015726		11.4	mg/kg	5.9		542	83.9	32.9		556	407.4	446.7	27.4
1803	阿仁合		秋田県	40.002531276022985	140.402976366248		24		6.2									
1804	(阿仁町露熊)	露熊観光協会所有源泉	秋田県	39.972999623941966	140.37710615438348		10.5	mg/kg	5.4		14.5	8.3	1.9		17.7	41.4	2.3	68.5
1805	セセラギ		秋田県	39.90724731612341	140.45582614381374		38	mg/kg	7.6		1195.6	1006.3	4.6		2550.6	1514.4	13	56.8
1806	大深		秋田県	39.97237416613745	140.81678049159962		93	mg/l	2.4		17.4	46.6	37.8		0.8	2016	0	244
1807	新山沢	第2噴気孔	秋田県	39.96346417654761	140.82702595200712		98	mg/l	2		7.9	2.6	3.9		2.1	2360	0	726
1808	叫沢		秋田県	39.96785849184303	140.73815774640585		95	mg/l	2.1		23.5	55.3	29.2		10	2188	0	212
1809	玉川	大噴・大沸	秋田県	39.962919805815545	140.72477572434218		99.1	mg/l	1.2		45	130	43		3280	2630	0	244
1810	湯田又沢	第2噴気孔	秋田県	39.94289785339455	140.80796405666158		95	mg/l	1.2		7.8	29.9	5		3.8	852	0	113
1811	湯ノ沢・又口小屋		秋田県	39.92679673131759	140.78359291827226		72.3	mg/l	8.4		73.8	10.5	0.2		69	43.3	62.5	88.9
1812	新鳩の湯		秋田県	39.91066607261146	140.69776398569243		59	mg/l	8.4		146	20.2	0.1		68.2	281	51	85.1
1813	雑魚の沢		秋田県	39.88888228737338	140.68692170956427		39	mg/l	8.6		393.1		1.2		27.7	56.2	1171.5	22.2
1814	蛇の湯		秋田県	39.862810938278564	140.70492518867627		40.2	mg/l	7.5		88.5	128	0.2		10	511	24	45.6
1815	一本松沢		秋田県	39.800964151968756	140.81796737834316		53	mg/l	5.3		56.4	113	8.9		4.9	514	37	44.7
1816	大釜		秋田県	39.80447840722364	140.7971869579178		92	mg/l	2.6		43	9.1	5.5		52.4	577	0	241
1817	小釜		秋田県	39.804900318595294	140.79744072443384		92	mg/l	2.1		19.6	26.9	15.2		12.7	2230	0	150
1818	孫六		秋田県	39.8046253482401	140.80438739823586		69.2	mg/l	7.3		113	52	2.5		126	99.4	171	78.9
1819	黒湯		秋田県	39.80223810040201	140.80586098628203		94.7	mg/l	2.8		7.3	7.3	3.4		7	130	0	47.8
1820	蟹湯	唐子の湯	秋田県	39.806218678945214	140.79934107192642		53.5	mg/kg	8.6		77.5	126.6	1		3.2	443.7	40.3	51.2
1822	空吹	空噴の湯	秋田県	39.79839949408291	140.80508097979467		90	mg/kg	5.7		7.9	6.1	2.8		7.1	38.7	36.6	71
1823	鶴の湯	黒湯	秋田県	39.80486477491048	140.78003374108698		61	mg/kg	7.7		1019	132.8	54.2		982.1	282.9	1377.9	63.5
1824	赤倉沢		秋田県	39.791410012536204	140.7797054007441		29	mg/kg	6.4		725	134.4	76.8		533	12.4	1841	120.2
1825	田沢湖高原	1・2・4号混合泉	秋田県	39.777793608368846	140.76414108874008		49.7	mg/kg	5.1		60.1	6.8	2.3		90.1	31.6	20.8	67.1
1826	水沢		秋田県	39.764820409156414	140.75310497439656		44.8	mg/l	6.4		75.5	161	21		64	569	56.1	168
1827	田沢	日東オプチカル	秋田県	39.74880429389131	140.72383796953855		43.8	mg/l	7.5		965	100	24		1800	0	129	70.3
1828	ユースランド・小先達		秋田県	39.74231382171051	140.71974726544238		42	mg/kg	8.3		404	4	1.5		221.6	139.5	540	48.4
1829	田沢湖	羽根川	秋田県	39.736095899664896	140.70373499236928		41.8	mg/l	8.2		330	1.3	0.1		405	63.1	169	107
1830	生保内	パークライン	秋田県	39.72788639978587	140.72030166821497		14	mg/kg	7.6		7.8	41.2	4.9		7.8	63.6	63.7	8.6
1831	夏瀬		秋田県	39.629876761936615	140.6987140808387		38.3	mg/l	8.1		219	166	0.9		84	758	33.6	24.7
1832	小滝		秋田県	39.753878349083756	140.60202192006676		11	mg/l	6.8		54	40.1	1.1		130	19	26	13.8
1833	西明寺・西木		秋田県	39.66109325419901	140.56598740695782		29.8	mg/l	9.2		38.7	2			10.1	28	48	25.7
1834	(角館町冷水沢)	東北電力所有源泉	秋田県	39.60843449757437	140.65128852019137		43	mg/kg	8.3		202.7	180.4	0.9		102.6	937	97.8	36.6
1835	(角館町抱返)		秋田県	39.609605922618165	140.64206649439728		32	mg/kg	8.1		205	27.8	1.9		16.3	423.6	73.2	26.8
1836	ひでこ	国民保養センターひでこ	秋田県	39.62027117090867	140.47605000283292		41.5	mg/kg	9		206.1	207.1			55	858.4	19.5	23
1837	角館	端渓(株)	秋田県	39.592665085393755	140.56254548684518		51.3	mg/kg	8.5		912.5	947.4	0.3		2294	1077	13.5	26.9
1838	協和		秋田県	39.67960198830299	140.381415760591		49	mg/kg	8.7		225	179.2	0.7		135.2	728	18.3	32.2
1839	水沢		秋田県	39.615013837398585	140.43773078751133		30.5	mg/kg	8.7		343.4	284.3	5.6		70.9	1275	9.2	25.4
1840	滝の沢		秋田県	39.587477904284064	140.27848563220883		13	mg/kg	8.2		12.2	3.6	3.9		21.3	15.4	100.7	39.9
1841	桜		秋田県	39.56526498625007	140.3202009869532		27	mg/kg	7.9		58	4.9	2.3		28.4	31.3	94.6	73.1
1842	八乙女	さくら荘	秋田県	39.536350356645016	140.52008189804664		33.1	mg/kg	8.2		27	4.1	1.5		12.9	16	60.1	96.2
1843	鹿子		秋田県	39.499750398623235	140.66513299127817		21.5	mg/kg	8		61.1	116.1	43.8		15.6	589	256.2	16.8
1844	川口	太田町所有源泉	秋田県	39.505026193972085	140.65636858030524		32	mg/kg	8.4		200	348.8	0.1		39.1	1171	25.3	18.5
1845	中里		秋田県	39.500492083691604	140.58481753381986		46.5	mg/kg	8		860	297.4	8.4		1205	889.9	67.1	31
1846	仙北・秋山荘		秋田県	39.47290852771494	140.53591395964364		54	mg/kg	7.7		760	446.1	70.1		1452	935.1	36.6	42
1847	花の湯・浪花		秋田県	39.44926066247588	140.62534472187698		10.5	mg/kg	6		14.9	26.6	5.2		13.5	154.3	15.8	26.3
1848	千畑	仏沢温泉	秋田県	39.43308901799469	140.61824492321284		44.8	mg/kg	9.2		563	25.3			30.9	1170	33	42.6
1849	六郷町		秋田県	39.409410991540256	140.61419923130285		56.6	mg/kg	8.8		367.9	204	0.2		16	1199.8	81.1	110
1850	雁の湯		秋田県	39.364395134431255	140.54728964250071		41	mg/kg	8.2		514.5	21	2		393	140	603.6	110.1
1851	しあわせ	花館バーデン	秋田県	39.47415367551523	140.45977618155308													
1852	丸の内	大曲第1号井	秋田県	39.462605820307296	140.47536258350428		8	mg/kg	7.9		95	4	6.8		42.6	23	189.2	44.8
1853	姫神・大曲西根		秋田県	39.456333003282836	140.44671721305434		30	mg/kg	8.3		465	1.2			60.3		1135	34.8
1854	山の手	山の手ホテル所有源泉	秋田県	39.44012896138666	140.43627010158914		63.3	mg/kg	7.9		1627				2057		759.7	45.9
1855	角間川		秋田県	39.39999794322924	140.48354291346243		39	mg/kg	8.3		2177	932.8	71.3		5100	82.5	134.2	91.4
1856	強首	大場崎温泉1号	秋田県	39.540483505436086	140.29074610414276		62.5	mg/kg	6.9		2177	932.8	71.3		5100	82.5	134.2	91.4
1857	(仙北町水上の沢)		秋田県	39.488262042683964	140.3112279311315		12	mg/kg	6.9		11.2	13.6	6.1		17.7	23.4	64.1	79.8
1858	上谷地田・悪戸野		秋田県	39.44884451522427	140.3639391798393		34.5	mg/kg	8.2		1099	505.6	0.5		1937	972	21.4	30.8
1859	湯神台・湯の神		秋田県	39.427927974705305	140.36178849468817		46	mg/kg	8.5		1062.1	327.3	104.6		1904.1	946.2	79.9	60.4
1860	松木田	村営温泉	秋田県	39.4261766397262	140.3557097840098													
1861	中野		秋田県	39.423136239484755	140.3670760990817		34											
1862	滝の上		秋田県	39.41127225258428	140.36687319405038		38	mg/kg	8.4		1370	387	38.3		2146	1129	27.5	60.8
1863	岩倉		秋田県	39.41994152565299	140.35008151278092		44	mg/kg	6.4		907.2	599.3	2.4		1756.2	948.9	47.9	36.7
1864	小松川		秋田県	39.28970260187407	140.65642305059953		35	mg/kg	9.2		83	8.8	0.1		13.1	93.4	70.7	33.8
1865	新相野々		秋田県	39.281380132436794	140.6213365932174		65.4	mg/kg	8		624.5	229.8	0.3		380.7	1319	53	44
1866	相野々	第二相野々	秋田県	39.28241728096704	140.62060585260812		38.8	mg/kg	8		1806.2	81.8	5		2494.8	361.2	357.2	173.6
1867	北軽井沢		秋田県	39.29183302203181	140.61666414298494													
1868	三又		秋田県	39.20792346327976	140.7269138479729		21	mg/kg	9.3		70.5	37.9	0.2		71.2	128.5	0.8	14.2
1869	睦成追回		秋田県	39.334757320532546	140.57200510760697		36.8	mg/kg	8		1290	37	0.8		1588.5	337.5	389.7	25.6
1870	睦成	簡易保険保養センター	秋田県	39.32916407225851	140.5744894173302		36	mg/kg	8.2		1210	9	3.4		1578	324.2	391.9	10.8
1871	横手駅前・細谷第1	ゆうゆうプラザ	秋田県	39.30924579065896	140.56153504151504		44.3	mg/kg	8		1398.3	17.4	7.1		1698	409.5	382.4	36.8
1872	塩湯彦		秋田県	39.318525480393944	140.55095475439958		40.8	mg/kg	7.6		979.4	109.9	8		1369.2	381.8	154.9	60
1873	赤坂		秋田県	39.30051069788422	140.53017320908177		17	mg/kg	7.8		3425	94.2	30.4		5531		341.7	40.2
1874	大沢・湯の平		秋田県	39.30671039570805	140.58815444230692		25.6	mg/kg	9.4		500		1		280.1	271.2	545.3	34
1875	南町・楽園荘		秋田県	39.305132989686115	140.5684812659666		12	mg/kg	7.8		176.6	4.9	1.9		106.3	9.7	320.4	28
1876	細谷第一		秋田県	39.299876082054915	140.5307377872543													
1877	大雄ふるさと		秋田県	39.33504784252886	140.47418624865563		52.3	mg/kg	8.2		1507	99.8	11		2006	622.8	95.4	54.9
1878	矢走・坂部	かつら荘	秋田県	39.37422129126289	140.26616871209924		9	mg/kg	7.1		415	10.4	3.9		593.2	16.2	141.6	29
1879	大森公園	3号井	秋田県	39.353997299066265	140.43615033241295		47.7	mg/kg	8.3		886.6	429.3	0.4		1028	1528	18.6	11.5
1880	(大森町鳥井沢)		秋田県	39.353566846898374	140.43106424438633		10	mg/kg	5.2		6.9	0.8	2.1		26.6		42.7	9.2
1881	湯の沢		秋田県	39.34850417575003	140.44051759731414		23	mg/kg	7.4		515.3	481.7	6.5		811.8	1055.4	225.5	20
1882	さくら荘		秋田県	39.35372099553367	140.43629630950645		27.5	mg/l	7.2		505.7	454	7.2		743.3	1094	97.8	48.8
1883	(雄物川町二井山)		秋田県	39.313884579372484	140.38294484121718		12.5	mg/kg	7.1		25	13	6.9		8.4	12.4	12	22.4
1884	金峰	金峰1	秋田県	39.286863671987355	140.38335310714479		10.2	mg/kg	4.7		31	55	64		17.8	809.4		31
1885	雄物川		秋田県	39.2820233167323	140.40346260608658		54.5	mg/kg	7.6		4719	1217	8.5		8507	1246	21.8	11.8
1886	金峰山		秋田県	39.23359416768137	140.56506824983003		33.5	mg/kg	8		2932	169	18.9		2386	3479	66.8	13.1
1887	真人		秋田県	39.21133864966156	140.57315866447		18	mg/kg	6.2		47.5	10.6	5.1		24	28	116.1	11.6
1888	戸波		秋田県	39.180860870412374	140.540679914295		13.5	mg/kg	9.2		124	1.6	0.7		19.8	2.1	268.5	11.1
1889	上畑		秋田県	39.12406286971073	140.6470319678097		47.2	mg/kg	8.5		256	258			12	1070	87.8	22
1890	岩井川・なるせ	ジュネス休養センター	秋田県	39.17297004160017	140.7117014843491		36.2	mg/kg	7.1		20	14.4	2.9		17.7	13.5	73.2	13.6
1891	(東成瀬村谷地)		秋田県	39.10837741722231	140.72089162562713		11.5	mg/kg	7.4		41.7	17.2	7.5		7.1	22.4	146.4	313.4
1892	(稲川町飯田)		秋田県	39.14496394295113	140.55441169562718		12.2	mg/kg	6.4		12.5	2.5	0.6		13.3	14.7	6.6	30.9
1893	清水小屋河原	母之湯	秋田県	39.136517359864804	140.5671823592509		21	mg/kg	5.7		8.1	3.4	1.6		12.8	13.3	15.2	19.6
1894	岩崎	市営浴場(松並)	秋田県	39.20476924023369	140.51101607753836		20											
1895	湯の原		秋田県	39.166349999889164	140.50000289381336		29	mg/kg	7.6		167.5	40.2	8.3		191.9	232.2	34.6	23.4
1896	栗駒・小安峡	割湯	秋田県	39.00585276480253	140.66327504069992		98	mg/kg	8.8		225.8	26.1	11		246.9	159.1	107	203.4
1897	小安	村営4号井	秋田県	39.00233315994225	140.6691536644187		100	mg/kg	8.6		231.3	23.1	0.1		280.1	165.7	61.2	258
1898	大湯	大湯2	秋田県	38.98846046275016	140.68875154636166		99.1	mg/kg	9.3		196	7.1	0.01		213	121	18.9	207
1899	皆瀬川上流		秋田県	38.951808642979	140.6915491737787		84.5	mg/l	8.4		217	23.3	0.1		302	86.4	21.6	124
1900	栩の湯		秋田県	38.98379408003423	140.64055822844935			mg/l			5	1.6	1.1		3.6	17.7		
1901	石神山傍		秋田県	38.96666648961324	140.630612507904		47.3	mg/l	3.3		1.5	0.4	0.4		1.9	28.3		3.5
1902	赤湯又沢上流		秋田県	38.952822170491494	140.6206215667653		94.8	mg/l	2.7		4.5	1.6	2.1		3.2	139		39
1903	木地山	いこいの村	秋田県	39.000698472494015	140.63165073951902		40.1	mg/kg	6.3		34.5				7.2	12.3	92.3	75.7
1904	泥湯	川の湯	秋田県	38.99197967626085	140.6128916533493		80.5	mg/kg	6.2		92	75.5	38.1		273.4	141.9	59.5	166
1905	川原毛	泉源1	秋田県	38.991085468969345	140.60010028281772		99.2	mg/kg	1.4		41.3	10.5	98.2		2190	1240		263
1906	院内		秋田県	39.049384839335225	140.41643562499692													
1907	湯の沢	日勝館	秋田県	39.02567254773626	140.40831075168194		40	mg/kg	9		27	4	1		16.3	18.4	51.9	26
1908	荒湯		秋田県	38.96105031412707	140.55447160835487		97	mg/kg	2.3		23.9	0.3	4		51.5	821		189
1909	秋の宮・根木	根木共同引湯	秋田県	38.965656407034515	140.52659732991742		42.5	mg/kg	7.2		190	30.4	1.7		306	25.9	82.7	60.3
1910	秋の宮・湯の岱	新五郎湯	秋田県	38.96205550691784	140.52865769627954		71	mg/kg	7.4		356.2	30.9	5.6		585	48.6	88.5	91.9
1911	秋の宮・山居野		秋田県	38.95952389367785	140.53722423444262		69	mg/kg	8.2		372	28.9	1.9		593.9	52.9	18.3	88
1912	秋の宮・鷹の湯	殿上部落会所有源泉	秋田県	38.95545551915032	140.5384453727019		90	mg/kg	8.6		515	33.7	7.8		842.1	97.3	57.5	126.2
1913	稲住	源泉2	秋田県	38.96002077690251	140.5401846077116		75	mg/kg	3.3		7	5.1	1.6		3.8	35		41
1914	矢地の沢	矢地ノ沢ボーリング井	秋田県	38.95427386538075	140.55914316223112		82	mg/kg	8.8		625	28.5	0.4		1062	18.3	89	151.3
1915	湯の又		秋田県	38.94980696936533	140.5761702589154		54.5	mg/l	7.2		139	24.8	0.8		7.4	6.7	431	129
1916	滑多羅	なめたら	秋田県	39.95915618594099	140.22170139038818		14.5	mg/kg	9.2		476	1.5	0.5		196.8	1.7	939.6	10.8
1917	湯の越		秋田県	39.97401340801527	140.16893360754747		26											
1918	鯉クラブ		秋田県	39.952893886131186	140.1690417492103		15	mg/kg	7.5		3750	37.5	6.3		5460.4	2	1219.9	52.6
1919	小倉		秋田県	39.9500936982038	140.15410500176074		14	mg/kg	8.7		290	1.2	1.7		14.2	16.5	723.1	12
1920	健康だるま		秋田県	39.944597877906546	140.12909225650824													
1921	雀館		秋田県	39.938936837987754	140.12136886559094		3	mg/kg	6.1		10.5	10.7	0.6		14.2	3.1	54.9	26.9
1922	(五城目町上樋口)		秋田県	39.93192416213833	140.1192128702581		31	mg/kg	8.1		1850	130.7	60.3		3155		12	27.6
1923	保呂瀬		秋田県	39.910883479566074	140.20496220111158		12	mg/kg	7.5		24.5	46.8	2		19.5	80.5	91.9	25.4
1924	八郎潟		秋田県	39.94225845247017	140.07602569446522		13.5	mg/kg	7		47.5	49	37		72.8	1	397.7	46.3
1925	豊川		秋田県	39.86582959044305	140.0773950399239		25.5	mg/kg	7.7		5500	71.3	36.5		8687		61	25.8
1926	田屋	田屋の湯	秋田県	39.866942371350056	140.07020897854198		12	mg/kg	7.6		687.9	13.9	6.3		825.6	7.1	524.1	38.4
1927	琴浜		秋田県	39.93329725414109	139.93080056205852													
1928	男鹿入道崎		秋田県	39.999150562879876	139.70569965553494													
1929	男鹿湯本・湯本		秋田県	39.972434661345524	139.74215937086691		55.5	mg/kg	6.4		1480	270.4	110		2343	227.4	1062.2	81.1
1930	戸賀・塩浜	塩浜温泉	秋田県	39.94350136141976	139.7071681843479		41.3	mg/kg	5.8		626.7	206.8	83		1204	425.5	189.7	5
1931	金ケ崎	2号井	秋田県	39.92806416129881	139.70999585997797		61	mg/kg	6.9		1911	369.8	113.1		3333	372.1	930.5	
1932	加茂不動産		秋田県	39.91444827844184	139.72468679635034													
1933	加茂	加茂開発(株)	秋田県	39.909476193455994	139.73162095418533		29	mg/kg	6		2108.9	277.5	153		3347.1	104.5	1600.2	69.8
1934	増川		秋田県	39.870354477627565	139.83308452036485		14	mg/kg	7.2		30.6	54.3	15.8		39	81.7	217.3	1.2
1935	地蔵	鶴の湯	秋田県	39.900135801617886	139.9489021047782		21.5	mg/kg	6.6		27.1	43.4	9.6		63.1	16.9	207.1	61.2
1936	仁別沢	ザブーン温泉プール	秋田県	39.79543768648527	140.2226190833999													
1937	松木台	温泉ホテル	秋田県	39.79667741623073	140.1169288350006													
1938	大滝山		秋田県	39.78167396967978	140.14812082152903													
1939	松原・山内松原		秋田県	39.767342625209295	140.16791444024355													
1940	秋田	元湯	秋田県	39.7502102049752	140.13200115216142		41.7	mg/kg			4511	20.5	11.2		5321		3234	29.1
1941	太平山三吉	カントリークラブ所有源泉	秋田県	39.72282891372131	140.23668609135163													
1942	貝の沢		秋田県	39.72091600907699	140.26021920197007		31	mg/kg	8.2		1825	13.6	3.9		2447	10.4	750.3	78.2
1943	明田	明田の湯	秋田県	39.70748840837378	140.13441938839335		28	mg/kg	6.7		15.9	18	5.1		19.5	36.4	63.3	12
1944	金照寺山	金照閣	秋田県	39.70096835816848	140.12437743312205		21	mg/kg	8.4		4500	8.4	4.6		4485		4357	44
1945	三内峡		秋田県	39.74106043034057	140.31640810357896		68.1	mg/kg	8.8		199.1	206.1			54	840.5	19.7	62
1946	自然休養林センター・岩見		秋田県	39.707766833615246	140.28882344225457		30	mg/kg	7.8		2644	56.4	14		3680	3.6	1175	78
1947	野崎		秋田県	39.71136887682313	140.29203410557932		14		6.4									
1948	河辺・雄和深層熱水井	NEDO-4	秋田県	39.63593591489803	140.21893610265988			mg/kg	7.6		7710	70	27		11359	0		0.9
1949	河辺・雄和深層熱水井	NEDO-1	秋田県	39.61729935827712	140.2214985596824		67	mg/kg	7.1		7449	210	38		11609	24	1068	101.5
1950	下黒瀬		秋田県	39.6103775762355	140.15072581193053		24											
1951	高尾		秋田県	39.54317098486122	140.20663242350034		13	mg/kg	7.1		28	32.9	4.6		29.4	85.9	199.4	12.6
1952	女米木		秋田県	39.552446540750445	140.20768317032932		24											
1953	新波		秋田県	39.53038573521169	140.22504643895044		14	mg/kg	6.6		13.5	21.3	8.3		26.6	9.1	108.1	18.7
1954	雄和町ふるさと温泉		秋田県	39.516183122044225	140.21808070219535		47	mg/kg	7		372	172.8	35.4		6168		460.7	65.6
1955	大黒沢		秋田県	39.51150135511052	140.2219053361916		13.5	mg/kg	9.1		69	1.6	1.5		24.8	9.8	85.4	3
1956	冷田の湯	風平荘	秋田県	39.55103588445093	140.0592457459402		24											
1957	白狐		秋田県	39.51650921652664	140.0986179147151		14	mg/kg	8.1		216.2	10.7	4.2		68.9	22.1	514.1	25.4
1958	亀田		秋田県	39.500918303195874	140.08516919324788		13.5	mg/kg	8		175	3.1	0.8		35.4	28.3	373.5	14.7
1959	沢口	伝兵衛湯	秋田県	39.479883044692215	140.07966462119623		24											
1960	金ケ崎・新沢	感湯館	秋田県	39.467733859209844	140.151324635313		19	mg/kg	7.8		418.6	72.6	7.8		730.4	4.6	107.3	15.6
1961	かすみ		秋田県	39.42820087469974	140.18902105067244		14	mg/kg	9.4		175.3		25.4		7.1	3.7	646.7	18.2
1962	羽広	小羽広館	秋田県	39.37909025373355	140.24726687160222		21.5	mg/kg	5.7		9.5	4	4.4		14.2		30.5	52.6
1963	滝		秋田県	39.35437264879624	140.23254223315007		21.5	mg/kg	8.8		265.9	70.5	1.4		195	483.1	12.6	25.1
1964	親川	国民保養センター楠山荘	秋田県	39.44265273524034	140.07690476971266		13.5	mg/kg	7.4		27	37.7	18.2		32.6	23.9	195.1	55.6
1965	岩倉		秋田県	39.39929330516782	140.0573092482159		19	mg/kg	8.6		154.4	41	13		148.9		363.8	56.1
1966	三川湯の台		秋田県	39.415985270389356	140.0339541589144		18	mg/kg	7.4		3740	75.8	25		5666		701.7	73.4
1967	松沢	新山湯	秋田県	39.403215238408634	140.025013075994		17.1	mg/kg	7.6		174.5	7.9	4.9		212.6	2.9	263.1	35.6
1968	本荘	本荘鉱山R2号井	秋田県	39.388672595109284	140.06325494416302		36.7	mg/kg	8.3		1119	11	1.9		1439		566.7	96.9
1969	尾崎	観月荘	秋田県	39.38214347784786	140.04708511601908		37	mg/kg	8.5		895	11.2	1.6		1081	1.6	625.4	137.2
1970	安楽		秋田県	39.374480964827946	140.04394247247205		11	mg/kg	5.7		35.5	6.7	5.7		67.4	25.5	21.4	17
1971	三六		秋田県	39.367815098234416	140.07307598354427		15.1	mg/kg	7.4		20.1	12	6.6		35.5	26.7	70.2	60
1972	湯沢		秋田県	39.34118671900126	140.13477545794603		12	mg/kg	7.4		55	13.6	8.5		17.7	61.2	152.6	16.4
1973	館	泉山荘	秋田県	39.339867220702374	140.13182402428342		13	mg/kg	7.6		284		2.2		283.6		336.5	61.2
1974	(東由利町老方)		秋田県	39.305473232717326	140.28838695451415		4	mg/kg	6.7		35.6		0.7		16	15.5	45.8	55
1975	若林の湯		秋田県	39.34193644877717	140.2379826946225													
1976	東由利		秋田県	39.30154023873208	140.28497131947864		39.2	mg/kg	8.3		365.2	41	1.2		179.1	488.3	158.1	11
1977	柴倉		秋田県	39.26704016135956	140.29534626366095		16	mg/kg	6.4		195	12	3.2		219.5	87.7	97.6	2.5
1978	君の家・鮎川		秋田県	39.33032993536855	140.06580164925577		24											
1979	前郷		秋田県	39.31694205475793	140.11205084249752		10.7	mg/kg	7.6		12.8	22.9	12.3		37.2	5.2	209.2	33.1
1980	天拝		秋田県	39.264808897430406	140.05368151406782		21	mg/kg	7.7		31.6	12	5.6		21.3	19.2	98.9	59
1981	(由利町黒沢)		秋田県	39.25663095250168	140.07897557173425		14.5	mg/kg	6		21.1	10	6.1		60.2	6.9	106.8	
1982	月山	熊の子沢温泉	秋田県	39.246851222482114	140.1215120387541		16	mg/kg	6.1		169.1	6.8	3.8		24.8	16.5	441.7	46.8
1983	釜ケ台	老人憩の家	秋田県	39.23066733674341	140.0333594679058		10.7	mg/kg	5.7		9	4	3.6		17.7	31.5	9.2	50
1984	両前寺	神の湯	秋田県	39.29346665697694	139.96564555548622		7	mg/kg	7.6		1136.4	31.7	13.7		1423.2		758	45.5
1985	院内	滝の沢2号井	秋田県	39.272807207743625	139.97593324064837		62.6	mg/kg	8.4		2445	17.9	4.3		1977	247.1	2888.3	104.2
1986	午の浜		秋田県	39.28688983128308	139.94299260341148		22.5	mg/kg	7.7		22.1	15.6	12.6		35.5	14.6	106.8	51.6
1987	平兵湯		秋田県	39.09280162783876	140.25621924256927		14.5	mg/kg	7.5		22.5	34.9	15.1		14	56.2	141.3	14.4
1988	湯の沢		秋田県	39.16967122140124	140.13039419002413		15.5	mg/kg	7.6		182.1	6.6	3.8		168.6	4.6	239.6	52.8
1989	猿倉	鳥海荘	秋田県	39.16847220364638	140.1334642691667		47.5	mg/kg	8.5		1240	2.4	7.8		904.2		1752	44.2
1990	(鳥海町奥山)		秋田県	39.12719891864145	140.0883958022948		17	mg/kg	7.8		97.5	7.4	11.2		92.1		155.6	55.2
1991	赤石	国民宿舎はまなす荘	秋田県	39.238705228314	139.91336823278593		52.4	mg/kg	8		6935	11.9	10.9		9751	10.9	1867	35.5
1992	大竹		秋田県	39.23009339775665	139.94688682752547		17		7.4									
1993	硫黄谷地・金浦	金浦温泉	秋田県	25.67654271473895	91.58007921128205													
1994	前川		秋田県	39.23478485831887	139.92643972721575		55	mg/l	7.4		3681.6	59.7	12.7		4729		1938.2	29.1
1995	羽州	羽州観光(羽州3号井)	秋田県	39.225414568806656	139.90419708378457		35.8	mg/l	7.6		7205	93.8	42.4		10860	5.9	1461	207.3
1996	象潟・塩焼島	腰丈の湯	秋田県	39.21828965201502	139.90271676751524		43.8	mg/kg	7.8		9345.5	198.5	9.2		14572.5		1515.7	62
1997	塩越・象潟	R3号井	秋田県	39.20201288762741	139.90386749718706		30.5	mg/kg	7.5		8000	171.4	69.3		12320	9.6	1708	72.4
1998	上郷	貝湖の湯	秋田県	39.20192646151269	139.90090464947184		10.3	mg/kg	7		47.7	23.6	16.4		94.7	4.4	155.4	22
1999	(象潟町関)	R6号井	秋田県	39.183332008433204	139.907001916582		25.5	mg/kg	7.6		2957	38.5	20.3		4403	30.3	914.7	186.3
2000	湯ノ台		秋田県	39.193463815259086	139.96192688570457		14	mg/kg	6.2		24	87.6	27.5		27.3	288.4	96.5	58.6
2001	気仙沼	妙見の湯	宮城県	38.90321354462739	141.55645646370147		18.4	mg/kg	6.8		29	32.6	6		36.5	45	123.4	12.5
2002	梶ケ浦	梶ケ浦第1	宮城県	38.88654900742501	141.60397054155533		12.5	mg/kg	6.5		8	10.8	7.3		20.6		112.2	23
2003	追分		宮城県	38.58151909345267	141.36773207377666		24											
2004	万石浦		宮城県	38.43763540818062	141.40850012544013													
2005	松島	一位の湯	宮城県	38.376855666902685	141.07212131479054		24											
2006	湯ノ原霊泉		宮城県	38.37439145733398	141.0502124009914		14.5	mg/kg	7.2		11.9	31.9	2.7		7.4	5.6	101.1	61.9
2007	塩釜・塩竃		宮城県	38.31445041003053	141.018323802676		24											
2008	金成		宮城県	38.83296281214487	141.08436897322926													
2009	赤坂	赤坂旅館	宮城県	38.72240950777284	141.0195804849041		24											
2010	新湯		宮城県	38.94370887808407	140.81867806206625		38.6	mg/kg	6		25	380	24.5		8.9	1216	30.5	35
2011	栗駒高原	栗駒高原1号泉	宮城県	38.934714961073404	140.83124262496742		74.2	mg/kg	8.2		329.6	31.8	0.5		167.4	467.9	115.7	70.1
2012	駒の湯		宮城県	38.93860937298693	140.83661341782027		65	mg/kg	7.1		476.6	149.2	1.8		520.6	651.8	57.4	67
2013	文字	善の湯	宮城県	38.874088647954935	140.90142587598805		18.4	mg/kg	2.3		20	1.6	1		5	301.3		36
2014	湯浜		宮城県	38.91814994436323	140.7322752134468		94.4	mg/kg	8.5		180	8.8	0.1		237.6	22.6	106.8	163.4
2015	湯の倉	滝の湯	宮城県	38.89195274380592	140.76179182931716		66	mg/kg	7.3		297	42.4	1.9		409.7	22.7	219.3	65.4
2016	温湯		宮城県	38.864833612397895	140.77777674358654		60.5	mg/kg	7.5		405	42	1		617	65	160	48.7
2017	寒湯		宮城県	38.86427101327984	140.66368768312554		22.5	mg/kg	8.6		21.5	61.5	1.4		3.1	8.9	61	97
2018	北滝		宮城県	38.83237903877187	140.73224639736955		38.5	mg/kg	6.5		61	43.3	12.9		9	17.4	329.5	131
2019	荒湯	荒湯地獄2	宮城県	38.8184973033398	140.72722043200383		98.5	mg/l	2.1		174	33	12.8		183	942		
2020	奥の院		宮城県	38.8122323138718	140.70447264990491		100	mg/l	2.4		38.3	78	16.8		6.3	870.7		
2021	女釜・男釜		宮城県	38.81739884965535	140.6901044387928		98.8	mg/kg	2.3		503	57.1	16.5		679	581		307
2022	血の池・血の池沢		宮城県	38.81303488004277	140.7028739660178		94.5	mg/l	2.5		7.7	5.8	1.7		3.6	199		
2023	(鬼首地熱発電所)		宮城県	38.80988093268816	140.708598567369		98.9	mg/kg	2.9		2280				6380			
2024	硫黄鉱山浴場		宮城県	38.80666798966049	140.70644263334503		65.5	mg/l	7.7						6.2	11.6	170.8	
2025	広晴山下流		宮城県	38.80350374660742	140.7051056552508		100	mg/l	2.8						7	980.8		
2026	赤沢		宮城県	38.811674678473565	140.68914423078803		37	mg/l			44.4				31			
2027	宮沢	元湯	宮城県	38.80494259135511	140.66793503877489		99.5	mg/kg	8.3		290	17.1	0.1		432	84.4	67.1	206
2028	吹上	吹上第2	宮城県	38.80249802771006	140.6717770971315		97.7	mg/kg	8.8		329.6	15.4	0.2		466.1	61.9	69.2	193.1
2029	間欠泉	かんけつ荘弁天	宮城県	38.800887754930415	140.66964409013087		100	mg/kg	8.7		289.8	15.6	3		382.3	70.7	65.5	165.9
2030	轟	轟の湯2号	宮城県	38.79659691590567	140.6650992012286		78.6	mg/kg	7.8		219.9	10.7	1.9		315.5	70	43.6	265.5
2031	蟹沢		宮城県	38.78400251131234	140.6995005817706		37.7	mg/kg	6.8		242	52.8	13.6		375	10.7	189.2	131
2032	神滝	上部	宮城県	38.79305736557868	140.6941267072553		59.1	mg/kg	6.4		360	109	8.8		486	55.7	67.1	198
2033	鬼首	柏木原No.5	宮城県	38.78620576199548	140.68307103024364		40.8	mg/kg	7.4		144.9	14.6	4.9		225.7	17	59.3	128.2
2034	川渡	石割の梅	宮城県	38.73241860653887	140.75279840991107		58	mg/kg	8		175	8.8	2		18.6	86	501.2	169.6
2035	東鳴子	土蔵わき	宮城県	38.74586279583253	140.73465656010484		83.5	mg/kg	6.9		232.5	59.2	19.4		50	49.8	922.6	201.5
2036	鳴子	鳴子分院1号	宮城県	38.751439561245355	140.72675836755232		98.5	mg/kg	8.2		800	7.4	0.8		406.8	641.9	182.5	190.3
2037	中山平		宮城県	38.72689734846841	140.6776913647703		98	mg/kg	9.3		222	0.4	0		73.2	100	333.8	136.9
2038	切込		宮城県	38.63606435103419	140.70884375095784		60.4	mg/kg	7.3		2285	596.2	26.8		4042	1051	54.8	29
2039	大森		宮城県	38.6326560291146	140.72382675871395		40.6	mg/kg	7.6		2304	816.3	33.5		4618	780.5	79.1	20.5
2040	薬莱		宮城県	38.598713494404585	140.70281089705793		66.5	mg/kg	7.2		3371	707	49.6		5083	133.9	135.8	43
2041	鳴瀬川・むらさきもり	長寿の湯	宮城県	38.58679290736874	140.6519219620293		37.1	mg/kg	8.1		1739	331.8	2.4		2924	396.7	143.7	82
2042	馬古沢		宮城県	38.51443713679881	140.88813226227413													
2043	三本木		宮城県	38.51726610659985	140.91449280228278		24											
2044	鹿島台		宮城県	38.48261316279028	141.0512843125982													
2045	牛野森	(大瓜上)	宮城県	38.4713568829589	140.82306999070522		18.2	mg/kg	7.4		26	20	6.4		40	9.7	88.5	79.5
2046	花の杜		宮城県	38.46947348773104	140.8367699421625		53	mg/kg	8.3		2760	1029	0.6		5932	101.6	8.4	27.5
2047	台ヶ森	(台ヶ森)	宮城県	38.43851697323807	140.81031691620657		17	mg/l	8.1		1830	1186.9	1.1		4933	38.5	50.3	8.2
2048	定義		宮城県	38.38132508167391	140.65497845060565		38.9	mg/l	8.4		144.4	50.7	0.2		127	140	122.6	44
2049	作並	鶴の湯(3号)	宮城県	38.33439528652048	140.6117481948461		68	mg/l	8.1		215.8	78.9	0.1		111.3	367.2	175.4	44.8
2050	愛子周辺	赤生木温泉長寿の湯	宮城県	38.28134524306766	140.6989627744052		47.8	mg/l	7.7		606.7	283.2	0.3		1237	174.7	46.7	42.2
2051	泉鉱泉	(泉区福岡湯沢)	宮城県	38.372356401651984	140.75696008356164		24.6	mg/l	7.8		2434	730	7.2		4842	314.7	49.1	48.5
2052	二口周辺	2号井	宮城県	38.270954852536	140.55221676788554		25.5	mg/l	8.2		97	520	0.2		7.1	1493	12.2	60.8
2053	鴻の巣	新湯	宮城県	38.24367285019166	140.68892037018213		34.7	mg/l	7.3		292.2	144.8	2.9		596.6	80.7	113.1	22
2054	神ケ根	神の湯	宮城県	38.243397289295494	140.69155706525723		27.4	mg/l	8.6		25.8	14.3	1.3		27.6	3.2	54.6	19.4
2055	湯元・秋保	新2号	宮城県	38.227005293538525	140.71814396161832		57	mg/l	7.4		1100	390	1.8		2264	187.2	73.2	28.5
2056	茂庭	(太白区茂庭松湯)	宮城県	38.21186919124455	140.80828563461242		25.5	mg/l	7.6		2280	612	36.5		4265	587.9	62	51.6
2057	名取川	長寿の湯	宮城県	38.214561991300435	140.83754974020647		18.5	mg/l	7.1		2940	309.4	131.9		5128	484.1	28.9	27.4
2058	熊野堂	不動の湯	宮城県	38.2086037299872	140.83935537954287		21.3	mg/l	8.3		1585	111	48.9		2241	634.5	194.4	44
2059	増田	東北健康スタジアム・テルプ	宮城県	38.181405976870394	140.88842116035		36.2		8									
2060	春の湯		宮城県	38.10261389278113	140.8734562975415		42.2	mg/l	8.7		638.9	293.3	0.3		1459	34.6	24.4	24.5
2061	神次郎	栄光の湯	宮城県	38.04028550057328	140.7859472368269		24.2	mg/l	9.2		265	119	45.6		558.3	234	27.4	21.6
2062	釜房湖		宮城県	38.20827454310981	140.68704781510684		49.6	mg/l	8		2800	489	2		3118	746.7	16.1	29.2
2063	かもしか	上原山137噴気孔	宮城県	38.144358645816595	140.4635459999601		83	mg/l	2.6		14.3	54	19		21.2	411.5		107.2
2064	峩々		宮城県	38.143961302992174	140.49973205292508		58.1	mg/l	6.4		150	98	14.2		33.6	284.4	427	139.7
2065	青根	花房の湯	宮城県	38.14598958531124	140.53387996948325		72	mg/l	7		260	30.4	2.4		100.8	310.3	298.9	67.1
2066	前川今宿	笹の湯	宮城県	38.18497560133673	140.61852791456857		36.6	mg/l	7.9		468.6	498.5	12		13.5	2028	236.5	14.7
2067	谷山	(足立六角前)	宮城県	38.14104921440196	140.70569786536078		20.2	mg/l	7.2		980	125.4	16.3		1416	438.8	100.9	44.9
2068	遠刈田	新3号	宮城県	38.124157696476594	140.57699188991182		67	mg/l	6.8		475	218	8.2		293.7	898.3	427	49.3
2069	黄金川	黄金川温泉	宮城県	38.06568115829994	140.65674295612394		49	mg/l	7		3143	278.9	78.6		5096	420.9	117.1	34.5
2070	鎌先	天国の湯	宮城県	38.02500611644147	140.5752455459366		40	mg/l	7.1		701	68.9	4.2		755	599	388	54.1
2071	白石	薬師の湯	宮城県	38.006931587472536	140.6041642457534		32	mg/l	8.2		1220	41.6	1.4		1208	968.2	107.6	40
2072	琵琶の沢	最上観光2号泉	山形県	38.73829219067565	140.59254085563458		53	mg/l	9.2		101	5.8			24.7	136	41.1	43.4
2073	日山	日山山荘2号	山形県	38.707881209607365	140.55119690965157		69.2	mg/kg	8.1		181.1	163.6	1.3		44.9	712.8	27	39
2074	赤倉	赤倉ホテル3号泉	山形県	38.71017520963899	140.55530699276204		73.5	mg/l	8.6		170	121	0.03		43.5	584	3	57.7
2075	長命の湯・新赤倉		山形県	38.7271707561553	140.50991008781602		45.5		8.4									
2076	満沢	岸源泉	山形県	38.71767980929525	140.51268797883344		30.2	mg/l	8.4		34	14.7	0.3		9.9	67	20	95.1
2077	下白川・最上白川	最上養鰻第1センター	山形県	38.757131545209454	140.47838623481078		26.5	mg/kg	8.2		27.4	8.9			10.6	11.3	71.7	39.9
2078	大堀・最上	最上2号泉	山形県	38.75433166493309	140.46740366774694		35.5	mg/l	9		41.5	2.9			9	22.6	73.4	25.8
2079	瀬見	町営5号	山形県	38.75453514530894	140.41309335996735		69	mg/l	7.6		460	140	0.3		561.6	636.5	50.6	71.2
2080	神室	柳原源泉	山形県	38.91286291025004	140.3887491373639		30.6	mg/kg	8.2		1903	75.5	33.9		641.8	3188	493.3	12.5
2081	かねやま	山崎源泉	山形県	38.8729663872693	140.33404102415972		52.4	mg/kg	7.7		1029	109.1	18.2		840.5	1262	271.4	41.8
2082	及位	高橋源泉	山形県	38.97078507604931	140.34591425859722		4.8	mg/kg	5.8		8.1	4.6	3.8		20.6	4	20.1	8.1
2083	新真室川	関沢荘	山形県	38.89571661663263	140.25878307174935		34.2	mg/l	7.6		3620	336.5	48.1		6314	3.3	210.2	12.3
2084	真室川		山形県	38.86735308636376	140.28136723823388		42.5	mg/l	8.2		2813	221.4	9.7		5206	2.5	54.9	48.5
2085	谷地		山形県	38.89084114019569	140.20333244264413		24	mg/l	7.4		6208	183.8	10.4		9643	0.4	445	10.8
2086	石滝下		山形県	38.899671796575284	140.17313905863293		14		8.2									
2087	高坂		山形県	38.94760962468869	140.1770858378259				8.4									
2088	杢蔵	伊東1号井	山形県	38.78498946593289	140.39664539343266		30	mg/kg	8.6		138	3.6	0.2		42.5	123.5	167.1	17
2089	亀割・亀割山	2号泉	山形県	38.7616011221869	140.39930391996137		21.5	mg/kg	2.9		254.2	14.4	12.1		17.7	878.6		57.9
2090	奥羽金沢	大地源泉	山形県	38.77111446676148	140.3365159501718		54	mg/kg	8.5		439.3	5	0.3		235.7	487.3	244.5	40.6
2091	舟形若あゆ	舟形町1号	山形県	38.71130998673419	140.3396956636502		47.2	mg/kg	7.7		5650	81.5	27.5		8809		481	59
2092	曲川		山形県	38.839198074265845	140.18564321731623		9.1		7.3									
2093	羽根沢		山形県	38.81519594314479	140.151506687463		45.3	mg/l	8.4		1120	4.7	0.7		877.4	2.9	1479	21.5
2094	野口	R1号泉	山形県	38.78265410764897	140.18410314380986		65.3	mg/kg	8.2		2135	3.8	2.3		1933		2437	44.6
2095	草薙	草薙2号泉	山形県	38.7648594273382	140.05350801722338		23.2	mg/l	7.7		241	43.4	2.9		402	19.3	78.7	16.9
2096	戸沢・野口	鹿の沢鉱泉	山形県	38.702824412552275	140.13856739051525		12.2	mg/l	6.7		49.7	2.5	0.8		21.5	6.6	100.1	13.1
2097	赤城・本郷		山形県	38.6939498596416	140.15279656348292		15	mg/kg	7.6		1991	54.8	5.4		3075		392.6	21.5
2098	今神・念仏		山形県	38.63217883833803	140.1412002570988		36.5	mg/l	6.2		600	42.4	21.8		369	366	611	92
2099	新庄		山形県	38.71796601124802	140.19493529908877		38.5	mg/l	8.1		3350	8.8	2.9		3457	0.4	2989	18.7
2100	極楽沢		山形県	38.7142190086165	140.19521089509414		27.7	mg/l	7.8		3230	19.2	3.2		3523	0.4	2608	16.2
2101	大蔵	ホテル月世界	山形県	38.71903184025987	140.22928212301858		31	mg/kg	7.6		33.5	72.5	0.6		12.3	7.6	78	106.5
2102	上竹		山形県	38.68801591040075	140.227607687095		32.5	mg/kg	8.4		45		0.1		10.5	36.4	68.9	34.9
2103	塩		山形県	38.66757128099419	140.20688770370563		21	mg/l	7.1		5110	24.8	31.2		4701	2.5	5742	13.1
2104	升玉		山形県	38.65488676310765	140.20939662143806		19.5	mg/l	7.2		4080	20.5	6.1		3365	1.2	5181	23.1
2105	実栗屋油田		山形県	38.659939351779755	140.29655934085707		35	mg/l	7.4		6480	117.9	15.3		9859	2.1	738.3	31.5
2106	肘折	組合泉2号	山形県	38.60888076633729	140.16708707475811		83.8	mg/l	6.9		1210	127	37.2		1390	292	1523	134
2107	黄金	組合4号	山形県	38.60759984661899	140.15161336020626		75.2	mg/kg	7.6		900.5	54.9	30.3		1155	108.8	1015	140.6
2108	金山	金山部落共同	山形県	38.60848904826245	140.1548868237044		53.5	mg/l	7.6		990	83.4	59.8		1071	125	1091	161
2109	石抱		山形県	38.59505204561589	140.16964610820818		37	mg/l	6.5		614	55.8	27		319	504	720	82
2110	中沢	1号	山形県	38.635619098037715	140.48837191714838		31	mg/l	8.6		39	0.1	0.1		8.8	9.5	86.7	44.3
2111	銀山	共同組合3号泉	山形県	38.569011937068474	140.5315896585486		62.4	mg/l	7.5		687	65.2	2.3		900	293	135	69.5
2112	鶴子・尾花	新電元1号	山形県	38.54156337899817	140.51190879070558		30.5	mg/l	9.3		296.2	2.9	0.1		380.1		144.8	26.2
2113	花笠	花笠1号泉	山形県	38.610082792691145	140.4234493992271		26.5	mg/kg	8.7		600	6.5	0.2		877.5		176.3	41.9
2114	尾花沢		山形県	38.595905125314275	140.41939556560908		12.7	mg/l	9.1		47	0.1	0.1		21.3	9.3	75	33.5
2115	細野		山形県	38.54828500588462	140.46292560006972		12.6	mg/l	8.2		27	21.9	1.4		9.1	14.4	102	20.1
2116	大浦	柳橋源泉	山形県	38.626871912170785	140.32883107012933		16	mg/kg	8		144.6	1.1	1		22		365.8	42.8
2117	おもだか	鈴木新源泉	山形県	38.58639866935351	140.40175561524265		34	mg/kg	7.8		55.2	0.2	0.1		12.3		141.9	47
2118	黒滝		山形県	38.59646889849102	140.35448327007725		26.5											
2119	大石田	深堀	山形県	38.59942352000471	140.35687248818854		50.1	mg/kg	7		256	8.1	0.7		266.2	2.9	324.3	116.8
2120	湯舟沢		山形県	38.548163632304835	140.4139444619201		19.5	mg/l	9.9		75	1	0.1		42.8	1.7	101	21.4
2121	樽石戸羽沢		山形県	38.49506132426055	140.30608672791942		14		6									
2122	湯野沢	湯野沢源泉	山形県	38.48164183030529	140.29033294400514		29	mg/kg	10		60.4	0.8	1.3		7.8	14.4	142.6	24
2123	南郷	南郷1号	山形県	38.47254978450775	140.3052016940174		64.7	mg/kg	7.4		2362	808.1	16.4		5103	105.5	117.6	59.9
2124	碁点	稲下金谷1号	山形県	38.48517271366685	140.34496996017134		40	mg/kg	7.6		1829	80	18.5		3084	4.1	682.6	33.7
2125	東沢	東沢温泉1号	山形県	38.48009372485803	140.40290326526076		44	mg/l	8.6		420	46	9.5		28.1	747.3	364.2	32.5
2126	東根	協組15号	山形県	38.457699369388926	140.3924785719232		69	mg/kg	8.2		330	36	0.1		362	194.8	134.2	58
2127	上野	中川屋	山形県	38.41141121729033	140.20762983728397		39	mg/kg	7.6		1735	466.9	48.8		3163	675.7	73.4	59
2128	白岩	中村源泉	山形県	38.41021264410031	140.22695940807145		22	mg/kg	7.8		1558	251.5	19.4		2615	476.1	103.6	45.6
2129	石持		山形県	38.386826545877874	140.27297764154181		34.1											
2130	寒河江	協組1号	山形県	23.712672750022158	86.68165546895662		46	mg/kg	7.2		270	31.4	11.8		395	0	305	80.8
2131	新寒河江	新寒河江源泉	山形県	38.36079398140374	140.26990099791266		52	mg/l	6.8		269.8	27.5	12.4		390		271.9	20
2132	高嶋	湯本	山形県	38.355532968172696	140.27857469447432		17.5	mg/kg	6.6		61.1	42	21.1		18.4	1.6	483.4	62
2133	河北		山形県	38.417961979985925	140.32126695115147		30.8	mg/kg	7.5		128.1	43.6	14		95.7	70	314.2	49.3
2134	天童	協組8号泉	山形県	38.35926490131376	140.3871128498569		70.1	mg/kg	8.4		312.5	228	0.2		140.1	987.6	31.7	57.8
2135	花毛	武田源泉	山形県	38.34965000949353	140.3986271666381		28	mg/l	8.5						6	17.3	70.9	
2136	新山寺	荒谷1号	山形県	38.314636834958804	140.38922865956985		45.6	mg/kg	8.1		69	364	1.7		10.6	1022	26.5	26.5
2137	塩原		山形県	38.35403545082893	140.26034304824435		39	mg/kg	7.2		6590	1413	129.2		13400	1079	126.5	30.9
2138	山辺	近江2号	山形県	38.27940668740135	140.27517658179173		45.7	mg/kg	7.2		2030	318.5	35.8		3803	32.7	193.9	60.7
2139	海味	西川町1号	山形県	38.4244908593553	140.15030248867473		15	mg/kg	8.9		1114	14.5	3.3		1525	328.2	255.5	32
2140	間沢	(間沢)	山形県	38.43496014069092	140.12533430277531		13	mg/kg	7.1		169.5	7.1	3.9		38.3	218	144.4	16.8
2141	本道寺	(本道寺東)	山形県	38.45136013071444	140.0596139628389		27.3	mg/kg	8.2		2909	1972	69		7044	1325	27	25.6
2142	月山志津		山形県	38.491264870793295	139.9999712813786			mg/l			494.4	31.4	53.5		875.5	6	222.4	18.5
2143	大井沢		山形県	38.39225770544597	139.99499131151543		13.2	mg/kg	5.8		4.3	6.5	1.1		12.4	13.4	27.9	9
2144	古寺	(古寺)	山形県	38.302618668748735	139.9705533187995		8.8	mg/kg	6.3		889	622.5	160.8		1808	407.4	1532	100.9
2145	左沢	(左沢元屋敷)	山形県	38.38331451032666	140.21287363112617		21.5	mg/kg	8.4		91.3	8.8	2.4		122.3	16.9	44.5	49.5
2146	左巻	竹内源泉	山形県	38.365408276343764	140.2119924693414		17	mg/kg	9		205.9	1.8	0.7		25.3	48.7	446.5	48.5
2147	朝日	(立木番外地)	山形県	38.239858371469204	139.99664299886433		19.8	mg/kg	6.4		943	422.4	76.5		1330	114.8	2035	61
2148	五百川	石田淵	山形県	38.2969340496822	140.10572408060762		19.8	mg/kg	8.9		39	5.5	1		7.1	22.6	87.1	16
2149	りんご	山形朝日農協所有源泉	山形県	38.30762894647638	140.16196202570168		47	mg/kg	8.4		1077	10	1.5		1182		940.2	45.5
2150	杉山	不動の湯	山形県	38.25269190967078	140.1065252315851		14.8	mg/kg	8.8		280.6	10.8	0.5		53.2	53.5	593.7	31.2
2151	若木	若木源泉	山形県	38.249226915526144	140.2429985847528		30	mg/l	7.8		549.3	5.9	1.6		368.6	316.8	478.1	22
2152	湯田	沼沢源泉	山形県	38.21081192761927	140.27099852978682		28.5	mg/l	7.1						37.7			
2153	西山形	湯向2号	山形県	38.205695244309055	140.26511319914812		29.5	mg/kg	8.7		34.5	0.2			4.9		81.9	25.5
2154	山寺	山寺源泉	山形県	38.31148125506574	140.4354105998015		13	mg/kg	7.4		24.8	0.4	1		6.7	15.8	47.3	22.3
2155	漆山		山形県	38.31126991502214	140.3512620679098		50.8	mg/l	7.8		329.3	367.2	1.2		210.2	1255	44.3	46.9
2156	大野目	大野目源泉	山形県	38.28774524780662	140.35501538207532		47.5	mg/kg	7.6		468.9	301	11		358.1	1318	109.6	52.9
2157	オーヌマホテル	オーヌマホテル源泉	山形県	38.24997899218056	140.34941462146966		39.1	mg/l	7		1433	390.1	66.1		1673	1907	187.2	82.6
2158	千歳山	千歳山第1号	山形県	38.22961428212247	140.35107391611814		46.8	mg/kg	8.3		670	9	1		207.1	955.8	390.5	111.2
2159	臥龍	青田	山形県	38.221292873421014	140.3305203225104		48	mg/kg	8		1015	16.6	0.5		310.6	1506	299	83.9
2160	中桜田	中桜田源泉	山形県	38.2121619447652	140.3340385938298		40.6	mg/kg	8.7		295	5.8	0.3		99.4	378.5	222.7	80.3
2161	飯田	飯田源泉	山形県	38.21102206366458	140.32567022131735		47.5	mg/kg	7.8		960	50	1.5		186	1830	231.9	45.9
2162	山形	蔵王荘	山形県	38.20725797047322	140.32241609037345		51.6	mg/kg	8		952.3	55	3.7		166.1	1803	218.5	42.7
2163	高田	高田源泉	山形県	38.199075958205825	140.31730944950485		48.5	mg/kg	7.8		1380	50	14.7		425.5	2248	522.2	34.5
2164	黒沢	九十九源泉	山形県	38.19377475182621	140.30441052515647		48	mg/kg	7.8		1310	51.5	16.8		273.8	2390	402.7	41.4
2165	蔵王	上の川	山形県	38.16932053749839	140.39696953090495		64.6	mg/kg	1.3		38	81	35		665	3740		160.8
2166	山交ランド	山交源泉	山形県	38.17677213788811	140.30878293520223		36	mg/l							80.1	1198	162.7	
2167	龍王	龍王源泉	山形県	38.176484928562566	140.30325407030773		38.8	mg/kg	8		45.1	5.2	1.7		10.6	56.8	70.5	26.5
2168	四ツ谷	中村源泉	山形県	38.17478572598694	140.28729032126816		41.3	mg/l	8.2		510	103.5	19		159.6	986.4	352.6	20
2169	上山	協組2号	山形県	38.157202528577216	140.27245156155251		69.6	mg/l	7.6		520	316	0.5		808	784	33.6	46.1
2170	葉山	葉山源泉	山形県	38.148535653347	140.26193773126604		61.8	mg/kg	8.2		559.4	264.2	1.9		851	670	30.7	42
2171	中山	三山源泉	山形県	38.11910969249034	140.21800029629907		31.7	mg/kg	8.7		68.5	4.4	0.1		10.6	53.5	120.9	20
2172	ニュー蔵王		山形県	38.13076548535491	140.37946287953366		37	mg/kg	8.6		97	1.8	0.7		3.6	26.6	251.9	1
2173	須田板	安部源泉	山形県	38.10898826066216	140.31514682280533		35.1	mg/kg	8.4		82.6	21.1	0.6		28.9	149.7	52	36
2174	稲荷森	鈴木源泉	山形県	38.10596340702046	140.2015757901622		31.5	mg/l	8.7		36.6	5.4	0.1		8.8		87.7	27
2175	三間通	松田源泉	山形県	38.05340164839602	140.15373350337248		45.2	mg/kg	9.4		53.5	0.9			6		92.1	27.5
2176	赤湯	森の山	山形県	38.04780393891789	140.16799967112843		63.2	mg/l	7.6		600	182	0.3		1118	189.6	54.9	39.9
2177	坂井	松田源泉	山形県	38.0424453241923	140.12723477959838		27.2	mg/kg	7.3		72.5	10	2.2		10	2.3	240.4	70.9
2178	宮内	和郷源泉	山形県	38.06289139952734	140.13022605882858		31	mg/kg	7.9		369.7	116	0.2		356.4	589.7	72.3	22.7
2179	黒鴨	迎田源泉	山形県	38.22321808943482	140.06246661828752		14.5	mg/kg	8.4		843.1	1.6	0.5		7.2		2213.8	8.5
2180	白鷹	1号-3号	山形県	38.22108852732815	140.103956835736		13.5	mg/kg	8.8		75.9	9.6	2.2		10.6	58.8	157.2	20
2181	鷹野湯	こぶし	山形県	38.19464851696593	140.11128865145042		39.4	mg/kg	7		2265	131.4	74.5		1460	2553	1459.4	33
2182	長井	長井源泉	山形県	38.076513251266675	140.05376850959058		11.5	mg/kg	7.5		130.7	17	16.7		125.5	15.3	275.1	32.2
2183	湯沼	(竹森)	山形県	38.03829671062659	140.20039873547918		31.3	mg/kg	8.2		26	2.4	0.3		7.8	16.8	60.3	16.8
2184	まほろば	一本柳源泉	山形県	38.00509276163771	140.16190539219045		41.5	mg/l	8.8		101.2	3	0.1		67.8	20.1	139.9	35.3
2185	白川	(下小松中野壱)	山形県	38.041816327567396	140.03021057352302		21.5	mg/kg	6.7		17.8	3.1	1.8		7.1		79.1	57.9
2186	いいで添川	眺山	山形県	38.03489802315012	140.01443060468796		39.6	mg/kg	7		231.9	18.3	5.5		230.4		322	57.5
2187	台沢	蝦蟇の湯	山形県	38.042814555412654	139.99287477079946		9.8	mg/kg	7.4		98	30	7.5		90.4	75.3	147.8	16.4
2188	小国	松風館	山形県	38.052117385313984	139.76270242110675		14.1	mg/kg	6.2		277.2	70.7	0.8		460.9	132.9	72.1	17
2189	おぐに横川	二宮の湯	山形県	38.05611624832356	139.7453583393648		33.2	mg/l	7.2		5206	779.6	117.6		8271	2280	267.8	20.6
2190	大滝	豊男	山形県	38.0235210682266	139.76152186673195		11.5	mg/l	7.4		628.8	142.2	2		805.8	372.8	94.5	10.7
2191	湯野田	酒田屋	山形県	39.085031589133784	139.87290975820406		28.6	mg/kg	6.4		1350	121.6	55		2042	2.1	957.4	96.2
2192	鳥海・西浜	あぽん西浜	山形県	39.06525082652152	139.87577839848305		41											
2193	(遊佐町杉沢)		山形県	39.011238460794445	139.9674522874125		7	mg/kg	6.6		13.6	16.9	13.1		18.4	2.5	157.1	24.7
2194	白木		山形県	38.99029932191176	139.84741072129827													
2195	湯の台	小松源泉	山形県	39.03016570762154	140.0327873349549		26	mg/l	6.3		174	116.7	65.9		109.5	0.4	1019	97.7
2196	八森	湯ノ沢八幡源泉	山形県	38.96705430906449	139.94530704152896		23.2	mg/kg	7.7		704.7	19.7	15.4		985.1	5.3	438.6	61.8
2197	十二滝		山形県	38.921514176769286	140.04047974067151		18.7	mg/kg	9.4		102.1	15.7	1.7		74.3	11.8	179.1	72.7
2198	桜湯		山形県	38.897945242167246	140.00723902221236		12.5		8.8									
2199	楯山		山形県	38.87320538805905	140.00934905113732		13.5		7.9									
2200	平田		山形県	38.87903875691414	139.98151478877054		12.7	mg/kg	7.9		66.2	3.7	1.7		10.6	44.8	134.2	48.1
2201	坂本		山形県	38.84722571956003	140.0165894729576		24		9									
2202	小林	村上源泉	山形県	38.833606727466055	140.01031164403207		12.9	mg/kg	9.4		271.3	0.5			19.7	41	679.6	17.5
2203	伊達山		山形県	38.876673516412595	139.96886116397854		12.5		8									
2204	辰ケ湯		山形県	38.86497096191726	139.97039882363333		12	mg/kg	7		377.7	18.8	3.4		528.4	32.5	151.1	11
2205	松山新湯		山形県	38.84292829779058	139.97298964718243		9.5	mg/kg	8.1		421.1	16.1	2.8		489.3	9.1	379.2	36
2206	観音湯・清川		山形県	38.797153731689235	140.03025887649042		12.5	mg/kg	7.7		43.9	44.4	2.2		14.9	78.2	150.3	13.6
2207	日向川・宮海	湯九里荘	山形県	38.97876083166819	139.84786444679054		33	mg/l	7.2		997.5	55.4	62		1575		641.7	92.8
2208	酒田	松月源泉	山形県	38.920529848263705	139.84508166378893		13	mg/kg	6.8		104.7	36.4	16.2		19.9	7.7	469.7	59.6
2209	金龍		山形県	38.91454601368084	139.83320488865215		15.8	mg/kg	6.8		42.8	34.7	6.6		36.2		254.9	89.9
2210	酒田掘抜鉱泉		山形県	38.91196854380104	139.84036290402196		13.2	mg/kg	6.7		137.9	39.8	17.9		33.5	2.6	579.5	76
2211	飯森山	酒田市1号	山形県	38.89465151694903	139.81650833662866		40.8	mg/kg	7.8		158.7	8.8	3.6		232		121.2	110.4
2212	余目	梵天の湯庄内温泉	山形県	38.84166025824132	139.90476627121743		29.3	mg/kg	8.3		87.8	2.2	0.4		39		174.3	34.5
2213	肝煎立谷沢	斉藤源泉	山形県	38.76825824432952	140.02145800951786		12.6	mg/kg	9.1		91.6	6.7	3		16	25.9	194.2	29
2214	木の沢	局跡第1号	山形県	38.71301360155365	140.0119700200391		10.3	mg/kg	6.3		34.5	0.6	0.2		14.2	46.5	19	54
2215	月の沢	北月山荘	山形県	38.634657443014014	140.00596500554965		10.9	mg/kg	2.9		3.7	1.4	0.8		9.6	84.2		6.5
2216	弥蛇原	月山	山形県	38.58636816823498	140.02397366125186		2.6	mg/kg	2.4		8.6	20	18.1		65.6	453.3		19
2217	長沼		山形県	38.803313821920625	139.8734860677365		43.2	mg/l	7.7		7580	1970	90		15870	44	56	57
2218	湯の沢		山形県	38.74742892976568	139.97204493449865		18	mg/kg	7.3		260.6	20.9	7.4		382.5	74.9	79.2	34.1
2219	筍沢		山形県	38.71513106909013	139.9795395966768		12	mg/kg	7.1		25	0	5		21	4	72	62
2220	新三川・なの花	町営2号	山形県	38.78431939442034	139.84734609101795		48.5	mg/kg	7.7		164.5	26.3	11.3		249.6		163.7	41.5
2221	三川	三川養魚組合2号	山形県	38.77560502496564	139.8667113436799		28.8	mg/kg	7.8		62.3	5.6	2		45.4		141.4	30
2222	羽黒	宮田坊	山形県	38.714025503425745	139.95813249999435		34.5	mg/kg	6.6		5690	650	450		10670	387.2	732.6	36.5
2223	月山		山形県	38.689056981141384	139.98405667487108		8.5	mg/kg	5.4		1956	344.6	62.4		3539	61.7	774.7	57.4
2224	羽黒山	菊田旅館	山形県	38.68521037617563	139.98191640305038		13	mg/kg	5.6		8.9	11.5	2.6		15.8	17.4	88	9.5
2225	川代		山形県	38.67307373895176	139.9552563994339		11.8	mg/kg	8.3		31	11.7	2.7		37.6	15.3	46.3	21.4
2226	櫛引	町営源泉	山形県	38.67886735769035	139.8580181634343		53.2	mg/kg	7.4		3142	185.7	38.5		3080	2530	775.1	40.5
2227	鶴岡駅前	庄内交通所有源泉	山形県	38.738722937483	139.83770526876225		34.6	mg/l	8.2		149.9	12.5	4		212.7		106.3	41
2228	新川		山形県	38.73508386153457	139.8180305100236		44.7	mg/l	8.8		808.1	70.8	0.3		505.6	1194	40.8	29.9
2229	淀川	大庄屋	山形県	38.73089818658496	139.79424806054845		44.2	mg/kg	8.9		589	26			49	1164	50.4	21.5
2230	長寿		山形県	38.71661447086728	139.81543906242072		54.4	mg/l	8.8		314.4	218.6	0.2		111	1010		33.8
2231	新山		山形県	38.701494640815184	139.80390144474754		28	mg/l	8.4		303.6	254.4	0.7		46.6	1184		20.1
2232	下清水	今間源泉	山形県	38.717296304977054	139.7694624972553		31.7	mg/kg	8.7		598	244	0.1		248.2	1468	51.8	20
2233	湯田川	1号	山形県	38.693215596080485	139.7700479371273		43.4	mg/l	8.6		208	152	0.1		59.6	707	26.2	31
2234	湯野浜新湯	竜乃湯新2号	山形県	38.779905112761476	139.75651098161964		50.2	mg/kg	8.4		1342	745.7	0.5		3137	348.5	18.9	36.9
2235	湯野浜	宝湯1号	山形県	38.77803877307612	139.75041580043109		63	mg/l	8.4		1300	835	0.4		3380	368	18.3	38.5
2236	加茂	秋野源泉	山形県	38.75693971697457	139.73589505237723		17	mg/kg	8.2		20.7	15.6	1.1		24.8	15.5	65.2	11.6
2237	火打崎	松林館	山形県	38.73496633007784	139.73746989308069		11	mg/kg	2.7		10.6	75.8	33.4		35.5	885.6		47
2238	油戸		山形県	38.7456097228143	139.70875636692136		17		7.4									
2239	由良	市営源泉	山形県	38.72523124415033	139.69413962392775		18.9	mg/l	8.3		122	34.7	0.3		138.6	120.6	40.8	11.5
2240	関根	真田源泉	山形県	38.661712595567444	139.74208680450351		19	mg/kg	6		15.5	6.4	1.2		14.2		58.2	13.1
2241	波渡崎	ホテル雷屋1号	山形県	38.68612684391709	139.62871386532285		15.7	mg/kg	7.5		1071	79	113		1915	277.8	95.6	24
2242	田麦俣		山形県	38.571159251344405	139.9256471215037		28.4	mg/l	6.6		4100	3140	144		11770	259	57	7
2243	拝所沢		山形県	38.5575984584052	139.96359450049707		15.6	mg/l	6.8		5350	2381	391		13670	88		7
2244	湯殿山		山形県	38.541359629604656	139.98635524333332		50.9	mg/l	6.6		2880	1880	193		9330	393	781	23
2245	丹生		山形県	38.54186882718225	139.98276950964006		19	mg/kg	5.1		213.1	258.2	35.8		731.9	362.9	251.4	28.5
2246	元笹小屋・笹小屋跡		山形県	38.54373034179924	139.9617227280873		14.6		5.8									
2247	八紘沢	湯殿山ホテル1	山形県	38.53508096989498	139.95850410303075		16	mg/kg	5.5		922.5	1237	115.1		5752	199.2	366.5	71.9
2248	倉沢		山形県	38.52636666088919	139.77988788677436		14.5	mg/kg	5.8		24.3	8.7	3.7		14.4	38.1	79.3	20
2249	湯の瀬		山形県	38.637799509860926	139.7042332160603		25.2	mg/kg	8.4		19.5	41.5	5.4		16	120.2	22.3	26.4
2250	温海	1号泉	山形県	38.61481308912787	139.60939894180208		73.2	mg/l	7.2		795	250	1.3		1275	537	79.3	75.7
2251	鼠ケ関	五十嵐	山形県	38.56778771897188	139.5513792222165		14.3	mg/kg	8.4		123.5	9.8	2.6		56.7	56.4	196.1	14.1
2252	朝日		新潟県	38.281495315533746	139.523938235204		35.4	mg/l	7.5		1527	16.5	4.3		732.3	1606	905.3	32.2
2253	瀬波	龍泉閣1号	新潟県	38.21488347086882	139.4442017433101		100	mg/l	8.6		1380	89.6	1.1		2088	191	59.6	173.9
2254	湯沢		新潟県	38.09571461342944	139.5778829537162		40	mg/kg	7.4		285	35.2	1.2		225	294	130	23.8
2255	(関川村)	関川村所有源泉	新潟県	38.09140964545052	139.56668373766746		74.5	mg/l	7.6		429.9	184.7	0.8		164	1110	40.4	35.3
2256	高瀬		新潟県	38.08380237475189	139.57929740208806		69	mg/kg	8.2		790	86.4	2		914	464	323	52.3
2257	雲母		新潟県	38.08313350445331	139.57732369755		59	mg/kg	8		885	85.3	1.8		943	444	540	70
2258	鷹の巣		新潟県	38.070106391092764	139.5982537266811		54	mg/kg	7.3		500	81.3	1.7		564	385	195	53.9
2259	樽ヶ橋	樽ヶ橋	新潟県	38.06404041471402	139.45184777715957		21	mg/kg			180.2	7.1	0.5		28.4	205	191.8	4.3
2260	村松浜	中条勤労者総合福祉センター	新潟県	38.053480505998145	139.32318476258038		75.3	mg/l	7.9		11150	350.1	69.4		19720	5.3	569.3	34.2
2261	胎内		新潟県	38.022894386302134	139.49872145873317		25.6	mg/kg	8.8		505.3	0.8	1.1		249.1	13	846.1	22
2262	貝屋	大師の湯	新潟県	38.017161752842355	139.38657583838204		15.3	mg/kg	7.6		60.1	33.3	19.3		69.1	145.3	97.5	36.3
2287	小原	上の湯	宮城県	37.98090149379953	140.56214039441812		66.2	mg/kg	8.2		158	34.4	0.4		119	253	52.5	41.6
2289	坂元	長栄の湯	宮城県	37.924294525243944	140.8952735907333		26.7	mg/kg	7		21.2	8.4	3.1		6.7	4.5	85.7	83
2353	小国鉱泉	松風館	山形県	38.052080962404965	139.7626707264664		14.1	mg/kg	6.2		277.2	70.7	0.8		460.9	132.9	72.1	17
2355	高野鉱泉	舟山	山形県	37.96333252365932	139.82957908134637		9.8	mg/kg	8.4		266	1.4	1		128.4	41.5	446	24.8
2356	泡の湯	三好荘	山形県	37.952642472566495	139.69812466867586		41	mg/kg	6.5		3050	830	38.2		4319	1844	1721	122.3
2357	新飯豊鉱泉	祐助 (川入)	山形県	37.95331248501775	139.66486846084976		11.8	mg/kg	6.1		1905	263.3	74.1		2538	537	1509	33.9
2358	飯豊	天狗湯2号	山形県	37.925898118933546	139.6696823011493		55	mg/kg	6.8		272	202	2.6		299	326	499	66.2
2362	白川ダム鉱泉	数馬	山形県	37.92929502746256	139.90091458674087		12.8	mg/kg	7.2		47.8	0.3			10.4		106.5	50.8
2363	小屋鉱泉	治之坂	山形県	37.88613935328077	139.92518029765466		9	mg/l	7.6		33	28.5	5.8		10.9	63.8	126.5	11.5
2364	広河原	(広河原湯の沢)	山形県	37.82656895973642	139.90837492092083		35.5	mg/kg	6.4		460	238.2	52.2		542.5	12.7	1477	97.1
2365	米沢鉱泉	仁科	山形県	37.905071367739744	140.08195208705288		13	mg/l							23.4	4.7	146.7	
2366	岡原	岡原1号	山形県	37.881708141282424	140.0312602979542		32.5	mg/kg	8.5		508.1	2.1	2.4		110	51	1019	44.2
2367	小野川	協組3号	山形県	37.879802272800475	140.0549946459907		76.9	mg/l	6.8		1400	482	4.4		3160	80.1	85.4	100
2368	湯ノ沢鉱泉	湯ノ沢源泉	山形県	37.86007582907928	140.15697522430855		24.9	mg/l	7.2		87	17	0.6		78	55	58	82
2369	大平	滝見屋	山形県	37.77858033489885	140.15063851980855		52	mg/l	7		65	236	1.2		6	675	72	144
2370	白布	白布源泉	山形県	37.779673912618875	140.11964017145408		59.4	mg/l	6.8		54	275	1.6		6	720	72	188
2371	新高湯	阿部	山形県	37.77111105702333	140.13279594219392		50.5	mg/l	7.1		52	316	2.2		5	825	74	131
2372	笠松鉱泉	笠松源泉	山形県	37.82714027696402	140.21472258924908		18.5	mg/l	7.2		26	4	0.5		19	14	52	46
2373	五色	3号	山形県	37.79541573109852	140.25626367590172		46.7	mg/l	6.7		185	63.9	2.5		152	43.2	417	69
2374	新五色	新五色源泉	山形県	37.796168765920754	140.25315268181487		39.5	mg/l	6.4		184	88	3.8		160	50	534	243
2375	滑川	上の湯	山形県	37.78190349750653	140.2271906369185		51	mg/l	6.8		228	53	3.5		46	296	390	305
2376	赤滝	赤滝Ⅱ源泉	山形県	37.75686023300164	140.11073335527908		33.4	mg/l	5.8		124	317	30		8	1040	235	63.3
2377	姥湯	姥湯源泉	山形県	37.76024907934663	140.22257379087108		49	mg/l	2.4		31	51	8.4		16	675		87
2382	飯坂	村島病院(20)	福島県	37.833798382916434	140.45031327188204		72	mg/l	8.1		233	38.6	1.5		135.9	401.9	56.1	
2383	穴原天王寺	穴原泉屋	福島県	37.84273921204165	140.43691837083307		64.5	mg/l	8.3		253.9	39.6	1.7		137.3	415.3	52.8	
2384	三本杉	信夫山三本杉温泉	福島県	37.781011125314514	140.47825891747752		38	mg/kg	8.9		50	9.5	0.5		28.3	57.7	57.2	178.7
2385	高湯平	1号	福島県	37.75617092485073	140.32566580055772		26.3	mg/l	8.3		43.7	44.2	16.8		12.5	99.4	197	35
2386	高湯	滝の湯	福島県	37.752328379687704	140.30567094331985		49.5	mg/l	2.9		60.5	94.7	28.6		62.1	562		148
2387	信夫	信夫	福島県	37.74861674120194	140.34303823302963		34.8	mg/l	8.6		172	5.4	0.2		115	14.6	261	26
2388	微温湯	(ぬる湯)	福島県	37.72923169089152	140.2930015365195		29.9	mg/l	2.9		25.8	48.2	21.5		52.1	495		124
2389	浄土平	小富士荘	福島県	37.716086243797655	140.2525513515415		64	mg/kg	4.6		11.1	2.6	1.5		33	11	1.6	10
2390	土湯	第1号	福島県	37.68266146835115	140.32493686824938		95.2	mg/l	8.9		227	24	0.2		148	259	125	252
2391	幕川	水戸屋	福島県	37.68578154805057	140.24297264255944		74.8	mg/l	6.6		7.8	38.3	5.7		1.4	70.1	94.4	140
2392	赤湯	赤湯好山荘	福島県	37.671916158960215	140.26238365351892		55.4	mg/l	6.3		39.7	84.4	16		2.5	308	65.9	160
2393	鷲倉	鷲倉	福島県	37.66844614096145	140.26056890467203		45.2	mg/l	2.6		11.3	36.4	15.6		1.4	625		188
2394	野地	野地温泉ホテル	福島県	37.66889951586363	140.2689504518568		51.9	mg/l	5.5		2.4	5.1	0.6		5.3	11.1	35.1	37
2395	横向	ホテルマウント磐梯	福島県	37.6558575037696	140.25406094368816		44.9	mg/l	6.4		62	32.8	11.9		2	0.5	332	169
2396	沼尻中ノ沢	元湯	福島県	37.61842200431287	140.2269306755672		52.6	mg/l	1.8		35.5	160	24		768	1970		420
2397	新塩沢	新塩沢	福島県	37.638283920156596	140.36599732619464		26	mg/kg			39.3				6.3			
2398	塩沢	湯川荘	福島県	37.64230711580106	140.3339495592325		32	mg/l	7.9		56	6.3	0.2		10.9	30.3	107	55
2399	岳	鉄山	福島県	37.60606807378717	140.35626043097585		88.5	mg/l	2.5		21.2	32	8.8		4.3	282		89
2400	安達太良	安達太良温泉開発	福島県	37.588314539130735	140.33305235128103		31.5	mg/l	8.3		206	3.1	0.5		16.6	5.2	525	42
2401	苗松	吾妻開発温泉	福島県	37.56225080846449	140.35319464240465		28											
2402	前が岳	弥三郎温泉	福島県	37.57363399008756	140.3405144458266													
2403	大玉		福島県	37.5746735289817	140.34924438166553		45											
2404	裏磐梯早稲	早稲沢温泉開発	福島県	37.7292734454522	140.070573526126		43.1	mg/l	8.1		255	213	0.3		44.7	935	22	31
2405	磐惣	ばんだい上尾荘	福島県	37.650911283249236	140.09786462450143		50.3	mg/l	8		520	110	1.2		894	70	45.2	28
2406	磐梯熱海	郡山市営4号	福島県	37.481307159101775	140.27036217652125		50.1	mg/l	9		112	4.8	0.2		86.9	80.3	65.9	44
2407	志田浜	レークサイド磐光No.1	福島県	37.50020651516427	140.14625209266538		26.5	mg/kg	9.2		27.7	4.4	0.5		6.3	8.6	72.2	18.2
2408	猪苗代	ホテルリステル猪苗代	福島県	37.54258657394008	140.1501693539511		25	mg/l	8.8		28.6	163	0.2		2.8	414	25.6	16
2409	翁島鉱泉	たなべの湯	福島県	37.55162325612036	140.05832231371386		20.2	mg/l	6.8		150	29.8	15.4		177	42.8	217	66
2410	見祢鉱泉		福島県	37.57623867206536	140.1072114936503		21.4	mg/l	7		65	20.5	15.3		65.3	10.3	192	69
2411	表磐梯猪苗代	表磐梯猪苗代温泉第2	福島県	37.562900560158305	140.08690299315586		47.3	mg/l	6.5		1040	124	79.2		1306	25.5	1301	116
2412	表磐梯	ホテルキング	福島県	37.56670339970498	140.05982245450997		46.4	mg/l	6.5		560	86.9	54.2		816	37	687	155
2413	押立	猪苗代リゾートホテル2	福島県	37.5763117609047	140.05087407755357		46.9	mg/l	7.4		59	22.7	10.4		11.4	22.6	238	121
2414	磐梯	中の湯	福島県	37.613297533690194	140.0598962771495		55.1	mg/l	3.6		29	3.2	0.8		1.8	27.4		27
2415	土湯沢	土湯沢山小屋	福島県	37.63004988134435	140.09791263806542		43	mg/kg	6.8		512.4	116.5	44.5		1063.4	193.2	37.5	150.9
2416	川上	湯沼第1	福島県	37.6393721991216	140.10095045961336		37.8	mg/kg	5.9		282	151	49.2		422	633	107	115
2417	大塩裏磐梯	大塩裏磐梯温泉旅館組合	福島県	37.669316621685674	139.9869023780584		45.8	mg/l	7.1		5660	1182	227		11144	699	459	47
2418	日中	日中温泉	福島県	37.751699214227656	139.90567314175146		34	mg/kg	6.6		1380.9	216	2		1834.6	259.7	1010.5	115.6
2419	熱塩	新泉源	福島県	37.72848091949858	139.88798558764117		63.4	mg/l	6.4		2780	1048	18.5		12012	371	131	75
2420	川入鉱泉		福島県	37.78946881183941	139.78553878896562		24											
2421	飯豊鉱泉	飯豊鉱泉	福島県	37.79117618264878	139.78460390281518		16	mg/l	6.3		2150	473.1	138.6		2910	804	2302	64.6
2422	山都町一ノ木		福島県	37.72221497691236	139.7833033138957		59.6	mg/kg	7.1		2751	232.9	91.5		2843	2729	317	41.2
2423	相川鉱泉	滝富館の湯	福島県	37.677586386689704	139.79233269355925		19.5	mg/kg			154.3	8.9	0.6		32.7	47.1	206.5	43.6
2424	あいず野沢	さゆりの湯	福島県	37.59741624097505	139.64338053159085		52	mg/kg	7.7		5345	789	398.7		10530	387.6	39.3	102.3
2425	安座	安座温泉	福島県	37.574446059644856	139.60082934259094		27.5											
2426	宇内	つるの湯	福島県	37.60346675845327	139.80965998002512		36	mg/kg	7.6		299.7	48.8	2.6		459.7	45.6	147.6	49.8
2427	津尻	滝の湯	福島県	37.60496522136647	139.80367755396344		26	mg/kg	7.4		983.8	92.8	10.6		1641.7	103.9	423.1	54.8
2428	吹上		福島県	37.5075183096265	139.81115444421346		45.6	mg/kg	8.5		61.6	0.6	0.1		16.9	18.1	113.7	94.8
2429	沼ノ平		福島県	37.40506626176974	139.79801691247113		31.8	mg/kg	6.6		558.5	132.9	0.3		28	1450	26.9	17.4
2430	柳津	荒湯	福島県	37.53066884764052	139.7247856323316		26.5	mg/kg	9		1291.5	50.4	2.2		1629.7	263	732	130.2
2431	西山	新湯	福島県	37.44848718419577	139.69703989011072		82	mg/l	6.8		2130	39.7	8.2		2423	302	552	119
2432	赤谷	老人休養ホーム	福島県	37.477267792649734	139.6492420990495		54	mg/l	7.1		600	79.3	12.4		363	429	576	31
2433	宮下	保養センター	福島県	37.4739948115811	139.64927439134954		64	mg/l	8.2		1710	194	14.9		1570	1150	671.2	46
2434	早戸	鶴の湯	福島県	37.464262761984386	139.5929317736495		52	mg/l	6		1610	232	64.6		2300	521	884.8	180
2435	沼沢	叶屋	福島県	37.474333167162975	139.53263577346004		45	mg/l	6.8		272	44	9.3		87	429	295.3	61
2436	川口		福島県	37.45088938796017	139.5214837717863		41		7.4									
2437	八町	亀の湯	福島県	37.42217169871161	139.5438137566494		45	mg/l	6.3		910	175	68.5		745	488	1226.5	130
2438	玉梨	大黒湯(共同浴場)	福島県	37.42146869106722	139.5442711131547		46.5	mg/l	6.5		890	173	68		763	505	1208.2	119
2439	湯倉	鶴亀荘	福島県	37.42950694288365	139.48151010948467		60	mg/l	7.1		1450	354	68.4		1635	1570	903.1	116
2440	橋立	橋立荘	福島県	37.42998851047772	139.48460522205227		40	mg/l	7.1		414	207	47.7		570	570	438.1	57
2441	大塩	第4源泉	福島県	37.39229766186294	139.42790541295955		43	mg/kg	6.5		3100	299	155		4400	1220	1720.7	103
2442	滝沢	亀の湯	福島県	37.397322320884896	139.39924827117107		53	mg/l	6.7		6800	575	263		10500	1280	2367.5	96
2443	只見		福島県	37.3473408517571	139.3208969773289		41	mg/l	7.6		10900	2270	265		22000	1100	122.6	35.1
2444	昭和		福島県	37.35579213150241	139.59093637168132		57.5	mg/l	7.7		1140	52.4	3.3		1570	363	217.8	42.6
2445	界	界温泉	福島県	37.266258395652315	139.53974236967215		60.7	mg/l	8.4		1160	18.8	4.4		713	1350	406.4	67.5
2446	古町	赤岩荘	福島県	37.185815006086315	139.52677134738147		53.7	mg/l	6.5		5000	470	115		8723.8	277.5	869.5	38.7
2447	たかつえ	アストリアホテル	福島県	37.110254441662164	139.61650389212008		59	mg/l	9		103	4.3			11.2	90.8	137.3	25.8
2448	湯ノ花	大滝の湯	福島県	37.06319190448233	139.52780021415765		63.5	mg/l	8.2		222	75	0.1		344	178	48.3	70
2449	木賊	井筒屋	福島県	37.05927496291162	139.48281391962055		51.5	mg/l	8		98	11	0.2		105	28	75.3	46
2450	小豆	窓明荘	福島県	37.07935108948327	139.42008241851627		52.5	mg/l	7.9		137	17			184	17	81	50
2451	桧枝岐	なかでと	福島県	37.02162222323726	139.3866459204851		47.5	mg/l	8.8		25.1	3.9			1.7	13	56	36
2452	渋沢	シブ沢	福島県	36.98268870346706	139.25618886951116		31	mg/l	7.6		629	45.3			294	86.9	1326	
2453	会津田島鉱泉	望月四郎	福島県	37.18729962624866	139.67509974337017		24											
2454	羽塩		福島県	37.121800387979114	139.71586934909945		26.5	mg/l	8.6		84	32.5	0.2		142.7	30.5	48.8	17.5
2455	滝ノ原	三滝の湯	福島県	37.091516184389924	139.70269024162036		32.2	mg/l	8		21.7	13	0.1		5.7	1.9	63.3	21
2456	一箕	(鶴ヶ温泉)(星病院)	福島県	37.52152091834932	139.93639584418153		39.5	mg/kg	7.2		297.6	35.5	2.9		336.4	246.5	70	68.9
2457	東山	丸井荘竹田病院	福島県	37.47800239958248	139.9626056321566		64	mg/kg	7.4		342	245.4	2		401.7	795.7	36.5	41.9
2458	会津本郷	会津本郷温泉	福島県	37.446140260534136	139.90517191417956		48.7	mg/kg	7.5		426	97.9	2.4		349.4	622.2	97.3	22.9
2459	馬越	元湯	福島県	37.40131767531917	139.91986749926082		42.8											
2460	芦ノ牧	峠A孔	福島県	37.36545834594577	139.91139040199502		73	mg/l	8		297	203	0.4		248	828	34	55
2461	湯野上	湯野上5号泉源	福島県	37.29708421196285	139.9010608001995		61.3	mg/l	8.3		118	14.1	0.1		91.2	121	57	51
2462	弥五島	(塔のへつり温泉)	福島県	37.26760682969069	139.88741206247965		59											
2463	湯本	内湯	福島県	37.27842719154223	139.99130827815625		48.6	mg/kg	6.8		557	183	0.6		1010	194	99	95
2464	野仲	野仲温泉	福島県	37.2805892805623	140.00745806472733		41.6	mg/l	7.3		132	35.8	0.3		153	82	24	34
2465	二俣	大和館1	福島県	37.24141205181383	139.98863225375217		55.2	mg/l	8.7		83.9	332			3.2	986	31	35
2466	羽鳥湖	羽鳥湖温泉	福島県	37.232240732051444	140.05687012860386		41.3											
2467	真名子鉱泉	真名子鉱泉	福島県	37.205788330644886	140.11537074409563		11											
2468	奥甲子	元湯甲子温泉	福島県	37.181290733253874	139.99136274218932		44.5	mg/l	7.5		72.8	155	0.8		3.8	491	44	45
2469	新甲子	新甲子温泉開発(株)	福島県	37.1755895790397	140.02971975776185		45.3	mg/kg	7.9		72.9	183	0.2		3.9	598	63	38
2470	シナシ(折原)	関山第3	福島県	37.17675557835658	140.09222383010936		33	mg/kg	8.5		90.9	11.4	1.4			122.1	68.2	29.1
2471	台上(馬場坂)	東亜相互企業1号	福島県	37.129803030589805	140.10898912744867		40.6	mg/kg	8.5		156.8	19.7	5.9		53.3	98.6	309.6	76.8
2472	天栄の湯鉱泉	天栄湯	福島県	37.26742499110113	140.14025606476278		10	mg/kg	3.8		35.2	534	72.3		52.7	16.7	0.1	283.7
2473	金山		福島県	37.240241970999755	140.14674456281347		36	mg/kg	7.6		276.5	142.8	9.6		44.5	957.7	32	7
2474	弁天鉱泉	弁天鉱泉	福島県	37.55771611740193	140.59707661052366		19	mg/kg			18.1	25.1	6.9		22.1	24.4	155.5	19.5
2475	白沢鉱泉	白沢鉱泉	福島県	37.51913703543969	140.4744471551993		17.2	mg/kg	6.6		32.3	50.4	3.4		55.7	55.5	211.5	48.2
2476	名倉山鉱泉	名倉山鉱泉	福島県	37.51831068326651	140.3669904715981		13.2	mg/kg	6.6		21.4	26.3	7.3		6.3	5.7	177	16.5
2477	滝川鉱泉		福島県	37.51500012796463	140.39370087104206		12	mg/kg	4		36.1	228.7	3.8		62.9	751.9	0.1	125.8
2478	本宮鉱泉	本宮鉱泉	福島県	37.50789388199875	140.40907703284117		13	mg/kg	6.8		78.4	65.8	13.5		10.3	27.2	388.5	52.2
2479	本宮	東北協同乳業	福島県	37.47858820998812	140.3762551223234		28	mg/kg	7.8		19.4	22	6.5		25.4	29.6	92.4	24
2480	中野鉱泉	亀の湯	福島県	37.395161379859914	140.1352388713884		8.9	mg/kg	5.8		22.7	15.2	7.6		67.6	44.3	99.9	186.6
2481	休石	三森荘2号	福島県	37.39088987957334	140.21712398286553		32	mg/kg	9.4		189.2	194.4	20.9		149.3	713.6	46.9	46.5
2482	源田鉱泉	源田の湯	福島県	37.386167469212104	140.2239664510409		14	mg/kg	7.4		83.1	119.1	3.6		52.9	367.3	94.4	100.5
2483	湯の原	北の湯(A)	福島県	37.41723608597718	140.22532973671233		26	mg/kg	6.8		147.2	141.3	1		63.8	527	52.4	21.2
2484	東北原	東北原温泉	福島県	37.403814121951015	140.29748399758586													
2485	新郡山	新郡山温泉	福島県	37.40784876108184	140.33336351615907		38											
2486	並木	並木温泉	福島県	37.408707699868934	140.35851004426826													
2487	山根鉱泉	山根温泉	福島県	37.38911521056363	140.37143057547001		19	mg/kg	6.3		20.9	14.9	9.1		41.5	9	127.5	80.8
2488	笹川	月光温泉	福島県	37.35062702364056	140.35713197718414		44.2	mg/l	8.8		321.3	6	0.2		189.8	344.4	183.1	24.9
2489	守山鉱泉	七海荘	福島県	37.321327304467694	140.3929472670235		20	mg/kg	6.6		29.8	9.6	3.8		17.7	20.1	84.2	56.4
2490	滑川		福島県	37.32607660264614	140.364155001938													
2491	大谷地	えびす温泉	福島県	37.33684517666925	140.3554979868276		38.6											
2492	仁井田鉱泉	山とも荘	福島県	37.3318925516056	140.32470606299367		17.5	mg/kg			52.9	46.6	12.7		74.9	34.2	135.6	125.3
2493	(須賀川市)	須賀川市民温泉	福島県	37.29314875515204	140.36215337709456		39	mg/l	8.9		150	1.5	0.1		58.2	5.4	306.6	20.5
2494	老人センター鉱泉	老人憩の家	福島県	37.290957509713955	140.3823216266518		15											
2495	浜田鉱泉	浜田鉱泉	福島県	37.28645320515528	140.39029749252927		16	mg/kg	6.2		21	16.4	7.1		30.2	35.5	3.5	47.8
2496	八幡山		福島県	37.28572496788828	140.36509625139564		59											
2497	(須賀川市)	池田病院	福島県	37.30188231164114	140.3522038311672		49.6	mg/l	8.9		263.8	2.8	0.1		240	31.7	231.9	22.1
2498	芹沢	芹沢温泉	福島県	37.27757000899961	140.35351735476354		38.4	mg/l	9.1		114	1	0		21.3	0	280.7	23.5
2499	六軒鉱泉	白山荘	福島県	37.31514833944848	140.2861493957719		13	mg/kg	6.2		21.7	26.4	10.1		29.7	17	136.3	72.3
2500	小山田鉱泉	松の湯	福島県	37.275856619864065	140.42439092131994		13	mg/kg	5		35.2	69.1	32.8		7.9	357.2	32.5	
2501	ホテルマルナカ		福島県	37.254285227657796	140.33866419285476		41											
2502	鏡石		福島県	37.25263106592826	140.34616773650083		41											
2503	菊島	菊島温泉	福島県	37.21996114639544	140.32113878142272		39											
2504	矢吹	矢吹温泉	福島県	37.21059894566877	140.32549588738243		37											
2505	あゆり	矢吹町老人福祉センター	福島県	37.193831946791704	140.33269219260217		52.7	mg/kg	8.9		197.8	4.7	0.4		76.4	0	440.7	38.4
2506	いやさか	いやさか	福島県	37.18904329757277	140.3374693776065		45	mg/kg	9.2		105.3	0.7	0		18.4	0	227	31.7
2507	中銀マンション	中銀マンション	福島県	37.17989975264139	140.25559894939545		26.2	mg/kg	8.9		886.9	1.7	0.8		288.2	22.5	1690.8	25.1
2508	八大白河ゴルフクラブ	八大白河ゴルフクラブ1号	福島県	37.15261714737074	140.2402154052645		28.5		8									
2509	山根湯鉱泉	山根湯	福島県	37.45765677377066	140.67522252682653		24.5	mg/kg	6.1		8.6	32.8	6.6		7.4	4.8	228.8	29.9
2510	浅草湯鉱泉	浅草湯	福島県	37.44899499682991	140.56888038438723		10	mg/kg	5.8		22.1	48.6	2.2		33.9	12.3	240.1	12.7
2511	馬場の湯鉱泉	馬場の湯	福島県	37.4356412956443	140.4901473103388		15											
2512	斉藤の湯鉱泉	上の湯	福島県	37.39443990738099	140.45896970183284		9	mg/kg	6.5		8.1	10	0.7		11.8	9.9	35.3	23
2513	荒井鉱泉		福島県	37.38055805047186	140.4499243424735		21											
2514	中津川鉱泉	作の湯	福島県	37.32373842276498	140.51313773468954		17.5											
2515	高柴鉱泉	高柴の湯	福島県	37.34049779744451	140.57539264463733		11	mg/kg	6.3		11.5	8.4	2.1		5	4	235.5	22.1
2516	針湯鉱泉	針湯荘	福島県	37.313101696380805	140.65953288271288		15.5	mg/l	9.8		21.5	2.3			5.2	5.3	54.9	16.5
2517	日影の湯鉱泉	日影の湯	福島県	37.32676779129933	140.58432744671504		8	mg/kg	6.2		6.2	7.9	1.2		5.9	10.8	89.3	20.5
2518	小町温泉	金山屋元湯	福島県	37.27355092973794	140.62133759742898		26.4	mg/l	9.8		38.1	3.3	0		17.1	7.2	47.8	19
2519	湯の沢	共同源泉	福島県	37.26500985536774	140.67728431136783		26.8	mg/l	9.7		22	2.3	0		4.9	4.9	93.3	20.8
2520	母畑鉱泉	下の湯ホテル	福島県	37.16688197686602	140.46781032265415		23.3	mg/l	9.9		28.9	1.6	0		5.9	8.9	70.2	17.3
2521	湯ノ口鉱泉	双葉屋	福島県	37.09473523859312	140.5093026857727		18		8.5									
2522	広畑	(広畑温泉)	福島県	37.034482125591545	140.509969412061		32											
2523	湯の田	さぎり荘	福島県	37.033555515725524	140.5085971685384		25.1	mg/l	9.3		26.5	3.9	0.3		6.6	12.4	67.1	22.3
2524	入道鉱泉	鹿の湯	福島県	37.02632797193637	140.56490622095956		13		8.5									
2525	白河国際カントリークラブ		福島県	37.08969551679988	140.38542303817695		43	mg/kg	9.3		78.2	1.6	0.5		5.2	0	215.6	32.6
2526	上台		福島県	37.04671706871783	140.381808731835		31	mg/l	9.4		124.9	1.5			12.3	3.1	307.4	9.5
2527	棚倉	棚倉田舎倶楽部	福島県	37.04020425913706	140.40543791101237		25.2											
2528	向山鉱泉	向山湯	福島県	37.03132105095302	140.3923479776179		17	mg/kg	8		17	3	0.7		5.2	3.3	58.8	57.6
2529	谷川鉱泉	谷川の湯	福島県	36.94451486557632	140.46376478721183		15	mg/kg	8.9		14.5	7.8	0.9		5.5	16.2	62.6	43.2
2530	志保の湯	志保の湯	福島県	36.910780527264286	140.47575063698636		25.2	mg/l	9.8		50	1.3	0		9.1	10.8	111.3	30
2531	湯岐	和泉屋	福島県	36.89560470307064	140.47196838746922		39	mg/l	9.8		40	1.5	0		5.9	8.8	94.6	29.4
2532	滝の沢鉱泉	滝の沢の湯	福島県	36.86951683975863	140.4130477035727		13	mg/kg	9.3		97.7	0.3	0.4		5.6	17.4	217.7	38.5
2533	矢祭鉱泉	矢祭鉱泉	福島県	36.86086604025792	140.3971111602015		18	mg/kg	7.7		190	62.4	13.3		47.9	472.8	109	41.2
2534	今神浜鉱泉	六万石	福島県	37.839119992620645	140.95224237200907		21.4	mg/l	8.1		66.5	0.9	0.3		12.5	9.6	172.3	51.5
2535	松川浦公園	松川浦公園温泉	福島県	37.821383492054395	140.9503783605696		28.7											
2536	松川浦	喜楽荘	福島県	37.8228234265629	140.96386744401295		31.7											
2537	神楽湯鉱泉	神楽湯	福島県	37.774998926047566	140.94553517545535		8	mg/kg	6.9		5.7	16	7		12.5	18.9	62.6	
2538	蒲庭鉱泉	蒲庭館	福島県	37.74314271311337	141.00295725761208		12.8	mg/l	7.1		12.5	14.5	4.4		18.5	2.1	74.8	35.6
2539	不動の湯		福島県	37.51502324136673	140.9765933939853		58	mg/kg	7.3		243.4	20.3	1.3		125.7	178.4	363.1	
2540	馬場内の湯鉱泉	馬場内の湯	福島県	37.49769986388516	140.95521353894333		15	mg/kg			7.6	11.8	4.3		7.3	6.2	74.2	65.5
2541	リーガル鉱泉	リーガル(つくし)鉱泉	福島県	37.499999939654714	140.9933995886474		17.5											
2542	玉の湯鉱泉	元湯	福島県	37.41483368624143	140.9120903130322		24.3	mg/l	9.6		34.8	3.8	0.2		11.2	17.2	65.6	17.1
2543	双葉		福島県	37.40759914333197	140.94759648547		25.1	mg/kg	9.4		39.6	2	0.1		11.5	19.9	64.1	29.4
2544	岩井戸の湯鉱泉	鶴の湯	福島県	37.32135828122478	140.9779760090019		13	mg/kg	7.5		16.5	32.7			8.7	20.9	185.5	114.4
2545	折木の湯鉱泉	目の湯	福島県	37.20122045651481	140.95610664402457		15	mg/kg	5.8		54.9	26.9	15.8		6.1	433.4	99.6	93
2546	久之浜・谷地鉱泉	石川荘	福島県	37.177478734790995	140.94483777843033		24	mg/l	8.5		63	15.8	3.2		37.6	95.1	48.9	89.3
2547	玉山鉱泉	共同源泉	福島県	37.130073131338015	140.93154616318384		15.6	mg/l	9.9		91	0.6	0		12.2	34.5	216.6	24
2548	白岩金波鉱泉	金波	福島県	37.12972919923773	140.95171820640365		9.6	mg/kg	3.8		18.6	167.3	31.4		10.7	770.5		49.2
2549	四倉鉱泉	よこ川荘	福島県	37.090253641657725	140.98016918213781		24	mg/kg			268	94.2	78.8		743.1	2.5	267.2	46.6
2550	赤井鉱泉	すみの湯	福島県	37.102898023573275	140.85599261739378		18	mg/kg	3.4		150.4	322.9	34.4		12.6	1319		62.7
2551	高野鉱泉	中の湯	福島県	37.05522981951316	140.7990780680435		24	mg/l	8		90.9					13.2	119	30.2
2552	草木	草木温泉2号	福島県	37.01116207990417	140.86501511010232		53.8	mg/kg	8.1		510.2	79.1	1		536.9	502.7	60.6	38
2553	常盤湯本	共同源泉	福島県	37.010681080680605	140.84763656179013		55.6	mg/kg	7.9		500	75	2.3		525.9	511.8	131.2	35
2554	白鳥	白鳥温泉	福島県	36.99186561850439	140.83576476903232		60	mg/kg	8.6		1330	18.1	0.7		2084	91.4	212.3	35.3
2555	神白鉱泉	神白	福島県	36.97655836134457	140.9182698344183		14.8	mg/kg	8.4		460.3	8.9	1.8		301.8	247.2	459.3	38.3
2556	原木田鉱泉	松扇	福島県	36.96147736998419	140.89833881382395		13.5	mg/kg	4.5		159.9	200.8	81.8		37.3	1102	0.5	37.1
2557	松小屋	丸井産業	福島県	36.960212333945826	140.81792209178556		30											
2558	萱手鉱泉	萱手	福島県	36.942256032627434	140.84692087302258		19.6	mg/kg	7.8		438.7	29.5	18.1		497.1	98.8	425.4	61.2
2559	下川の湯鉱泉	田辺旅館	福島県	36.93619909776647	140.85922117085582		11.5	mg/kg	7.4			102.5			105	98.2	358.5	33.2
2560	照島	照島	福島県	36.91929358442191	140.8505880772068		45											
2561	勿来の関		福島県	36.866761022052266	140.7804265491378		27											
2562	平潟	茨城温泉(株)源泉	茨城県	36.853799665401084	140.79569958013053		51.3	mg/l	7.5		2270	941.1	9.7		5200	33	35.4	22.8
2563	五浦	五浦元湯ボーリング2	茨城県	36.83516702226077	140.80296841719428		63.1	mg/l	8		2775	1250	1.8		6966	1.1	25.9	36.2
2564	大津		茨城県	36.83070291038793	140.79451089636854													
2565	関本鉱泉	関野屋	茨城県	36.85991416994293	140.77325085406076		19	mg/kg	7.4		15.5	11.3	3.6		7.1	39.1	36.9	18
2566	磯原鉱泉	山海館	茨城県	36.79452331993779	140.75707965785546		18.5	mg/kg	7.8		916	34.2	4.3		1135	4.9	493.3	30
2567	上手綱		茨城県	36.75011358526962	140.68176715617628		32.6	mg/l	8.6		460	87.5	1.1		101	1098.5	35.1	15.5
2568	高萩鉱泉	高萩鉱泉	茨城県	36.713521518429566	140.72016541362564		22	mg/kg	8.3		308	6	0.9		175.9	0	511.8	68
2569	菊の湯鉱泉		茨城県	36.712642594930024	140.7154085534732		19											
2570	三京鉱泉	三京鉱泉	茨城県	36.66896836118262	140.68718698821817		15.6	mg/kg	7.2		16.3	82.9	2.3		20.2	27.2	276.7	47.4
2571	十王坂鉱泉	十王坂旅館	茨城県	36.669742950755236	140.69942530019256		19.5	mg/kg	7.2		114	12.3	2.5		22.3	31.3	286.7	36
2572	鵜の岬鉱泉	国民宿舎「鵜の岬」	茨城県	36.662986304262446	140.71290370809143		21	mg/kg	8.8		61	8	3.1		24	8.1	163.7	65.6
2573	太陽の湯	オーシャンゴルフクラブ	茨城県	36.657763981665006	140.6602875103737		27		8.5									
2574	鵜の島鉱泉		茨城県	36.61722775170651	140.68278530603976		14.5											
2575	元寺ノ湯鉱泉	寺の湯	茨城県	36.57976656900879	140.65525719928843		16											
2576	多賀鉱泉	富士旅館	茨城県	36.55228851765207	140.62027074057673		9											
2577	川中子鉱泉	川中子鉱泉	茨城県	36.51888619589582	140.5692429532502		15.4	mg/kg	7.3		670	13.3	0.9		382.5	16	1127.4	61.2
2578	湯草鉱泉	湯草温泉・金明水	茨城県	36.73827200396438	140.45646026823874		21	mg/l	9.1		98	0.4	0		6.6	20.2	234.9	56.4
2579	折橋鉱泉	(折橋宿)	茨城県	36.72514288520038	140.5093172715526		15	mg/l	6		0.5	4.4	1.9		5.7	9	3	23.1
2580	大菅鉱泉	大菅鉱泉	茨城県	36.671876738779986	140.52178872256007		13.9	mg/l	9.8		67	1.8	0		33.4	21.7	91.5	41.3
2581	外大野	茨城ゼネラルカントリー	茨城県	36.81064012602813	140.43723875532646		30.8		8.5									
2582	大子	共同源泉	茨城県	36.792661632483146	140.34370509532448		25.3	mg/l	8.5		282.5	37.5	0.1		138.3	452.9	47.3	15.3
2583	浅川鉱泉	浅川鉱泉元湯	茨城県	36.79521104787146	140.3385549007157		14.5	mg/kg	9.3		110	0.2	0.1		16.8	45	331	37.7
2584	山田鉱泉	塩の沢鉱泉	茨城県	36.76738906428201	140.30090144293152		17.5	mg/kg	7.6		110	7.2	3.9		6	82	270	17.7
2585	袋田	袋田温泉ホテル	茨城県	36.761436833367114	140.39198403864506		39.2	mg/l	9.1		129	4.3	0		31.4	129.6	114.4	20.3
2586	滝川	滝川館ボーリング	茨城県	36.76382424228196	140.40035555083233		35.6	mg/l	9.4		170	3.1	0		58.2	163.7	108.3	15.4
2587	小生瀬	ゴルフ場クラブハウス	茨城県	36.76044318530777	140.42229352388944		40.7		8.5									
2588	元湯	袋田温泉元湯	茨城県	36.76023776687773	140.39530657115466		32.5	mg/kg	9.1		110	0.6	0		20.2	130	135	22.3
2589	大塩鉱泉	大塩の湯	茨城県	36.74823239224756	140.38397052435724		18.5	mg/kg	8.9		100	0.8	0		23.4	90	151	23.9
2590	湯沢鉱泉	湯沢温泉ホテル	茨城県	36.698371564441416	140.39942138031475		24.6	mg/l	8.9		232.5	10	0		133.8	266	77.8	18.2
2591	相川鉱泉		茨城県	36.52835608231566	140.28514600501572		11											
2592	上阿野沢鉱泉	白山荘	茨城県	36.52933291421447	140.34052127066647		16	mg/l	6.7		29	67.2			2.1	15.4	230.6	
2593	明礬沢	稲川源泉1号	栃木県	37.12933513816753	139.98772156519985		61	mg/l	6.6		45.7	188	11.7		6.6	517	54	112
2594	北	天狗の湯	栃木県	37.1242739441766	139.9959460362567		56.2	mg/l	6.4		50.8	52	12.2		5.9	155	173	141
2595	大丸	山楽源泉11号	栃木県	37.12316822712461	139.9849367599004		85.3	mg/l	6.2		67	70	19		2.2	386	66	163
2596	旭		栃木県	37.12116085585944	139.99678428262774													
2597	弁天	弁天温泉7号	栃木県	37.11925104259131	139.9875001512504		52.1	mg/l	6.4		56.2	65.4	23.2		13.4	222	116	140
2598	飯盛	余一源泉 NO.1	栃木県	37.11621624089715	139.96879992408017		36.1	mg/l	6.5		69.6	92	47.6		37.2	534	16	122
2599	高雄	高雄	栃木県	37.1063962902316	139.98801956109514		39	mg/kg	6.1		49.8	101	41		55	360	88	147
2600	八幡	恵星の湯	栃木県	37.111494041757304	140.00214325747646		34	mg/l	7.6		54.6	53.3	24.5		16.4	163	133	137
2601	湯本	鹿の湯(元湯)	栃木県	37.09828979141438	140.00143975970238		63.7	mg/l	2.3		28	66.4	19.6		99	667		208
2602	大深掘	相模鉄道E点	栃木県	37.08375693522227	140.051164116298		38.3	mg/l	8.8		68.3	17.7	2.5		17.1	79	129	77
2603	三斗小屋	三斗小屋No.1	栃木県	37.13828653494604	139.94660487057217		56.4	mg/l	6.6		54.6	66.4	18.2		6.8	303	38	137
2604	御宝前	御宝前No.1；No2	栃木県	37.12856405444639	139.94593646713744		33.1	mg/l	3.4		72.5	176	74.6		73.5	950		127
2605	新那須	東京建物2号	栃木県	37.065299819806306	139.95449915297002		30.1	mg/l	8		83.6	10.6	7.3		24.2	65	120	88
2606	板室	板室温泉17号	栃木県	37.06704835949729	139.92446150525188		49.7	mg/l	8.9		193	97.2			49.7	591		28
2607	大網	大網4号	栃木県	36.96548635344742	139.8606862373139		56.8	mg/l	7.9		297	135	0.5		40.4	851	74	74
2608	福渡	冷の湯新掘	栃木県	36.96451291924498	139.83904279869867		53.9	mg/kg	6.1		432.1	124.5	5.9		567.7	152.3	345.3	64
2609	塩釜	塩釜右岸	栃木県	36.96550549336448	139.82879798198977		76.2	mg/kg	6.7		410	89.7	5.1		521	254	203	136
2610	塩の湯	町営鹿股2号	栃木県	36.95537977292292	139.82906353426245		49.1	mg/kg	6.2		737	156	15		1260	56	265	76
2611	畑下	町営畑下	栃木県	36.967550359840594	139.82414567066084		72.8	mg/kg	7.7		502	122.4	8.4		784.1	203.2	239.5	102
2612	門前	町営門前4号	栃木県	36.97019254328137	139.82167835787774		66.7	mg/kg	6.5		324	109	39.1		598	24	371	215
2613	古町	観音の湯	栃木県	36.9704822809053	139.81894678927188		72	mg/kg	6.3		316	114.8	30		538.6	46	410.8	132
2614	中塩原	松の木平戦場	栃木県	36.98490414676661	139.8057558023999		51.5	mg/kg	7.1		439.5	76.6	6		532.9	79.8	363.3	125
2615	上塩原	金録	栃木県	36.986448373560144	139.78327524471726		65.8	mg/kg	7.3		453	31	4.7		528	133	298	104
2616	元湯	五色の湯	栃木県	36.96798544021576	139.7586761433976		53.8	mg/kg	6.7		885	90.2	22.9		989	257	1140	146
2617	須巻	日拓6号	栃木県	36.965168140154205	139.82261560895705		41.3	mg/kg	6.2		110.7	109.4	24.1		178.5	28.8	466.3	139
2618	袖が沢甘湯	鹿の湯	栃木県	36.95951562653231	139.82599445257455		45.1	mg/kg	6.5		226.4	77.1	17.2		107.7	70.7	732.8	159.2
2619	新湯	寺の湯	栃木県	36.95461454744095	139.77969514221874		57	mg/kg	2.3		28.8	73.7	26.7		2.5	1150		169
2620	八方が原	塩12 滝の湯	栃木県	36.92588924447128	139.8433553670554		30.4	mg/kg	8.7		36.9	6.2	0.1		3.2	31.8	81.1	15
2621	赤滝鉱泉		栃木県	36.869828693458246	139.85960883226193		13.2	mg/l	3		5.1	49.1	14		4.7	458.7		62.6
2622	小滝鉱泉		栃木県	36.866600364277055	139.85947600686268		13.6	mg/l	4.1		6.3	59.1	11.2		2.8	343.8		73.6
2623	寺山鉱泉		栃木県	36.85250834745936	139.87309744551834		14.5	mg/l			1	52	0.9		5.3	1398.3		353
2624	川治	川治3	栃木県	36.89475622454067	139.70674260557792		45.5	mg/kg	7.8		100	21			99.5	70.8	55.1	0.4
2625	鬼怒川	大滝の湯	栃木県	36.82736288075002	139.71862785224653		54	mg/kg	8.9		110	63.7			100.3	198.3	52.4	2.1
2626	日向鉱泉	日向	栃木県	36.89453847069485	139.66339450919435		24.2	mg/kg	9.4		21.2	10.5	3.1		7.1	36.2	46	12
2627	湯西川	元湯本館	栃木県	36.96198192643791	139.59089040092292		49.9	mg/l	7.8		91	9.4	0.1		61	29	112	49
2628	川俣	ホテル川俣	栃木県	36.8803929978228	139.46034394613181		96.5	mg/l	8.5		450	10	0.1		583	108	111	210
2629	かったて	山越 No.1；2	栃木県	36.87829327063841	139.41697647277775		60.8	mg/l	6.9		481	31.6	0.5		690	29.2	208	97
2630	ぬる湯		栃木県	36.87199698468795	139.41078856334912		36.5	mg/l	6.1		420	30	0.7		457	34.4	425	108
2631	八丁ノ湯	4号	栃木県	36.872593195895796	139.39817791508537		52	mg/l	7.6		114	18.6	0.1		79.3	32.6	198	82
2632	加仁湯	奥鬼怒4号	栃木県	36.86860747388831	139.39398391210628		52	mg/kg	7.6		319	22.8	1.6		435	52.4	160	81
2633	日光沢	日光沢	栃木県	36.865214889610165	139.38824715672686		63.8	mg/l	6.1		650	49	4.4		910	62.5	339	117
2634	手白沢	手白沢	栃木県	36.86229520455336	139.40101840675314		61.8	mg/l	7.1		90	12.9	0.2		20	45.9	170	101
2635	湯沢	噴泉塔	栃木県	36.85740135692655	139.42392172288206		72.9	mg/l	6.6		550	67.4	0.8		878	116	159	135
2636	西沢	西沢	栃木県	36.84276696800024	139.4467528102678		33.8	mg/kg	6.6		169.7	50.7	6.6		97.8	78	413.4	39.8
2637	日光湯元	日18	栃木県	36.80928963062185	139.42469928736162		77	mg/kg	6.8		187.9	171.2	6.9		90.3	457.3	269.6	64.1
2638	清滝	日光清滝	栃木県	36.743706141732744	139.57440090113823		31	mg/kg	7.7		266.7	40.8	10.2		418.6	43.6	136.5	
2639	日光	日光七里	栃木県	36.74190763709977	139.63489178141134		38.3	mg/kg	10.4		122.2	45.3	1.5		191.4	69	41.5	23.7
2640	小来川	小来川	栃木県	36.67325020247779	139.62264553542477		28	mg/kg	8.2		98.6	19.6	0.9		82	68.9	94.5	
2641	足尾	直利の湯(水没後)	栃木県	36.6529065629502	139.41105451335818		30.5	mg/kg	6.9		32	452.7	0.5		121.8	765.2	199	45
2642	中岩	県鬼怒川右岸開発	栃木県	36.780318925374864	139.71143284136434		33.5	mg/kg	8.8		293.2	48.8	0.4		276.7	328	1.2	18.2
2643	船生	塩谷2	栃木県	36.76330099616499	139.77033048307783		36	mg/kg	8		164	19.5	0.1		121.8	201	29.6	
2644	風見(塩谷)鉱泉	塩谷1	栃木県	36.73554107561262	139.8724512638127		13.7	mg/kg	6.6		7	15.8	5.4		5.5	5	105	
2645	羽黒鉱泉	(羽1)	栃木県	36.71869889702917	139.88789652806489		21											
2646	河内	河4	栃木県	36.64219870434443	139.88449420524944		33	mg/kg	8.5		217.8	18.5			27.9	413.5	136.9	0.7
2647	宇都宮	宇1	栃木県	36.57400284753001	139.8853111750744		42	mg/kg	9.5		370.1	1.3			178.3	497.9	34	
2648	黒磯		栃木県	36.9832476860104	140.0467354716993		30.7											
2649	西那須野	大鷹の湯	栃木県	36.9150448666395	139.97090194363003		58.7											
2650	乃木		栃木県	36.883192237085915	139.99697249564505		50.1		8.5									
2651	大田原	大田原	栃木県	36.869869493454736	140.0371446049973		47.6	mg/kg	8.9		425.7	6.5	0		610	75	79.5	
2652	矢板	玉1	栃木県	36.756202311724095	139.9071614044588		33.7	mg/kg	9		227.8	5.6	1.7		23.9	14.4	496.3	
2653	喜連川	喜3	栃木県	36.716845677194	140.0205327159618		45.8	mg/kg	7.6		2790	69.1	4.5		3820.4	70.3	305.3	
2654	芦野	芦1	栃木県	36.98908513315437	140.14811466925246		26	mg/kg	9.7		79	0.8	0.1		6.4	11.4	178.1	
2655	黒羽	黒羽町営	栃木県	36.885381204943165	140.13173263180246		27.2	mg/kg	9.5		80.2	0.9	0		34.5	37.1	80	11.3
2656	湯津上	湯2(湯場)	栃木県	36.82363959491095	140.10553412360886		30.7	mg/kg	9.1		173.9	1.4	0.1		136.5	84.2	127.7	63.8
2657	馬頭	(塚本)(馬6)	栃木県	36.77769813139934	140.1366905175039		46.5	mg/kg	9.2		155.5	2.1	0		16.5	232.7	121	
2658	小川鉱泉	那須小川塩の湯	栃木県	36.7647455542441	140.13587555011011		16.3	mg/kg	6.8		2200	327.7	34.8		3906	541.9	47.7	100.2
2659	大金		栃木県	36.664305759590505	140.0983653971171		66.8	mg/kg	7.6		3580	1737	8.3		8231	553.9	29.5	37.9
2660	南那須	南那須1	栃木県	36.621562243706514	140.09447107447141		45	mg/kg	8.2		3080	208	6.7		5035	135	102	
2661	茂木	茂木健康温泉	栃木県	36.59109336430086	140.15256982762463													
2662	根羽沢	根羽沢	群馬県	36.869629327405626	139.32795827167647		38.5	mg/kg	6.2		734.5	96.2	163			40	1735	52.4
2663	丸沼	混合泉	群馬県	36.835152289444075	139.34875571062827		48	mg/kg	7.7		102	92.2	0.4		96.8	282	152.5	89
2664	尾瀬戸倉	水芭蕉の湯	群馬県	36.837575296457636	139.24731548743836		30.9	mg/l	10		47	2	0		32.8	47.6	94.6	52.3
2665	片品	萩乃湯(土出温泉)	群馬県	36.81085142418352	139.23818201235034		52.3	mg/l	9.2		46.2	2	0		26.2	32.8	115.9	77.8
2666	白根	上の湯	群馬県	36.79715139249158	139.28368346291606		61	mg/l	8		128	28.3	0.1		95.2	220	89.1	47.7
2667	小川	宮乃下	群馬県	36.79067223069983	139.2604023025152		28	mg/kg	8.1		18.1	8.2	1.3		7.4	8.8	78.7	21.6
2668	鎌田	半瀬の湯	群馬県	36.77713245581215	139.23136925200635		44	mg/kg	8.5		121	3.8	0		102.5	14.3	112.9	30.4
2669	花咲	越沢の湯	群馬県	36.750894571260574	139.1988833909447		29.5	mg/kg	8.4		46.2	4.7	3.5		12.2	14.5	106.8	28.9
2670	老神	7号泉	群馬県	36.668782296988276	139.2095552715611		59.5	mg/l	8.4		103	24.5	0.6		125.7	123	47.6	40.3
2671	松葉鉱泉		群馬県	36.52920207351095	139.23750832023563		24	mg/l	6.1		860	320	150		1999	32.4	860	97.7
2672	猿川鉱泉	内野の湯	群馬県	36.50741697302174	139.23804816616658		19.5	mg/l	6.7		503	192	95		1080	18.4	650	105.4
2673	赤城	島の湯	群馬県	36.50684203326846	139.1798003364234		43.5	mg/kg	6.4		210	275	134		237	185	1448	103
2674	武尊鉱泉	曲師の湯	群馬県	36.729746858902644	139.13625350655468		18	mg/kg	9.1		23.5	6.2	0.2		4.8	13.2	48.8	44.9
2675	小住鉱泉		群馬県	36.72710133645089	139.1327078855957		14	mg/kg	9.2		56	14.4	0.1		11.3	27.5	70.2	60.4
2676	桜川		群馬県	36.730865132730045	139.10416096318696		27.9	mg/kg	9.3		17	3.8	0.4		2.2	15.7	40.9	21.4
2677	川場	弘法の湯	群馬県	36.712168548715276	139.11306358475449		39.3	mg/kg	9.1		68	4.4	0.1		42.9	52.7	64	46.9
2678	塩河原鉱泉	渓山荘の湯	群馬県	36.69094988925327	139.1057731633417		22.3	mg/kg	9.4		37.5	0.4	0		5.6	7	85.4	33.2
2679	湯の小屋		群馬県	36.873090645786775	139.0856063804307		80	mg/l	7.6		138	26.2	4.4		133	175	91.5	
2680	宝川	第5号	群馬県	36.84788888334165	139.0466333662879		73	mg/l	7.1		175	46	1.6		305	200	27.7	82.3
2681	湯桧曽	貞任の湯	群馬県	36.808902205575386	138.98578857083274		53.5	mg/kg	8.4		92	49.6	0.1		139	119	29.2	64.2
2682	谷川	孤峰の湯	群馬県	36.789401998530664	138.95326051697387		61.5	mg/kg	8.2		86	77.5	0		114	185	22	35.3
2683	大穴	1号泉	群馬県	36.790620415632674	138.98130678475243		41.6	mg/kg	8.4		73.2	40.2	0.5		104	98.7	24.4	40
2684	水上	不動の湯	群馬県	36.768798894163794	138.97116205468518		49	mg/kg	8		127.8	272	0.2		147.5	845	30.5	41.9
2685	向山	宝珠の湯	群馬県	36.8023613807801	139.00587594999436		25.7	mg/l	9.4		21.8		0.2		2.1	30.3	42.7	14.3
2686	奈女沢鉱泉	釈迦の霊泉	群馬県	36.754078137407625	139.01300206802728		24.8	mg/kg	9.8		20.3	3.3	0		4.4	30	61	45.9
2687	上牧	新湯1号泉	群馬県	36.738993002034306	138.98303406831718		42.5	mg/l	7.6		185	166.2	3		301.7	586	52.8	33.8
2688	川古	川古の湯	群馬県	36.758421636914896	138.88511236919277		34	mg/l	7.8		68	301	5.2		121	820	28.9	
2689	高原千葉村	千葉源泉	群馬県	36.75006289760024	138.89228739325537		25.5	mg/kg	8.9		87	355	2.2		40.6	920	73.2	19.5
2690	猿ヶ京	湯島	群馬県	36.73049050154766	138.891761569235		66	mg/l	7.7		153	321	4.2		182	915	61	95.4
2691	新三国	新三国	群馬県	36.72912559186641	138.90506668894565		29	mg/kg	7.6		15.5	4	0.1		3.2	36.3	8.1	50.1
2692	赤岩	太子の湯	群馬県	36.703681495939726	138.91063980116516		31.4	mg/kg	8.6		175	136	0.1		31.4	608	18.3	22.7
2693	湯宿	洗場(元湯)	群馬県	36.70018449004709	138.9132091202826		63.5	mg/kg	7.6		230	152	0.1		132.9	734	30.5	31.7
2694	大峰	堤の湯	群馬県	36.70512486688773	138.92783877849644		27.3	mg/kg	9.4		38.6	2.8	0		5	44	49.6	21.4
2695	上毛高原	上毛高原の湯	群馬県	36.667323886069575	138.9493646393988		28.7	mg/l	8.4		64	0.6	0		13.8		146	59.7
2696	法師	旭の湯	群馬県	36.74409440489578	138.82993515725445		43	mg/kg	8.8		90.6	281.7	8.7		110.3	675.7	25.6	27
2697	奥平	2号泉	群馬県	36.673400748873156	138.86165216321893		30.2	mg/l	7.3		17	24	0.2		21.6	58.6	9.2	
2698	四万	滝の湯(新湯地区)	群馬県	36.68690755488812	138.77195575713057		83	mg/kg	6.8		618	162	1.4		1047	346	76.3	104.6
2699	新四万	鳥の湯	群馬県	36.66638672553622	138.7952949033861		36.5	mg/kg	7.7		215	163				275	79.3	
2700	沢渡	県有泉	群馬県	36.62399189769611	138.76391334678937		55	mg/kg	8.2		128	185	0.1		182	435	16.5	30.9
2701	松ノ湯	松の湯	群馬県	36.57547780963679	138.7335366274666		31	mg/l	8		60	500	0.6		44.3	1239	13.4	19.2
2702	川中	美人湯	群馬県	36.57845046237744	138.7253772247811		34	mg/l	8.2		43.3	394	0.3		16.2	984	17.1	42.4
2703	川原湯	県有泉	群馬県	36.54734040868716	138.70039954107295		72	mg/l	7.9		228	218	0.3		306	583	42.7	66.3
2704	横壁地区	生産井	群馬県	36.5384209074161	138.66793234097187		56	mg/l	7.9		755	208	1.2		1012	665	42.7	37.5
2705	大戸鉱泉	大戸鉱泉	群馬県	36.51278353993887	138.78054881410793		14.6	mg/l	8		3150	5110	27		13500	700	21.4	26.4
2706	尻焼	関晴館別館の湯	群馬県	36.647947236265686	138.64315047335202		55	mg/kg	7.8		163	246	0.3		211.7	736	30.5	46.5
2707	花敷	野反湖(野反の湯)	群馬県	36.647424052409576	138.64850156983013		58	mg/l	6.8		198	280.6	0		210.2	775	42.7	23.5
2708	応徳	応徳の湯	群馬県	36.608016846617396	138.63862744888948		51	mg/kg	6.2		162	121	1.4		164.5	435	18.3	61.3
2709	湯の平	第1号泉	群馬県	36.60986391330843	138.64117851954072		71.5	mg/kg	8.5		204	126	0		237	444	27.1	85.2
2710	大梨	暮坂1号 gun-24	群馬県	36.609282466933735	138.6635907200741		43	mg/kg	8.3		248	192	0		317	660	59.2	34.3
2711	草津	万代鉱	群馬県	36.62114436285624	138.57544200637082		95	mg/l	2		44.8	82.3	40.4		656	931.8	0	410.9
2712	万座	鈴湯	群馬県	36.6377911520919	138.50971202375055		95	mg/kg	2		52.8	24.6	20		126	724	0	170
2713	半出来吾妻	恵の湯	群馬県	36.54638591366827	138.58278559018876		42	mg/kg	7.1		980	454	133		2297	688	179	92.3
2714	西窪		群馬県	36.5227360812398	138.54088643243043													
2715	平治	笹乃湯	群馬県	36.529798992535	138.54949638140812		41	mg/kg	7.4		200	77.6	49		240	330	233	88.5
2716	嬬恋	鹿の湯	群馬県	36.51412039253445	138.52953125219528		38.5	mg/l	6.9		205	112	86		95.9	187	998	110.8
2717	大塚	ぬる湯	群馬県	36.61701525481639	138.88143394243198		33.5	mg/l	8.6		99.5	52	0.1		160	105	30.5	32.5
2718	蟻川・塩の平	観音の湯	群馬県	36.612970507573586	138.87079993591573		31.2	mg/kg	8.7		15	25.2	0.6		59.4	55.7	29.4	37.3
2719	中之条	天神の湯	群馬県	36.59080239956292	138.86170817254126		25.8	mg/kg	9		44	4.2	0.1		25.3	49.4	36.7	29.5
2720	あづま	息吹の湯	群馬県	36.559577916294266	138.8946127668746		54.4	mg/kg	9.2		711.1	28.3	4.9		1075	149.8	77.8	132
2721	塩川	幸の湯	群馬県	36.5562226589096	138.9045385906171		49.5	mg/kg	8.8		408	7.5	0		593	25.5	112.9	100.8
2722	沼田岡谷鉱泉	天然イオンの湯	群馬県	36.659570155899885	139.0627190401501		15.2											
2723	沼田鉱泉	薬師湯	群馬県	36.58612344606278	139.05670022429277		23.9											
2733	川東	虎丸	新潟県	37.93077579747384	139.4090952231365		27		8.5									
2734	二王子	二王子	新潟県	37.927341003535155	139.41604018489033		43	mg/kg	6.9		994.2	57.1	9.8		150.4	1567.8	761.7	129.2
2735	湯の平	湯の平1号	新潟県	37.841363266153664	139.58749114892106		56	mg/l	6.7		273	107.1	1.8		308	238	338	61.5
2736	月岡	月岡5号	新潟県	37.87884405128388	139.3109641124388		49.3	mg/kg	7.4		1375	66.1	30.5		1557	485.4	217.4	27
2737	真光寺	真光寺山温泉	新潟県	37.82303606276139	139.29431332895646		36.5		8.2									
2738	出湯	旧温泉	新潟県	37.81778606413662	139.3009541425712		41	mg/kg	8.4		57.5	46.7	0.1		8.7	206.4	31	14.8
2739	今板鉱泉	湯本	新潟県	37.80619142707117	139.29316860228536		20											
2740	村杉	薬師の湯	新潟県	37.800101137463244	139.29163706117993		26											
2741	安田	安田	新潟県	37.78191459519387	139.24097300663792		25											
2742	草水鉱泉	草水	新潟県	37.746621403952894	139.2596808876507		16	mg/kg	4.1		83.2	54.7	57.4		99.2	642.3		50
2743	咲花	咲花温泉六号井	新潟県	37.73632293037264	139.29513497073756		53.9	mg/kg	7.9		276.1	89.9	1		428.3	266.8	50.8	23.8
2744	牧の花鉱泉	牧の花1号	新潟県	37.73590334170528	139.32754487498877		14.7											
2745	三川	三川温泉2号	新潟県	37.736032795203975	139.3900614679113		43	mg/kg	7.7		920.9	192.9	15.3		781	1444.3	5.9	96.9
2746	津川	津川	新潟県	37.69506026828297	139.44008578507442		32		8.5									
2747	角神	角神温泉2号	新潟県	37.71114601901217	139.47130172200445		34.5	mg/kg	8		475.7	185.7	5.5		79.7	1069.9	412.3	32.3
2748	きりん山	富久乃湯	新潟県	37.68434713512882	139.46727408285054		40.3	mg/kg	7.4		350	65.6	4.9		438	336	18	47.7
2749	津川カントリークラブ	津川カントリークラブ	新潟県	37.619371246500464	139.5207646743545		32	mg/kg	8.4		60	2.6	0.9		4.6	115.6	26.2	15.9
2750	小出鉱泉	湯の瀬	新潟県	37.62893717545955	139.4894918756276		11	mg/kg	6.9		876.8	280.2	24.3		1557	491.7	67.5	35.7
2751	御神楽	御神楽温泉	新潟県	37.60086295638413	139.42631495001413		44	mg/kg	7.9		484.1	37.5	20		270	521.1	331.6	15.8
2752	阿賀浜鉱泉	松の湯	新潟県	37.94839164511452	139.14625514380853		13	mg/kg	8.2		5855.1	785.7	264.3		10473.6	25.5	1716.9	23.7
2753	新潟ビーチ温泉センター	北天R-16号	新潟県	37.929411259600414	139.03810110219808		49	mg/l	7.9		10931.1	424.2	397.5		19454.6	37	1052.9	183.1
2754	寺尾鉱泉	寺尾温泉	新潟県	37.87063430174856	138.96748294214456		15.5	mg/kg	8.4		5638.1	285.2	100.5		9360	27.6	933.5	8.6
2755	緒立鉱泉	緒立鉱泉	新潟県	37.85921252879754	138.98594215702732		17	mg/kg	7.5		515.5	28.6	45.9		673.7	13.2	611	32.3
2756	新津	新津	新潟県	37.79474953264935	139.1289521374604		42	mg/kg	7.8		4131.3	37.9	9.5		5495.7	15.2	2205.8	140
2757	秋葉鉱泉	秋葉	新潟県	37.79102698446231	139.13249551765156		16	mg/kg	6.7		1833.6	92.9	23.4		3433	4.4	50.6	18
2758	高坪鉱泉	高坪	新潟県	37.779990607051495	139.14660896928905		15											
2759	小口鉱泉	小口	新潟県	37.77030008922046	139.15686837856452		15	mg/kg	8.5		433.4	21.1	12.4		642.1		225.6	17.9
2760	日光寺鉱泉	日光寺	新潟県	37.74882318097156	139.1450736061835		17	mg/kg	8.1		154.3	12.1	1.1		17.7	6.9	432.9	43.1
2761	白根鉱泉	白根	新潟県	37.78917623215711	139.03550105310944		15	mg/kg			398.9	19.9	0.1		408.2	23.1	397.6	70.9
2762	一ツ石鉱泉	パワー温泉	新潟県	37.76636953822678	139.0211529769719		13.7	mg/kg	7		2160	156.3	363.3		3086	5.6	1556.4	19.3
2763	新湯田上	新湯田上	新潟県	37.71247130661835	139.08121715724246		33.1	mg/kg	6.5		2750	340.2	60.6		5135		0	35.9
2764	高砂鉱泉	高砂鉱泉	新潟県	37.660300443208264	139.15190154621556		14.6											
2765	金割鉱泉	金割鉱泉	新潟県	37.651723822477344	139.13461248608954		17.7		8.5									
2766	村松鉱泉	村松鉱泉	新潟県	37.65582831516826	139.29141974911454		20											
2767	本城寺	牛の湯	新潟県	37.62197412765228	138.95504569396675		70	mg/kg	7.1		7990	360.7	28.4		12905.9	325.1	512.6	161.6
2768	福岡鉱泉	砥沢の湯	新潟県	37.5936490618488	139.00776561742524		15	mg/kg			859.5	39.9	14.9		1097.2	12.8	605.4	56.2
2769	中浦鉱泉	中浦温泉	新潟県	37.57164639264294	139.09397717928874		13	mg/kg	5.7		8.9	8.4	6.2		7.2	60	26.6	0.2
2770	越後長野鉱泉	越後長野	新潟県	37.52722464444448	139.11822422500063		12	mg/l	6.9		2182	97.8	60.5		3616.4	27.9	478.1	233.7
2771	矢田鉱泉	栄町老人憩の家「しらさぎ荘」	新潟県	37.56973366090277	138.9487519998843		10	mg/kg			44.2	7.8	5.6		17	32.4	52.6	83.5
2772	大口	大口	新潟県	37.51800884599529	138.87143907289874		32	mg/kg	7.5		2229.7	485.7	80.8		4155.4	32.1	978.6	132.5
2773	湯之腰	湯の腰鉱泉	新潟県	37.794279423229945	138.84581125205983		28	mg/kg	8.5		58.3	3.6	0.7		30.1	40.3	87.1	75.4
2774	岩室鉱泉	岩室鉱泉	新潟県	37.74073688814297	138.83789376632296		19	mg/kg	7.2		328.5	106.8	2.2		691.5	9.5	38.3	32.3
2775	間瀬田ノ浦鉱泉	間瀬田ノ浦	新潟県	37.72186278736088	138.78994859217622		22.2		8.5									
2776	弥彦	観音寺温泉	新潟県	37.69331265233017	138.82124529596808		25.5	mg/kg	6.7		1254.6	257.2	2.2		691.5	14.4	60.9	37.7
2777	弘智鉱泉	弘智温泉	新潟県	37.6994245017861	138.78715704339746		12	mg/kg	7.3		61.2	52.1	28.4		85.1	87.7	213.2	18.3
2778	寺泊海岸鉱泉	寺泊海岸温泉	新潟県	37.64285389178437	138.76710951659652		17	mg/kg	7.9		272.2	30.9	15		138.9	62.2	524.8	11.8
2779	寺泊	年友	新潟県	37.6240474738949	138.77177294347564		36.5	mg/kg	7.7		6328.4	414.3	86.7		9707.8	848.9	2211.7	223
2780	馬越鉱泉	越乃湯	新潟県	37.5663507768412	138.8059809008394		12	mg/kg	7.7		11578.2	642.9	150.7		22053	86.4	700.3	391
2781	勝見鉱泉	石地鉱泉	新潟県	37.525048703399094	138.66356468767526		13	mg/kg			3548.4	133.6	6.5		5743.8	371.6	770.3	140
2782	小木の城鉱泉	小木の城	新潟県	37.50017034914045	138.74183373999136		5.5											
2783	七日市鉱泉	七日市	新潟県	37.483032200386575	138.77514274413943		12.5											
2784	大崎	大崎	新潟県	37.499567779623874	138.64256687919428		26.8		8									
2785	まつかぜ鉱泉	松風荘	新潟県	37.461598451920715	138.66599330565933		14.8	mg/kg	7.5		251.5	23.4	3.3		241.1	17.6	371.5	27
2786	宮本鉱泉	五軒の湯	新潟県	37.44423128576983	138.73328515251004		11	mg/kg	7.5		20.1	41.5	5.5		14.7	43.8	131.6	75
2787	地蔵鉱泉	地蔵温泉	新潟県	37.44380670785056	138.6919881699439		14.5	mg/kg	8		40	19.1	3.7		16.3	31.6	121.6	
2788	妙法寺鉱泉	妙法寺	新潟県	37.43333886895551	138.66384449499796		13.6											
2789	湯之谷鉱泉	湯之谷鉱泉	新潟県	37.43429806242321	138.70049448046504		13	mg/l	6.4		23.7	26.4	3.7		4.3	61.7	74.5	67.9
2790	三島谷鉱泉	三島谷	新潟県	37.43803324097606	138.71300278687644		22.5	mg/kg	8.2		310.3	3.8	1.6		14.2		826.4	63.9
2791	灰下鉱泉	灰下鉱泉	新潟県	37.40638891331298	138.72184383718934		13.9	mg/kg	9		138.2	1.9	0.3		10.6		436.9	39.2
2792	関原	関原の湯	新潟県	37.45703194501662	138.77907202039384		39.5											
2793	三ツ郷屋	三ツ郷屋	新潟県	37.45023937972958	138.81596588813548		40	mg/kg	7.8		946.3	134.3	7.4		1507.5	6.6	621.4	109.9
2794	長岡温泉センター	長岡温泉センター	新潟県	37.44816677528717	138.84825742125943		44	mg/kg	7.9		87.2	8.4	1.1		17.7	5.5	233.8	143.3
2795	見附	見附(椿荘)源泉	新潟県	37.492614074179215	138.92551225892615		37	mg/kg	8.4		131.8	28.6	2.8		78	15.2	309.2	93.7
2796	大野鉱泉	大野湯	新潟県	37.46762133849374	138.9858042556596		20											
2797	荷頃	長生館(長生の湯)	新潟県	37.45883253739711	138.98302000934683		38											
2798	長岡東山(桂)	桂温泉センター	新潟県	37.48389390981283	138.9218614092451		46.2	mg/kg	8.5		95.2	0.5	0.3		58.5	7.6	126	45.4
2799	九万堂	九万堂	新潟県	37.474399681547325	138.91988869752413		47.7											
2800	麻生田鉱泉	麻生田	新潟県	37.458524555635265	138.90376546826346		18.8											
2801	沢根鉱泉	沢根源泉	新潟県	37.44908993610071	138.9026475450769		14.5	mg/kg	8.2		44.6	35.1	9.7		108.2		128.2	
2802	鶴ヶ丘	鶴ヶ丘	新潟県	37.447035045945825	138.89426785683688		33	mg/kg	7.2		193.8	91.4	8.1		397.1	3.4	162.6	80.8
2803	成願寺鉱泉	成願寺	新潟県	37.4358120195765	138.90710748112176		14.1	mg/kg	8		9.7	19.1	6		9	5.5	132.1	27.6
2804	越後長岡	長岡温泉2号	新潟県	37.417913505839365	138.86338995262162		37	mg/kg	7.8		78.6	0.7	3.6		97.1		86.2	96.3
2805	かまぶろ鉱泉	長岡かまぶろ	新潟県	37.38615289155784	138.83884273753455		22	mg/kg	7.6		915.7	268.3	54.6		2079.9	5.4	158.5	2900.6
2806	渡沢	渡沢源泉	新潟県	37.37796720484702	138.84584781457906		25.5	mg/kg	8.5		21.2	18	4.2		22	5	124.5	
2807	蓬平鉱泉	和泉屋	新潟県	37.3672480326481	138.89293142813153		15	mg/kg	9.2		181.3	0.8	0.1		91.6	60.7	386	13.6
2808	小栗山鉱泉	小千谷鉱泉？	新潟県	37.341063685183556	138.85681673622332		13	mg/kg			150.6	5	1.1		14.2	23.5	383.7	29.1
2809	墓間鉱泉	墓間の湯	新潟県	37.36729970066746	138.72670499779457		14	mg/kg			1.6	0.5	0		3.2	0.1	1.6	5.3
2810	西谷鉱泉	西谷の湯	新潟県	37.35833588321389	138.72664930945965		18	mg/kg	7.5		1.5	2.3	0.3		1	2.9	5	5.2
2811	守門鉱泉	白石鉱泉	新潟県	37.357015929351775	139.03743493341094		21.2	mg/kg	7.5		815.7	7.1	32.1		425.5	240.7	1398	32.3
2812	中子沢鉱泉	木ノ葉石の湯	新潟県	37.23786066514836	139.04195949102757		13	mg/kg	6.5		64.7	228.6	27.3		53.3	251	619.5	80.8
2813	葎沢鉱泉	なりくら荘	新潟県	37.22299706031233	139.01298133681587		24.5	mg/l	7.2		352.9	275	57.9		72.7	964.9	764.2	59.2
2814	芋川	芋川入	新潟県	37.218859832522405	139.03132003574763		34	mg/kg	8.5		61.9	19.1			26.2	115.2	42.3	50.3
2815	宇津野	小平沢	新潟県	37.210094771413694	139.05216727922664		43	mg/kg	8.1		33.5	16	0.6		13.7	39	63.1	
2816	折立	下折立	新潟県	37.2071678958156	139.06247610583026		40.1	mg/kg	7.5		98	53			81.1	175.3	71.8	0.7
2817	折立又新田	折立又新田	新潟県	37.19193225487873	139.0653191673731		38.7	mg/kg	8.3		84.2	48			73.7	153.8	17.9	1.5
2818	大湯	大湯3号	新潟県	37.19328888164939	139.08137502090588		31.8	mg/kg	8.6		30.7	25.8	0.1		24.9	88.1	18.8	48.1
2819	栃尾又	栃尾又	新潟県	37.18572871702859	139.0853625548336		37	mg/kg	8.5		29.6	35.8	0.1		14.9	124.2	17.8	24
2820	駒の湯	駒の湯山荘	新潟県	37.16164329358307	139.08901301376468		31.2	mg/kg	8		19.8	37.2			11.4	115.4	15.5	10
2821	五箇鉱泉	五箇温泉	新潟県	37.18814228558346	138.92959159909356		18.2	mg/kg	7.2		1342	347.1	73.8		2418	667.1	118.7	
2822	浦佐鉱泉	浦佐温泉	新潟県	37.16363872456728	138.91742389530205		18.7	mg/kg			548.5	117.9	25.4		843.1	391.4	28.3	16
2823	一水口	一水口	新潟県	37.16339766476845	138.90643851363004		26	mg/kg			46.7	61.9	10.3		195	16.5	17.5	50.6
2824	柳古新田		新潟県	37.13625621507222	138.9351409929229		27.6	mg/kg	9		230.3	5	1.2		39.9	83.4	522.2	39.1
2825	大和町大崎	湯咲花源泉	新潟県	37.13771523857037	138.93622622174158		27	mg/kg	9.2		18.5	4.7	0.1		7.1	10.5	34.8	9
2826	河原沢鉱泉	河原沢	新潟県	37.131027076300064	138.89134635385992		11											
2827	城内	城内	新潟県	37.09649961552619	138.96739936365915		25.1		8.5									
2828	畔地	畔地	新潟県	37.052955487844976	138.96106874608572		26.9		8									
2829	五十沢	五十沢	新潟県	37.058880643484194	138.9265008199987		52	mg/kg	9.1		35	6.8			26.3	28	34.2	83.9
2830	君帰鉱泉	君帰鉱泉	新潟県	37.08124935221852	138.86108365988153		16	mg/kg	8.6		247.2	11.6	7.2		284.2	52	181.3	4.5
2831	六日町	7号井	新潟県	37.063430057565945	138.8702145105055		58	mg/kg	7.8		190	24	0.1		315	47	61.6	
2832	越後俵山鉱泉	魚沼高原	新潟県	37.07450280244863	138.77772941198586		19.2	mg/kg	8.3		29.3	11.9	3.2		19.5	16.5	80.4	18
2833	栃窪高原鉱泉	栃窪高原	新潟県	37.05226883859379	138.8138776707721		5.3											
2834	西山鉱泉	栃窪1号	新潟県	37.05200457500035	138.81582580204827		21.7	mg/kg	8.4		599.5	126.6	9.6		1105	30.4	136.6	33
2835	小栗山	小栗山	新潟県	37.03224053833334	138.82045005843653		36											
2836	湯ノ城	上越パラダイス	新潟県	37.02407094633535	138.8065679319986		44											
2837	大沢	大沢鉱泉	新潟県	37.02225376059083	138.8014248895025		28	mg/kg	8.5		500.5	2			444.2	5	479.9	
2838	上越後楽園	上越後楽園	新潟県	36.98735286304234	138.82081101844042		31.1	mg/kg	8.2		1019	84.2	19.3		1061	353.3	1039	35.3
2839	上野鉱泉	新泉1号	新潟県	36.98648142025028	138.792895910541		24.3	mg/kg	8.1		99.3	3.8			95.3	12.4	97.8	15.2
2840	石打丸山	丸山3号	新潟県	36.98206505471763	138.80113282162958		25.8	mg/kg	8.1		888.9	157.8	24.5		1498	246.7	243.8	27.9
2841	湯沢	第3配湯所 混湯	新潟県	36.93783648656557	138.81028888191662		61.5	mg/kg	8.3		193.5	69.4	0.1		292.8	109.9	31.9	26.4
2842	岩原	岩原	新潟県	36.926589246425344	138.84031838773396		55.7											
2843	神立高原	ゴールデンスパ	新潟県	36.90618393337889	138.80972807697887		43.1		8									
2844	松川	松川	新潟県	36.90358872844983	138.83907058936245		25.8											
2845	佐工不動産	佐工不動産	新潟県	36.91668617525702	138.83802535111474		35.2	mg/kg	8.8		30.6	22.7	0.4		16.1	72.2	29.4	16.1
2846	三俣	せきれいの湯	新潟県	36.90365752748953	138.77457369131278		32.8	mg/kg	8.9		12.8	14.4			8.5	35.7	17.1	
2847	貝掛	貝掛	新潟県	36.87253981792278	138.7694696391249		37	mg/kg	6.8		425.6	321.4	1.1		1123.7	148.1	17	59.2
2848	猿倉	猿倉の湯	新潟県	36.84869652695161	138.76748686709848		38.5	mg/kg			2713.4	1517.7	109.2		6155.2	411.5	1756.3	296.2
2849	赤湯	青の湯	新潟県	36.81413041999089	138.72169198361448		50	mg/kg	6.6		325	300.2	8.9		611	417		61
2850	苗場	苗場	新潟県	36.79262214559773	138.78453910662552		32	mg/kg	6.5		1086	971.6	79.5		1768	1325	646.9	73.2
2851	瀬戸口	瑠璃の湯	新潟県	36.995426704522224	138.73054865389818		33	mg/kg	7.5		1261.4	40.7	5		2059.9	6.9	26.2	61.4
2852	清津峡	薬師の湯(小出4号)	新潟県	36.97326179354053	138.74979939031638		48	mg/kg	9.2		211.5	40			354.6	46.5	49.5	67.9
2853	秋成(年金保養基地)	年金福祉事業団	新潟県	36.962167732794136	138.68729928771143		26.4	mg/kg	8.1		84.9	20.1	8.9		54.8		185.6	39
2854	グリーンピア津南	グリーンピア津南	新潟県	36.96220512793666	138.687332372389		30.5		8.5									
2855	穴藤鉱泉	穴藤	新潟県	36.94848987106545	138.65867813416676		21.5	mg/kg	7.7		308.3	76.4	3.7		563.7	72.8	53.6	121.7
2856	逆巻	蛇の湯	新潟県	36.93370783447331	138.65282082191467		39.5	mg/kg	8		237.9	52.2	11.6		370.5	107.6	94.3	57.9
2857	結東	結東露天風呂	新潟県	36.919224823273346	138.63656387612156		43	mg/kg			483.3	283.9	1.4		637.1	705.9	28.2	3.4
2858	辰ノ口	辰ノ口	新潟県	37.04831803348315	138.66800682630748		26	mg/kg	7.5		74.4	4.8	2.2		60.2	4.1	130.1	64.6
2859	段野	段野	新潟県	37.00960734733913	138.6422298171581		35.9	mg/kg	7.9		67.1	14.3	0.9		56.7	21.8	105.5	67.9
2860	小下里	小下里	新潟県	37.003465043508655	138.62997306981623		37	mg/kg			61.6		0.7		21.3	21.8	108	78.6
2861	田中	田中	新潟県	37.002637372514066	138.62587801582228		30	mg/kg	8.3		45.3	11.9	0.5		14.2	16.5	90.2	21.5
2862	クアハウス津南		新潟県	37.00387293527398	138.63516428200745		35											
2863	加用	加用	新潟県	36.95642594001838	138.58570459658955		31	mg/kg	8.9		32	0.7			11.7	8.2	55	60.1
2864	宮野原	宮野原	新潟県	36.98943724595087	138.58711291591337		33.5	mg/kg	8.6		152.7	33.6	0.7		113.5	9.4	314.8	67.9
2865	柏崎	3号井	新潟県	37.376319633388604	138.55635268093138		35	mg/l	6.9		3383	207.2	63.3		5495.7	10.3	842.3	53.9
2866	柏崎簡易保険年金加入者ホーム	柏崎簡易保険年金加入者ホーム	新潟県	37.36006359941794	138.5348764382703		25.3	mg/kg	8.3		66.5	14.3	0.7		31.9	38.3	134.7	50.6
2867	広田鉱泉	湯沢館	新潟県	37.35097016785377	138.68365513639753		21.2	mg/kg	7.9		2350	40.2	25.2		4023	2	40.7	13
2868	月湯女鉱泉	月湯女荘(第2)	新潟県	37.21987265449415	138.65881925490265		17	mg/kg	7.1		7445	1232	320.7		13958		54.1	
2869	石黒鉱泉	石黒	新潟県	37.18841088094179	138.57104131827424		13	mg/kg	7.5		340	20	0.3		409	44.2	221	6.8
2870	門出鉱泉	門出	新潟県	37.189223102216886	138.61755819329775		13.2	mg/kg	6.7		156.3	8.1	3.6		0.6	22	232.2	
2871	天王山鉱泉	天王山	新潟県	37.189019076949734	138.6208658539769		12.8	mg/kg	8.6		172	4.6	2		21.3	33	91.6	44.8
2872	大山鉱泉	(儀明)	新潟県	37.15770558791065	138.5402273681165		13	mg/kg	9.4		192.3				74.7	21	406.3	7.5
2873	芝峠		新潟県	37.151145007454026	138.61804016783006		27.3	mg/kg	8.6		2880	164.7	14.9		4477	149.4	356.8	102.8
2874	松之山	町営2号	新潟県	37.06491944296854	138.59838722582845		92.4	mg/kg	7.6		3496	2097	52.8		9367	57.6	76.8	52
2875	宇津俣鉱泉	宇津俣	新潟県	37.04098533466138	138.42919433852236		8.3											
2876	鷹羽鉱泉	鷹羽鉱泉	新潟県	37.02855771558733	138.42989236062894		8.4											
2877	石之谷鉱泉		新潟県	37.19666034688626	138.50427063901085		15	mg/kg	7.6		3710	327.4	105.2		7709		176.6	8.5
2878	栃窪鉱泉	栃窪	新潟県	37.28041587064021	138.43672285972582		14	mg/l	7.7		2384.7	47.8	15.8		3191	496.7	732.2	46.3
2879	鵜ノ浜鉱泉	鵜の浜R4号	新潟県	37.251634089369915	138.35199333753027		22	mg/kg	7.6		5822.2	114.3	45.9		8970.4	12.3	1191.5	
2880	虫生鉱泉	虫生鉱泉	新潟県	37.169740932240806	138.19589037125712		15	mg/kg	7.8		197.7	23.6	8.1		205.6	78.2	201.2	46.3
2881	上湯谷鉱泉	上湯谷	新潟県	37.110762704532156	138.18570287712822		9.2	mg/kg	7.4		21.9	8.8	2.5		6.4	24.6	62.2	25.8
2882	向橋鉱泉	向橋鉱泉	新潟県	37.09668617412066	138.22739849693704		14.6	mg/kg	7.5		61.8	14.3	2.3		23.1	24.7	148.8	33.3
2883	恵信尼の里		新潟県	37.00946299690783	138.320457383581		12											
2884	寸分道鉱泉	仏ヶ峰霊泉	新潟県	36.96289015848586	138.32892169309594		18											
2885	平丸嫁沢鉱泉	嫁沢の湯	新潟県	36.94509655661095	138.3283262508496		13	mg/kg	8.7		630.2	12.8	5.6		763.2	56	215.8	10
2886	松ヶ峰	松ヶ峰	新潟県	36.94760098257786	138.21304815034995		30.8	mg/kg	7.9		353.2	13.2	4.9		391.3	1	420	88.6
2887	妙高パインバレー		新潟県	36.90252548184804	138.2517377249328		38		8									
2888	関	河原湯	新潟県	36.905783556909476	138.1615520562752		52	mg/kg	6.7		465.1	116.8	35.8		710.1	1.1	554.7	140.5
2889	燕	北地獄谷	新潟県	36.900795621597304	138.1374135215597		47.5	mg/kg	6.7		170.1	145	43.2		189.2	315.3	499.5	123.6
2890	赤倉・新赤倉	元湯	新潟県	36.89560955348151	138.1276772774686		53.5	mg/l	6.4		82	114.9	38.1		55.2	350	260	21
2891	妙高・池ノ平	南地獄谷A	新潟県	36.885675770356535	138.12092196855565		92	mg/kg	5.6		29.7	355.2	30.9		2.3	850	256	168
2892	白滝	白瀧温泉	新潟県	36.88650074471197	138.1740025170483			mg/l			66.4	73.9	32.4		16.5	137.5	369.8	94.5
2893	新妙高	新妙高	新潟県	36.88689790208073	138.20589218317625		28	mg/kg	6.6		754.2	321.4	132.2		1700.1	34.9	1644.1	113.1
2894	笹ヶ峰	笹ヶ峰	新潟県	36.85970183878184	138.08920675712582		49	mg/kg	7.2		1912.2	35.7	15.3		1719.6	8.2	2319.6	67.9
2895	新笹ヶ峰鉱泉	新笹ヶ峰	新潟県	36.85229982440796	138.13669979887112		15	mg/kg	6.7		13	32.8	7.9		18.3	4.1	179.4	54.1
2896	柵口	柵口鉱泉	新潟県	37.03523904651022	138.0680511478675		25	mg/kg	7.2		327.6	57.1	0.7		287.2	172.8	848.4	53.9
2897	笹倉	笹倉新湯	新潟県	36.98547978899617	138.0190531672578		48	mg/kg	7.9		386.1	12.1	1.1		170	8.2	860.3	29.1
2898	焼山	焼山温泉	新潟県	36.99372993443936	138.01077426769524		63.4	mg/kg	8		240	12	1.1		209	54.9	432.3	46
2899	相川平根崎	平根崎2号	新潟県	38.12121805672918	138.2734237202521		40.4	mg/kg	9		98.5	2.9	1.3		15.6	20	123.1	25.8
2900	台ケ鼻	台ケ鼻温泉	新潟県	37.96768937832659	138.25305926962133		41	mg/kg	8.2		844	71.4	25.5		1063.7	596.7	64	52
2901	佐和田鉱泉	入海館	新潟県	38.00770588379745	138.29719469195325		21	mg/kg	7.9		393.1	14.3	1.1		248.2	8.2	772.6	86.2
2902	佐渡八幡	八幡館	新潟県	37.98694444553229	138.34512547522522		47.8	mg/kg	7.9		1516	16.7	100.5		2277	10.1	154.3	18.3
2903	佐渡住吉(両津)	住吉2号	新潟県	38.06701146449633	138.45994137502066		40	mg/kg	8.1		552.8	42.9	10.2		723.3	100.8	11.2	50.3
2904	小木	かもめ荘	新潟県	37.820612233727026	138.28625414125952		44.6	mg/kg	8.3		1185.3	728.6	3.5		1304.8	2526.6	28.5	64.6
2905	羽茂	クアテルメ佐渡	新潟県	37.85965382572198	138.32950254122468		34	mg/kg	8.7		97.6	1.7	0.1		29.8	40.9	165.8	17.9
2906	杉野浦	杉野浦	新潟県	37.84260585679082	138.3774307006494		26	mg/kg	7.3		98.4	10.7	2.2		54.3	164.6	15	26.9
2909	小赤沢		長野県	36.865099021075025	138.64018261432386		45	mg/l	6.7		5664	1829	284.7		11180	1202	1577	101.5
2910	屋敷		長野県	36.85601993486652	138.62222826560952		48	mg/l	7.6		920	512.1	8.7		855.9	855.9	94.6	52.9
2911	和山		長野県	36.82843107473991	138.62063544654563		36	mg/l	7.7		390	317.3	8.2		426.3	426.3	7.5	44.9
2912	切明		長野県	36.80925349473386	138.62038902396293		55.4	mg/kg	7.9		359.1	468.2	1.5		858.7	699.7	21.4	0.6
2913	野沢	下釜	長野県	36.923256314234315	138.44774904151896		89.2	mg/l	9.2		210	92	0.1		94	507.2	46.6	80
2914	上境		長野県	36.93573946774432	138.41937235852947		37.5	mg/kg	8.2		49.1	1.6	0.4		35.3	2	71.4	83.1
2915	瑞穂		長野県	36.88591995473206	138.41152039031175		30.4	mg/kg	7.5		62.5	83.3	1.3		23.1	288.3	28.4	71
2916	馬曲		長野県	36.8655824954656	138.44655772735538													
2917	戸狩	戸狩第4ボーリング	長野県	36.74418074922664	138.39565722323712		48.5											
2918	新湯田中	1号	長野県	36.742203000401354	138.41279105902436		84.5	mg/kg	8.2		305.7	76.1	0.5		357.9	305.2	61.7	99.5
2919	上条	瑠璃の湯	長野県	36.74885915570067	138.41360077391062		94.5	mg/kg	8		397.5	55	6.8		474.4	220.3	102.7	109.4
2920	湯田中	湯田中	長野県	36.7401047314967	138.42068149931853		98	mg/kg	7.9		516.3	101.9	3.9		773.9	272.2	88.5	187.3
2921	星川	星川第2	長野県	36.73949246837254	138.41596791144613		92	mg/kg	8.1		332.5	77	0.2		433.8	287.6	67.8	121.6
2922	穂波	佐野	長野県	36.73586818217063	138.41885248536136		85.5	mg/kg	6.8		511.6	81.6	1.2		763.4	215.2	91.3	146.8
2923	安代	共益会第11	長野県	36.73420907812084	138.4293926651064		98	mg/kg	6.8		154.8	42.1	5.4		187.7	126.1	87.9	63.6
2924	角間	薬師の湯	長野県	36.72769035339658	138.43099696697453		81	mg/kg	7		391.5	76.2	2.2		567.1	235.7	61.6	131.7
2925	渋	かじか泉	長野県	36.73455016958381	138.43269481168352		97.4	mg/kg	7.4		568.9	87.9	2		806.7	250.9	91.5	129.9
2926	沓野	金具屋第1	長野県	36.73489307520673	138.43264900092092		97.8	mg/kg	8		401	103.8	3.3		529.6	322.6	65	145
2927	上林	旧湯	長野県	36.72931512400297	138.44250470989573		67	mg/kg	6.8		268.3	60.1	15.2		311.6	268.8	30.6	159.9
2928	地獄谷	野天風呂	長野県	36.73286641333161	138.46114469398705		76	mg/kg	7.9		339.3	73	27.5		417.9	350.1	57.4	2
2929	中野		長野県	36.70917371258112	138.38703727663304		45.7	mg/kg	8.7		333.2	276.6	0.2		550.5	555	32.5	17.6
2930	発哺	館下	長野県	36.726292644849764	138.50820593034334		82.9	mg/kg	5.7		18.7	9.5	5.3		3.5	74.9	24.2	16
2931	河原小屋	丸池河原小屋	長野県	36.72136216898555	138.49715383666856		67.4	mg/kg	6.6		15.9	9.9	2.3		19.9	37.9	2.2	5.1
2932	木戸池	木戸池1号	長野県	36.69759519924882	138.4904518408675		42.3	mg/kg	7.2		57.6	62.4	37		26.3	40.1	493.3	126.6
2933	硯川		長野県	36.68378144804842	138.499980284155		68											
2934	熊の湯		長野県	36.684223853751924	138.4956167576932		46.2	mg/l	6.4		153	224.4	17.9		106	519	598	
2935	蕨		長野県	36.68112347118012	138.3984275264662		46.5	mg/kg	7.5		595.4	685.5	3.1		1384	1008	54	33.5
2936	山田		長野県	36.67030626787217	138.4249641063037		75.2	mg/kg	7.6		149.8	279.2	13.5		148.5	646.5	113.8	104.9
2937	奥山田	奥山田	長野県	36.66704047860639	138.4577037201221		67.5	mg/kg	7.3		92	333.3	26.7		735.7	180	146.1	15.2
2938	七味	高山村	長野県	36.659853890028934	138.4732548251315		96.2	mg/kg	8.3		365	28.6	0		468.1	162.2	73.2	11.2
2939	五色	福田2号泉	長野県	36.65798158578889	138.4621197172936		74	mg/kg	8.2		146.6	160.3	1.9		110.6	481.5	178.6	105.2
2940	湯の入		長野県	36.76860938607981	138.3144999224364		32.5	mg/l	7.9		103.4	11.7	3.7		80.9	2.8	194.6	78.8
2941	小布施		長野県	36.68739128809885	138.3279092779644		40.8	mg/kg	8.8		189.8	262.5	0.4		325.4	566.2	3.9	
2942	須坂		長野県	36.65463451995469	138.330560994846		33.8	mg/l	8.7		47.3	67	0.2		21.3	212.8	25.9	21.5
2943	仙仁	仙峡荘右洞	長野県	36.589185055830804	138.3298019262315		34.5	mg/l	7.9			128.9	13.8		38	376	461.6	11.6
2944	温湯		長野県	36.62744583847559	138.27547968177726		37.1	mg/kg	8.9		20.9	26.5	0		14.9	39.1	62.9	18
2945	保科	保科温泉第3号	長野県	36.58054707708224	138.28142872568606		33.8	mg/kg	6.8		115.3	349.2	1.7		268.3	594.1	167.9	31.9
2946	松代		長野県	36.569332173194724	138.2124597454933		45.1	mg/l	6.6		3680	1080	267		7450	247	2060	
2947	飯綱鉱泉		長野県	36.718735372485064	138.13933290690306		24											
2948	善光寺	小田切(湧出地)	長野県	36.66741838295638	138.14080474886663		28	mg/kg	8.2		556.8	10.1	3.4		624.4		459.1	26
2949	保玉		長野県	36.62270084262823	138.10773915003332													
2950	中尾山鉱泉		長野県	36.599449420182474	138.12220905108958		20											
2951	梅木鉱泉		長野県	36.64285567562574	138.03914979495292		10.2	mg/kg	7.7		38	6	2.3		3	9.4	113.2	47.6
2952	水内鉱泉		長野県	36.572149485166186	138.0423669418496			mg/l	8.6									23.5
2953	稲荷山鉱泉		長野県	36.536584914994634	138.10727166093108		24											
2954	倉科鉱泉		長野県	36.53278061603137	138.15607182791038		24	mg/l	8						114		33.1	
2955	森		長野県	36.528640579750586	138.1477545650595		35	mg/l	8.8						118		18.6	
2956	きぬの湯		茨城県	35.98293405872753	139.96356758464583		36.6	mg/kg	7.6		2131	308.1	33.9		3687		471.7	
2957	虚空蔵温泉		茨城県	36.445261103306365	140.58538057581882	1997	16.6	mg/kg	8.4	1600	560	6.8	7.4		390	1.2	950	
2958	中根温泉		茨城県	36.36871305246356	140.56927477970552	1958	19.3	mg/kg	7.3	2050	710	21.52			967.9	16.05	345.6	
2959	長者ヶ谷津温泉		茨城県	36.383888549835405	140.54027690082262	1958	21.5	mg/kg	7.2	880	279	10.69	4.929		305.2	23.46	266.6	
2960	阿字ヶ浦温泉		茨城県	36.38527953785545	140.61500535372593	2001	40.2	mg/kg	7.4	32540	9646	954.9	580.3		17560	988.9	128.6	
2961	(大洗町)	大洗1号	茨城県	36.31333132067552	140.55110464737137	1996	16.5	mg/kg	7.1	2300	500	77	61		630	8.4	850	
2962	やさと温泉		茨城県	36.226391801336575	140.14695540403284	1997	31.4	mg/kg	9.8	180	51	4.4	0.42		20	8.2		
2963	筑波山温泉	つくば湯	茨城県	36.20985250688339	140.10657690242303	2001	25.7	mg/kg	10.1	161	34.9	1.8			4.5	6.7	17.7	
2964	筑波温泉	筑波温泉ホテル	茨城県	36.20789458005531	140.10182484602265	1977	37	mg/kg	9.1	272.3	32.14	5.828	1.378		12.35	9.885	68.34	
2965	伝正寺温泉		茨城県	36.27325555748473	140.11756816105654	1995	11.6	mg/kg	6.1	170	13	9.2	5.7		11	5.1	160	
2966	明野療養温泉		茨城県	36.24918426128429	140.02502655402745	2000	30.7	mg/kg	6.8	8216	1643	943.5	7.5		4500	160	41.5	
2967	成沢鉱泉		茨城県	36.43123642502264	140.38513460586645	1968	12	mg/kg	6.6	70	6.9	13			4.97	20.6	36.3	
2968	玉造温泉		茨城県	36.103923915500374	140.44233473763396	1974		mg/kg	7.5		9.005	8.789	6.788		13.98	8.233	59.98	
2969	鉾田温泉		茨城県	36.15326976470259	140.4838020515382	1973	16.8	mg/kg	6.8	1034	308.2	34.08	6.013		425.5	47.75	253.1	
2970	(鉾田町)	鉾田2号	茨城県	36.15326192921831	140.48381373457272	2000	27.7	mg/kg	7.22		7510	1330	328		15600	650	23.8	
2971	小川温泉		茨城県	36.21869952538273	140.41396131185056	1974	12.8	mg/kg	9	982	355.2	4.83	2.266		47.97	18.12	769.4	
2972	(旭村)	涸沼1号	茨城県	36.26805435117826	140.5011044813356		33.3	mg/kg	8.5		760	9	2		960		470	
2973	(旭村)	涸沼2号	茨城県	36.26806175052205	140.50108659967955	2000	19.3	mg/kg	8.25		1130	15.2	21.5		1430	238	671	
2974	潮来水原温泉		茨城県	35.98222132031276	140.57694131720467	2000	22.2	mg/kg	7.66		5900	90.6	185.8		8271	26.6	1171	
2975	古河温泉		茨城県	36.167502560769286	139.7033431531428	2000	28.6	mg/kg	7.45		2200	489	27		4210	73.7	129	
2976	しもつま温泉		茨城県	36.196194514493406	139.94152790965947	2000	41	mg/kg	8.4		708	160	0.6		1290	73.7	34.8	
2977	(大洋村)	たいよう	茨城県	36.08680029837391	140.60471519459313	2000	23.5	mg/kg	7.68		3140	53.3	136		4350	400	1280	
2978	やちよ乃湯温泉		茨城県	36.18318450865053	139.87086591588618	2000	21.9	mg/kg	7.54		485	38.7	4.2		802	0.1	110	
2979	東都筑波温泉		茨城県	36.08527445348768	140.20443046689698	1989	27.3	mg/kg	8.51		280	140	41		760	2.4	70.8	
2980	北浦宝来温泉		茨城県	36.07077892783413	140.52802853499335	1997	18.3	mg/kg	9	360	110	4.3	0.7		73	14	130	
2981	土浦温泉		茨城県	36.070747386011554	140.196298296477			mg/kg			8.4	74.1	14.9		5.9	5.6		
2982	北浦温泉		茨城県	36.08532727693296	140.53734140326017		16.5	mg/kg	8.9		105.2	2.3	0.9		29.8	3.9	136.5	
2983	(ひたちなか市)	ホテルニュー白亜紀	茨城県	36.381388063101	140.62527602049803		28.8	mg/kg	7.8		4809	276.2	255.3		8054	563.4	464.6	
2984	常北温泉	ホロルの湯	茨城県	36.434608099852134	140.35685254282248		25.9	mg/kg	9		95	2.9	0.7		18	11	170	
2985	川中子温泉		茨城県	36.518850491590776	140.56926425272454	1969	15.4	mg/kg	7.3	2137	670	13.27	0.878		382.5	16	1124	
2986	小山温泉		栃木県	36.33609949405233	139.80568590326249	2001		mg/kg	8	5870	2091.4	97.4	7.2		3372.1	0.3	105.1	
2987	真岡温泉	真岡井頭温泉	栃木県	36.487873939083514	140.00271249464092	1994	56.6	mg/kg	7.7	16910	3467.3	2457.6	9.9		9770.4	1.2	22.7	
2988	益子温泉	益子温泉ホテル	栃木県	36.45100052666291	140.10288410320135	1984	41.8	mg/kg	8.2	275.1	99.1	3	1.7		1.1		253.9	
2989	栃木柏倉温泉	太子霊鉱泉	栃木県	36.4017157858581	139.6616289503676	1995	10.7	mg/kg	2.4	781.6	6.5	15.6	7.7		15.3	622.8		
2990	地蔵の湯		栃木県	36.36972100499585	139.38666371698272	1999	17.3	mg/kg	6.3	204.3	16.9	27.9	12.1		19.4	21	131.9	
2991	田沼		栃木県	36.34378654383624	139.57212327537187	2000	30	mg/kg	8	324	105.2	16.5	7.9		9	14.8	341.8	
2992	足利	(仮称四代地)	栃木県	36.415560591863574	139.42666882694783	1996	34	mg/kg	8	257	51.6	15	4.2		4.9	1.2	200.7	
2993	足利鹿島園		栃木県	36.3344845244645	139.49270471744592	1999	40.5	mg/kg	8.1	107	29	11.7	1.9		2.8	3.5	104	
2994	市貝温泉		栃木県	36.526570840928834	140.08983474600387	1991	37.7	mg/kg	8.3	1337	473.1	13.7	1.5		378.9	157.4	456.5	
2995	リフレ温泉	仙鶴の湯	栃木県	36.54583046451952	139.84915807118	2001	39	mg/kg	9.6	910	300.3	12.8	0.4		152.3	370.3		
2996	芳賀温泉	ロマンの湯	栃木県	36.55249823017581	140.05693717987018	2002	53.1	mg/kg	8	7317	2197.7	293	1.4		3805.8	22.1	82.3	
2997	足尾	直利の湯	栃木県	36.652974501234354	139.41099142976287	1974	30.5	mg/kg	6.9	1708	32.03	452.7	0.456		121.8	765.2	198.8	
2998	足尾	県源泉	栃木県	36.652954429565476	139.41110907852453	1974	20.5	mg/kg	8.1	225	53.06	3.739	1.066		14.32	14.01	117.5	
2999	足利		栃木県	36.652935921483525	139.4110632023491	1982	15.5	mg/kg	3.3	5386	18.7	239.2	143.5			3472.8		
3000	磯部温泉	R4号泉	群馬県	36.30030941313299	138.8461849599362	1989		mg/kg	7.6	35891	11200	38.6	44		13400	53.2	7650	
3001	磯部温泉	R11号泉	群馬県	36.300287270681146	138.84639245809691	1984	23.5	mg/kg	7.2	24058	9000	134.4	32.5		9343	30.5	9181	
3002	磯部温泉	県有泉	群馬県	36.30022524752551	138.84627705116944	1954		mg/kg	8	29406.5	8812	115.7	58.91		13957	1240	228	
3003	磯部温泉	新源泉	群馬県	36.30028870918059	138.84622836955694		52.6	mg/kg	7.1		11418	28.6	30.4		13340	5.1	7263	
3004	磯部温泉	舌切り雀源泉	群馬県	36.30086996983559	138.84776117367605	1994		mg/kg	6.5	15340	6040	75.8	11.1		4340		8370	
3005	野殿温泉	まりの湯	群馬県	36.31863874481518	138.9200608449715	1979	15.2	mg/kg	7.35	218	24.5	42.5	9.5		31	45.4	80.5	
3006	琵琶の窪の湯		群馬県	36.30763134761567	138.81504316668497	1990		mg/kg	6.4	980	197	172	10		30.2	26.7	995	
3007	米山温泉	紅ヶ谷戸の湯	群馬県	36.33111125778156	138.8880569563981	1994		mg/kg	7	260	16.4	33.4	8.46		21.7	74.4	66.6	
3008	五色温泉	宏泉の湯	群馬県	36.31176271275697	139.19506394317872	1982		mg/kg	6.6	447	20.2	60.2	20.5		51.5	25	317	
3009	五色温泉	宏泉の湯	群馬県	36.3117193980996	139.1950346156362	1988		mg/kg	6.5	407	27	62.4	20		59.6	37.9	281	
3010	伊勢崎天然温泉	招美の湯	群馬県	36.30333331969906	139.1772230930625	1999	47.4	mg/kg	7.7		843.5	48.9			1046		620	
3011	太田温泉	コロナの湯	群馬県	36.32166966206056	139.4133434566589	1996		mg/kg	7.6	237	47.8	21.2	2.5		3.4	1.3	200.8	
3012	金山温泉	安眠の湯	群馬県	36.29287095862601	139.40208344267504	2002	34.1	mg/kg	7.8	6730	2190	124	42.3		3809	13.8	101	
3013	桐生温泉	広沢の湯	群馬県	36.37037793613707	139.35973809956025	2001	37.3	mg/kg	7.6	350	81.2	28.3	6.61		17.6	0.6	328	
3014	半田温泉	高橋の湯	群馬県	36.467452800167855	139.02795122008231	1985		mg/kg	8.2	550	113.4	47.9	8.25		83.7	129	210	
3015	半田温泉	高橋の湯	群馬県	36.4674345167947	139.02798798999817	1995		mg/kg	7.9	480	101	37.6	9.71		71.8	82	211	
3016	渋川温泉		群馬県	36.47013412856822	139.0220196429974	1995		mg/kg	7.6	9420	2721	686	2.06		5293		48.6	
3017	金島温泉	富貴の湯	群馬県	36.529597449375096	138.97890993563016	1997	33.1	mg/kg	6.73		388	354	34.5		1130	134	218	
3018	釈迦温泉	福祉の湯	群馬県	36.31861159764776	138.98972220340113	1992		mg/kg	6.6	260	19.5	35.6	12		25.9	45	110	
3019	高崎観音山温泉	錦山荘の湯-2	群馬県	36.304241871917135	138.9899988625408	1990		mg/kg	7.6	190	13.7	17.4	6.8		12.3	37	68.3	
3020	高崎温泉	不動かくれの湯	群馬県	36.313612142124015	139.0111142644707	1996	39.1	mg/kg	7.7	440	156	2.4	0.69		24.4		385	
3021	高崎中尾温泉	高崎天神の湯	群馬県	36.37222202999488	139.02361133991664	2002	56.3	mg/kg	7.6	2688	971.4	33.9	8.1		1081	3.4	891.5	
3022	大島温泉	榊の湯	群馬県	36.23778130017085	138.86251137404395	1986		mg/kg	8.9	661	240	6.1	1.4		168	44	341	
3023	大島温泉	榊の湯	群馬県	36.23777637344278	138.86249290704973	1996		mg/kg	9.2	840	314	3.52	0.68		159	24.2	329	
3024	藤岡温泉	あずさの湯	群馬県	36.18328045532784	138.94164727638918	1989		mg/kg	9.8	192	54	0.3	0.07		6	4	61	
3025	猪田温泉	絹の湯	群馬県	36.21099800501531	138.99781474501722	1994		mg/kg	8.4	490	115	31.8	19.5		93.7	52.1	240	
3026	総社鉱泉	せせらぎの湯	群馬県	36.41749814444301	139.0374917035074			mg/kg			11.8	33.6	9.08		18.7	80	64.7	
3027	前橋温泉	クア・イ・テルメ医王薬師の湯	群馬県	36.433350845349985	139.0505107125029		65.4	mg/kg	8.3		2148	354	0.9		3710	3.8	29.9	
3028	前橋駅前温泉	くりまの湯	群馬県	36.386385879956116	139.07304527490427	2000	57.5	mg/kg	7.3	3960	1397	86.5	15.7		1971	5.9	643	
3029	前橋荻窪温泉	会乃山の湯	群馬県	36.42492461821445	139.12926193890698	1998	49.5	mg/kg	7.9	9920	2098	1188	6.25		5245	2.5	30.4	
3030	温川温泉	温川の湯	群馬県	36.49958839255405	138.68332629495265	1960		mg/kg	6.88	3450	702.2	209.6	12.78		1094	1444.1		
3031	温川温泉	目の湯	群馬県	36.499606918074264	138.68447079361454	1990		mg/kg	6.6	3680	728	408	14		1268	730	265	
3032	鳩の湯温泉		群馬県	36.499651956754505	138.68486882068558	1997		mg/kg	6.8	3140	674	358	10.9		1010	682	263	
3033	薬師温泉		群馬県	36.49867963943605	138.68210788483418	1997		mg/kg	6.8	3400	704	406	13.6		1170	659	263	
3034	鹿沢温泉	雲井の湯	群馬県	36.473340995937996	138.44193532064318	1986		mg/kg	6.6	847	122	54.8	70		35.9	1	769	
3035	鹿沢温泉	東雲の湯	群馬県	36.47335071340702	138.44193878200278	1989		mg/kg	6.8	400	59.6	26.5	26		13.7		354	
3036	鹿沢温泉	東急泉	群馬県	36.47337109889148	138.44189754637745	1982	27	mg/kg	6.7	421	58	35	30.5		16.4		392	
3037	鹿沢温泉	竜宮の湯	群馬県	36.47336211292093	138.44192847420422	1982	39.5	mg/kg	7	739	99	50	58.5		30		671	
3038	鹿沢温泉	竜宮の湯	群馬県	36.47291680424469	138.4430399480406	1989		mg/kg	6.9	720	105	41.5	60		31.8		638	
3039	北軽井沢温泉	パルコール紀鉄源泉	群馬県	36.462307394356245	138.56399492039162	1986		mg/kg	7.3	2816	161	191	253		457	650	756	
3040	北軽井沢温泉	鬼押温泉	群馬県	36.46604242964835	138.5575910746567	1995		mg/kg	7.5	1620	380	72	48.5		164	632	448	
3041	新浅間高原温泉	まほろばの湯	群馬県	36.49500332923084	138.54056962688972	1992		mg/kg	6.9	13100	3040	636	355		6215	720	300	
3042	田代温泉	しぶの湯1号	群馬県	36.48867774519039	138.45618818447016	1991		mg/kg	6.2	260	37.5	13.8	9.6		30.5	6	134	
3043	田代温泉	しぶの湯2号	群馬県	36.488658104519146	138.45624227332834	1991		mg/kg	6.9	2090	453	142	112		753	26	903	
3044	嬬恋温泉	十二山の湯	群馬県	36.514028041314184	138.5295583112076	1992		mg/kg	6.7	1450	273	157	133		107	118	1477	
3045	浅間高原温泉	地蔵の湯	群馬県	36.43077400823678	138.5718106133524	1994		mg/kg	7.4	2760	215	154	247		457	879	524	
3046	北軽井沢温泉	四季1号泉	群馬県	36.46354471072187	138.61410015746844	1977	29.2	mg/kg	7.4	608	118	56.4	6.69		20.4	55.6	447	
3047	北軽井沢温泉	四季1号	群馬県	36.46355189465789	138.61417437967344	1987		mg/kg	8.2	400	109	10.4	5.1		13.8	44.9	296	
3048	北軽井沢温泉	四季2号泉	群馬県	36.46349901882029	138.61423206118155	1977	33.5	mg/kg	8.2	702	140	73.1	8.46		31.1	57.6	520	
3049	北軽井沢温泉	四季2号	群馬県	36.46345633951933	138.61411015793846	1990		mg/kg	8	780	244	9.5	9.5		29.1	72.8	592	
3050	北軽井沢温泉	坂詰温泉	群馬県	36.47027967534563	138.5855622946692	1988		mg/kg	7.2	2517	113	351	140		488	561	488	
3051	北軽井沢温泉	地蔵川の湯	群馬県	36.4654559331618	138.5887581364	1993		mg/kg	6.8	280	18.6	21.5	14.1		30.8	58.8	61.3	
3052	北軽・応桑温泉	かくれの湯	群馬県	36.49382142572517	138.58858189666338	1994		mg/kg	7.4	3670	911	76.6	191		1012	263	1700	
3053	碓氷温泉	あたご荘泉	群馬県	36.35569535762438	138.71714984641002	1988		mg/kg	8.6	98	18.9	9.8	0.59		13.8	20.5	33.6	
3054	霧積温泉	入の湯	群馬県	36.40612476277503	138.66832370262304	1983		mg/kg	7.6	1964	54	476	0.72		45.4	1181	39.7	
3055	東軽井沢温泉	ゆたかの湯	群馬県	36.355879417727266	138.72052094614062	1979	32.8	mg/kg	8.6	1939	725	2.32	2		251.3	8	1141	
3056	東軽井沢温泉	ゆたかの湯	群馬県	36.35591624462299	138.7206985172829	1991		mg/kg	7.9	5290	2000	41	26		1182		3660	
3057	横川温泉	1号泉	群馬県	36.33664413536554	138.73727283923546	1975	14	mg/kg	7.6	16334	4500	90	44.6		4874	9.5	8054	
3058	横川温泉	2号泉	群馬県	36.33657188997127	138.7375012983507	1975	12	mg/kg	6.6	972	185	12.4	9.1		256	22.3	464	
3059	邑楽温泉	石打源泉	群馬県	36.27471662848243	139.44359133119573	1980		mg/kg	7.2	367	66.5	27.7	9.8		102.2		163.5	
3060	かんら温泉		群馬県	36.241164645209246	138.93460785464967	1993		mg/kg	6.6	22660	8690	216	111		12735	0.2	2416	
3061	青倉温泉	鹿の湯源泉	群馬県	36.187777933226734	138.7697219320714	1985		mg/kg	7.5	14080	4300	610	128		6910	35.6	2721	
3062	荒船温泉		群馬県	36.239088651869494	138.68626378725077	1986		mg/kg	6.4	11215	2840	760	120		4600	1180	1648	
3063	(下仁田町)	間欠泉	群馬県	36.200832405252875	138.7519409215114	1987		mg/kg	6.2	16870	5750	344	599.8		7933	39.5	6399	
3064	下仁田温泉	清流の湯	群馬県	36.201743887376686	138.78607829583416	1996		mg/kg	6	660	116	113	21.4		40	6.05	649	
3065	西下仁田温泉		群馬県	36.23698473958012	138.6654871603414	1996		mg/kg	6.64	38870	14260	717.2	183.7		21220	375.3	4064	
3066	深山温泉		群馬県	36.23926844824664	138.68838923988824	1964		mg/kg	7	9146	3854	548.1	136		3520	205	7290	
3067	八千代の湯		群馬県	36.270357716402096	138.66270673154676	1991		mg/kg	6.4	7290	2780	112	34.5		3280	34.1	2276	
3068	勧能温泉	玉生の湯	群馬県	36.16194517303517	138.6447265223987	1962		mg/kg	7.4	5762	109.1	36.51	14.71		57.03	53.9	585.4	
3069	星尾の湯		群馬県	36.173265571312506	138.65045633763438	1996		mg/kg	5.6	1480	293	197	34.5		407	107	763	
3070	塩水温泉		群馬県	36.17326075810579	138.6505288190447	1983		mg/kg	5.9	1402	274	202	33		380	109	738	
3071	妙義温泉	長寿の湯	群馬県	36.279712278515966	138.79139309113185	1996		mg/kg	7.1	30670	12902	12.3	1.78		6510	25.9	24225	
3072	伊香保温泉	第1号井	群馬県	36.490892192265726	138.91599694771782	1969		mg/kg	6	1081	93	131.5	35.14		114.7	291.8	268.8	
3073	伊香保温泉	第2号井	群馬県	36.49085818857628	138.91600955737613	1969		mg/kg	6	1177	94	117	60.46		124.2	323	266.9	
3074	伊香保温泉	第4号井	群馬県	36.49085056346546	138.91602397255562	1969		mg/kg	6.4	1333	132	153.2	56.07		162.4	390	299.2	
3075	伊香保温泉	第5号井	群馬県	36.49084823474693	138.91599544712784	1969		mg/kg	6.4	1802	162	263	63.24		188.2	618.9	438.7	
3076	伊香保温泉	第6号井	群馬県	36.490861340271756	138.91601036623356	1969		mg/kg	6.5	1631	200	202.7	58.85		249.3	501	404.1	
3077	伊香保温泉	旧湯	群馬県	36.49087524724005	138.91600700196358	1969		mg/kg	6.1	895	74	95.31	40.26		89.21	258.6	233.9	
3078	伊香保温泉	三社の湯	群馬県	36.49088473855196	138.91601473381664	1969		mg/kg	6	977	94	96.52	44.21		127.5	256.1	221.9	
3079	伊香保温泉	総合湯	群馬県	36.490864470455755	138.91603404352554	1998	45.7	mg/kg	6.3	1097	111	148	32		136	302	285	
3080	伊香保温泉	西沢の湯1号	群馬県	36.490849949531814	138.9160012337725	1995		mg/kg	6.4	320	9.39	56.3	12		3.48	62.5	160	
3081	伊香保温泉	西沢の湯2号	群馬県	36.493332650205446	138.9147205395059	1995		mg/kg	6.3	310	10.1	58.8	8.58		5.31	58.4	154	
3082	我楽目喜温泉		群馬県	36.463813334881216	138.9121523172094	1974	28.4	mg/kg	6.78	1411	225	88.8	93.1		277	207	598	
3083	しんとう温泉	ふれあいの湯	群馬県	36.43794711944705	138.9685898073806	1994	50.8	mg/kg	7	6932	1834	548	19.1		3768	0.2	233	
3084	よしおか温泉	船尾の湯	群馬県	36.440799836762835	139.0347467295545	1995		mg/kg	7.5	2880	989	81.7	3.91		1446	0.2	460	
3085	群馬温泉	やすらぎの湯	群馬県	36.41571769038783	138.99138172316438	1993	54.8	mg/kg	7.7	2255.9	819	33.7	6.59		726	0.32	1100	
3086	亀沢温泉	薬師の湯	群馬県	36.46618867904299	138.75512702180197	1995		mg/kg	8.1	1740	858	1120	1.22		1260	387	48.8	
3087	倉淵温泉	長寿の湯	群馬県	36.46668421130799	138.77989122820412	1991		mg/kg	7	10550	2390	552	250		4920	235	586	
3088	くらぶち相間川温泉	せせらぎの湯	群馬県	36.42352703997728	138.7767128251449	1995	61.8	mg/kg	6.9	24200	5498	2178	510		13857		127	
3089	烏川湯の里温泉		群馬県	36.40166640330592	138.80347369972407	1976	14	mg/kg	6.6	107	7	7.2	3.1		4.5	4	44.6	
3090	榛名温泉	神夢の湯-1	群馬県	36.380830975732614	138.88304870278773	1987		mg/kg	8.2	186	18.3	4.8	1.2		5.6	4.2	69.5	
3091	榛名温泉	神夢の湯-2	群馬県	36.380832395126355	138.8830538058047	1991		mg/kg	8.1	162	24	2.6	0.57		3.9	4	70.2	
3092	榛名湖温泉	ゆうすげの湯	群馬県	36.48018479468931	138.8729651527685	1993		mg/kg	6.7	1653	258	109	61.5		448	287	274	
3093	榛名荘温泉	いこいの湯	群馬県	36.39510826326088	138.85863210190794	1979	15.2	mg/kg	6.6	218	8.6	18.5	6.3		13	19.4	40.9	
3094	梅香温泉	いこいの湯	群馬県	36.39512902669316	138.85877249249555	1991		mg/kg	6.8	190	7.8	19.2	5.75		12.7	25.5	45.8	
3095	ハルナ温泉	スパハウス源泉	群馬県	36.43124816803438	138.8285720138208	1994		mg/kg	8.4	910	269	21.6	2.85		290	122	158	
3096	不動温泉	独鈷湯	群馬県	36.38416662005395	138.8619428406377	1976	15.5	mg/kg	7.6	120	5.7	12	3.8		4.1	6	58	
3097	大胡温泉	三山の湯	群馬県	36.447349146823754	139.14404049352606	1995		mg/kg	6.9	150	8.67	17.1	3.71		4.5	4.07	79.2	
3098	粕川温泉	ささらの湯	群馬県	36.43322546662323	139.206251513215	1989		mg/kg	6.9	720	208	3.53	0.08		206	2.46	127	
3099	滝沢温泉		群馬県	36.49788186872328	139.18695284440517	1986		mg/kg	6.9	366	36.7	39.6	20		26.3	12.4	281	
3100	猿川温泉	内野の湯	群馬県	36.50758444348268	139.23789859168573	1973	19.5	mg/kg	5.8	3212	340	240	144.4		1140	1	903.4	
3101	梨木温泉		群馬県	36.49666964265103	139.22811342561818	1984		mg/kg	6.3	3516	520	290	180		1270	13.1	1072	
3102	梨木温泉	薬師の湯	群馬県	36.49666927216939	139.22811305535075	1996		mg/kg	6	3200	487	280	159		1160	6.75	966	
3103	二の鳥温泉	義人の湯	群馬県	36.5671962052682	139.24174131389046	1995		mg/kg	6.4	1040	257	55.4	18.4		411	2.85	301	
3104	赤城温泉	島ノ湯	群馬県	36.5068946435038	139.1797812357937	1994		mg/kg	6.4	1870	235	248	146		239	167	1440	
3105	赤城高原温泉	島の湯	群馬県	36.4680874597236	139.19239097651538	1996		mg/kg	6.6	160	7.39	2.06	2.78		6.81	3.23	109	
3106	赤城高原温泉	手の湯	群馬県	36.468094870081934	139.19238560065992	1996		mg/kg	6.7	200	8.86	33.4	4.34		9.12	2.29	1.58	
3107	塩の沢温泉		群馬県	36.114545246126085	138.72287180822124		11.6	mg/kg	6.2		2526	391	118		3861	37.4	2134	
3108	野栗沢温泉	子宝の湯	群馬県	36.064411993909566	138.79878188524714	1989		mg/kg	6.3	7250	2310	372	78		3610	21.6	1532	
3109	浜平温泉		群馬県	36.064958219200776	138.70871469914283	1989		mg/kg	6.3	9099	2230	606	140		4400	45	1290	
3110	宝蔵寺温泉	弥陀の湯	群馬県	36.064399607777894	138.79865079455863	1978	13	mg/kg	6.3	716	141	42.2	18.3		304.9	3.5	238	
3111	宇塩温泉		群馬県	36.18323005668568	139.05287927684233	1971	16	mg/kg	6.3	418.5	27.3		97.4		384.1	5.5	558	
3112	桜山温泉	宇塩の湯	群馬県	36.183245112217534	139.05272608896655	1989		mg/kg	6.4	10810	3460	277	120		4564	874	2343	
3113	八塩温泉	浦部館の湯	群馬県	36.17404212940759	139.0546152029006	1957		mg/kg	6.9	31760	4320	16.34	3.105		6696.7	102.9	2150	
3114	八塩温泉	おにの湯	群馬県	36.174781955419036	139.05492906167402	1992		mg/kg	6.6	25100	8120	383	170		11523	1123	4953	
3115	八塩温泉	神水館源泉	群馬県	36.17427493824618	139.0566711130605	1994		mg/kg	6.3	15660	5080	261	68.5		6600	683	3170	
3116	八塩温泉	八塩館の湯	群馬県	36.17417122227052	139.0536280906286	1997		mg/kg	6.4	26700	8580	260	154		11200	1140	5040	
3117	坂口温泉	塩の湯	群馬県	36.27337168896188	138.94655788075744	1984		mg/kg	8.6	2292	863	2.2	1.13		800	5	854	
3118	坂口温泉	薬師の湯	群馬県	36.273263111072346	138.94655880803217	1992		mg/kg	8.1	2470	894	7.2	3.7		1035	32.1	638	
3119	湯端温泉		群馬県	36.230521839088716	138.99460674401556	1992		mg/kg	8.4	5540	2040	12.7	11		2900	28	677	
3120	吉井温泉	牛伏の湯	群馬県	36.24077214105369	139.00693130051374	1996		mg/kg	7.8	21040	8070	38.5	26.1		11700		1090	
3121	笠懸町温泉		群馬県	36.398952497940776	139.2856094653026	1995		mg/kg	8.3	3500	1087	74.9	2.15		357	1831	116	
3122	新田温泉	やくしの湯	群馬県	36.29972042642609	139.30166109002565		48.7	mg/kg	8.3		431	11.1	1.3		109	3.7	1000	
3123	薮塚温泉	巌理水	群馬県	36.36440972388415	139.32166709869136	1989		mg/kg	8.6	366	117	2.1	0.2		7.4	19.3	250	
3124	薮塚温泉	薮塚館の湯	群馬県	36.364708558131056	139.3203605329262	1989		mg/kg	7.3	330	70.6	21.2	4.8		18	52.3	189	
3125	大間々町温泉		群馬県	36.44703905280753	139.2781016389337		39.4	mg/kg	7.4		539	230	88.7		1386	2.1	205	
3126	白久温泉		埼玉県	35.95181463162431	138.99376712824295		16	mg/kg	8.6	279	85.5	0.862			3.5	15	190	
3127	法性寺	般若の湯	埼玉県	35.996568014130446	139.01296704453907	1990	16.1	mg/kg	9.3		150	1.5	0.21				287	
3128	千鹿谷鉱泉		埼玉県	36.04319736747995	138.98357999945577	1975	13.4	mg/kg	9.2	372.83	125.7	0.934			6.645	58.41	180.5	
3129	大竜寺源泉		埼玉県	36.02740533947432	138.97072167208754	1996	19.7	mg/kg			104.5	0.4			3.2	5.8	100.7	
3130	赤平川温泉		埼玉県	36.022003621870994	138.99152213248965	1998	23.9	mg/kg	9.25	455	170.9	7.8	1.4		12.5	71.8	247.7	
3131	四季彩乃湯		埼玉県	36.022216836698504	138.9791482486376	2000	13.1	mg/kg	9.3	397	157.7	1.4	0.2		13.4	60.7	181.8	
3132	秩父川端温泉	1号	埼玉県	36.06167004234719	139.0917774566472	2000	16.1	mg/kg	8.6	2896	1077	5.6	1.9		1177	3.5	723.7	
3133	秩父川端温泉	2号	埼玉県	36.0616887020845	139.0917662042682	2000	16.5	mg/kg	9.1	1434	523.2	1.4	1.1		372.7	24.6	488.7	
3134	秩父満願の湯		埼玉県	36.0825521774008	139.07160688552264	1989	18	mg/kg	9.5	202	78.1	1.2	0.7		3.5	6.3	142.1	
3135	和銅鉱泉		埼玉県	36.03988187883754	139.1066054368883	2005	10.5	mg/kg	7.7	350	38.1	59.6	19.8		23.6	41.1	294	
3136	柴原温泉		埼玉県	35.97146410886858	139.00667312031564	2004	8.3	mg/kg	9	241	74.6	6.2	1.1		2.8	39.1	131.1	
3137	両神温泉		埼玉県	36.00605155260834	138.971283784451	1989	21	mg/kg	9.7	605	222.7	3.5	0.1		112.4	28.4	160.2	
3138	新木鉱泉		埼玉県	36.00997882424982	139.10990039334558	1963	15.5	mg/kg	9.5	450					25.4		344	
3139	秩父湯本温泉	武甲	埼玉県	35.99051465178451	139.10234447681063	1994	35	mg/kg	10.59	498	152	0.1	1.7		25.9	30.1	6.1	
3140	秩父吉田温泉		埼玉県	36.03805687846223	139.0430589071903	2003	18.2	mg/kg	8.3	3360	1299	3.93	1.12		1137	2.4	1374	
3141	下津谷木温泉		埼玉県	36.00610982189976	139.03082781306856	1993	17.5	mg/kg			413	2.8	1.5		301	177.3	305.1	
3142	大滝温泉	分析2	埼玉県	35.950264665157306	138.93821202266125	1992	32.5	mg/kg	7.91		1890	19.1	6.9		2613	4.5	594.3	
3143	新座温泉		埼玉県	35.78694054516953	139.55220826309343	1996	39.8	mg/kg	7.95	1163	455	2.4	1		307.8	3.4	640.7	
3144	名栗温泉		埼玉県	35.871619739950674	139.18134702456683	1993	16.5	mg/kg	9.07	188	65.3	3	1.6		2.6	15	144.6	
3145	都幾川温泉		埼玉県	35.98767207738441	139.20665491712245	1990	14.9	mg/kg	11.3	189	39.2	35.1	1		6	13.6		
3146	百穴温泉		埼玉県	36.045029932439625	139.42063819072334	1968	9.1	mg/kg	5.2	341	7.5	31.31	18.99		10.64	144.8	8.304	
3147	吉川温泉		埼玉県	35.87805594464678	139.8436106140823	1997	47.4	mg/kg	7.39	23320	7740	362	198.9		12720	1.6	341.1	
3148	東鷲宮百観音温泉		埼玉県	36.09166759655798	139.67694637478402	1998	57.3	mg/kg	7.55	20000	6412	439.3	50.8		11040	1.2	114.7	
3149	八幡の湯(白岡天然温泉)		埼玉県	36.01388927623722	139.6541686996231	2000	37.4	mg/kg	8.2	442	161.7	5.8	1.4		55.5	4.2	356.3	
3150	嵐山渓谷温泉		埼玉県	36.03416643999127	139.3138870110219	1999	17	mg/kg	7.58	486	87.6	50.7	9.6		97	56	213.6	
3151	神流川温泉		埼玉県	36.177315971358574	139.06102909675712	2000	25.4	mg/kg	6.7	32560	11140	311.9	151.6		14580	1584	5870	
3152	神川温泉		埼玉県	36.205611554921546	139.0769021767284	1998	26.6	mg/kg	8	32560	3279	6.6	8.7		1950	29.7	5378	
3153	久喜和みの里温泉		埼玉県	36.0580556916029	139.66333082315958	2001	45.6	mg/kg	7.6	4463	1615	124.9	31.6		2359	8	739	
3154	都幾の湯		埼玉県	35.99761115847728	139.2627505776084	1999	26.8	mg/kg			2920	99.5	1.9		4191	583.6	259.3	
3155	狭山やまと温泉		埼玉県	35.84749846646489	139.42777214018787	2003	36.2	mg/kg			1240	129	5.7		2170	0.3	21	
3156	やまと温泉		埼玉県	35.82534604175451	139.67485638251372	2002	29.8	mg/kg			703.4	6.4	1.6		38.9		1778	
3157	こだま温泉		埼玉県	36.211668539128254	139.15250657367736	1996	40.3	mg/kg	7.6	20540	5378	1379	502.5		12220	0.3	93.4	
3158	行田天然温泉		埼玉県	36.136107075246805	139.4658179790416	2002	33	mg/kg	7.4	583	162.8	33.9	8.1		128		371.6	
3159	行田湯本天然		埼玉県	36.12766580175823	139.4720544695022	2004	41.4	mg/kg	7.8	940	338	31.6	4.13		212	0.8	643	
3160	小川湯本天然温泉		埼玉県	36.0592627730959	139.26891523728256	2002	27.8	mg/kg	10.1	188	58.4	1.3			5.1	3	37.4	
3161	和光温泉		埼玉県	35.76876880987702	139.6194368668273	2003	40.6	mg/kg	7.8	10290	3600	173.3	53.7		5793		524.8	
3162	児玉温泉		埼玉県	36.218436477623705	139.16212023728056	1996	28.8	mg/kg	6.73		15.9	40.7	25.3		21.5	70.1	172.1	
3163	坂戸ふるさとの湯		埼玉県	35.96013361090489	139.3845878189694	2002	31.3	mg/kg	8.3	3999	1410	36.4	2.3		2229		100.7	
3164	もののふ温泉		埼玉県	35.99933594554223	139.41125235469886	1997	18.7	mg/kg	7.48	1713	533.5	50	9.9		723		438.1	
3165	四季の湯温泉		埼玉県	36.094441061197344	139.34082245393603	1995	27.3	mg/kg			4418	178.1	13.6		6994		367.8	
3166	武蔵野火止温泉		埼玉県	35.79833370845959	139.56639144718818	1995	38	mg/kg	8.22	844	322	0.8	0.7		191.4	0.7	535.7	
3167	天然戸田温泉		埼玉県	35.81158450062513	139.66228651744234	2003	42	mg/kg	7.5		6256	483.9	392		11620	1.1	465.6	
3168	越谷湯本温泉		埼玉県	35.90847121182878	139.7927639901815	1998	42.8	mg/kg	7.39	14530	4800	268.7	150.5		8155	1.5	358.8	
3169	かすかべ湯本温泉		埼玉県	35.95583387552147	139.74333527673966	1998	33.3	mg/kg	8.76	502	97.8	0.9	0.4		19.8	6	218.4	
3170	第二かすかべ湯元		埼玉県	35.955641061236896	139.74298043151163	1998	35.2	mg/kg	8.73	346	116.4	0.3	0.7		24.1	2.4	268.5	
3171	幸手温泉		埼玉県	36.07100388550181	139.72039196748702	2003	52.1	mg/kg	6.9	10710	5811	448.8	55.5		9940	1.9	107.4	
3172	羽生温泉		埼玉県	36.163884897969645	139.58554060881053	2001	43.1	mg/kg	8	1570	540	13.9	1.7		681.5	1.7	311.2	
3173	清河寺温泉		埼玉県	35.93362676956138	139.58198133424486	1999	38.3	mg/kg	7.71	4444	1580	71.6	22.9		2343	3.6	576.6	
3174	彩の国さくらそう温泉		埼玉県	35.88944198268387	139.63526987438027	2000	34	mg/kg	7.5		6070	356.3	345.9		10930		256.9	
3175	サイボク自然温泉		埼玉県	35.89187388245804	139.39482593135506	2002	40.6	mg/kg	8.1	7016	2452	178.6	11.9		4095	1.9	60.4	
3176	玉川温泉		埼玉県	36.01922744349493	139.28413069630585	1991	25.7	mg/kg	9.7	211	57.5	0.8			7.3	6.6	7.3	
3177	蔵の湯東松山		埼玉県	36.023889072953104	139.4197231182347	2004	38.1	mg/kg	7.7	17290	5574	900.6	24.4		10260	16.2	50	
3178	幸手温泉		埼玉県	36.07107259935363	139.7204783143984	1999	27.6	mg/kg	9.9	761	271.6	5.6	0.9		248	1.6	99.5	
3179	北本天然温泉		埼玉県	36.03305595901849	139.5441659013043		32.2	mg/kg	7.8		590	28.5	7.8		763		396	
3180	越谷天然温泉		埼玉県	35.86717017980627	139.77896608005827		39.8	mg/kg	8.2		650	8.8	1.8		554	2.3	823.7	
3181	湯の森温泉		埼玉県	35.791309351341646	139.50185973124462		33.4	mg/kg	8.3		178	1.4	0.9		67	2.1	352.1	
3182	矢指ヶ浦温泉		千葉県	35.69444449203451	140.66416966698853	1953	21.7	mg/kg	7.8		3955	234.8	41.91		6857	48.93	631.7	
3183	矢指ヶ浦温泉		千葉県	35.69444441863099	140.66416942032723	1974	16	mg/kg	8.2	986	230	34.5	29		299.3	17.1	342	
3184	旭九十九里温泉	旭簡易保険保養センター	千葉県	35.68825614277145	140.65167471347948	2003	27.6	mg/kg	7.5	27460	9327	425.8	178.2		15840		227.6	
3185	旭温泉	国民宿舎旭荘	千葉県	35.68694456243659	140.64361428379243	1963	27.7	mg/kg	7.5	30335	9254	509.5	305.4		16166	2.96	454.5	
3186	養老温泉	鶴の家旅館	千葉県	35.25617491485763	140.16126830268726	1955	19	mg/kg	7.6	3100	880.97	44.75	19.3		1376.46	3.86	346.72	
3187	養老温泉	岩風呂旅館	千葉県	35.25554173698792	140.1620067753602	1971	18.2	mg/kg	7.9	4450	1400	31	27.74		1723.3	3.539	1080	
3188	養老温泉	喜代元旅館	千葉県	35.25596554167176	140.1610403870247	1970	18	mg/kg	7.9	2950	913.2	19.9	15.25		985	3.987	836.6	
3189	下総温泉	真名井の湯	千葉県	35.796771640366586	140.11389942396926	2004	36.2	mg/kg	7.6	30400	10850	375.6	292.3		18210	0.7	626.7	
3190	柏天然温泉	白金の湯	千葉県	35.86555656492719	139.9791681703218	2000	40.8	mg/kg	7.48		7600	385	172		12300	0.6	293	
3191	柏温泉	自然の湯	千葉県	35.881352862074	139.96708608539643	2002	41.4	mg/kg	7.6	19400	6461	391.2	215.9		11100	8.4	416.8	
3192	柏湯元温泉		千葉県	35.81450357139471	139.9584686376902	2003	45	mg/kg	7.5	20150	6624	305.6	112.6		11020	3.3	275.8	
3193	勝浦うばら温泉	勝浦簡易保険保養センター	千葉県	35.15027821927422	140.27111182139114	2003	25.6	mg/kg	8.25		1589	65.4	7.1		2470	21.4	178.8	
3194	万祝温泉	臨海荘	千葉県	35.15063720963073	140.30827585125104	2000	18.9	mg/kg	8.1	870	338.7	2.1	2.8		116.9	54.2	698.6	
3195	三日月温泉	勝浦温泉ホテル三日月	千葉県	35.14991596028103	140.3098219904106	2000	19.7	mg/kg	8.33		526	4.3	4.2		191	37.3	870	
3196	勝浦温泉	勝浦温泉旅館	千葉県	35.204611197230136	140.28228413880998	1961	17.2	mg/kg	8.2	1926	476.6	22.8	5.419		553.2	2.881	600.5	
3197	(勝浦市)	湯場の原勝浦パークランド	千葉県	35.16777401829301	140.2660961536875	1966	18.6	mg/kg	8.2	2024	550	1.748	2.38		228.4		1088	
3198	粟斗温泉	粟斗温泉旅館	千葉県	35.14083024460613	140.1008221071499	1969	20.9	mg/kg	8.9	964	256.4	4.738	2.12		139.2	7.577	444.2	
3199	曽呂温泉	曽呂温泉旅館	千葉県	35.08837219723402	140.05868039332793	1961	15	mg/kg	8.4	1720	364.5	13.01	2.19		346.8	5.35	546.4	
3200	太海湯元温泉	民宿こはら荘	千葉県	35.07931436654963	140.09793348135963	1983	16.6	mg/kg	8.8	1449	614.2	1.8	1.2		348.8	24.7	915.2	
3201	金山温泉	長寿の湯鴨川市福祉センター	千葉県	35.12299915959257	140.0862083892313	2003	15.4	mg/kg	8.8	719	229.7	12.4	2.1		132.9	26.1	334.4	
3202	吉浦湯元温泉		千葉県	35.05916639641252	140.07277678558157	1980	17.5	mg/kg	9	1416	514.4	1.5	1.9		100.4	6.2	1053	
3203	曽呂宮下温泉	こがね荘	千葉県	35.08834697735802	140.07627208674828	1968	11	mg/kg	8.7	2415	725	1.01	0.73		721.4	8.806	749.9	
3204	曽呂温泉郷	長生苑	千葉県	35.09166921249478	140.0622316618072	1973	6.3	mg/kg	8.2	1370	349.6	2.4	1.459		128.1	9.053	738.3	
3205	曽呂温泉郷	長生苑2号泉	千葉県	35.091665209766454	140.06221499381746	1973	18.4	mg/kg	7.8	810	185	12.49	4.35		131.2	43.46	265.4	
3206	鴨川温泉	ユニバースホテル	千葉県	35.100071632366095	140.10378956736793	1958	18	mg/kg	8.1	1147.5	331.7	5.7	4.4		305.3	0.54	293.3	
3207	木更津三日月温泉		千葉県	35.422222236478774	139.89750107675223	2001	25.9	mg/kg	8.1		7700	142	163		9350		976	
3208	亀山温泉	三色の湯湖水亭嵯峨和	千葉県	35.22664341771593	140.0797676683491	2000	19.5	mg/kg	8.6	940	332	1.8	0.8		10.3	23.5		
3209	人見温泉	コミュニティセンター	千葉県	35.34450251550431	139.85965843117685	1982	26.5	mg/kg	8	13500	4912	41	65.7		7720	0.9	700	
3210	鹿野山温泉	ホテル鹿野山	千葉県	35.252165819347795	139.96410007416517	1965	22.1	mg/kg	8.6	7582	2580	22.58	30.34		3699		901.9	
3211	小糸川温泉		千葉県	35.26671096928618	139.99560432275544	1982	24.8	mg/kg	8	2640	819	4	4.9		640	0.8	1200	
3212	亀山温泉	亀山温泉ホテル	千葉県	35.228493521924335	140.08362404881794	2000	22.9	mg/kg	8.72		691	4.4	1.6		568	13.2	818.6	
3213	七里川温泉	沖津屋	千葉県	35.21706107127498	140.1362578233426	1978	15.5	mg/kg	7.3	680	156	16	13		145.3	17.53	280	
3214	清澄温泉		千葉県	35.19600531943154	140.13993030956678	1973	15.2	mg/kg	7.9	560	146	26.9	1.165		93.29	32.92	295.8	
3215	(君津市)	青山旅館	千葉県	35.204165481292655	140.07110647202524	1977	17	mg/kg	7.6	6610	2300	80.4	5.004		3758	2.716	279.5	
3216	谷中温泉		千葉県	35.89875799663093	140.44078601157804	1974	10.9	mg/kg	6.7	1360	246.7	36.8	29.7		205.7	14.02	590.3	
3217	佐原温泉		千葉県	35.87246584285845	140.55208203411428	1987	25.5	mg/kg	7.6	33000	11100	283	696		19640	7.7	444.2	
3218	白井温泉	白井の湯	千葉県	35.82194527301319	140.04944889740472	2002	16.3	mg/kg	8.4	181	8.2	22.7	4.8		5.3	11.8	84.2	
3219	東京湾温泉	東京湾スプリングスCC	千葉県	35.4378492725563	140.01013977790382	1989	29.8	mg/kg	7.5	20540	6986	198.3	141.2		11832		503.3	
3220	しおさい温泉	黒潮の湯	千葉県	35.028737498101236	139.84042232385366	1996	18.4	mg/kg	8.27	1030	344.2	16.5	12		336.8	130.1	256.3	
3221	(館山市)	温泉コバラヤ	千葉県	34.98361503083301	139.84279316786362	1996	17.1	mg/kg	8.57	1394	400.5	42.7	14.7		589.6	139.8	128.7	
3222	石塚温泉	古原屋の湯	千葉県	34.97680408359146	139.81754859913502	1983	17.9	mg/kg	8.8	774	256.2	3.6	1.3		202.8	83.9	256.5	
3223	石塚温泉	古原屋香館	千葉県	34.97682681202637	139.81756577432043	1996	18.1	mg/kg	8.8	1300	422.6	21.1	5.4		465.6	87.4	277.9	
3224	たてやま平砂浦温泉	平砂浦ビーチホテル	千葉県	34.95654535424495	139.77838787737468	1972	21.1	mg/kg	8.2	1218	290	4.589	0.874		38.4	3.454	744.4	
3225	サンランド温泉	ホテルアクシオン館山	千葉県	34.954151168490206	139.79171801331438	1985	18.3	mg/kg	8	2677	964.2	21.6	12.3		1235	228.4	240.8	
3226	館山温泉	館山グランドホテル	千葉県	34.95222165942918	139.81027710357145	2001		mg/kg	8.9		433	3	0.9		134.8	257.7	500.3	
3227	不老山薬師温泉		千葉県	34.91618188110308	139.82832309232973	1974	18.8	mg/kg	8.1	567.4	164.1	5.494	2.136		60.88	70.03	315.2	
3228	(館山市)	館山ガーデン	千葉県	34.99888809232623	139.85888599862216	1964	18.7	mg/kg	7.1	3920	296.9	415.1	219		1.805	29.3	104	
3229	犬吠埼潮の湯温泉	犬吠埼観光ホテル	千葉県	35.69999867922621	140.86249362686942		28.5	mg/kg			6852	1584	51.5		13920		31.1	
3230	犬吠埼温泉黒潮の湯	犬吠埼京成ホテル	千葉県	35.70820577691727	140.86497326727212	2001	22.2	mg/kg	7.53		7770	1271	125		14750	4.5	65.3	
3231	鷺沼温泉		千葉県	35.675492676653185	140.02511082656065	1954	17	mg/kg	8.2	285	65.58	4.02	2.55		10.8	0.98	49.17	
3232	鷺沼温泉		千葉県	35.67551730425556	140.02509791204716	2001	18.7	mg/kg	9	470	170.1	1.7	0.6		34.7		342.2	
3233	成田温泉	大和の湯	千葉県	35.81739622194023	140.27170033408683	2000	19.3	mg/kg	7.61		3140	29	87.5		3689	1.7	2350	
3234	大利根温泉	チサン健康センター	千葉県	35.93914717714585	139.935219927687	1965	40.8	mg/kg	7.5	12598	4100	309	143		7170		325	
3235	野田花井温泉	潮の湯	千葉県	35.94000403087088	139.88195958107664	2000	26.5	mg/kg	8.53		9120	636	220		15900	1.6	170	
3236	野田七光台温泉		千葉県	35.982312194868676	139.8500375900632	2003	44.3	mg/kg			8147	614.6	243.4		14310	2.8	191	
3237	青堀温泉	喜楽館	千葉県	35.33750120680778	139.86417156833755		19.6	mg/kg			152.9	4.4	0.6		80.7	0.5	262.2	
3238	青堀温泉	静養園	千葉県	35.33722268898045	139.86277945340603	1974	25.8	mg/kg	7.4	12300	4369.8	31	110		6737.4		750	
3239	(富津市)	富津観光ホテル	千葉県	35.3085298263841	139.81354582178471	1958	24.5	mg/kg	7.9	18222	5767	168.6	256.3		10161	49.3	468	
3240	富津温泉	市営温泉	千葉県	35.165557482474725	139.8241729629721	1970	23.3	mg/kg	8.2	7521	2700	16.11	15.15		3899.4	9.366	651.3	
3241	山中温泉	陽気の湯	千葉県	35.16100998222351	139.91610785058452	1996	18.6	mg/kg	7.7	13010	4577	150.9	26.1		7307		250.5	
3242	湊温泉	玉川旅館	千葉県	35.69583128579348	139.98138236980654	1963	16.3	mg/kg	9.2	245	40	2.144	1.01		9.94	2.551	99.4	
3243	茂原緑が丘健康温泉	オズヘルスクラブ	千葉県	35.43833161275141	140.25971649649867	1989	20.4	mg/kg	8.4	1260	424.9	3.7	2.4		6.8	4.8	1249	
3244	(茂原市)	茂原グリーンセンター	千葉県	35.420742729645895	140.31199990748735	1958	23	mg/kg	8.2	5490	1783	10.29	34.97		2272	0.41	716.1	
3245	八千代緑が丘駅前温泉		千葉県	35.72972270657192	140.0736145313594	2002	19.6	mg/kg	8.4	1350	451.6	5.8	6		273		814	
3246	亀が崎温泉		千葉県	35.12333127567327	139.83415961509306	1965	24.5	mg/kg	7.8	921	261	4.619	1.32		212.5	20.63	318	
3247	紀伊国屋安房温泉		千葉県	35.11526374446045	139.82961332900592	1988	18.2	mg/kg	7.3	5575	1954	25.9	113.8		2328	21.5	1754	
3248	白浜温泉	林景荘	千葉県	34.92120267354489	139.8600247958462	1969	13	mg/kg	8.2	7662	2694	54	40		3945	3.036	715	
3249	白浜温泉	飯田屋温泉	千葉県	34.906599828269684	139.8920610897435	1976	18.6	mg/kg	7.4	3800	1100	195	45.6		1940	198.5	205.6	
3250	白浜湯元温泉	ペンションとがし	千葉県	34.90586812486529	139.90647620914564	1978	18.4	mg/kg	8.2	8147	2486	500.5	4.318		4322	558.1	30.21	
3251	白浜野島温泉	南海荘	千葉県	34.90395540925925	139.88591881492616	1987	18.7	mg/kg	9.1	2105	772.8	13.9	2.9		1153	27.9	47.3	
3252	白浜女来島温泉	グランドホテル太陽	千葉県	34.90583533273326	139.8994529296238	1979	17.6	mg/kg	9.2	552	151.6	18.3	11.8		114.8	116	158	
3253	元湯白浜温泉	紀州鉄道白浜ホテル	千葉県	34.91031693733005	139.9174250219075	1988	17	mg/kg	8.61	3240	1040	80.5	26.8		1595		315	
3254	千倉温泉	千倉館	千葉県	34.963046944054604	139.95854986868727	1951	20	mg/kg	8.1		1456.45	75.36	14.4		2225.18	50.05	280.56	
3255	千倉温泉	千倉館	千葉県	34.96305731996468	139.95855243008197	1974	16	mg/kg	8.4	2870	950	32	25.08		1418.4	54.56	234	
3256	千倉瀬戸浜温泉	ホテル瀬戸浜	千葉県	34.97476121502643	139.96330617017634	1992	19.1	mg/kg	7.37		205.7	93	17.7		349	52.6	274	
3257	しあわせ源泉	民宿しあわせ荘	千葉県	34.94297265210004	139.9626739914861	1990	17	mg/kg	8	1826	647.5	13.5	37.2		774.1	232.2	369.2	
3258	矢原温泉	矢原荘	千葉県	34.981246708206434	139.9645384963371	1986	18	mg/kg	8.9	954	334.6	7.4	3.4		253.9	127.6	303.8	
3259	岩婦温泉		千葉県	35.083730685167225	139.8616638225919	1967	19	mg/kg	7.6	814.4	111	34.33	36.26		42.55	29.79	463.7	
3260	岩婦温泉郷	岩婦館	千葉県	35.08371137516473	139.86165633349736		16	mg/kg	8.2	661.5	100.8	45.78	10.04		67.45	10.61	307.2	
3261	弁天鉱泉		千葉県	35.075513638137856	139.83320267137944	1964		mg/kg	7.4	1158	55.8	133.9	58.37		90.4	369	225.7	
3262	たかつる温泉		千葉県	35.093840969375776	140.046491248361	1998	17	mg/kg	8	596	170.1	25.1	4.3		136.4	25.5	273.4	
3263	小湊実入温泉	豊明殿	千葉県	35.12339003208697	140.18386619230526	1998	16.7	mg/kg			1165	155.5	138.9		1986	407	331.3	
3264	養老温泉	養老館	千葉県	35.25420714387431	140.16235935000176	1974	18.2	mg/kg	7.6		958.3	21.86	15.48		910.9	5.759	1282	
3265	養老温泉	天竜荘	千葉県	35.25213106607675	140.16358823500454	1974	17	mg/kg	7.6	2695	790	8.257	17.5		673.7	2.469	1082.5	
3266	養老温泉	川の家	千葉県	35.2505183037682	140.16352979024992	1971	17.3	mg/kg	8.1	1730	424.5	8.64	3.599		131.2	2.716	1025	
3267	養老温泉	嵯峨和旅館	千葉県	35.25338661858754	140.1628697114552	1975	18.5	mg/kg	8	3146	929.1	11.2	18		843	2.14	1159.4	
3268	養老温泉	嵯峨和旅館	千葉県	35.25340289384247	140.16291026977373	1975	17.8	mg/kg	7.8	2806	816.4	11.2	12.5		737	1.811	1037.3	
3269	みわ御宿天然温泉		千葉県	35.177369428544395	140.34662091020982	1970	36.2	mg/kg	8.2	4250	1300	13.58	6.21		1134	11.2	1583	
3270	御宿の湯	クアライフ	千葉県	35.18490236758531	140.35511375202506	2000	26.5	mg/kg	8.53		915	3.1	1.4		235	0.2	2080	
3271	飯岡温泉	浜富士観光旅館	千葉県	35.7030571298867	140.71139266420795	1953	19	mg/kg	7.8		241.71	7.14	2.84		35	31	637.75	
3272	飯岡ラジウム温泉	健康ランド伸幸館	千葉県	35.69388927546723	140.72861282214217	1997	17.7	mg/kg	8.8	630	222.9	1.8	1.5		18.7	1.1	489.3	
3273	成田スプリングス温泉	紅小町の湯	千葉県	35.79452399891218	140.5157440244027	1991	28.7	mg/kg			9520	813.5	446.5		17448		244.1	
3274	鳴濤温泉		千葉県	35.56106102146597	140.4583049909722	1975		mg/kg	7.5		2171	56	194.6		3521	290	624	
3275	(光町)	バーネットビレッジ	千葉県	35.633608177547245	140.5252660129293	2000	16.2	mg/kg	7.5	9850	3176	20.3	270.9		4674		1552	
3276	(一宮町)	一宮館	千葉県	35.38119201385161	140.3856528147124	1955	23	mg/kg	7.8	24228	8392.09	250.38	278.23		13641.73	5.31	506.58	
3277	(白子町)	白子アクア健康センター	千葉県	35.448003102550786	140.40265909339942	1990	29.7	mg/kg	7.6	35030	10820	270.4	402.6		19470		892.4	
3278	長生の湯	九十九里太陽の里	千葉県	35.41524430967626	140.39207864114059	1999	15.5	mg/kg	8.5	5220	1911	11.2	24		1692		2893	
3279	ながら温泉		千葉県	35.43137405758337	140.2278964323275		18.3	mg/kg			406	3.1	2.5		6.3	1.5	1098	
3280	麻布十番温泉		東京都	35.65694731895325	139.73334696682892	1956	21	mg/kg	7.8	1216	440	3.3	4.1		53.54		1135	
3281	麻布美黒水温泉	竹の湯	東京都	35.651389990582956	139.73417210040242	2002	17.8	mg/kg	8.5	574	432.3	3.5	3.4		23	0.8	1118	
3282	五色温泉		東京都	35.6622891037507	139.75277829387824	1999	18.2	mg/kg	7.85	620	211.7	0.9	3.4		39.5	109.8	388.7	
3283	東京温泉		東京都	35.69450333709758	139.7051614014641		15	mg/kg	6.6	444	46.8	38.4	12		70.9	65	260.1	
3284	芳泉		東京都	35.69205935370141	139.706292580731	1955	18	mg/kg	8.2	1065.91	379.25	6.64	2.74		23	5.55	1072.63	
3285	アパ新宿温泉		東京都	35.70055370331598	139.7094339319814	2002	25	mg/kg	8.1	1344	483	7.6	4.1		5.8	7.3	1318	
3286	十二社天然温泉		東京都	35.68833278595336	139.68861092667797	1979	25.9	mg/kg	7.7	1740	679.3	5.264	4.345		322.3	2.498	1467	
3287	小石川温泉		東京都	35.70686279024554	139.75349584333972	2004	38.3	mg/kg	7.2	31780	10810	579.6	302.9		18450	1.6	513.2	
3288	蛇骨湯		東京都	35.71204908010487	139.79269050939956	1997	22.9	mg/kg	8.03	507	112.9	26.2	14.2		101.8	12.9	274.6	
3289	浅草観音温泉		東京都	35.715001942475524	139.79500755883956	1956	26.3	mg/kg	8.5	1835.36	640.47	17.19	9.18		184.06	20.29	1521.3	
3290	吉原温泉		東京都	35.72249980516085	139.79361046122662	1955	31.3	mg/kg	7.8	17184	5928.19	132.1	130.25		9729.75	10.68	1251.62	
3291	鴎外温泉		東京都	35.71610880454327	139.76915839505565	1974	19.8	mg/kg	7.88	453.1	94.02	13.97	7.253		7.159	6.585	348.6	
3292	楽天地天然温泉		東京都	35.696379856200736	139.81587082820695	1983	25.4	mg/kg	8	9847	4100	78.1	81.6		5879	5.7	726.5	
3293	楓温泉	泉湯	東京都	35.707621360243955	139.8128493387484	2002	20.6	mg/kg	8.12	457	55.6	49	13.3		120.6		184.9	
3294	御谷温泉		東京都	35.70138555924618	139.80443124592833	1980	18.2	mg/kg	7.9	402	127.8	3.6	4		66.9	3.1	198	
3295	大江戸温泉		東京都	35.61521929246497	139.77730331826146	2002	34.8	mg/kg	7.56	24940	8604	198.6	174.1		14850	2.1	668.7	
3296	大島温泉		東京都	35.69127396270844	139.8230357139235	1952	27.3	mg/kg	7.4	14940	5200	115	11		7870		976	
3297	大島温泉		東京都	35.69111588400231	139.82302143032055	1954	17.5	mg/kg	7.4	2201	469.56	168.03	74.91		983.32	5.29	549.86	
3298	和倉湯		東京都	35.68805604510133	139.83472122185015	1956	18.5	mg/kg	7.5	1262.02	364.74	54.69	25.83		531.49	2.45	416.79	
3299	亀戸温泉		東京都	35.70388868684448	139.82249864965308	1953	29.5	mg/kg	7.8	15678	5569.09	118.65	126.97		8793.08	15.06	1439.19	
3300	亀戸天然温泉		東京都	35.69500027383324	139.83472183689807	1953	18.6	mg/kg	7.7	5466	1810.91	220.09	49.42		2648.46	2.51	1384.54	
3301	東京天然温泉		東京都	35.69833093947887	139.82499227962919	1955	28.5	mg/kg	7.7	18221.5	6028.59	156.05	171.13		9897.72	6.01	1230.85	
3302	銀座湯		東京都	35.67449288789764	139.77020374905797	1981	17.5	mg/kg	8.53	1502	640	31.2	29.1		821.5	0.8	612.2	
3303	辰巳温泉		東京都	35.67989571325913	139.79975684466498	1956	30.5	mg/kg	8	18674.19	6131.15	210.35	134.64		10730.3	10.6	475.43	
3304	新東京温泉		東京都	35.67221926252184	139.76593403800223	1957	29	mg/kg	7.2	24434	8192	442.9	277.3		14186		738.9	
3305	大森温泉		東京都	35.59333357630243	139.73583478677776	1954	27.3	mg/kg	8.2	3186	830	10			314.7		1830	
3306	清水温泉		東京都	35.62021185142139	139.7077357122107	1994	16.6	mg/kg	8.85	654	218.4	6.5	0.9		23.2	0.1	524.7	
3307	西小山温泉		東京都	35.61500102550429	139.69972596097534	1955	25.7	mg/kg	8	1252	475	6			45.4	4.1	1230	
3308	宮城湯		東京都	35.611663210837634	139.72609651141687	1995	17.7	mg/kg	8.28	240	52	4.9	4.6		5.4	1.7	192.2	
3309	八幡温泉		東京都	35.606389870178056	139.70833715067135	1989	16.2	mg/kg	8.2	502	138.8	3.3	2.19		4	425.3	5.1	
3310	荏の花温泉		東京都	35.6072228265804	139.70555965252677	1990	17.8	mg/kg	8.37	397	124	5.9	2.8		3.9	0.2	303.9	
3311	鷹番の湯		東京都	35.62983946453438	139.68935776061537	1991	17.5	mg/kg	7.52	281	55	10	6.1		5.8		207.5	
3312	目黒温泉		東京都	35.643888428765216	139.70221972843552	1956	17.5	mg/kg	8.3	949.29	313.41	13.54	4.83		13.37	9.51	944.17	
3313	大江戸東山温泉		東京都	35.65055862711789	139.68612137545898	1994	39	mg/kg	7.62	25840	8750	281	148		14304.2	10.7	683.4	
3314	久松温泉		東京都	35.57388654745111	139.70276910840514	1983	16.8	mg/kg	8.6	565	181.5	25.3	10.8		87.2	13.9	617.3	
3315	純養褐層泉		東京都	35.57088752658495	139.70309187243583	2003	17.1	mg/kg	8.23	737	245.1	7.3	4.6		49.3	3.9	640.7	
3316	鵜の木天然温泉	松の湯	東京都	35.57388614741175	139.68109951864633	1963	18	mg/kg	8.3	831.27	271.29	13.82	1.28		8.2	4.81	675.47	
3317	大森海岸温泉		東京都	35.58611313882396	139.7288955869815	1954	26	mg/kg	7.8	3514.4	1069.26	14.24	14.02		510	23.46	2339.87	
3318	天狗湯		東京都	35.57777906643944	139.73028278037435	2001	16.9	mg/kg	7.71	967	148.4	72.8	23.6		134.8	111.6	390.5	
3319	(大田区)	ゆーシティ蒲田	東京都	35.565278478808985	139.71805831520066	1994	17.9	mg/kg	8.36	817	210	5.4	2.4		26	0.2	378.3	
3320	えびす湯		東京都	35.561670484653426	139.71973644315216	1992	18.2	mg/kg	7.5		612	16.1	32.6		756.6	96	414.9	
3321	蒲田温泉		東京都	35.55583478297627	139.71806268731882	1986	17.9	mg/kg	7.9	1574	567.1	18.5	20.2		362.2	9.9	1169	
3322	サーハウス温泉		東京都	35.56361230667065	139.6841722492074	2002	40	mg/kg	7.29	29030	9496	444.2	216.8		16180	4.2	416.1	
3323	第一兼六温泉		東京都	35.574223294528316	139.7159262937585	1956	17	mg/kg	8.4	1605.93	425.69	23.38	13.41		21.1	18.01	1338.13	
3324	第二兼六温泉		東京都	35.572500058427565	139.7180564512075	1956	15.8	mg/kg	8.3	1199.5	281.79	32.53	19.73		12.4	12.78	1068.42	
3325	相模湯	ヌーランドさがみ湯	東京都	35.552308780341924	139.71462955987047	1995	17.5	mg/kg	8.2	1427	415.8	7.6	4.4		95.5	0.6	1025.1	
3326	照の湯		東京都	35.54618411240319	139.71084813329327	1983	16.1	mg/kg	7.9	1954	496.8	12.8	15.2		423.1	7.4	731.4	
3327	六郷温泉		東京都	35.541666823525915	139.70777703264366	1952	15	mg/kg	7.7	103	218.3	11.69	13.98		240.47	2.87	545.62	
3328	辰巳天然温泉	辰巳湯	東京都	35.57027811455003	139.71639044680504	1957	15.5	mg/kg	8.3	1348.35	475.37	20.07	10.5		30.88	12.99	1407.23	
3329	池上温泉		東京都	35.571666077445364	139.7102754240688	1983	16	mg/kg	9	837	305.2	2.9	3.4		82.3	18.9	474.4	
3330	鶴の湯		東京都	35.56805458615518	139.70860547195036	1953	15.5	mg/kg	7.7	1154	203.91	58.97	26.94		363.37	23.76	454.63	
3331	蓮沼温泉	第二日の出湯	東京都	35.56749839091378	139.71110538462696	2003	18.3	mg/kg	7.73	938	293.9	16.2	14.1		252.4	54.1	406.4	
3332	ホテル末広		東京都	35.56134089849503	139.71438271593385	1955	15	mg/kg	7.9	1766.97	615.58	11.56	7.99		223.81	12.23	1563.56	
3333	温泉幸の湯		東京都	35.55749566744484	139.73248337517632	1999	16.9	mg/kg	7.59	2359	243.7	182.3	73.2		764		317.3	
3334	朝日温泉		東京都	35.55642246375981	139.73035299407286	1987	16.1	mg/kg	7.7	1551	172.3	139.4	61.3		492.9	2.5	396.2	
3335	京浜温泉		東京都	35.55305484804519	139.70527272568503	1953	15.6	mg/kg	7.3	1586.46	344.79	70.5	43.02		490.82	11.71	883.57	
3336	第一相模湯		東京都	35.54958845962431	139.70764591967512	1983	16.4	mg/kg	7.9	1954	740.4	26.9	39.3		1059.4	9.9	438.8	
3337	稲荷湯		東京都	35.593611030962386	139.6872218864349	1995	18	mg/kg	8.38	525	197.1	4.9	2.5		5.8	1.2	548.5	
3338	平和島温泉		東京都	35.584721059288455	139.74082931261935	1987	36.5	mg/kg	8	20850	7545	218	131.1		12470	16.4	638.7	
3339	調布弁天湯		東京都	35.586388169545565	139.68221852046037	2001	17.3	mg/kg	8.15	433	76	7.2	3.5		5.3	1	241	
3340	社会保健蒲田総合病院温泉		東京都	35.55444318211897	139.7230534587774	1999	17	mg/kg	7.79	1385	387.7	76.8	24.4		539.3		549.2	
3341	益の湯		東京都	35.57972021704349	139.6858269174548	1957	17.8	mg/kg	8.2	615.62	238.67	8.54	3.63		17.97	4.3	709.65	
3342	月見湯温泉		東京都	35.665474690127176	139.63589629408193	1998	16.5	mg/kg	6.62	259	9.2	23.1	12.8		29.9	8.4	122	
3343	第2淡島湯		東京都	35.65434901065902	139.67450430509268	1996	17.4	mg/kg	8.49	560	210.7	2.5	1.6		16.4	0.5	457.6	
3344	栗の湯		東京都	35.627499821826795	139.64666603937022	1996	17.6	mg/kg	8.14	313	89.6	0.8	1		4.1		214.8	
3345	瀬田温泉		東京都	35.61972130988737	139.62944234161998	1997	43	mg/kg	7.63	8738	3235	76.1	20		4820	1.8	897	
3346	そしがや温泉21		東京都	35.6455587620712	139.6077877788695	1977	19.7	mg/kg	8.5	640.6	184.5	8.106	0.369		4.585	2.474	511.1	
3347	新寿湯		東京都	35.614725490417236	139.62501350801986	1992	17.9	mg/kg	8.01		117.5	0.3	0.4		3.8	4.5	336.2	
3348	渋谷笹塚温泉	栄湯	東京都	35.67569619549651	139.66865375667476	2004	16.5	mg/kg	7.2	280	9.9	44	6.6		27.6	27.5	129.4	
3349	第3エビス湯		東京都	35.66416840954535	139.67583985711755	1956	14.2	mg/kg	7.3	186.59	15.25	25.01	5.69		11.37	5.96	132.32	
3350	鶴の湯		東京都	35.711900917539076	139.64273671327956	1955	14.9	mg/kg	6.8	157.8	7.59	14.94	4.81		27.44	1.3	77.69	
3351	高井戸温泉		東京都	35.684998443955536	139.61527104738707	2002	37.6	mg/kg	7.58	23730	8224	264.5	159.8		13730		735.9	
3352	池袋温泉		東京都	35.73250166314168	139.713340233172	1957	26	mg/kg	8.4	2224	839	0.821	1.744		728.6		953.2	
3353	ときわ健康温泉		東京都	35.7667816770869	139.67927498694908	1998	17	mg/kg	8.18	129	8.82	12.9	2.42		3.28	2.68	85.1	
3354	板橋温泉スパディオ		東京都	35.764444871498334	139.7000040311807	1998	39.2	mg/kg	7.54	24300	7479	638.3	169.8		13400		233.1	
3355	豊島園庭の湯		東京都	35.744165866183685	139.6480514759853	2002	33.8	mg/kg	7.39	21300	7254	227.5	112.9		12160	1.3	684.6	
3356	天水	保木間の湯	東京都	35.8000055683381	139.80780004966076	1999	40.8	mg/kg	7.38	32050	10170	672.3	140.3		17470		269.7	
3357	東京天然温泉		東京都	35.728891910276104	139.86279000820647	2000	41.8	mg/kg	7.87	35430	11870	388.6	220.5		19920		530.8	
3358	深層鉱泉源		東京都	35.66416546674961	139.88305080479276	2000	17.1	mg/kg	8.42	890	323	33.1	9		148.7	4.2	729.2	
3359	船堀つるの湯黒湯温泉		東京都	35.68333253804051	139.85972031233695	1995	18.5	mg/kg	8.3	426	129.5	10.8	5.8		133.8	2.2	239.8	
3360	乙女温泉		東京都	35.68087801324112	139.86330734802402	1997	18.1	mg/kg	8.1	370	77.5	31.4	5		89.7	3.2	189.2	
3361	乙女湯温泉		東京都	35.67843834870957	139.86896710429264	1998	17.8	mg/kg	8.18	426	120	7	2.3		77.8	0.9	247.1	
3362	青梅鮎美の湯		東京都	35.78400468466694	139.25559224315796	2002	26.5	mg/kg	9.71	492	143.2	6	2.9		6	9.2	171.5	
3363	岩蔵鉱泉	鍋屋旅館	東京都	35.82491789588522	139.28932689426142	1971	15.1	mg/kg	9.8		210	1.308	0.688		14.75		286.1	
3364	岩蔵温泉	儘多屋	東京都	35.825839802670586	139.28980833340717	1984	16.3	mg/kg	10.3	331	164.3	0.8	0.8		17.7	9.1	151.1	
3365	岩蔵温泉	河むら館	東京都	35.82666429296738	139.2908218054901	1985	21.2	mg/kg	9.9	932	378.4	0.8	0.04		237.3	32.9	302.3	
3366	ひな鳥山八王子温泉	福福の湯	東京都	35.628055754228164	139.37027601360603	1994	41.3	mg/kg	8.03	1565	460	57.3	2		680.9	1.5	335.6	
3367	塩釜温泉		東京都	35.64099321489558	139.41941799587713	2000	42.4	mg/kg	8	6430	2415	82.1	13.6		3182		1190	
3368	八王子温泉	やすらぎの湯	東京都	35.65846219705789	139.33727179384974	2000	38.2	mg/kg	7.4	16870	5745.6	580.7	71.2		10071.5	2	47.1	
3369	八王子美山温泉	葉隠れの湯	東京都	35.68384111582498	139.25040321731464	2004	15.7	mg/kg	10.33	168	43.8	0.8			1.3	0.3	30	
3370	武蔵野温泉	湯らく	東京都	35.715552409137544	139.5544306216068	2001	37.5	mg/kg	7.66	19900	6483	190.6	90.4		10289.8	3.9	542.2	
3371	深大寺温泉	城山の湯	東京都	35.66416700817082	139.54861184976832	1999	40.3	mg/kg	7.94	7968	3035	60	17.2		4080	3.1	1477	
3372	ハラグループ	ロテンガーデン	東京都	35.609580814529735	139.34445815227744	1997	37.2	mg/kg	8.13	713	227.2	2.3	1		164.4	0.6	296.5	
3373	町田天然温泉	鶴間の湯	東京都	35.51250085895087	139.4674321060872	2003	36.7	mg/kg	8.05	4392	1558	50.3	11.9		1825	0.4	1237	
3374	仙水の湯	町田小山温泉	東京都	35.59888953529461	139.38437171834414	2004	48.6	mg/kg	7.9	2725	1007	27.3	4.3		1466	0.8		
3375	アパ多摩境駅前温泉		東京都	35.602502220054596	139.3666745919667	2002	37.9	mg/kg	8.1	1441	534	7.3	1.5		336.6		859.2	
3376	小平温泉		東京都	35.73202737888961	139.45174775737163	2000	34.8	mg/kg	7.84	1846	686.3	17.5	4.4		757.3	14.4	589.3	
3377	多摩テック温泉		東京都	35.64408688965203	139.38964009187822	1995	45.3	mg/kg	8.07	2053	793.3	14.7	1.9		1036	5	341.7	
3378	富士・太郎温泉		東京都	35.763142673969455	139.45282331870817	1999	16.1	mg/kg	6.92	409	12.3	59.5	14.4		17.7	60.5	213.6	
3379	村山温泉		東京都	35.76278121537443	139.3869557045379	1998	22.9	mg/kg	8.86	155	45	1.5			15.5	3.3	62.2	
3380	網代温泉		東京都	35.718650368971446	139.2466410786111	1951	16.5	mg/kg	5.9	2040	165.8	107	46		56.7	360	587.6	
3381	網代温泉		東京都	35.71867129803029	139.24652797478166	1994	17.5	mg/kg	9.35	322	97.6	0.3	0.1		2.2	46.1	216	
3382	生涯青春の湯つるつる温泉		東京都	35.78089165439233	139.19207356008965	1994	24	mg/kg	9.29	121	29.1	2.6	0.8		1.5	7	82.3	
3383	檜原温泉	数馬の湯	東京都	35.724128757823365	139.05410952693848	1994	26.2	mg/kg	8.84	250	80.8	0.7	0.1		0.8	1.4	233.1	
3384	宝荘		東京都	35.72619976569746	139.04989932247443	1967	10.4	mg/kg	9.6	166	44.86	5.41	0.809		4.616		76.21	
3385	檜原温泉	やすらぎの湯	東京都	35.73533261310244	139.1437591133989	2003	31.1	mg/kg	10.01	252	78	1.4			4.2	4	65	
3386	鶴の湯温泉		東京都	35.78270173471268	139.02782430314608	1958	29.6	mg/kg	9.8	239.38	65.27	2.07	0.57		12.91	21.05	42.74	
3387	鶴の湯		東京都	35.78270293118175	139.0277632974834	1991	30.2	mg/kg	9.68	272	87.5	0.5			11	18.2	64.7	
3388	松の湯水香園		東京都	35.809503613286175	139.1619659413562	1994	14.6	mg/kg	9.7	260	77	0.1	0.2		5.4	12.1	192.8	
3389	氷川郷	麻場の湯	東京都	35.80617834691453	139.09589373006622	1994	23.5	mg/kg	8.98	240	68.4	3.1	2		18.4	21	146.4	
3390	奥多摩温泉	もえぎの湯	東京都	35.804629419491484	139.10261095848796	1994	18.3	mg/kg	9.77	287	80	0.2	0.1		6.3	2.4	152.2	
3391	大島温泉	ホテル4号井	東京都	34.7532585783754	139.40431436958784	1980	57.5	mg/kg	6.4	448	27	55.4	18.6		30.4	8.2	303.3	
3392	大島温泉	ホテル5号井	東京都	34.75332588680884	139.40415115883323	1981	79.1	mg/kg	6.6	425	37.2	66.2	15		37.1	61.7	280.1	
3393	大島温泉	ホテル6号井	東京都	34.75329608814224	139.40435137714925	1993	69.3	mg/kg	6.34	545	40.4	72.8	15.6		20.2	97.6	262.4	
3394	大島温泉		東京都	34.75406391912215	139.36118159742048	1994	47.9	mg/kg	6.89	1737	380.8	97.7	38.3		585.1	115	353.8	
3395	小清水源泉		東京都	34.75722385004642	139.3602862398336	1988	58.7	mg/kg	6	3078	749	318.2	15.6		1662	75.9	231.9	
3396	小清水源泉	2号井	東京都	34.75722267933903	139.36028150359314	1996	54.4	mg/kg	6.45	4126	986.4	198.8	83.2		1792	211.6	483.9	
3397	平成の湯		東京都	34.762522263609874	139.35928318823878	1999	44.1	mg/kg	6.5	3774	922	226.8	128		1945	184.9	269.1	
3398	御神火温泉		東京都	34.756593442511544	139.35170757248213	1990	44.4	mg/kg	6.8	3882	1005	169	137.5		1894	218.4	302.6	
3399	藤倉学園宝徳湯		東京都	34.76417022397381	139.36195638468968	1990	52.8	mg/kg	6.8	2113	510	136.5	51.3		1011	87.7	326.4	
3400	馬の背の湯		東京都	34.76238098532191	139.35988985168822	1992	58.5	mg/kg	7.3	3670	965	212.2	87.4		1820	189.4	347.8	
3401	ホテル大陣		東京都	34.75503002503021	139.35745314632507	1992	41.2	mg/kg	7.13	1781	440.2	81.8	52.6		739.3	98.5	384.4	
3402	天恵の湯		東京都	34.765832851650195	139.35166721971336	1994	38.7	mg/kg	6.84	10500	2565	288.6	287.7		4643.1	654.1	335.6	
3403	黒潮温泉	紅椿の湯	東京都	34.74960411473859	139.35916238901848	1991	26.4	mg/kg	6.9	3611	1130	101.1	98.8		1900	195	140.3	
3404	青木温泉		東京都	34.75946897429761	139.35551782564522	1995	42.9	mg/kg	6.66	9542	2562	210.7	287.8		4531	604.2	390.5	
3405	和泉温泉		東京都	34.767220564491446	139.35305090609492	1992	39.8	mg/kg	6.67	6711	1860	174.2	242.8		3653	430.5	286.9	
3406	御神火温泉	為朝之湯	東京都	34.75657615278994	139.35156866022638	1991	28.2	mg/kg	7.11	6523	2000	144.1	239.4		3453	450	256.3	
3407	(大島町元町)		東京都	34.76139340135476	139.3557002710735	1992	46.6	mg/kg	6.9	4706	1466	189	151.5		2621	321.1	155.6	
3408	椿園温泉		東京都	34.7528334364947	139.35276854741247	2000	19.5	mg/kg	7.22	1450	333	82.5	42		589.3	73.4	176.9	
3409	七沢温泉		神奈川県	35.4477782874268	139.2905566890415	1995	20.9	mg/kg	9.2		144	1.36	0.07		67.6	166	78.2	
3410	七沢温泉		神奈川県	35.44833271962757	139.2891665172826	1996	16	mg/kg	7.7		9.58	13.6	4.48		6.74	9.92	65.2	
3411	七沢温泉		神奈川県	35.44944298904239	139.29221791821993	1996	17.9	mg/kg	8.1		8.38	20.2	7.28		10.7	19.3	79.4	
3412	かぶと湯温泉		神奈川県	35.45613840598971	139.28977747436306	1993	17.5	mg/kg	10	227.9	70.2	1.04	0.004		15.5	36.5	23.2	
3413	七沢温泉		神奈川県	35.45621725067841	139.28961241069047	1996	17.4	mg/kg	10.4		66.6	0.92			13.8	34.8	110	
3414	七沢温泉		神奈川県	35.45111797376802	139.29224946625916	1996	20.1	mg/kg	10.3		67	1.06			7.83	21.9	145	
3415	七沢温泉		神奈川県	35.45250231770162	139.28917734604025	1996	26.2	mg/kg	10.4		89.4	0.52			16.6	40.6	158	
3416	飯山温泉		神奈川県	35.47142776084898	139.31003154645416	1993	17.7	mg/kg	10.4	184.5	36.5	2.21	0.013		15.2	13.3	8.65	
3417	厚木温泉		神奈川県	35.45916857712802	139.3511174189621	2003	27.5	mg/kg	7.3	170	17.1	20.7	7.5		12.7	25.1	93.9	
3418	飯山温泉		神奈川県	35.47923831592794	139.30402596961045	2003	17.5	mg/kg	11.3	142	33.4	1.14			15.9	12	1.64	
3419	海老名温泉		神奈川県	35.45749926348095	139.40083048362763		30.7	mg/kg	8.1		4329	118.1	29.2		7023		369.8	
3420	煤ヶ谷温泉		神奈川県	35.49367760151334	139.26707066636413	1967	15.7	mg/kg	8.9	160.5	47.2	2.332			4.755	17.2	108.7	
3421	煤ヶ谷温泉		神奈川県	35.493642139217926	139.2672184606748	1992	17.2	mg/kg	9.8	117.8	9.31	15.1	0.006		4.58	5.95	27.4	
3422	別所温泉		神奈川県	35.47221774121356	139.2857083146851	1978	17.9	mg/kg	9.6	132	45.2	1.14	0.05		3	11.4	109	
3423	別所温泉		神奈川県	35.47218383042922	139.28577735874967	1982	16.4	mg/kg	9.8	140	38.7	1.15	0.29		3.55	10.2	97.2	
3424	鶴巻温泉		神奈川県	35.38250246411757	139.27612002207184	1982	26	mg/kg	7.3	7168	1150	1360	10.2		3860	118	13.6	
3425	鶴巻温泉		神奈川県	35.38278107817168	139.27917962169056	1990	21.3	mg/kg	7.3	4639.7	867	624	54.8		2550	40.1	36	
3426	鶴巻温泉		神奈川県	35.381941589484256	139.2744340646101	1990	37.3	mg/kg	9	8097.4	952	1673	0.082		4179	187	10.9	
3427	秦野天然温泉さざんか		神奈川県	35.36999120967372	139.27131137111672	1992	35.8	mg/kg	9	2590.6	639	232	0.063		1305	116	18.8	
3428	伊勢原温泉		神奈川県	35.42222245931079	139.29305773066298	1983	20.3	mg/kg	9.8	205	68.5	1.18	0.015		20.7	33.9	29.6	
3429	伊勢原温泉		神奈川県	35.419997476159615	139.29554633200647	1970	19.1	mg/kg	7.6	240.7	21	36.02	6.88		32.35	31.41	112.16	
3430	伊勢原温泉		神奈川県	35.421388961210674	139.29222263548237	1989	17.4	mg/kg	9.2	262.9	72.2	3.32	0.027		30	51.4	65.9	
3431	伊勢原温泉		神奈川県	35.419443557711624	139.2847205988636	1992	26.1	mg/kg	10.3	490	133	20	0.005		74.4	168	4.94	
3432	伊勢原温泉		神奈川県	35.42125791030612	139.29091496845936	1992	20.2	mg/kg	9.8	229.6	61.9	1.22	0.015		34.5	34.1	32.5	
3433	中川温泉		神奈川県	35.44277907564739	139.04917089295654	1997	34	mg/kg	10.3		115	17.6			27	217	44	
3434	中川温泉		神奈川県	35.44222306615524	139.04806077958165	1997	26	mg/kg	9.4		41.2	5.62	0.08		4.51	47.5	59.9	
3435	中川温泉		神奈川県	23.21386652260784	91.0745245135699	1997	38	mg/kg	10.5		176	31.9			51.8	331	58.1	
3436	中川温泉		神奈川県	35.440281253623056	139.04223458598756	1997	28.5	mg/kg	9.6		97	16.5	0.07		24.5	190	27.9	
3437	中川温泉		神奈川県	35.44028015183784	139.04639662395388	1967	31.2	mg/kg	9.8	284	73.6	9.213			12.94	131.3	36.48	
3438	中川温泉		神奈川県	35.44027893533356	139.04639161975436	1997	29.5	mg/kg	9.9		80.8	10.3			14.3	145	35.9	
3439	中川温泉		神奈川県	35.44333614497779	139.04973424716357	1999	34	mg/kg	10.3		88.6	6.5	0.03		12.3	127	52.1	
3440	東箱根温泉		神奈川県	35.278057148684965	139.07361485273552	1967	11.8	mg/kg	8	123.2	11	9.364	1.063		2.48	4.549	60.48	
3441	湯の沢温泉		神奈川県	35.36839582900077	139.15508284212686	1991	23.3	mg/kg	7.4	5816.3	776	1197	0.232		2510	1020	15.7	
3442	藤野やまなみ温泉		神奈川県	35.58258702385188	139.15015071751495	1996	41.8	mg/kg	9.29	3968	807	535	0.07		1010	1570	15.6	
3443	五感の里薬師の湯		神奈川県	35.59158399050127	139.14925597179243	1996	30.5	mg/kg	9.8	1324	291	131			144	684	21.7	
3444	津久井温泉		神奈川県	35.5647222668023	139.25222307472006		31.5	mg/kg	9.8		1170	77.5	0.3		1890	3.8	103	
3445	相模原温泉		神奈川県	35.53694396759404	139.39055605844663	1996	29.1	mg/kg	8.4	2365	875	7.53	2.18		494	0.18	1490	
3446	相模原やまと温泉		神奈川県	35.547221470461416	139.42749836808898	2004	30.8	mg/kg			774.6	9.8	2.1		730.6		881.1	
3447	大和温泉		神奈川県	35.50076058001858	139.45043595757	1990	17.1	mg/kg	8.5	374.8	39	20.3	6.83		8.97	8.28	163	
3448	湯河原温泉		神奈川県	35.147498227087574	139.07166042951837	1991	39	mg/kg	8.4	548	130	31.8	0.42		146	99.4	85.9	
3449	湯河原温泉		神奈川県	35.14944212609076	139.07165970429952	1992	77.2	mg/kg	8.7	1704	408	162	0.26		557	429	65.8	
3450	湯河原温泉		神奈川県	35.14666752524212	139.07083565092572	1989	37.7	mg/kg	8.1	755	16.5	189	0.14		12	442	41.1	
3451	湯河原温泉		神奈川県	35.147500060122596	139.07111137204348	1985	85	mg/kg	8	1937	481	153	0.364		613	552	53.3	
3452	湯河原温泉		神奈川県	35.14944260353322	139.06805039559464	1991	82.7	mg/kg	8.4	1462	382	66.8	0.49		473	311	47.1	
3453	湯河原温泉		神奈川県	35.148892563303505	139.07001478161675	1991	81.4	mg/kg	8.3	1827	518	77.5	0.53		616	404	45	
3454	湯河原温泉		神奈川県	35.14861102457346	139.07083233352557	1989	55.7	mg/kg	8.3	814	214	37.4	0.84		235	167	75	
3455	湯河原温泉		神奈川県	35.14861253233445	139.07083727967637	1988	64	mg/kg	8.3	622	169	27.4	0.293		179	131	69.5	
3456	湯河原温泉		神奈川県	35.151387385391104	139.07055008628518	1990	80.6	mg/kg	8.3	2008	484	145	0.27		679	427	58.7	
3457	湯河原温泉		神奈川県	35.14889082415741	139.07111848256454	1989	48.6	mg/kg	8.3	848	203	48.3	0.251		235	175	62.8	
3458	湯河原温泉		神奈川県	35.14888878954896	139.0711113638328	1987	71.1	mg/kg	8.6	1415	219	112	0.255		319	284	69.3	
3459	湯河原温泉		神奈川県	35.147499099779644	139.0716630420385	1989	42.2	mg/kg	8.4	924	224	76.4	0.27		274	222	67.5	
3460	湯河原温泉		神奈川県	35.14722654648385	139.0716843803842	1989	26.3	mg/kg	8	352	78.2	22.6	0.112		70	64.8	76.6	
3461	湯河原温泉		神奈川県	35.14666503981285	139.07082541519873	1992	72.2	mg/kg	8.8	1745	428	170	0.36		564	424	104	
3462	湯河原温泉		神奈川県	35.15083551130818	139.0680651973586	1986	84.6	mg/kg	8	1958	430	138	0.372		639	362	48.6	
3463	湯河原温泉		神奈川県	35.14999854742092	139.06555061946247	1992	76.4	mg/kg	8.8	2334	629	129	0.36		752	580	46.5	
3464	湯河原温泉		神奈川県	35.150275093743154	139.0672102299038	1996	80.6	mg/kg	7.7	1747	404	163	1.13		586	422	76.1	
3465	湯河原温泉		神奈川県	35.15194697446566	139.06834400865648	1991	66.4	mg/kg	8.6	619	154	29.4	0.14		176	104	74.3	
3466	湯河原温泉		神奈川県	35.15055625543597	139.06861131576608	1996	82.4	mg/kg	8.4	1790	449	125	0.43		644	362	61.9	
3467	湯河原温泉		神奈川県	35.15138559724837	139.06887568106384	1987	58.2	mg/kg	8.2	571	143	35.1	0.21		92.8	221	83.1	
3468	湯河原温泉		神奈川県	35.150556638643614	139.07555792136523	1993	76.7	mg/kg	8.1	2606	724	164	0.67		1160	313	68.9	
3469	湯河原温泉		神奈川県	35.16555506703191	139.05916330517007	1987	42.2	mg/kg	7.6	1985	41.9	443	0.649		7.78	1151	48.4	
3470	湯河原温泉		神奈川県	35.16333177912531	139.05999518350617	1987	31.1	mg/kg	7.4	908	17.1	226	0.949		6.7	562	51.8	
3471	湯河原温泉		神奈川県	35.15972296614117	139.06111544741012	1991	81.9	mg/kg	8.1	4127	1140	288	4.05		2050	375	46.9	
3472	湯河原温泉		神奈川県	35.15972320561664	139.06111605432525	1991	59.6	mg/kg	8.3	2615	521	301	2.64		732	854	56.9	
3473	湯河原温泉		神奈川県	35.15221942137731	139.06693435936344	2004	87.3	mg/kg	8.4		626	190	0.64		1040	481	50.1	
3474	湯河原温泉		神奈川県	35.14944426198768	139.06889053637923	1993	78.7	mg/kg	8.3	1712	450	117	0.25		619	401	50.1	
3475	湯河原温泉		神奈川県	35.15055946899095	139.06973469204158	1985	68.1	mg/kg	8	1742	458	135	1.12		557	540	49.5	
3476	湯河原温泉		神奈川県	35.14972358772213	139.06611837890586	1992	49	mg/kg	8.7	995	91.2	234	0.7		142	503	55.4	
3477	湯河原温泉		神奈川県	35.14833743048987	139.07168377619547	1993	73.6	mg/kg	8.4	2423	687	139	0.58		1010	373	58.5	
3478	湯河原温泉		神奈川県	35.147503759924916	139.07029262388767	1985	53.7	mg/kg	8	326	74.9	30.4	0.12		46.6	121	69.8	
3479	湯河原温泉		神奈川県	35.15138968079116	139.07111440019145	1987	83	mg/kg	8.2	1987	580	127	0.377		724	499	62.7	
3480	湯河原温泉		神奈川県	35.15222359971138	139.06695078724488	1988	85.7	mg/kg	8.2	3304	744	250	1.39		1337	481	39.3	
3481	湯河原温泉		神奈川県	35.14806044313334	139.07001725831336	1989	61.4	mg/kg	8.1	1177	88.7	218	0.242		112	564	38	
3482	湯河原温泉		神奈川県	35.1516700263066	139.0716790503787	1992	56.8	mg/kg	8.5	1607	379	171	0.56		639	301	56.8	
3483	湯河原温泉		神奈川県	35.15250082470467	139.06778047590169	1988	71.7	mg/kg	8.4	2012	485	143	1.01		721	443	59.9	
3484	湯河原温泉		神奈川県	35.15166668718681	139.0716665749156	1988	59.1	mg/kg	8.4	1228	323	80.2	0.926		421	269	76	
3485	湯河原温泉		神奈川県	35.154721616618666	139.06777765653112	1989	84.4	mg/kg	8.1	3143	837	215	0.639		1338	393	49.3	
3486	湯河原温泉		神奈川県	35.16555422241004	139.05915971388157	1989	33.5	mg/kg	7.7	1093	26.2	263	1.161		78.5	530	46.7	
3487	湯河原温泉		神奈川県	35.15111049174655	139.07138556253062	1989	55.1	mg/kg	8.4	2160	486	202	2.59		859	380	74.4	
3488	湯河原温泉		神奈川県	35.152502534273225	139.06778857082762	1989	86.7	mg/kg	8.2	2458	577	219	0.801		769	628	46.9	
3489	湯河原温泉		神奈川県	35.151390749299	139.07223027244	1993	35	mg/kg	8.7	418	104	35.3	0.18		99.4	92.7	83.6	
3490	湯河原温泉		神奈川県	35.145829507883754	139.06470856332555	1992	51.7	mg/kg	8.4	1716	42.7	462	0.36		7.76	1160	35.8	
3491	湯河原温泉		神奈川県	35.15249705690556	139.06776570606198	1989	83	mg/kg	8.4	2230	589	157	0.711		794	534	44.2	
3492	湯河原温泉		神奈川県	35.14972084881535	139.07166312250857	1992	87	mg/kg	8.7	2685	749	173	0.6		949	675	46.2	
3493	湯河原温泉		神奈川県	35.140828842325476	139.10165040726147	1994	28.6	mg/kg	7.6	33130	8960	1650	1170		17600	2460	89.2	
3494	湯河原温泉		神奈川県	35.145833313987886	139.07027851716632	1963	44.2	mg/kg	8	626.1	10	162			11.9	353	43.9	
3495	湯河原温泉		神奈川県	35.15194341281579	139.07638698481074	1990	54.3	mg/kg	7.9	660	65.9	122	0.01		16.4	382	36	
3496	湯河原温泉		神奈川県	35.15472745984012	139.06779925007598	1988	52	mg/kg	8.1	2482	222	497	2.06		450	1077	50.9	
3497	湯河原温泉		神奈川県	35.145554808224375	139.07193867339575	1990	56.7	mg/kg	7.6	673	112	83	0.08		94	262	67.5	
3498	湯河原温泉		神奈川県	35.146109188291376	139.06582550319735	1966	52.5	mg/kg	8.2	1950.8	47.6	514.3	0.243		11.13	1293	19.31	
3499	湯河原温泉		神奈川県	35.14472199140582	139.06694535271748	1993	56.6	mg/kg	8.2	1797	67.6	449	0.08		6.7	1220	22.8	
3500	湯河原温泉		神奈川県	35.14555711618133	139.06194742909818	1992	47.6	mg/kg	8.9	1723	163	355	5.54		289	788	63.2	
3501	湯河原温泉		神奈川県	35.14416804890958	139.0822270509479	1992	58.3	mg/kg	8.4	1802	233	338	0.08		158	1040	29.7	
3502	湯河原温泉		神奈川県	35.149444267111406	139.07500193380898	1992	46.5	mg/kg	9.4	218	68	3.36	0.06		33	53.2	59.3	
3503	湯河原温泉		神奈川県	35.14444064773703	139.06637743218766	1969	35.8	mg/kg	7.7	1888	25	505	0.48		7.38	1249	34.8	
3504	湯河原温泉		神奈川県	35.16499848113897	139.05888307587108	1972	33.2	mg/kg	7.6	992	15.6	241	6.54		7.48	615	32.2	
3505	木賀温泉		神奈川県	35.24555622586088	139.05666756324055	1988	55.5	mg/kg	8.4	1737.7	503	80.2	8.44		813	71.9	137	
3506	木賀温泉		神奈川県	35.24555400496392	139.05665896599984	1996	70.8	mg/kg	8.6	1002.5	283	17.2	1.88		336	54.9	123	
3507	木賀温泉		神奈川県	35.244720632461046	139.05471751106873	1988	69.5	mg/kg	8.3	889.6	251	30.5	2.26		325	64.3	133	
3508	木賀温泉		神奈川県	35.24611271665049	139.0561171447857	1964	55.2	mg/kg	8.4	1463.8	440	57.6	1.89		688.8	50	148	
3509	二ノ平温泉		神奈川県	35.24444449809936	139.0502802087871	1986	71.9	mg/kg	8.6	1074	333	31.6	0.143		428	95.9	123	
3510	二ノ平温泉		神奈川県	35.243056951329685	139.0500040154096	1963	65.5	mg/kg	8.4	1330.5	358	48.9	0.484		348	169	352.3	
3511	二ノ平温泉		神奈川県	35.24277653369976	139.0416612902148	1992	85	mg/kg	7.7	5419.6	1780	150	0.022		3075	47.1	25	
3512	二ノ平温泉		神奈川県	35.244168121319184	139.0508375036509	1986	34.1	mg/kg	7.8	443	387	81.5	0.727		9.17	181	122	
3513	二ノ平温泉		神奈川県	35.24389108077776	139.04834075218258	1980	50.9	mg/kg	8.1	642.3	107	45.33	15.98		75.1	160.8	181.4	
3514	二ノ平温泉		神奈川県	35.242222983462916	139.04500379618955	1989	39.5	mg/kg	8.2	568.8	84.4	45.4	10.6		25.1	168	175	
3515	二ノ平温泉		神奈川県	35.242782693964635	139.0414066285099	1988	87.8	mg/kg	8.3	3647	1049	82.7	5.37		1779	119	71.6	
3516	宮城野温泉		神奈川県	35.25555893764118	139.04667788824676	1984	32.5	mg/kg	8	183.2	35.4	8.49	1.18		2.07	4.16	120	
3517	宮城野温泉		神奈川県	35.25944059872123	139.04915318896332	1988	63	mg/kg	7.3	808.8	170	79.1	0.957		220	237	36.3	
3518	宮城野温泉		神奈川県	35.26528120931411	139.0472346505867	1991	71.3	mg/kg	8.6	1073	220	107	0.129		254	330	20.7	
3519	宮城野温泉		神奈川県	35.255831529094486	139.0438823461086	1981	83.3	mg/kg	8.3	1549.3	410	94.68	0.226		674.9	134.3	34.3	
3520	強羅温泉		神奈川県	35.23944804078477	139.02751657632027	1976	67.5	mg/kg	8.1	1934	485	58.8	42.9		522	481	242	
3521	強羅温泉		神奈川県	35.24861084630768	139.0438873566199	1991	68.2	mg/kg	7.4	1602	362	35.2	49.4		524	150	267	
3522	強羅温泉		神奈川県	35.248055668642955	139.04638672977774	1993	47.2	mg/kg	8	1178.8	217	83.8	24.9		343	145	231	
3523	強羅温泉		神奈川県	35.24694313389797	139.04249695974391	1963	76.5	mg/kg	8.6	1108	175	70.3	21.9		107.3	323	249	
3524	強羅温泉		神奈川県	35.25055386106095	139.04721313048077	1966	56.5	mg/kg	7.6	1195.3	66.5	167.6	52.97		6.812	465.3	386.7	
3525	強羅温泉		神奈川県	35.24944106826417	139.0449892522384	1994	53	mg/kg	8.4	1202	333	41.4	8.23		342	166	265	
3526	強羅温泉		神奈川県	35.238613080058975	139.0472304841005	1966	48.7	mg/kg	7.3	1133.5	283	45.21	6.518		313.2	239.2	109	
3527	強羅温泉		神奈川県	35.245280089613225	139.03500766848447	1994	54.7	mg/kg	8.1	1586.6	76.7	207	65.3		221	514	178	
3528	強羅温泉		神奈川県	35.255834593995566	139.04389506624958	1994	85	mg/kg	7.6	1396	361	87.3	0.09		567	212	23.9	
3529	湯本温泉		神奈川県	35.22916625497024	139.09721927499356	1987	56.5	mg/kg	8.4	930.1	262	55.8	0.027		369	181	28	
3530	湯本温泉		神奈川県	35.23027727098386	139.10083012662813	1989	45.4	mg/kg	8.4	631.4	177	28.3	0.025		209	131	31.6	
3531	湯本温泉		神奈川県	35.23055364249402	139.09971179370092	1985	43.1	mg/kg	9	449.6	132	17.6	0.042		132	123	37.4	
3532	湯本温泉		神奈川県	35.231108222732466	139.10193384228916	1989	38	mg/kg	8.2	1781	487	123	0.118		711	309	39.3	
3533	湯本温泉		神奈川県	35.22722387379714	139.09334109024988	1993	37	mg/kg	9.1	216.5	61	3.24	0.03		39.6	18.3	64	
3534	湯本温泉		神奈川県	35.22472362216256	139.0869504076616	1990	30.2	mg/kg	8.9	105.2	25.3	3.77	0.007		4.67	4.4	41.3	
3535	湯本温泉		神奈川県	35.22638913051265	139.0988894795611	1992	45.9	mg/kg	8.6	445.6	104	22.1	0.114		112	94.6	27.3	
3536	湯本温泉		神奈川県	35.23111115898967	139.10194398343762	1989	29.6	mg/kg	8.2	841	220	56.6	0.78		313	136	26.3	
3537	湯本温泉		神奈川県	35.22806011085577	139.09584904980508	1986	43.9	mg/kg	8.4	345.4	106	11	0.01		102	78.2	42.5	
3538	湯本温泉		神奈川県	35.229446921916065	139.10084357276853	1987	55.1	mg/kg	8.1	1996	552	157	0.077		808	352	21.7	
3539	湯本温泉		神奈川県	35.22528080152909	139.089178087407	2003	55.9	mg/kg	9.3		87.5	1.2			71.5	15.6	65.8	
3540	湯本温泉		神奈川県	35.228332094336146	139.09749490213642	1986	40.3	mg/kg	8.5	421.3	127	16.1	0.015		148	68.4	45.9	
3541	湯本温泉		神奈川県	35.22332848680558	139.08498083195943	1987	37.6	mg/kg	9.2	120.2	40.1	1.58	0.003		8.13	7.34	68.5	
3542	湯本温泉		神奈川県	35.22333304932724	139.08499948429431	1990	41	mg/kg	9	190.6	44.5	2.13	0.012		15.5	9.81	60.5	
3543	湯本温泉		神奈川県	35.22472238943717	139.08666845279686	1990	31.6	mg/kg	8.7	191.2	53.9	5.6	0.086		38.7	9.84	66	
3544	湯本温泉		神奈川県	35.233609224444905	139.10360323704975	1992	51.2	mg/kg	8.6	1125	338	18.9	0.032		373	231	31.4	
3545	湯本温泉		神奈川県	35.22805939537101	139.096956551928	1990	48.2	mg/kg	8.6	580.2	162	20.1	0.028		189	109	31	
3546	湯本温泉		神奈川県	35.22444609503896	139.0883412979228	1990	64.2	mg/kg	9.2	232.4	55.1	1.53	0.006		28.4	13.3	36.1	
3547	湯本温泉		神奈川県	35.22860933620934	139.09804857303524	1990	51.3	mg/kg	8	1176.3	320	73.9	0.075		464	177	25.9	
3548	湯本温泉		神奈川県	35.23333302999912	139.1033332285852	1990	58.9	mg/kg	8.5	1065.2	305	38.7	0.034		341	243	28.3	
3549	湯本温泉		神奈川県	35.22777874898919	139.09389106708886	1990	59.8	mg/kg	8.4	847.2	234	22.5	0.087		311	55.2	72.2	
3550	湯本温泉		神奈川県	35.22638858918346	139.0958329167551	1992	56.4	mg/kg	8.1	1529	345	115	0.125		567	215	15.9	
3551	湯本温泉		神奈川県	35.22555701918013	139.09611513197515	1990	47	mg/kg	7.9	1555.5	364	143	0.064		569	297	24.6	
3552	湯本温泉		神奈川県	35.229444016449165	139.1019442185575	1992	56.6	mg/kg	8.1	1971.3	507	113	0.266		759	300	23.5	
3553	湯本温泉		神奈川県	35.22833476382681	139.1011189439823	1992	58.1	mg/kg	8.2	1049.7	289	53.9	0.073		448	138	24	
3554	湯本温泉		神奈川県	35.229999824109	139.10694201867497	1992	63.3	mg/kg	8.3	3744.5	848	384	0.036		1404	781	21.6	
3555	塔ノ沢温泉		神奈川県	35.232776507299576	139.09416004307516	1974	64.5	mg/kg	9	811.5	223	44.3	0.024		242	219	16.5	
3556	塔ノ沢温泉		神奈川県	35.2327778727539	139.09416661145912	1992	62.9	mg/kg	8.9	777.4	206	39.2	0.048		228	208	25.3	
3557	塔ノ沢温泉		神奈川県	35.23277528682916	139.09554562526026	1987	50.6	mg/kg	9.2	455.3	131	8.34	0.003		104	101	46.8	
3558	塔ノ沢温泉		神奈川県	35.23249576319451	139.0927615970975	1987	39.6	mg/kg	9	225.3	63.2	6.6	0.017		49.7	28.7	50.5	
3559	塔ノ沢温泉		神奈川県	35.23444260825201	139.0952727914455	1967	50	mg/kg	8.9	729.3	207	18.56			199.4	183	40.96	
3560	塔ノ沢温泉		神奈川県	35.234444581498316	139.0952806620086	1990	40.6	mg/kg	8.9	698.6	185	20.8	0.03		173	170	34.8	
3561	小涌谷温泉		神奈川県	35.24167079459251	139.05112599510235	1996	66.4	mg/kg	8.3	1308	412	42.6	3.35		622	68	137	
3562	小涌谷温泉		神奈川県	35.24027639153742	139.05027167094045	1994	91.1	mg/kg	7.8	3178	983	88	0.35		1680	103	39.6	
3563	小涌谷温泉		神奈川県	35.24000246546919	139.05362007684565	1988	90.3	mg/kg	8.2	1694	520	41.7	4.91		835	106	52	
3564	小涌谷温泉		神奈川県	35.23750171273088	139.05083894074193	1988	34.4	mg/kg	7	441.8	75	38.8	5.1		28.4	88.1	182	
3565	小涌谷温泉		神奈川県	35.24194716140067	139.04973528758455	1994	86.9	mg/kg	8.4	2207	659	62.3	0.59		1040	96.2	108	
3566	小涌谷温泉		神奈川県	35.23638737402928	139.0486053139809	1988	45.1	mg/kg	8.3	751	144	50.4	9.28		212	57.8	149	
3567	小涌谷温泉		神奈川県	35.23638854221767	139.04860818088568	1962	48	mg/kg	8.7	808	162	28.1	10.8		118	118	257	
3568	小涌谷温泉		神奈川県	35.23055273607061	139.04720867223148	1988	39.4	mg/kg	8.4	909	248	45.4	14.3		227	156	208	
3569	小涌谷温泉		神奈川県	35.238894069897526	139.05113087223137	1992	79.5	mg/kg	8.3	1757.3	683	29.4	0.207		586	85.7	101	
3570	小涌谷温泉		神奈川県	35.23610898957545	139.0491590519531	1994	42.8	mg/kg	8.8	434	90.5	27.9	1.24		54.9	48.7	168	
3571	底倉温泉		神奈川県	35.24333263618077	139.0561092160286	1990	61.3	mg/kg	8.3	1282	344	45	2.84		535	53.2	127	
3572	底倉温泉		神奈川県	35.2433303396154	139.05610052980057	1969	89.5	mg/kg	6.4	2457	688	80.64	10.8		1178	75.7	116.3	
3573	底倉温泉		神奈川県	35.243331174379946	139.0561029072166	1990	58.5	mg/kg	7.5	1007	263	32.9	3.47		416	40	110	
3574	底倉温泉		神奈川県	35.24416328881803	139.05692893924956	1991	72	mg/kg	7.9	1219	353	28.1	2.57		506	64.9	109	
3575	底倉温泉		神奈川県	35.243333253088814	139.05611136283275	1969	62.4	mg/kg	8	2326	655	72.1	9.71		1114	75.4	113	
3576	堂ヶ島温泉		神奈川県	35.244998978397824	139.06360822387236	1962	57.7	mg/kg	8.5	1184	418	43	0.605		510	234	96.4	
3577	宮ノ下温泉		神奈川県	35.24416366060676	139.05915308494704	1972	56.2	mg/kg	7.2	1277	352	45.6	9.04		577	55	95.2	
3578	宮ノ下温泉		神奈川県	35.241388356812784	139.05666498991533	1982	94.2	mg/kg	8.4	1868	547	41.28	4.88		844.8	84.27	105	
3579	宮ノ下温泉		神奈川県	35.24277973961384	139.05778517683245	1996	76	mg/kg	8.8	1354	391	28.9	3.48		580	66.7	108	
3580	宮ノ下温泉		神奈川県	35.24166845609512	139.0558401109916	1988	85	mg/kg	8.3	1420	437	35.1	5.35		651	112	93.5	
3581	宮ノ下温泉		神奈川県	35.241110493532595	139.05360865161438	1995	94.2	mg/kg	8.5	2068	710	66.8	2.82		1070	99.4	109	
3582	宮ノ下温泉		神奈川県	35.24055708852404	139.05639339892411	1995	69.8	mg/kg	8	1208.1	337	29.9	2.72		520	62.2	69.3	
3583	元箱根温泉		神奈川県	35.23721931044881	139.00137823821282	1968	62.8	mg/kg	8.2	1733	145	173.4	101.8		21.6	698.5	526.2	
3584	元箱根温泉		神奈川県	35.24028249471979	139.00112983237835	1993	54.2	mg/kg	6.6	1140.2	118	106	59.8		32.7	382	445	
3585	姥子温泉		神奈川県	35.243332486309804	139.00944127582937	1966	39.5	mg/kg	3.2	721.1	33.5	61.68	15.15		8.234	349.2		
3586	仙石原温泉		神奈川県	35.25139294201456	139.0266824544019	1966	43.5	mg/kg	7.6	909.9	63	119.3	39.57		18.43	281.5	359.5	
3587	仙石原温泉		神奈川県	35.25138876551357	139.02666588748568	1967	55	mg/kg	8	1342.4	64	168.6	68.22		10.64	596.1	287.8	
3588	仙石原温泉		神奈川県	21.69928263538554	85.54512399973255	1992	25	mg/kg	7	1491.9	35.5	346	0.116		3.1	914	6.14	
3589	仙石原温泉		神奈川県	35.2455577489983	139.00667271243054	1995	75.8	mg/kg	8.2	2254.1	237	172	113		254	754	365	
3590	仙石原温泉		神奈川県	35.25138593410284	139.02665558965964	1968	78	mg/kg	6.3	1967	169	211.3	70.21		33.45	1009	14.75	
3591	芦之湯温泉		神奈川県	35.22139330060124	139.0433500514065	1993	24.5	mg/kg	3.7	454	18.6	42.6	13.6		12	235		
3592	芦之湯温泉		神奈川県	35.22166367389813	139.04220902868047	1964	77	mg/kg	7.9	1518.6	99.5	199.2	58.56		10.88	717.9	225.8	
3593	芦之湯温泉		神奈川県	35.22166912117577	139.0422308127825	1994	65.9	mg/kg	7.9	1108.3	88.5	129	39.1		8.97	486	212	
3594	芦之湯温泉		神奈川県	35.22166579038785	139.04221775639232	1965	66.1	mg/kg	8.1	909.7	118	93.05	28.26		2.44	417.9	211.5	
3595	芦之湯温泉		神奈川県	35.22166635834802	139.04222017315843		52.7	mg/kg	8		82.1	98.3	25.1		4.9	387	159	
3596	芦之湯温泉		神奈川県	35.22167096460915	139.04223789105941	1967	71.5	mg/kg	8	1153	99	126.4	43.31		3.57	536.6	193.1	
3597	入生田温泉		神奈川県	35.24222174989727	139.11666607874977	1967	29	mg/kg	8	2993.5	956	74.99	5.155		945.3	883.8	76.3	
3598	小田原温泉		神奈川県	35.19509209242462	139.09696176624863	1992	14.3	mg/kg	7.2	83.4	5.22	5.51	1.6		2.53	1.43	32.6	
3599	根府川温泉		神奈川県	35.20291996585301	139.12504379777698	1972	14	mg/kg	7.2	81.9	4.7	7.23	2.37		2.36	4.27	37.1	
3600	小田原温泉		神奈川県	35.240834652140244	139.1252850977628	1992	25.5	mg/kg	8.5	336.3	69.5	2.68	5.84		65.8	40.7	56.8	
3601	綱島温泉		神奈川県	35.53916408765264	139.62804456839112	1997	16.5	mg/kg	7.4		265	48	20.2		20.2	0.09	956	
3602	網島温泉		神奈川県	35.53527819070688	139.63222164150375	1996	19.6	mg/kg	8.1	1243	458	11.7	8		22.5	0.22	1250	
3603	太平館		神奈川県	35.5275012351977	139.63278300298117	2000	17.3	mg/kg	8		262	8.88	6.25		8.35	0.17	773	
3604	日吉湯		神奈川県	35.548055733289004	139.63277693055394	1998	17.5	mg/kg	8.3		242	15.3	5.73		4.51	0.35	757	
3605	綱島温泉		神奈川県	35.53666953673414	139.6361221381374	1996	18	mg/kg	7.9	1129	423	14.9	7.89		25.3	1.94	1140	
3606	しのぶ湯		神奈川県	35.52221997892443	139.62304814380377	1998	17.8	mg/kg	8.1		273	6.21	3.85		3.77	0.91	795	
3607	アサヒファミリー健康ランド		神奈川県	35.496737586846	139.53754294323116	1998	16.1	mg/kg	7.1		8.19	23.8	8.17		3.86	0.76	141	
3608	横浜温泉チャレンジャー		神奈川県	35.50166588527841	139.49582884402673	1998	45	mg/kg	7.7	9420	3320	181	41		5500		333	
3609	矢向湯		神奈川県	35.53694091547433	139.68387649608067	1999	17.1	mg/kg	8.1		404	17.2	11.8		384	0.13	600	
3610	富士之湯(矢向温泉)		神奈川県	35.535833773439165	139.67944599952503	1998	16.7	mg/kg	8.1		980	26.3	28.2		1140	0.18	977	
3611	横浜都湯		神奈川県	35.503610109365376	139.67582995037893	1983	18.4	mg/kg	8.3	644	234	7.25	1.74		5.03		671	
3612	平安湯		神奈川県	35.51694231911151	139.69166013214607	2000	17	mg/kg	7.4		174	9.08	7.26		133		326	
3613	松乃湯		神奈川県	35.49694225808799	139.6744377928491	2000	19.4	mg/kg	8.5		445	3.51	2.36		6.53		1220	
3614	ヨコヤマユーランド鶴見		神奈川県	35.522224294853665	139.67361986952892		39.4	mg/kg	7.4		7042	297	126.3		11680	1.7	643.1	
3615	ヨコヤマユーランド鶴見		神奈川県	35.52222146076382	139.67360954307046	2001	37.2	mg/kg	7.2		6440	224	107		10500		259	
3616	三境温泉		神奈川県	35.466946421867945	139.5016771643212	1967	16.9	mg/kg	6.7	267.5	12.4	21.9	24.4		18.43	12.57	256	
3617	三境温泉		神奈川県	35.466940368833995	139.50165352701669	1967	16.9	mg/kg	7.5	263.9	28.4	34.2	10.1		3.98	0.769	240	
3618	大船ラドン温泉		神奈川県	35.36749895227301	139.5219396953022	1986	17.3	mg/kg	7.4	612.8	193	10.4	2.13		35.6	4.66	501	
3619	戸塚アーバンホテル		神奈川県	35.38860960307619	139.53555006273706	1991	18.3	mg/kg	8.4	366.8	101	8.09	0.409		6.87		287	
3620	ウインズラジャ		神奈川県	35.42027930674128	139.5352826861163	2001	43.5	mg/kg	8		1790	67.1	6.97		2750	3.31	401	
3621	東戸塚駅前温泉		神奈川県	35.43110899804674	139.55610285498548	2002	44.1	mg/kg	7.9		1321	7.2	4.2		1308		1423	
3622	マークスプリングス		神奈川県	35.500000169323556	139.47055690199707	2001	45.4	mg/kg	7.5		5422	412	111.5		9473		324.6	
3623	鷲の湯		神奈川県	35.486941922553015	139.64443526267164	1998	17.5	mg/kg	8.4		197	1.9	1.09		4.03	0.7	549	
3624	第一昭瀬館		神奈川県	35.49249959588301	139.64999807959663	1979	16.9	mg/kg	8.2	944	349	3.83	3.16		5.37	3.61	1014	
3625	赤井温泉		神奈川県	35.34694351034208	139.61721986149595	1994	17.2	mg/kg	7.9	932	291	32.1	13.5		123	22.8	732	
3626	リゾート法泉		神奈川県	35.44499160300682	139.5705474244355	1987	36.4	mg/kg	8.4	3375	1230	6.55	2.56		967		1710	
3627	黄金湯		神奈川県	35.46390401883799	139.58171945660627	1999	16.8	mg/kg	8.4		102	15.6	7.03		16.5	0.89	306	
3628	大和湯		神奈川県	35.43528089641826	139.61889955323485	2000	17.4	mg/kg	8.3		206	1.36	1.22		23.4	0.61	544	
3629	永楽湯		神奈川県	35.43777940729164	139.63139418642984	2000	17.4	mg/kg	8.1		305	2.66	1.65		28.9	0.74	799	
3630	第一七福湯		神奈川県	35.431110351287856	139.61527494848366	2000	16.9	mg/kg	8.5		425	8.5	6.66		49.7	0.18	1140	
3631	鎌倉館		神奈川県	35.436112187291165	139.62444767073717	2000	19.6	mg/kg	8.5		514	4.85	5.79		165	0.36	1160	
3632	(横浜市南区宮元町)		神奈川県	35.43388784983511	139.6147177830914	1978	16	mg/kg	8	778	290	3.03	2.81		10.3	7	810	
3633	第二草津湯		神奈川県	35.434164082774835	139.60721022820996	2000	17	mg/kg	7.8		199	2.93	1.7		28.6	1.69	530	
3634	草津湯		神奈川県	35.43166709435168	139.59972219371298	2000	16.8	mg/kg	7.8		188	1.98	1.32		5.69	0.34	520	
3635	南太田浴場		神奈川県	35.435834024717686	139.61250411888724	1966	16.9	mg/kg	8.1	526.1	181	5.291	0.657		8.743	2.33	493.2	
3636	若宮湯		神奈川県	35.42527683949327	139.6033281930677	1999	17.3	mg/kg	8.4		344	3.27	1.92		7.95	0.29	964	
3637	別府温泉		神奈川県	35.41726325780282	139.60231919351182	2000	17.3	mg/kg	8		340	2.57	3.11		103	0.27	788	
3638	(横浜市南区中里町)		神奈川県	35.421669472672534	139.59778772221654	1966	20	mg/kg	8.63	503.3	181	7.655	0.827		11.07	1.31	474.1	
3639	永田湯		神奈川県	35.43833295698298	139.59555533001702	1966	17	mg/kg	8.4	502.1	184	4.89	0.486		10.08		506	
3640	中島館		神奈川県	35.42444352880309	139.60138755611587	2000	16.6	mg/kg	8.1		240	2.35	1.4		6.08	0.2	659	
3641	井住湯		神奈川県	35.431386535163234	139.59776870858656	1987	16.9	mg/kg	8.4	651	227	8.8	0.058		5.65	1.14	625	
3642	弘明寺館		神奈川県	35.42139356616485	139.59862937932488	1966	16.8	mg/kg	8.26	834.2	295	8.977	2.335		10.88	0.538	801.2	
3643	中里温泉		神奈川県	35.422778250318444	139.59472236869573	1978	19.4	mg/kg	6.4	171	20	15	6.05		19.3	32.6	60.7	
3644	萬盛閣	横浜ナトリウム温泉	神奈川県	35.435001059598406	139.60111531653834	1979	18.4	mg/kg	8.2	903	338	3.51	2.71		38.6	0.29	905	
3645	本牧湯		神奈川県	35.42999981927581	139.6594424769006	1998	18	mg/kg	8.3		459	4.05	6.3		126	0.76	1070	
3646	(横浜市中区石川町)		神奈川県	35.43861172661877	139.645001805753	1965	16	mg/kg	7.8	484.8	161	10.88	1.408		19.99	27.75	418	
3647	(横浜市中区松影町)		神奈川県	35.43777963720454	139.6380616221592	1968	17.4	mg/kg	8	2116.7	700	47.95	26.66		737.2	205.4	653	
3648	いなり湯		神奈川県	35.43139078244933	139.64889599697818	2000	17	mg/kg	8.6		210	1.04	0.81		10.1	5.26	561	
3649	末広湯		神奈川県	35.43860996375659	139.62332849863307	2000	17.8	mg/kg	8.1		222	1.61	2.04		54.5	0.12	546	
3650	利世館		神奈川県	35.44056023888606	139.62779331023197	1983	18.2	mg/kg	7.8	994	338	8.28	6.58		134		750	
3651	桜湯		神奈川県	35.40484212054318	139.59694291040458	1983	16.3	mg/kg	8.4	683.9	228	5.93	2.17		8.13	1.74	604	
3652	葛の湯		神奈川県	35.404172194644545	139.51057649145403	1997	18.2	mg/kg	8.3		98	10.5	7.87		3.77		329	
3653	大楠温泉		神奈川県	35.25055839149374	139.61278827901097	1996	15.3	mg/kg	9.4	1084	432	1.11	0.17		326	33.2	361	
3654	阿部倉温泉		神奈川県	35.256541628083035	139.63539342317705	1996	14.7	mg/kg	8.6	424	121	29.3	4.67		40.3	43.9	290	
3655	吉井鉱泉		神奈川県	35.245278603330384	139.7013910764832	1983	17.1	mg/kg	8.2	640.7	229	15.2	7.39		56.8	3.89	555	
3656	大矢部鉱泉		神奈川県	35.24083494982579	139.6722282005539	1983	18.1	mg/kg	7.9	1308	462	8.58	4.7		356	95.3	514	
3657	大矢部温泉		神奈川県	35.240830314069676	139.6722104648559	1995	17.4	mg/kg	9	271	60.7	18.2	2.7		23.3	23.8	120	
3658	野比温泉		神奈川県	35.218052481186426	139.69359662552856	1993	15	mg/kg	9.46		325	1.57	1.85		22.4	29	943	
3659	森崎温泉		神奈川県	35.24833307912271	139.68277777996542	1988	18.8	mg/kg	7.8	2864	980	30.6	27		1220	3.94	770	
3660	(横須賀市鴨居)		神奈川県	35.24861368947417	139.73723181374555	1991	19.8	mg/kg	8.6	13978.2	4294	61.6	343		7160	552	275	
3661	衣笠温泉		神奈川県	35.24555676070949	139.66111379119954	1993	11.1	mg/kg	10.2		118	3	0.08		23.6	94	196	
3662	大矢部温泉		神奈川県	35.24249855392611	139.6694382097171	1997	17.3	mg/kg	7.7		46.2	30.6	27.9		21.1	178	227	
3663	野比千駄ヶ崎温泉		神奈川県	35.21555999410998	139.71029427358897	1972	16.2	mg/kg	7.4	469	26.8	78.1	20.2		49.4	64.8	252	
3664	芦名鉱泉	(猿見谷)	神奈川県	35.23694306844779	139.6199965181597	1972	15.8	mg/kg	9.8	568	188	2.13	0.158		191	6.15	65.1	
3665	二階堂温泉	あらめ湯	神奈川県	35.32694294010647	139.56943953805086	1962	15.5	mg/kg	8.8	1752	732	8.2	5.64		317	17	1345	
3666	鎌倉温泉		神奈川県	35.32777888681721	139.5483355043477	1972	18.8	mg/kg	8.7	460	154	4.11	0.646		17.5	1.38	360	
3667	葉山温泉	(星山温泉)	神奈川県	35.25944271503255	139.59916224048538	1989	16.8	mg/kg	9.2	620.7	193	0.97	0.027		19.6	76.8	300	
3668	葉山温泉	(平の越)	神奈川県	35.26722258066403	139.5933352686282	1991	17.5	mg/kg	9.7	458.8	166	0.676	0.137		13.2	20.5	186	
3669	葉山温泉		神奈川県	35.28249771959601	139.58499088309495	2002	21	mg/kg	8.9		451.9	0.8	0.4		409.3	38.9	387.5	
3670	平塚鉱泉		神奈川県	35.336941308897195	139.31887874327307	1963	17.5	mg/kg	7.4	4836	896	588	174		2960		93.2	
3671	二宮温泉		神奈川県	35.308332512691784	139.25083181833992	1989	14.4	mg/kg	8.2	2572	798	86.1	24.2		1076	219	354	
3672	湘南平塚太古の湯		神奈川県	35.32749952936361	139.34527542623252	1999	35	mg/kg			2375	2132			7560	5.4	2.4	
3673	(川崎市幸区南幸町)		神奈川県	35.53555927745781	139.69001294596515	1970	17.8	mg/kg	8.1	1989	722	5.3	15.4		621	5.4	1017	
3674	(川崎市川崎区南町)		神奈川県	35.52694542781561	139.69972772389934	1999	14.2	mg/kg	8.1		712	31.1	30.8		910	1.17	635	
3675	日の出おふろセンター		神奈川県	35.53027879268473	139.73639139009484	1958	17	mg/kg	8	10160	3350	21.3	86.82		5200		637.2	
3676	(川崎市川崎区昭和)		神奈川県	35.53027631192804	139.73638317610514	1999	14.3	mg/kg	7.6		2340	124	108		3800		878	
3677	鹿島田温泉		神奈川県	35.55138829599431	139.67777516892122	1998	20.7	mg/kg	9.2		1600	27.8	41.4		1810	1.28	1480	
3678	第2宝寿温泉		神奈川県	35.59111138219565	139.6369442370044	1966	20	mg/kg	7.8	969.7	351	14.2	3.534		20.98	31.44	939.7	
3679	有馬療養温泉		神奈川県	35.57166585675227	139.58638401323327	1966	17	mg/kg	6.7	139.7	8.3	15.5	9.478		18.82		153.3	
3680	藤崎かまぶろ温泉		神奈川県	35.52527782353174	139.7205549877552	1965	19	mg/kg	7.6	10805.3	3880	93.32	107		6215	30.74	643.7	
3681	(川崎市中原区新丸子町)		神奈川県	35.574724869412336	139.65778910778337	1967	18.3	mg/kg	8	697.5	436	13.55	5.107		67.39	18.81	1137	
3682	みなみ湯		神奈川県	35.57805686551611	139.66222496385996	1998	16.5	mg/kg	8.1		550	15.3	14.6		200		1260	
3683	住吉温泉松の湯		神奈川県	35.56499756916935	139.65165762891752	1998	17.7	mg/kg	8.2		350	10.4	7.64		85.2		909	
3684	丸子温泉		神奈川県	35.582223955204576	139.66222983164107	1992	19.1	mg/kg	8.7	1354.3	468	8.48	8.79		23.9		1207	
3685	(川崎市中原区中丸子)		神奈川県	35.5699992343471	139.66888490395067	1992	16.8	mg/kg	8.1	1198.5	387	10.1	27.1		227		287	
3686	千年温泉		神奈川県	35.58305386780502	139.62804733675958	1998	18.7	mg/kg	7.6		435	18.6	8.44		12.9		1310	
3687	桐の湯		神奈川県	35.53166798622447	139.68694883123715	1999	15.7	mg/kg	7.5		147	15.7	9.46		55.3		416	
3688	(川崎市幸区中幸町)		神奈川県	35.53166676928164	139.69305500992542	1999	14.5	mg/kg	7.9		995	25.6	36.6		1150	0.53	980	
3689	天神湯		神奈川県	35.56027577228043	139.67610356374078	1980	17.4	mg/kg	8	1969	690	21.3	21.7		330	137	1530	
3690	橘湯		神奈川県	35.561948145273426	139.6627943126906	1980	17.5	mg/kg	7.9	1783	654	12	14.4		369	1.2	1290	
3691	相又峡鉱泉		山梨県	35.327167926934436	138.42843198353563	1981	13.8	mg/kg	8.2	103	15.2	12.9	1.5		7.2	23.2	57.4	
3692	赤石温泉		山梨県	35.566725696727296	138.3926314253243	2002	7.1	mg/kg	2.9	221	2.7	26.6	0.8		0.5	141.3		
3693	明野温泉	明野ふるさと太陽館	山梨県	35.77792574210739	138.46138318300748	1996	45.1	mg/kg	8.1	1358	535.5	6.7	0.8		459.5		708.3	
3694	芦安温泉	岩園館	山梨県	35.63538591520178	138.36956338091417	1998	43.7	mg/kg	9.2	2216	413.8	263.7	0.2		44.1	1419	16.5	
3695	芦安鉱泉		山梨県	35.635074958542226	138.36961501906248	1979	18.8	mg/kg	8.3	212	41.7	22	2		16.4	66.4	73.3	
3696	芦安村営温泉		山梨県	35.63251653105421	138.36253399882577	1975	30.2	mg/kg	9.27	521.1	137.9	20.97	0.608		13.73	305.4	2.959	
3697	穴山温泉	能美荘	山梨県	35.75551962426228	138.4196448589916	1975	14	mg/kg	7.3		9.04	11.8	5.93		4.75	20.5	60.95	
3698	明見温泉		山梨県	35.48808030554144	138.8224869090224	1967	12.2	mg/kg	7	249.1	10.72	26.85	1.801		14.42		236.3	
3699	雨畑温泉	すず里の湯 VILLA雨畑	山梨県	35.405281159207924	138.3294557610034	1986	14.2	mg/kg	7.44	388	17.2	80.5	17.2		5.1	68.6	264.8	
3700	石和温泉	石和温泉管理事務所給湯口	山梨県	35.65805312503766	138.6463768845787	2000	47.2	mg/kg	9.1	358.3	103	10.8	0.5		100.4	59	27.4	
3701	石和温泉	石和観光温泉ホテル	山梨県	35.65138993976743	138.63361482161235	1965	46.6	mg/kg	8.4	227.9	30.1	1.708	0.048		17.64	12.99	66.2	
3702	石和温泉	糸柳	山梨県	35.65749809958009	138.6383261071595	1957	32.6	mg/kg	8	158	32.41	8.929	0.284		33.08	18.68	46.56	
3703	石和温泉	上野温泉保養所	山梨県	35.638334297576094	138.62555976377917	1975	37	mg/kg	8.12	418.3	113.7	13.11	7.756		87.92	21.52	187.6	
3704	石和温泉	県営1号源泉	山梨県	35.65666836737803	138.6427845133885	2000	30.1	mg/kg	9.8	129.4	41.8	1.5	0.02		11.1	7.7	13.4	
3705	石和温泉	県営3号源泉	山梨県	35.65860904483982	138.6438806816845	2000	40.8	mg/kg	9.2	323.8	100.9	6.8	0.03		92.3	49.7	31.7	
3706	石和温泉	県営4号源泉	山梨県	35.65833006706587	138.65387741982133	1990	27.1	mg/kg	9.7	113.2	34.7	2.5			8	7.6	12.1	
3707	石和温泉	県営5号源泉	山梨県	35.65750418788018	138.64973735846738	2000	61.4	mg/kg	8.7	525.8	154.8	22.4	0.09		184.4	92.1	37.8	
3708	石和温泉	県営温泉	山梨県	35.65889054334202	138.65167323959926	1990	43	mg/kg	9.4	272.4	75.6	10	0.3		63.7	36.2	24.3	
3709	石和温泉	県企業局2号源泉	山梨県	35.66083205588212	138.6483288042555	2000	44	mg/kg	8.9	307.5	69.9	16.8	2.2		63.6	45.7	51.7	
3710	石和温泉	公衆浴場	山梨県	35.65055346551624	138.63721089703242	1962	44	mg/kg	7.1	650	190	16.33	0.994		220	102.9	37.8	
3711	石和温泉	小松農園	山梨県	35.66166632241814	138.65805391312912	1957	30.1	mg/kg	7.7	228	54.43	6729	0.59		53.54	26.67	54.12	
3712	石和温泉	日の出温泉	山梨県	35.66273692444898	138.6374246132681	1963	36.5	mg/kg	8.4	691	200.1	17.44	0.089		216.5	120	79.44	
3713	石和温泉	弘玉園	山梨県	35.65527858083493	138.6591694587245	1971	53.5	mg/kg	7.7	825.2	222.7	33.5	12.7		214	152.3	152.9	
3714	石和温泉	ホテル石風	山梨県	35.65194282557019	138.63888526303938	1962	45.7	mg/kg	7.2	725	202	22.64	0.469		250.9	110.3	35.4	
3715	石和温泉	ホテル平成	山梨県	35.65027675185938	138.6319376977754	1989	31.2	mg/kg	8.5	212.1	52	1.8	0.07		35	18.6	52.9	
3716	石和温泉	深雪温泉	山梨県	35.651386505812134	138.63332458125055	1962	44.5	mg/kg	7.9	441	115	5.852	0.938		126.9	59.67	60.32	
3717	石和温泉		山梨県	35.656668475188994	138.6427846067177	1981	38.7	mg/kg	9.8	139	42.1	2.4			9.6	5.7	31.3	
3718	石和温泉		山梨県	35.657498550169294	138.64971608335725	1981	66.3	mg/kg	8.4	413	113.2	12.5			128.8	63.5	41.1	
3719	石和温泉		山梨県	35.65833087901903	138.65388040083644	1981	32.3	mg/kg	9.8	144	41	2.8			19.8	9	32.8	
3720	石和温泉		山梨県	35.657499030444846	138.64193989690378	1981	43.5	mg/kg	9	396	105.2	9.3			117.5	58.5	33.6	
3721	泉温泉健康センター		山梨県	35.86035815672877	138.37962440479356	1993	52.8	mg/kg	7.2	8377	3115	53.8	20.5		2161		5397	
3722	一の橋温泉		山梨県	35.768591961215726	138.73719981500093	1978	23.9	mg/kg	8.4	350	60.5	27.9	1.04		68	115	29.8	
3723	一宮温泉	一宮温泉維持管理組合	山梨県	35.654999384605134	138.66360908665183	2001	37.7	mg/kg	8.3	254	68.7	16.5	3.1		63.6	31	100.3	
3724	一宮温泉	笛吹観光温泉	山梨県	35.655000103709995	138.66361171558862	1970	55.3	mg/kg	9.1	390.5	110.3	4.968	1.241		113.2	49.14	51.57	
3725	一宮町金沢温泉	ももの里温泉	山梨県	35.62618389852353	138.69809954841307	1994	32.3	mg/kg	9.7	119	34.6	2.7			9.4	23.3	3.9	
3726	今諏訪温泉	御柱の湯	山梨県	35.63677595492121	138.5000871477552	1992	41.9	mg/kg	7.9		389.3	30.7	7.7		384.2	226.1	252.6	
3727	岩下温泉	ボーリング泉	山梨県	35.683661447997615	138.65392623107593	1979	27.9	mg/kg	9.3	202	46	5.63	0.15		20.2	28.2	73.2	
3728	岩下温泉		山梨県	35.683613324031946	138.65389766153416	1986	28.2	mg/kg	8.96	154	34.9	6.8	0.8		11.7	24.6	55	
3729	岩間温泉		山梨県	35.72469473167472	138.77430467439822		23.5	mg/kg	9.5	91.6	19.5	2.82	0.27		4.8	16.6	34.8	
3730	塩山温泉		山梨県	35.70946426837691	138.72796762107777	1977	19	mg/kg	9.9		42	0.85	0.03		9.12	5	84.53	
3731	大滝温泉	文勝館	山梨県	35.475280809990174	138.34056622553157	1993	12.1	mg/kg	7.2	618.2	57.1	141.3	15.3		6	283.9	280.3	
3732	大藪温泉	みはらし	山梨県	35.76298033549115	138.31765207497756	1977	16.2	mg/kg	7.14		244	66.8	1.05		500	13	26.06	
3733	大藪温泉	元湯鈴木旅館	山梨県	35.76214659134771	138.3202654289524	1975	13	mg/kg	6.7		1120	266	0.72		2132	22	38.42	
3734	奥山温泉		山梨県	35.22723582210435	138.41656501951465	1992	44.9	mg/kg	9.9	123.5	29.3	3.1	0.01		12.7	1		
3735	忍野温泉		山梨県	35.45611188046665	138.82222460765988	1978		mg/kg	6.85		6.43	10.7	3.99		2.82		61.13	
3736	御勅使川温泉	村営3号源泉	山梨県	35.63808072314891	138.3821898368274	1990	28.1	mg/kg	9.9	1624	196.6	261.4			4.1	1018	5.3	
3737	乙女霊泉		山梨県	35.79186425424336	138.64345399980843	1996	11.8	mg/kg	2.2	5303	7.9	36.5	45.2		0.2	3052		
3738	甲斐大泉温泉	パノラマの湯	山梨県	35.89433298362543	138.4086351323844	2002	51.9	mg/kg	7.1	2100	686.7	31.8	20.6		159.8	219.5	1539.5	
3739	春日居温泉	春日居温泉病院	山梨県	35.65972558127284	138.6508470966206	1978	39.5	mg/kg	8.3	419	132.9	13.01	0.941		124.8	62.7	105.6	
3740	春日居温泉	町営2号源泉	山梨県	35.65888872818788	138.64583223326548	1990	45.8	mg/kg	9	300.9	70.3	16.8	1.9		66.9	41.8	49	
3741	春日居温泉		山梨県	35.65888838743693	138.64583023122674	1981	53.4	mg/kg	8.6	683	105	14	1.1		119.5	64	37.7	
3742	勝沼町温泉	ぶどうの国健康センター	山梨県	35.67736626948923	138.72051630606387	2001	25.9	mg/kg	8.8	181.8	33.7	0.3	0.04		5.5	4.1	62.3	
3743	勝沼町ぶどうの丘温泉	天空の湯	山梨県	35.675010594867494	138.73663619657344	1998	41.1	mg/kg	9.4	181	57	1.8			13.3	7.9	63.5	
3744	勝沼町老人福祉センター		山梨県	35.67734313796635	138.72067119937557	1972	27.6	mg/kg	8.8	287.8	40.06	1.245	0.584		1.708	10.02	98	
3745	金山沢温泉	桃源天恵泉	山梨県	35.6511105863352	138.40972001911524	1991	28.8	mg/kg	10.6	168.5	49.2	3.1	0.03		1.1	34	12.8	
3746	釜無川温泉	釜無川レクリエーションセンター	山梨県	35.64560262418533	138.50768672100264	1981	37.3	mg/kg	7.79	1110	388.6	22.2	15.1		450.9	20.1	353.3	
3747	上九の湯		山梨県	35.53063244939773	138.61000880701522	1996	27.9	mg/kg	9.4	2002	177.5	419.6	0.04		20.1	1355		
3748	神の湯温泉		山梨県	35.68277365316796	138.51665108330926	1989	29.4	mg/kg	7.8	160.6	24	4.6	1.4		11.2	1.6	71.4	
3749	川浦温泉	白竜閣	山梨県	35.79527443530791	138.73970778510466	1977	34.2	mg/kg	8.3		84.6	31.9	0.04		51.72	167.5	29.2	
3750	川浦温泉	山県館	山梨県	35.800164786034074	138.74744468700672	1989	41.2	mg/kg	9.3	201.2	40.3	15.1	0.4		16.4	66.8	8.5	
3751	河口湖温泉		山梨県	35.528445488846366	138.75876052254762	1994	45.2	mg/kg	9.04	4826	732.8	665.3	2.4		873.7	1920.4	9.2	
3752	草塩温泉	1号泉	山梨県	35.428803144562906	138.34071135939104	1985	19	mg/kg	7.9	1650	1650	18.4	4.1		576	1.6	877	
3753	草塩温泉	2号泉	山梨県	35.428972233429604	138.34072175276253	1985	17.2	mg/kg	9	2320	909	11.2	3.7		947	1.6	869	
3754	草塩温泉	草塩温泉民宿会館	山梨県	35.42888797995061	138.34055259931495	1995	16.4	mg/kg	7.9	1813	672.8	18.9	3.9		621.8		839.3	
3755	黒森鉱泉		山梨県	35.90021592105459	138.53790945520856	1972	10	mg/kg	6.2	474.4	13.57	176.1	30.19		208.1	4.681	940.9	
3756	黒森鉱泉		山梨県	35.90020246244693	138.53783691654002	1980	12.8	mg/kg	5.9		1375	290	23		2128	10.5	1064	
3757	甲西温泉	やまなみの湯	山梨県	35.58459652650527	138.49920551492514	2001	43.9	mg/kg	7.7	1390	397.7	56.5	7.8		335.8	195.2	488.4	
3758	甲州鰍沢温泉	かじかの湯	山梨県	35.507668801284076	138.42859630924423	1995	37.5	mg/kg	7.7	5239	1275	530	17.8		2833	333.8	51.7	
3759	甲府市内温泉	伊香保温泉	山梨県	35.654443404862334	138.56944176952882	1965	26.8	mg/kg	7.8	197.5	24	6.355	2.523		16.93	6.831	67.11	
3760	甲府市内温泉	駅前温泉組合	山梨県	35.66583536816762	138.56861997331433	1991	38.4	mg/kg	8	1330	334.5	96	2.3		433.2	369.6	61.6	
3761	甲府市内温泉	大滝温泉	山梨県	35.620557391940096	138.5591711619417	1992	48.4	mg/kg	7.4	1326	408.5	33.7	20.1		274		845.4	
3762	甲府市内温泉	温泉旅館組合1号泉	山梨県	35.661109028699144	138.56888080559548	1967	46	mg/kg	8	1660	488	36.02	0.243		651.9	151.8	206.2	
3763	甲府市内温泉	鏡温泉	山梨県	35.65375654048221	138.5691259975908	1956	30.9	mg/kg	8.3	365.6	81.36	20.29	8.519		30.27	2.14	213.9	
3764	甲府市内温泉	喜久の湯	山梨県	35.67471461958985	138.5672494520786	1995	27.4	mg/kg	8	1096	84.3	218.5	0.07		12.7	664.2	17.5	
3765	甲府市内温泉	草津温泉	山梨県	35.65777629508648	138.55499445517248	1975	42.7	mg/kg	8.3	1138	350.3	16.03	0.871		437.9	135.2	85.58	
3766	甲府市内温泉	国母温泉	山梨県	35.64472274810644	138.5605588097769	1972	34	mg/kg	7.6	548.2	93.21	39.08	5.514		55.5	1.299	298.5	
3767	甲府市内温泉	塩部温泉	山梨県	35.67444531597604	138.55861578018212	1957	35.2	mg/kg	8.1	253	38.58	9.996	0.48		52.78	19.58	25.01	
3768	甲府市内温泉	高砂湯	山梨県	35.67083203782404	138.56582871200644	1956	25.7	mg/kg	7.7	516.1	82.47	56.02	2.571		95.6	118.8	91.64	
3769	甲府市内温泉	竹ノ湯	山梨県	35.65957098306002	138.57550232670306	1959	28	mg/kg	7.6	223	14.47	9.406	2.512		18.72	2.16	162.8	
3770	甲府市内温泉	つつじヶ崎温泉	山梨県	35.68083216255356	138.58582993136173	1989	25.3	mg/kg	7.7	462.3	30.6	98.1	8.4		3.3	224.6	136.7	
3771	甲府市内温泉	中楯スイミングスクール	山梨県	35.653028954470656	138.56701237498106	1989	26.3	mg/kg	7.7	129	25.7	2.5	1.1		6.8	5	69.1	
3772	甲府市内温泉	ふじ温泉	山梨県	35.640281195377376	138.57723412120114	1971	27.2	mg/kg	7.5	406.2	70.21	13.97	6.813		20.57	1.051	219.6	
3773	甲府市内温泉	富士見温泉	山梨県	35.693818635684124	138.5420333360673	1962	27.6	mg/kg	8	1023	260.5	22.16	1.085		325.9	71.85	248.7	
3774	甲府市内温泉	湯王温泉	山梨県	35.638888820147415	138.57388788191454	1967	34.9	mg/kg	7.4	340.6	64.9	18.62	5.474		44.14		199.2	
3775	御座石温泉		山梨県	35.72344552535433	138.35057737974338	1996	27	mg/kg	9.9	228.6	74.7	0.5	0.2		0.6	3.7	25.6	
3776	小菅温泉	小菅の湯	山梨県	35.75477318932612	138.95016884971636		31.4	mg/kg	9.98	240	75.3	2	0.1		16.3	4.2	33	
3777	こぶちさわ温泉		山梨県	35.87805591543348	138.3177775483273	1995	58.8	mg/kg	7.2	3067	1015	32.7	27.8		1025	437.5	690.7	
3778	裂石温泉	山楽荘	山梨県	35.738312168305725	138.80419447228954	1977	21.5	mg/kg	9.9		21	2.58	0.02		1.6	11.8	49.25	
3779	裂石温泉	雲峰荘	山梨県	35.74066574710722	138.80416604258517	1986	26.6	mg/kg	9.9	108	26.5	2.4			1.8	12.1	18.3	
3780	嵯峨塩鉱泉	嵯峨塩館	山梨県	35.68391832808352	138.8109897929461	1979	20.1	mg/kg	9.9	78.8	19.7	2.9			5.2	16.1	24.7	
3781	笹子温泉		山梨県	35.60544574712483	138.81139844053519	1990	19.8	mg/kg	6.1	128.2	5.7	3.6	1.3		4.3	52.4	25	
3782	佐野川温泉		山梨県	35.24850845705613	138.5091333430169	1985	31.5	mg/kg	9.68	668.3	191.3	47.8	0.004		271.4	11.6	54.8	
3783	塩沢鉱泉		山梨県	35.37450828263812	138.43583994000738	1981	15.4	mg/kg	7.6	490	158	12.3	4		50.8	49.1	345	
3784	塩之沢温泉		山梨県	35.37833520283929	138.45398079541843	1996	11.5	mg/kg	9.6	153.8	55.2	2.7	0.2		19.8	11.1	38.2	
3785	下部温泉	共同泉	山梨県	35.42111340464235	138.48195131897847	1985	31.6	mg/kg	8.52	435.3	72.4	49.3	0.6		60.5	180.3	21.4	
3786	下部温泉	古湯源泉館	山梨県	35.42233201239762	138.48142236506504	1987	30.5	mg/kg	8.77	516	115.1	63.6	0.2		78	262.6	18.3	
3787	下部温泉	古湯源泉館	山梨県	35.422314018950146	138.48151429442078		25.1	mg/kg	7.65	343	55.1	42.7	0.6		48.3	140	24.1	
3788	下部温泉	下部ホテル	山梨県	35.425998781065154	138.47096587359832	1969	25	mg/kg	7.4	223	27.5	32.82	2.927		25.7	100.4	44.82	
3789	下部温泉	大市館	山梨県	35.42242736733506	138.48175054112846	1989	29.3	mg/kg	8.3	468	76.4	59.2	0.3		56.6	205.5	26.4	
3790	下部温泉	橋本屋	山梨県	35.42291258366315	138.48175642742305	1977	30	mg/kg	5.9		95.9	62.2	0.66		79.3	217.5	19.89	
3791	下部温泉	湯元ホテル	山梨県	35.42264247640418	138.48141110180916	1977	32.4	mg/kg	5.5		77.9	55.8	0.4		69	167.5	21.12	
3792	下部温泉	湯元ホテル(岩風呂)	山梨県	35.4226736311592	138.48126471185955	1977	30	mg/kg	5		98	61.7	0.43		82.8	225	16.16	
3793	下部温泉	湯元ホテル(大風呂)	山梨県	35.4226188392314	138.4813321392048	1987	32	mg/kg	8.89	533	107.7	65.4	0.3		79.9	256.3	12.2	
3794	下部温泉	湯元ホテル(婦人風呂源泉)	山梨県	35.42271702327781	138.4812477376969	1969	31.4	mg/kg	8.7	432	64	58.15	0.146		52.19	174.9	20.55	
3795	下部温泉	湯元ホテル3号泉	山梨県	35.42260802531882	138.48155486185544	1955	32.5	mg/kg	8.6	498.8	65	78.79	1.66		75.75	213.3	32.34	
3796	杓子山鉱泉	不動湯	山梨県	35.48055860613573	138.8461200939328	1982	11.3	mg/kg	7.3	80	3.71	11.1	3.94		3.4	3	58.2	
3797	十谷温泉	源氏荘	山梨県	35.50704417503891	138.38873324442207	1990	32	mg/kg	9.1	11150	1145	2616	0.2		6265	180.2		
3798	十谷温泉	十谷荘	山梨県	35.50572645778404	138.38972163388993	1977	23.8	mg/kg	5.9		24.3	64.5	3.34		3.45	155	92.6	
3799	十谷温泉	山の湯	山梨県	35.50508695821944	138.39375904437293	1975	11.5	mg/kg	3.3		18.3	187.2	26.5		164.2	363		
3800	十谷温泉	柳泉閣	山梨県	35.50638833394098	138.38999721963734	1969	18.8	mg/kg	7.55	3124	430	740.7	65.56		2037	95.47	53.74	
3801	十枚荘温泉		山梨県	35.28053899627629	138.4213241299442	1994	29.7	mg/kg	9.1	2020	477.8	268.9	0.2		1157	1		
3802	十枚荘鉱泉		山梨県	35.28051949823119	138.42144387904298	1981	23.2	mg/kg	7.4	182	15.1	38.4	2.9		8	57.1	101	
3803	正徳寺温泉	初花	山梨県	35.68093052572826	138.66560381499957	1989	35.8	mg/kg	9.3	333.2	89.7	2.5	0.2		61.2	40	9.8	
3804	城山鉱泉		山梨県	35.55036747590102	138.9029822651994	1978		mg/kg	5.7		10.3	15.2	6		7.2	12	70.43	
3805	神明温泉	志摩の湯	山梨県	35.69082191266057	138.519730710607	1988	35.2	mg/kg	8.1	1268	429.8	29.1	2.2		654.2	13	82.4	
3806	須玉町温泉		山梨県	35.7866688856772	138.42278547232024	1981	35.1	mg/kg	7.4	985	282	32.2	17.3		220	21.8	622	
3807	積翠寺温泉	古湯坊	山梨県	35.710887406702994	138.59396170242007	1979	12	mg/kg	3.7		18.2	19	16.75			166		
3808	積翠寺温泉	要害温泉	山梨県	35.70229362506003	138.59132578140634	1979	12	mg/kg	6.55		10.1	3.1	1.95			29.2	6.4	
3809	たかねの湯		山梨県	35.83175025572981	138.4327878935317	1995	46	mg/kg	8.2	489.3	187.4	5.8	1.4		7	0.2	521.3	
3810	田野鉱泉	石川館	山梨県	35.64594776769635	138.80951670528364	1978	20.6	mg/kg	9.3		32.8		0.004		2.52	11	95.01	
3811	田野鉱泉	石黒屋	山梨県	35.64606962452437	138.80958083076217	1979	21.2	mg/kg	9.9	114	30.8	2.01			5.4	14.3	37.8	
3812	玉川温泉		山梨県	35.632577787386886	138.52671889686928	2002	41.5	mg/kg	7.7	952.5	296.5	26.5	21.2		293.3		476.5	
3813	鼓川温泉	交流促進センター	山梨県	35.747505936795946	138.64931299331167	1995	35.7	mg/kg	9.9	121.4	32.7	2.1			1.2	12.3		
3814	常葉温泉	光泉閣	山梨県	35.44606450236721	138.4825012090975	1977	13	mg/kg	6.2		47.6	35	3.34		1.33	77	165.6	
3815	都留市戸沢温泉	芭蕉月待ちの湯	山梨県	35.547612912493896	138.95733162524309	1996	35.4	mg/kg	9.6	219	50	12	0.04		1.6	102.2	6.1	
3816	手打沢鉱泉	康栄閣	山梨県	35.481183251625836	138.4339799398095	1975	13	mg/kg	7.2		115	70.5	51.3		1.69	540	95.69	
3817	天科温泉	こやす旅館	山梨県	35.813743014506564	138.75124211955463	1979	36.5	mg/kg	9.8	198	59.4	2.21			29.6	27	46.5	
3818	天科温泉	こやす旅館	山梨県	35.81374813011214	138.75136834146247	1988	28.1	mg/kg	9.8	189	55.7	1.6			25.9	19.3	26.8	
3819	天女の湯	丘の公園	山梨県	35.90386804094342	138.43157098388312	1996	47.1	mg/kg	7.7	2075	730	19.7	10.6		363.4	227	1242	
3820	道志の湯		山梨県	35.51405215594549	139.02548951131007	1998	7.5	mg/kg	7.8	2494	269.2	421.4	12.6		3.6	1651	13.4	
3821	戸川温泉	戸川レジャーセンター	山梨県	35.56527847926143	138.41944554796865	1974	15	mg/kg	2.7	1645	9.193	33.47	0.924		5.749	1078		
3822	豊富温泉	豊富村立健康福祉センター	山梨県	35.57192379567258	138.55592676313367	1993	33.9	mg/kg	9.6	1516	250.8	206.1	0.08		72	903.2		
3823	中富温泉		山梨県	35.48845514031284	138.43077728783572	1977	9.3	mg/kg			124	32.5	7.35		163.8	54	120.9	
3824	中道町温泉	YLO会館	山梨県	35.58972508816906	138.57751282067355	1976	29.4	mg/kg	7.6	361.2	66.07	26.25	10.95		5.107		318.5	
3825	名取温泉		山梨県	35.664790026173385	138.52375417118614	1986	36.3	mg/kg	7.73	1053	331.4	16	23.1		421	0.2	316.6	
3826	奈良田温泉	白根館	山梨県	35.57678490676513	138.30033778083478	1997	51.6	mg/kg	8.1	4189	1579	15.5	1.8		2366		285.3	
3827	奈良田温泉		山梨県	35.57650403472327	138.3006171534831	1979	42.2	mg/kg	8.6	1348	512.3	1.7	0.2		571.6	2	410.1	
3828	南部アルカディア温泉	なんぶの湯	山梨県	35.28055017626733	138.4638513026485	1997	38.5	mg/kg	9.9	201.6	58.5	3	0.1		33.9	6.5		
3829	西川温泉	霊峰の湯	山梨県	35.52622873069511	138.7671190950627	1998	33.7	mg/kg	9.36	1730	233	249.9			90.3	997.1		
3830	西山温泉	慶雲閣(穴湯)	山梨県	35.55449215129183	138.30608771423883	1998	43.1	mg/kg	9.2	1317	304.6	115.7	0.04		259.5	557.9		
3831	西山温泉	慶雲閣(目湯)	山梨県	35.554424852452264	138.30615476569716	1998	42.1	mg/kg	9.2	1312	300.5	116.1	0.07		256.6	554		
3832	西山温泉	慶雲閣(御座湯)	山梨県	35.55448599291624	138.30618110526194	1998	42.8	mg/kg	9.2	1291	295.9	115.4	0.04		252.6	543.9		
3833	西山温泉	慶雲閣(御殿湯)	山梨県	35.55435983440378	138.30617011793262	1998	40.9	mg/kg	9.1	1293	294	108.1	0.07		249.5	537.4		
3834	西山温泉	慶雲館	山梨県	35.554413006501676	138.3062076477149	1984	43.7	mg/kg	9.2	1299	307.6	107.5	1.7		256.7	534.8		
3835	西山温泉	慶雲館プール	山梨県	35.55442633085132	138.30610831088956	1977	43	mg/kg	6.6		260	91.4	0.38		200	460	24.17	
3836	西山温泉	蓬莱館	山梨県	35.55444379969561	138.30730777227367	1987	41.3	mg/kg	9.21	1289	308.8	103.4			251.9	484	18	
3837	韮崎旭温泉		山梨県	35.682252093621884	138.44447437799283	1996	40.5	mg/kg	7.7		335	24.9	14.9		365.3	100.6	306.9	
3838	橋倉鉱泉		山梨県	35.62229326987605	138.9113826508444	1978	9.3	mg/kg	7		6.43	47.3	14.5		3.2	127.5	68.43	
3839	はやぶさ温泉		山梨県	35.73041755705361	138.7096407287764	1991	42.3	mg/kg	9.95	251	75.8	2.2			42.7	62.8	3.1	
3840	日の出鉱泉		山梨県	35.599359969266594	138.8932030456145	1978	10	mg/kg	5.8		13	27.1	8.6		44.17	26.5	66.44	
3841	響ヶ丘温泉	湯めみの丘	山梨県	35.683030584533604	138.4999748735817	2002	44.3	mg/kg	8	1360	398.2	49.6	2.4		691.3		27.6	
3842	笛吹温泉		山梨県	35.78916601028068	138.73833012025216	1993	36.2	mg/kg	9.1	570.5	95.9	71.9	0.06		51.1	282.3	5.1	
3843	笛吹川温泉		山梨県	35.720276355592375	138.7074928209423	1988	43.3	mg/kg	9.5	531	159	19.6			151.6	152.3		
3844	深沢温泉		山梨県	35.82168868435408	138.36245856399762	1975	13.5	mg/kg	7.4		6.9	6.69	3.17		1.55	9.8	40.41	
3845	双葉温泉	百楽泉	山梨県	35.7016600899786	138.48136252936473	1991	31	mg/kg	8.6	338.4	96.7	3.6	0.9		59.5	1.9	157.8	
3846	船山温泉		山梨県	35.29422013272299	138.42165370535764	1976	12.5	mg/kg	7.6		46.3	27.6	2.68		91.7	19	80.36	
3847	舟山ホテル	-1	山梨県	35.69833082112283	138.44971426278676	1979	29	mg/kg	7.5	480	134	27.3	10.2		79	14.3	360	
3848	舟山ホテル	-2	山梨県	35.6983303100839	138.4497113813412	1979	16	mg/kg	6.6	152	5.6	32.1	3.9		7.6	24.9	85.3	
3849	芙蓉の湯		山梨県	35.50605764606295	138.76229049633864	1997	36.1	mg/kg	9.4	2836	509	456.8	0.04		712.8	1163		
3850	法能鉱泉		山梨県	35.54911268030901	138.9200705889339	1978	8	mg/kg	4.5		8.88	15.7	7.2		1.5	75		
3851	保川温泉	旅館橋本	山梨県	35.43469157444333	138.3354664353019	1996	12.2	mg/kg	7.1	1233	7.4	221.6	95		0.7	667.7	318.9	
3852	ほったらかし温泉		山梨県	35.70739428589277	138.6508463493247	1995	32	mg/kg	9.6	102	23.4	2.6	0.1		0.5	7.7	13.7	
3853	ホテル石庭韮崎別館		山梨県	35.771665606099994	138.4202729976628	1995	42.1	mg/kg	7.7	1216	449.6	17.2	15.7		493.4	26.7	485.4	
3854	真木温泉		山梨県	35.615292365511884	138.9038439976413	1988	15.1	mg/kg	10.3	156	38.1	0.9	0.1		3	4.6	32.3	
3855	牧の湯	はなかげの湯	山梨県	35.73644794580858	138.71323859686515	1993	49.9	mg/kg	9.4	391.8	117.2	18.6	0.02		101.7	114.3	0.8	
3856	増富温泉	観光ホテル金泉閣	山梨県	35.866191599325546	138.53529941055322	2000	31.1	mg/kg	6.2	8950	2609	278.7	23.1		3773	584.8	1676	
3857	増富温泉	金泉湯	山梨県	35.866840120638265	138.5404452233049	1969	31	mg/kg	6.2	7386	2160	313.3	20.42		3217	470.8	1207	
3858	増富温泉	津金楼	山梨県	35.86635722012318	138.53852019453836	1995	28.3	mg/kg	6.5	8135	2558	268.4	17.6		3762	529.9	1424	
3859	増富温泉	津金楼西	山梨県	35.86632878320749	138.5383580087986	1969	29.5	mg/kg	6.3	8461	2520	320.3	21.42		3714	549.8	1358	
3860	増富温泉	津金楼東	山梨県	35.86635375318038	138.53846921669424	1969	30.1	mg/kg	6.3	8618	2600	356.4	22.35		3939	591.7	1499	
3861	増富温泉	不老閣(ボーリング井)	山梨県	35.866156870768236	138.53521518955887	1969	32.5	mg/kg	6.3	11806	2960	331.1	26.33		3953	549.8	1553	
3862	増富温泉	不老閣(岩風呂)	山梨県	35.86618692849216	138.53510011147685	1969	21.1	mg/kg	6.4	9142	2640	291.5	20.77		3649	569.5	1339	
3863	増富温泉	不老閣(源泉)	山梨県	35.86614917941995	138.53530197910345	1954	21.5	mg/kg	5.3	2785	906.4	98.15	8.036		1197	209.5	468.4	
3864	増富温泉	不老閣(自然湧出泉)	山梨県	35.86618243144044	138.53519259062173	1969	18.8	mg/kg	5.9	3466	1200	190.8	11.59		1501	769.5	640.3	
3865	まほらの湯	地域健康福祉センター	山梨県	35.573073987799205	138.46791367683485	1997	39.4	mg/kg	7.9	808.5	245.6	30.3	8.4		277	1.9	340.6	
3866	万葉温泉	赤松の湯ぷくぷく	山梨県	35.70529333545318	138.66241154155966		43.2	mg/kg			82.3		3.3		49.5	61.3	20.1	
3867	御坂温泉	みさかの湯	山梨県	35.63864487725022	138.64409978368798	1999	47	mg/kg	9.2	744	205.2	27.6			93.3	339.7		
3868	三珠温泉		山梨県	35.56586862467307	138.53405596464987	1999	43.6	mg/kg	8.8	674	222.1	28.3	0.2		336.6	14.8	52.2	
3869	三富温泉	一之橋館	山梨県	35.769106939194245	138.73758210746576	1971	26.4	mg/kg	8	349.3	68.09	31.52	1.484		84.72	87.31	30.34	
3870	三富温泉		山梨県	35.79542713015421	138.7399171159499	1969	28.8	mg/kg	9.9	187	49.35	1.643			35.38	19.71	23.71	
3871	南アルプス鉱泉		山梨県	35.632532325752436	138.3626485571873	1979	23.9	mg/kg	9.3	512	123	19.9	0.5		12.2	285	73.1	
3872	身延鉱泉		山梨県	35.371425344207076	138.42516361524991	1981	16	mg/kg	8.7	807	263	6.5	0.8		304	30	237	
3873	宮川温泉	玉穂湯殿館	山梨県	35.61166772824758	138.54000263811116	1990	45	mg/kg	7.4	1132	307.5	23.1	31.3		218.4	24.2	737.3	
3874	むかわの湯		山梨県	35.78353521927563	138.37948050087746	1999	45.8	mg/kg	7.3	7661	2654	177.8	42.4		4496	0.9	193.7	
3875	桃の木温泉	桃栄館	山梨県	35.623582560654306	138.3565852309011	1975	17	mg/kg	6.5		3.61	14.5	2.35		0.88	27	47.04	
3876	藪の湯鉱泉	-1	山梨県	35.76297546197438	138.31764249947923	1979	11.8	mg/kg	8.2	3890	1080	311			2200	6.1	42.6	
3877	藪の湯鉱泉	-2	山梨県	35.76298084664258	138.3175779475009	1986	12.8	mg/kg	9.2	5730	1520	489			3125	78.4	49.5	
3878	藪の湯鉱泉	-3	山梨県	35.763026137639145	138.31761956570915	1986	19.1	mg/kg	9.1	5600	1490	497			3250	135		
3879	山口温泉		山梨県	35.65375465552154	138.5266657739564	1986	41.6	mg/kg	7.65	1021	327.9	25.3	16.9		295.7	5.6	532.3	
3880	大和天目山温泉		山梨県	35.6574601179258	138.81514434467744	1992	31.9	mg/kg	10.3	238.1	69.4	1.9	0.5		16.4	14.2		
3881	湯口温泉	門野の湯	山梨県	35.345953775446795	138.40704285867105	1992	21.3	mg/kg	9.4	614.3	108	84.9	0.5		142	177.4	29.3	
3882	湯沢温泉	長生館	山梨県	35.42183326581136	138.46472333039526	1977	12	mg/kg	5.8		100	17	0.05		144.3	32	23.19	
3883	湯沢温泉	不二屋	山梨県	35.42168856518482	138.46440773400255	1977	19	mg/kg	5.6		108	14.3	0.02		151.2	29.5	22.53	
3884	湯沢温泉		山梨県	35.421834134060546	138.46448145529692	1985	16.5	mg/kg	8.03	187.1	39	16.2	1.4		36.2	35.7	69	
3885	湯沢鉱泉	溪山荘	山梨県	35.53608410087019	138.86136477538642	1973	5	mg/kg	5.55		9.78	12.4	11.8		1.3	83		
3886	湯立人鉱泉		山梨県	35.616502062455595	138.97403786633888	1981	15	mg/kg	6.88		18.8	27.3	7.75		12	24	109.8	
3887	湯村温泉	グリーンイン千島	山梨県	35.68006272778196	138.54852434332494	1989	46	mg/kg	8.2	1823	500.6	133.7	0.9		700.7	389.3	45.9	
3888	湯村温泉	甲府富士屋ホテル	山梨県	35.68083122474932	138.54777048145772	1989	41	mg/kg	8.1	1675	428.8	97.9	2.5		773.6	66.6	89.6	
3889	湯村温泉	常磐ホテル	山梨県	35.67940628379928	138.54916258037207	1992	42.8	mg/kg	8.5	2008	529.7	131.6	0.3		843.1	302.7	28.4	
3890	湯村温泉	富士野屋	山梨県	35.68339235181676	138.54679345189857	1993	47	mg/kg	8.2	2302	672.4	149.5	0.1		1276	2.8	53.8	
3891	湯村温泉	ホテル弘法湯	山梨県	35.683890549680164	138.54750623330744	1989	40.3	mg/kg	8.3	1292	380.8	73.2	0.02		613.5	113.5	29.3	
3892	湯村温泉	ホテル陽伝	山梨県	35.682500678073765	138.54833543398354	1981	42.8	mg/kg	8.19	2093	530.2	145	0.2		907.9	234.1	42.4	
3893	湯村温泉	ホテル吉野	山梨県	35.68222271632117	138.5484223257958	1989	42.6	mg/kg	8.4	1988	511	134.9	0.03		763.1	387.3	15.5	
3894	湯村温泉	柳屋	山梨県	35.68333712359704	138.54751539444433	1993	46.3	mg/kg	8.3	2548	683.9	180	0.09		1304	130.7	32.2	
3895	湯村温泉	湯村ホテル	山梨県	35.681109242554065	138.54888161647602	2002	41.6	mg/kg	8.45	1510	404.1	110	0.2		487.1	434.1	25.8	
3896	湯村温泉	旅館明治	山梨県	35.68333448568551	138.54861623942818	1989	40.2	mg/kg	8.4	1273	327.4	75.4	0.2		435.3	274.2	36.4	
3897	葭池鉱泉		山梨県	35.503333805923916	138.81250255176005	1982	12.1	mg/kg	7.3	237	6.97	36.7	10.2		50	38.4	60	
3898	六郷町温泉	つむぎの湯	山梨県	35.48214130113221	138.45797638821878	1998	35.5	mg/kg	8.7	7007	1974	657.8	4.1		4199	21.9	45.2	
3899	若草温泉	さくらの里いこいの家	山梨県	35.62176642765567	138.50311988647604	1991	41.6	mg/kg	8.1	1114	352.8	24.5	10		440.1	34.6	319.4	
3900	神奈温泉		山梨県	35.45557876440979	138.52392377187144	1985	27.8	mg/kg	9.76	404.3	110.1	24.5	0.05		170.5	12.3	6.1	
3901	(長坂町)	グリーンヒル八ヶ岳新宿区立区民健康村	山梨県	35.827855280055694	138.35720831437143	1993	27.1	mg/kg	8	269.3	52.9	14.1	3.4		1.4	12.6	200.9	
3902	(田富町)	田富町立コミュニティセンター	山梨県	35.60082765328029	138.516921704128	1994	35.6	mg/kg	7.2	874.2	233.8	27.7	30.3		135.8		647.3	
3903	(玉穂町)	中巨摩広域老人福祉センター	山梨県	35.585533759379096	138.53268864773395	1977	34.3	mg/kg	7.3	483.3	100.2	14.02	12.52		6.524	18.44	355.3	
3904	(韮崎市)	韮崎市健康ふれあいセンター	山梨県	35.7473891598654	138.43787004432204	1998	48.5	mg/kg	8	1211	448	3.7	1.3		255.3	0.06	778	
3905	(韮崎市)	韮崎老人福祉センター	山梨県	35.69472421176796	138.45028651878553	1990	37.5	mg/kg	7.7	1093	354.3	23.6	39.2		415.8	2.2	539	
3906	(忍野村)	富士急ホテル	山梨県	35.457242605352825	138.81818646187082	1982	13.4	mg/kg	7.3	121	15.7	11.6	3.66		8	12.4	65.9	
3907	(鳴沢村)	富士眺望の湯ゆらり	山梨県	35.476368397994946	138.69135519365165	1998	26.2	mg/kg	7.9	1332	110.8	201.2	61.1		212.1	560.5	158.7	
3908	(北杜市)	みずがきランド	山梨県	35.894617543104985	138.5420830644734	1990	13.7	mg/kg	6.1	1089	233.6	116.6	5.9		274.3	289.3	207.2	
3909	(山梨市)	山梨市老人健康福祉センター	山梨県	35.69587673337564	138.6934092461958	1997	40.9	mg/kg	9.9	195.2	63.4	2.6	0.02		42.9	26.4		
3910	上諏訪温泉		長野県	36.05055507427403	138.114439586375	1971	54.35	mg/kg	7.8	763	219.9	6.434	5.951		196.2	33.98	251	
3911	上諏訪温泉		長野県	36.04666842405956	138.11278391346036	1974	68	mg/kg	7.8	879	224.8	27.32	8.153		171.6	94.33	333.8	
3912	上諏訪温泉		長野県	36.045279194876095	138.11222674339118	1970	40.5	mg/kg	7.5	818	222.4	23.11	25.5		154	6.496	553.5	
3913	上諏訪温泉	諏訪湖ホテル	長野県	36.046942502679066	138.11221646427424	1956	59	mg/kg	7.2	547	78.63	102.7	1.857		216.4	33.73	127.3	
3914	上諏訪温泉	飯島共同温泉	長野県	36.0163903162471	138.12583783920488	1971	46	mg/kg	7.1	717	164.9	28.36	21.19		253.6	3.397	215.7	
3915	上諏訪温泉		長野県	36.01858507809048	138.11777538614686	1974	46.4	mg/kg	7.2	939	260.8	17.41	12.13		293.6	10.24	287.2	
3916	上諏訪温泉		長野県	36.0008332832874	138.12639136412028	1967	56.8	mg/kg	8.8	1166	509.6	13.4	1.016		601	141.9	57.18	
3917	上諏訪温泉	緑水荘	長野県	36.05216172965512	138.11320571343265	1956	80	mg/kg	7.7	807	224.2	20.29	2.047		198	144.8	58.58	
3918	上諏訪温泉	渋の湯	長野県	36.04942334236138	138.11439028230976	1956	58	mg/kg	7.6	888	250.8	24.77	0.073		152	278.3	147.4	
3919	上諏訪温泉	油屋	長野県	36.04991554067173	138.11455322170832	1956	49	mg/kg	7.2	609.9	139	7.49	0.55		126.4	79.3	101.4	
3920	上諏訪温泉	宝屋	長野県	36.05083318784308	138.11444421748027	1956	60	mg/kg	7.4	807.2	198	8.173	2.507		180.7	92.12	172.5	
3921	上諏訪温泉	諏訪湖畔ホテル	長野県	36.051389083776535	138.11305627126947	1956	51	mg/kg	7.1	584	144.9	19.99	6.363		130	134.3	102.8	
3922	上諏訪温泉	力温泉	長野県	36.04721794306284	138.11692742798033	1957	53	mg/kg	7.9	305	70.73	4.494	1.021		64.37	51.01	36.98	
3923	上諏訪温泉	稲本	長野県	36.04721999513734	138.1169362822135	1956	47	mg/kg	7.8	460	119	6.238	0.233		190.6	61.55	11.02	
3924	上諏訪温泉	七つ釜甲源泉	長野県	36.05313370367881	138.1122201840396	1952	84	mg/kg	7.8	777.7	225.9	35.28	1.011		245	148	119.5	
3925	上諏訪温泉	七つ釜乙源泉	長野県	36.05311733207066	138.11218826832217	1952	84.5	mg/kg	7.5	821.8	227.1	38.99	1.191		245.6	138.9	145.8	
3926	上諏訪温泉	清水No.1	長野県	36.05583253832063	138.1144412624075	1974	88.3	mg/kg	7.9	1028	277.1	24.89	1.371		275.5	189.7	69.58	
3927	上諏訪温泉	清水No.2	長野県	36.05583348805348	138.1144451426932	1974	88	mg/kg	7.9	912	244.2	21.58	1.687		273.5	174.7	69.59	
3928	下諏訪温泉	かめやホテル	長野県	36.07601690009504	138.0908028232433	1980	46.8	mg/kg	7.9	1056	264.3	77	0.34		230.5	395	48.8	
3929	下諏訪温泉		長野県	36.07416762334297	138.08750156157484	1959	30.2	mg/kg	7.1	661.8	137.3	60.82	2.111		105.6	253.2	67.42	
3930	下諏訪温泉	高浜温泉新源湯	長野県	36.06848002269937	138.09556748095233	1956	48.5	mg/kg	8.3	1068	333	22.43	0.231		339.7	172.1	153.8	
3931	下諏訪温泉	高浜温泉(旧源湯)	長野県	36.0680558808165	138.09694370334475	1956	40	mg/kg	8.4	1289	421.4	35.38	0.194		415.5	276.3	172.1	
3932	下諏訪温泉	高浜温泉旅館	長野県	36.067502619898065	138.09834192166977	1961	48.5	mg/kg	8.3	1020	250.7	54.36	2.398		340.1	175.8	65.23	
3933	下諏訪温泉	星が丘2号	長野県	36.08136155730211	138.08143773729873		61.7	mg/kg	8.5	2348	413.6	293.2	0.1		406.7	1000	19.3	
3934	下諏訪温泉	富部源泉	長野県	36.07111051348007	138.09388729228246	1980	44.6	mg/kg	8.1	1306	397	47	0.06		371.3	373	53.7	
3935	下諏訪温泉	矢木温泉	長野県	36.075069800203465	138.08226648644043	1980	31	mg/kg	6.8	555	127.7	50.63	0.92		103.6	208.8	43.93	
3936	下諏訪温泉	新湯源泉	長野県	36.076386788578056	138.0858254698129	1955	51	mg/kg	7.3	1209	254.1	119.5	0.261		212.5	489.2	49.42	
3937	下諏訪温泉	高木温泉	長野県	36.066946970505015	138.10056802558972	1959	29.3	mg/kg	7.2	290	43.41	23.59	0.843		36.38	21.39	100.9	
3938	下諏訪温泉	高木源泉	長野県	36.06694421702804	138.10055750124775	1973	55	mg/kg	8.4	317	42.5	1.156	0.3		26.12	5.5	68.04	
3939	下諏訪温泉	円久保源湯	長野県	36.076942291504274	138.09221603496854	1957	65	mg/kg	7.8	1518	343.6	104.9	0.129		306.7	532.4	157.2	
3940	下諏訪温泉	矢木温泉組合	長野県	36.07471981420646	138.0880476879742	1959	45.1	mg/kg	7.2	1169	215.2	94.66	2.1		99.45	509.3	60.5	
3941	下諏訪温泉	旦過の湯源泉	長野県	36.07779878371953	138.08889444136622	1973	62.7	mg/kg	8.1	1606	327.1	149.3	0.1		291.4	613	29.65	
3942	下諏訪温泉	児湯源泉	長野県	36.07667075982194	138.09001411391475	1973	48.3	mg/kg	8	975	236.8	67.9	2.25		211.8	348.8	38.32	
3943	下諏訪温泉	綿の湯	長野県	36.07601662269067	138.09042722265468	1973	44.8	mg/kg	7.8	985	235.3	71.53	2.849		213.3	339.7	50.67	
3944	下諏訪温泉	湖畔の湯	長野県	36.065538374101806	138.0866948129166		51.8	mg/kg			175.1	18.3	0.9		184.2	101.9	79.9	
3945	下諏訪温泉		長野県	36.0750521144016	138.0923147656386	1963	49.4	mg/kg	8.4	1102	268.8	53.56	11.99		292.3	315.6	47.47	
3946	下諏訪温泉	若宮温泉	長野県	36.072777877140624	138.09333282507498	1963	49	mg/kg	8.3	1310	347.2	51.99	18.7		439.9	307	47.94	
3947	毒沢温泉		長野県	36.0955743138307	138.0814082001494	1978	6.5	mg/kg	2.6	1801	7.2	21.31	40.06		2.386	1390		
3948	渋ノ湯		長野県	36.10218660849352	138.08070936260884	1960	7.5	mg/kg	4	240	58.07	8.499	2		42.33	91.69	0.043	
3949	(岡谷市)	(岡谷市湊)	長野県	36.028054816524104	138.07777388688623	1974	33	mg/kg	8.1	290	105	5.65	0.857		5.63	6.75	264.3	
3950	八ヶ岳温泉		長野県	35.968053935186134	138.2549913727672		48.8	mg/kg	7.7		1295	108	41		834.4	1885	281.8	
3951	蔦木温泉	つたの湯	長野県	35.86324210819322	138.27695127780413	1995	37.5	mg/kg			979.8	587.3	8.3		2189	590.6	12.2	
3952	鹿塩温泉	山塩館	長野県	35.58660548717884	138.0563046095269	1965	13.2	mg/kg	8.2	19806	7041	437.7	44.6		11803	4.46	108.3	
3953	鹿塩温泉		長野県	35.58702874200755	138.0563387800394	1970	9.4	mg/kg	7.7	26180	8991	551.1	81.46		15100	3.929	121.4	
3954	鹿塩温泉	塩湯荘	長野県	35.5867365400847	138.05626203183434	1990		mg/kg	7.57	25770	9296	530.5	79.4		15540	4.3	125.7	
3955	小渋鉱泉		長野県	35.54325987267332	138.05979293491674	1983	24.8	mg/kg	9		127	2.1	1.41		430	42	302	
3956	湯オレ鉱泉		長野県	35.50710744773208	138.09776217923624	1983	11.9	mg/kg	9.3		125	1.58	1.26		305	22.1	310	
3957	小瀬戸鉱泉		長野県	35.65864201598778	138.13099253551528	1983	9.2	mg/kg	7	650	234	9.21	2.54		347.2	8.7	97	
3958	たつの	荒神山温泉	長野県	35.96632018578563	137.99212208429898		37.2	mg/kg	7.85		346.4	7.4	2.2		34.7	1.4	908	
3959	さくらの湯		長野県	35.83919035304955	138.06081629206128		34.5	mg/kg			121.3	1.5	0.3		4.2	1.9	160.2	
3960	(松本市)	(松本市穴沢)	長野県	36.332504679915154	138.00236101448473	1970	9.5	mg/kg	7.9	219	20.9	42.19	10.01		8.601	22.99	168.3	
3961	美ヶ原温泉		長野県	36.24472242992497	138.00500179050584	1957	43.4	mg/kg	8.5	530	81.38	63.97	0.851		28.59	228.3	28.98	
3962	美ヶ原温泉	御母家温泉第3源泉	長野県	36.249722049781724	137.99722234806472	1961	42.9	mg/kg	8.6	538	97.05	49.6	5.232		62.39	235.3	35.45	
3963	美ヶ原温泉	里山辺温泉2号	長野県	36.24760652341878	138.00126690156418	1964	41.5	mg/kg	8.1	411	69.47	30.39	11.69		9.925	175.9	105.98	
3964	美ヶ原温泉		長野県	36.24752501159577	138.00110035610322	1970	26.3	mg/kg	7.5	639	136.9	57.26	7.001		17.41	304.2	159.5	
3965	美ヶ原温泉		長野県	36.24759044144999	138.0011847302509		44.3	mg/kg	8.7	404	101.8	21.3	0.06		27.3	202.5	22.1	
3966	美ヶ原温泉	ニューことぶき	長野県	36.24600990602218	138.0012787441741		42.2	mg/kg	8.6		89.2	32.4	0.02		25.4	210	23.8	
3967	扉温泉	檜の湯	長野県	36.184505626843574	138.0853742610102		40.5	mg/kg	9.3	675	111.4	92.4	0.03		9.1	423.5	8	
3968	扉温泉	霞山荘 日本観光㈱	長野県	36.21861371456944	138.04389849621882	1965	14	mg/kg	5.9	2493	123.8	486.8	60.82		225.8	116.2	289.5	
3969	崖ノ湯		長野県	36.152530754336865	138.0139867085003	1971	1.5	mg/kg	8.3	472	9.195	79.28	36.06		7.708	121.9	252.4	
3970	戸倉温泉		長野県	36.484149940088614	138.14384406412503	1971	39.1	mg/kg	8.8	550	161.9	27.81	0.901		183.6	92.46	49.71	
3971	戸倉温泉	ささや	長野県	36.483667063473504	138.14231134624532	1957	44.5	mg/kg	8.1	361	93.91	12.79	0.07		96.49	50.59	52.72	
3972	戸倉温泉	笹屋ホテル	長野県	36.48372784591516	138.1423575884152	1964	42.3	mg/kg	8.7	304	71.38	13.06	8.116		58.85	8.113	78.04	
3973	戸倉温泉		長野県	36.48403033116284	138.14391624390478	1962	37.7	mg/kg	8.8	405	80.26	26.45	13.82		99.27	127.4	29.26	
3974	戸倉温泉		長野県	36.483890578324335	138.14364687408607	1970	39.3	mg/kg	8.8	527	133.5	20.31	0.122		138	66.39	39.89	
3975	戸倉温泉		長野県	36.48425656490955	138.1436018712067	1965	34.2	mg/kg	8.8	349	57.31	39.79	1.86		86.5	40.28	81.88	
3976	戸倉温泉		長野県	36.48555716031351	138.15056126748183	1967	36.6	mg/kg	8.9	442	141.6	17.73	0.927		120.6	115.1	52.89	
3977	戸倉温泉		長野県	36.484082354331235	138.1436370640611	1969		mg/kg	8.3	471	126	27.49	0.693		127.5	82.08		
3978	新戸倉温泉		長野県	36.484977024105916	138.1485007343731		46.8	mg/kg	8.75	428	126.4	12.5	0.09		121.3	34.5	72.5	
3979	新戸倉温泉	新戸倉温泉観光開発㈱	長野県	36.484935592230535	138.14861036863212	1968	36.6	mg/kg	8.5	498	149.6	21.67	0.134		146.6	106.2	50.12	
3980	上山田温泉		長野県	36.4811165243831	138.14330212226776	1962	42.6	mg/kg	6.9	855	276.2	15.19	1.199		368.5	9.77	153.3	
3981	上山田温泉	清風園1号	長野県	36.48110858792384	138.1433013982172	1957	41.7	mg/kg	8	435	120	21.72	0.005		132.2	81.87	40.15	
3982	上山田温泉	清風園2号	長野県	36.481154847323204	138.1438098945531	1957	46.9	mg/kg	8.2	471	128	21.72	0.004		142	87.21	46.92	
3983	上山田温泉	円山荘	長野県	36.48014900010456	138.14388212415716	1957	38	mg/kg	8	370	97.03	13.33	1.415		98.39	50.47	66.57	
3984	上山田温泉	20号泉	長野県	36.48111605319216	138.14334890811384	1959	37	mg/kg	8.6	462	103.9	13.66	3.485		133.4	68.56	28.08	
3985	上山田温泉	第22号泉	長野県	36.48109649836377	138.14331519169576	1956	50	mg/kg	8.8	586	148.7	21.31	0.598		178.6	64.86	66.69	
3986	上山田温泉	第23号泉	長野県	36.48111180053722	138.14332287346866	1956	46	mg/kg	8.8	380	109.6	5.328	1.108		103.6	57.46	59.8	
3987	上山田温泉	31号泉	長野県	36.48111424055594	138.14334449498804	1972	40.8	mg/kg	8.8	243	74	8.048	0.496		59.39	24	100.6	
3988	上山田温泉	33号泉	長野県	36.4722258295725	138.14251444797324	1971	30.1	mg/kg	9.1	344	111	7.676	0.25		137.4	30.5	44.63	
3989	上山田温泉	35号泉	長野県	36.469998076277946	138.15249352616766	1972	40.4	mg/kg	8.7	443	115	24.57	2.924		115.8	166	48.95	
3990	戸倉温泉	笹屋	長野県	36.48363591503963	138.1422569057341	1966	44	mg/kg	8.6		80.5	15	0.8		66	66	85.4	
3991	戸倉温泉	観世花屋	長野県	36.48194287762711	138.150274831181	1966	47.9	mg/kg	8.6		158	27.7	0.5		206	120	47.4	
3992	上山田温泉	円山荘	長野県	36.48016911324267	138.1438909818057	1967	41.1	mg/kg	8.7	281.5	80.6	10.7	6.81		68	45.1	95	
3993	上山田温泉	20号	長野県	36.48113319077405	138.14331959040337	1967	33.4	mg/kg	8.5	375.5	104	18.5	11.8		97	70.8	99.5	
3994	上山田温泉	23号	長野県	36.48113144480804	138.14331145962882	1967	42	mg/kg	8.9	297.5	89.2	8.3	4.96		71.5	52.5	89.9	
3995	稲荷山温泉		長野県	36.53657464370454	138.10739597768261	1955	23.1	mg/kg	7.8	728.4	143.1	87.08	1.141		238.9	111.7	107.6	
3996	上平島温泉	びんぐし湯さん館	長野県	36.44215240463298	138.16777967677749		45	mg/kg	8.9		120.3	61.7			92.2	242.5		
3997	蓼科温泉	栂の湯	長野県	36.05566039374468	138.26427285999185	1978	32	mg/kg	4	756	164	28.93	7.333		203.9	182		
3998	蓼科温泉	親湯	長野県	36.061594027488944	138.2726523337576	1983	29.5	mg/kg	3.6	554	104	20.4	8.9		157.9	142.4	7.3	
3999	蓼科温泉	滝の湯	長野県	36.05926219375277	138.265667745697	1980	25.3	mg/kg	4.6	502	103.5	18.96	6.82		138.2	111		
4000	鹿山の湯	蓼科高原スパリゾート蓼科高原温泉1号井	長野県	36.069545880227665	138.25233247986074	1999	34.3	mg/kg	8.1	610	157.4	12.3	15.2		34.2	45	462.2	
4001	奥蓼科温泉	明治湯	長野県	36.03777748387424	138.2961089803852	1980	24.2	mg/kg	4	502	88.25	22.75	11.92		108.8	182		
4002	奥蓼科温泉	明治上湯	長野県	36.03777898634117	138.2961145189925	1980	22.2	mg/kg	3.9	606	94	23.39	13.07		117	189		
4003	渋川温泉		長野県	36.04012914305306	138.29909276008814	1965	19.5	mg/kg	4.2	471	74.91	24.38	3.696		131.9	120.3	1.831	
4004	奥蓼科温泉	渋鉱泉辰野館	長野県	36.036110636227924	138.32860890182548	1980	16.4	mg/kg	3	430	65	13.96	3.764		88.29	134.6		
4005	渋御殿湯		長野県	36.036109713334845	138.32860656722073	1957	28.2	mg/kg	2.7	545	90.61	20.84	6.83		130.8	96.35		
4006	奥蓼科温泉	渋御殿湯	長野県	36.03611005129985	138.3286069388044	1980	26.3	mg/kg	3	513	91	20.37	5.24		149	152.4		
4007	渋長寿の湯		長野県	36.03611027759098	138.32860722130536	1965	32	mg/kg	3.3	749	149.1	28.48	18.06		177.2	253.6		
4008	奥蓼科温泉	渋長寿湯	長野県	36.03611380131944	138.3286218949492	1980	31.1	mg/kg	2.8	736	123	21.28	6.48		182.6	200		
4009	渋つるの湯		長野県	36.03611268861636	138.32861667400476	1965	21.2	mg/kg	3.7	396	48.58	22.06	7.814		46.44	158.8		
4010	渋の湯		長野県	36.036113651453974	138.32862107924169	1957	29.8	mg/kg	2.8	585	82.68	19.56	7.609		132.8	90.25		
4011	奥蓼科温泉	渋の湯ホテル	長野県	36.036110362409254	138.32860747385152	1980	27.2	mg/kg	3	606	98	21.13	5.12		141.8	192.6		
4012	奥蓼科温泉	渋川温泉ホテル	長野県	36.04015064495997	138.29917508587715	1980	19.5	mg/kg	4	475	55	22.04	6.207		74.46	142.6		
4013	横谷温泉		長野県	36.03568260505266	138.27752756870612	1980	18.2	mg/kg	5.4	903	132	40.21	28.6		156.4	259.2	112.5	
4014	明治温泉		長野県	36.03777262215822	138.29609129244713	1965	23.5	mg/kg	3.5	568	96.42	23.88	14.39		49.6	325.9	0.702	
4015	(茅野市)	塩沢区長	長野県	36.03473889389765	138.1951139630964	1963	26	mg/kg	6.9	2024	230.9	255.7	39.23		84.93	554.8	756.6	
4016	河原温泉		長野県	35.99523284971925	138.22794621499523	1990	20.9	mg/kg	7.4	296	55.7	18.2	10.1		15.1	63.9	146	
4017	茅野温泉	1号源泉	長野県	36.00365974244924	138.14052008693108	1976	40	mg/kg	9.6	582	220	10.28	0.041		255	132	31.73	
4018	茅野温泉	2号源泉	長野県	36.00365801344189	138.14043691831873	1976	22.9	mg/kg	9.8	192	54	0.998	0.02		17.02	48.01	24.41	
4019	白樺湖	ビーナス温泉	長野県	36.10427433691236	138.23812268635834	1992	61.6	mg/kg	6.6	4615	1177	326	13.3		1033	1606	497.6	
4020	(茅野市)	三室平1号	長野県	36.055555002606	138.26416336995783	1969	87	mg/kg	2.8	2183	610.7	71.76	20.04		768.4	554.8		
4021	(茅野市)	三室平2号	長野県	36.05555700313612	138.26417123046238	1964	80.5	mg/kg	2.7	1750	401.2	66.81	18.09		690.1	246.6	0.037	
4022	(茅野市)	三室平5号	長野県	36.05555809344857	138.26417370853392	1969	85	mg/kg	2.9	1990	495.6	55.4	20.91		662.1	469.2		
4023	(茅野市)	三室平6号	長野県	36.055621639512204	138.26435420217408	1969	90.5	mg/kg	2.8	2236	587.7	73.06	24.92		769.7	528.8		
4024	(茅野市)	三室平7号	長野県	36.05555522442073	138.26416308654407	1969	89.8	mg/kg	2.7	2236	511.1	62.68	22.26		731.5	401.3		
4025	(茅野市)	三室平8号	長野県	36.055594721992854	138.26424283957653	1969	88	mg/kg	2.7	2080	483.1	58.91	22.38		704.7	394.5		
4026	(茅野市)	三室平9号	長野県	36.05555489674537	138.26416207263205	1975	83	mg/kg	3.2	2439	454.2	34.65	18.99		538.9	623.7		
4027	(茅野市)	三室平10号	長野県	36.05555376031234	138.2641585284078	1980	79.5	mg/kg	2.9	1730	423	60.94	9.111		573	406		
4028	(茅野市)	小三室新2号	長野県	36.05560957950927	138.264295868059	1992		mg/kg	4.09	834	175.8	30.1	10.5		260.8	190.5		
4029	別所温泉	1号泉	長野県	36.349937468700595	138.15684793333466	1967	40.7	mg/kg	8.7	275	73.2	17.6	7.69		39.4	104.5	27.1	
4030	別所温泉	2号泉	長野県	36.34994859125283	138.15706153105393	1967	45.3	mg/kg	8.7	301	84.2	7.5	0.78		26.7	81.3	62.2	
4031	別所温泉	3号泉	長野県	36.34997862466853	138.15695899208765	1968	49.2	mg/kg	8.9	284	76.98	12.48	0.243		44.79	97.55	42.21	
4032	独鈷温泉	竜の湯	長野県	36.33410009013064	138.17678622247965		20.5	mg/kg	8.97	238	78.5	6.2	0.09		35.6	16.2	110.4	
4033	室賀温泉	ささらの湯	長野県	36.40832557172341	138.14984895645927	1992	50.2	mg/kg	9.3	278	94.8	1.3	0.1		46.5		103.5	
4034	布引温泉		長野県	36.329125522595575	138.39721294703455		41.8	mg/kg			472	89.7	8.03		719.4	15.19	263.6	
4035	小諸温泉		長野県	36.328598114850344	138.41938848209128		41.6	mg/kg	8.22	559	188	9	1.9		119.8	1.6	288.9	
4036	湯の瀬温泉		長野県	36.30196946873749	138.4217517768948	1971	30.9	mg/kg	5.6	1815	509.2	114.3	61.21		602.4	2.227	1018	
4037	菱野温泉	1	長野県	36.363941767260414	138.44815642048295	1969	14.5	mg/kg	6.8	294.5	35.2	34.3	18.8		5.7	1.7	287.2	
4038	菱野温泉	2	長野県	36.36391587825164	138.4481239556503	1969	14	mg/kg	6.9	269.5	26.3	33.9	19.1		5.7	4.5	260.3	
4039	(佐久市)	(佐久市平賀)	長野県	36.229167289772604	138.4844464463285	1951	15	mg/kg	6.5	193.1	3.6	25.5			8.1	20.9		
4040	美笹温泉		長野県	36.19019477501494	138.40120821706125		57	mg/kg	7	18030	6357	263.4	54.9		8581	2137	925.9	
4041	一萬里温泉		長野県	36.254169825309674	138.48001065528243		38.4	mg/kg	6.67	6884	2075	221.6	205.7		3638	1.2	1225	
4042	初谷温泉		長野県	36.22430119167262	138.6027292336978	1958	3	mg/kg	6.2	5832	2176	108.5	77.1		2469	439.7	1794	
4043	あさしな温泉	穂の香乃湯	長野県	36.26653925181508	138.3969325665577		29.6	mg/kg	7.9	924	229	53.7	11.4		437.7	10.9	106	
4044	星野温泉	2号泉	長野県	36.36518511087647	138.58962100663246	1966	29.6	mg/kg	7.6		192	29.1	28.4		143	44	512.54	
4045	星野温泉	3号泉	長野県	36.3652387041413	138.58981030011796	1963	34.9	mg/kg	7.3	1247	313.2	75.11	36.55		201.9	207.9	657.8	
4046	星野温泉	5号井	長野県	36.365115810641505	138.58981172387178	1965	47.5	mg/kg	7.7	1376	294.1	22.21	23.49		161.5	14.39	707.2	
4047	星野温泉	5号井	長野県	36.36512483902159	138.5896433733527	1966	46.5	mg/kg	7.5		285	21.8	23.5		177	18	683.39	
4048	星野温泉	6号井	長野県	36.365167521727884	138.589720144572	1966		mg/kg	7.3		395	32.6	46.4		282	121	857.29	
4049	星野温泉	7号井	長野県	36.365234856739725	138.58963551549945	1966	42.9	mg/kg	7.3		150	22.2	17.7		59		535.73	
4050	小瀬温泉	蓬莱館	長野県	36.38999112278425	138.6146592669677	1969	32.5	mg/kg	7.5	5190	128	14	7.2		22.7	32.9	339.4	
4051	塩壺温泉	1号	長野県	36.36648425571634	138.5885567065026	1969	28	mg/kg	7.4	1230.5	372	55	45.4		192.2	199.2	638.9	
4052	塩壺温泉	2号	長野県	36.36646104761913	138.58869578916693	1969	24.5	mg/kg	7.1	794	173.5	41.3	32.5		117.1	155.8	373.9	
4053	塩壺温泉	3号	長野県	36.366419803409265	138.58865339539858	1969	33	mg/kg	7.4	1072	262	43.9	34.9		162.5	152.7	587.6	
4054	塩壺温泉	4号	長野県	36.36652182822676	138.58841120436298	1969	33	mg/kg	7.2	1189	318	49.5	53.2		197.9	210.7	681.2	
4055	千が滝温泉		長野県	36.367015100042	138.58429791724254	1969	20	mg/kg	6.4	3320	157.5	261.3	352.2		469.6	1129.2	845.8	
4056	軽井沢	千が滝温泉	長野県	36.36694693595128	138.58415534707774	1998	48.9	mg/kg			183	26.6	16.8		94.8	13.1	513.8	
4057	(軽井沢町)	(軽井沢町長倉)	長野県	36.357108916943915	138.58583948079843	1966	24.4	mg/kg	7.5	334	59.49	25.95	10.9		77.65	5.622	158.8	
4058	(軽井沢町)	(軽井沢町長倉)	長野県	36.35697026018983	138.5859696041832	1967	15.6	mg/kg	6.4	241	22.89	23.13	10.25		29.45	28.29	83.39	
4059	ゆうすげ温泉		長野県	36.34361937356275	138.5741807642417	1970	34.1	mg/kg	8	1667	457.5	65.21	35.42		424.5	112.3	734	
4060	布引観音温泉		長野県	36.336185065782374	138.37315148217695		47	mg/kg	7.8	1586	528.9	55.9	1.64		814.5	13.5	140.4	
4061	布引温泉	御牧乃湯	長野県	36.33469985272241	138.36037752213147		59	mg/kg	7.9	2697	884.5	131.3	3.2		1445	41	73.7	
4062	信州八重原温泉		長野県	36.3252617919228	138.32548202586477		56.3	mg/kg	7.6	5532	1543	453.4	4.1		3154	36.1	38.5	
4063	(御代田町)	(御代田町御代田)	長野県	36.32337201642197	138.51689659161673	1965	19.2	mg/kg	7.3	1805	286.5	117.2	63.5		175.6	165.8	973.8	
4064	春日湯沢	1	長野県	36.1954510030514	138.33516002681165	1967	25.1	mg/kg	9.2		30	0.2			4	1.4	69.56	
4065	春日湯沢	2	長野県	36.1954336883898	138.33528876176078	1967	23.9	mg/kg	9.2		31	0.5			2.5	1.1	64.08	
4066	田沢温泉		長野県	36.36919170216062	138.10466164504308	1961	36.1	mg/kg	9	230	70.6	4.556	4.442		73.75	19.13	38.76	
4067	田沢温泉		長野県	36.36921106415275	138.1045528352835	1961	49.2	mg/kg	8.8	245	69.08	4.556	4.442		77.99	19.99	56.78	
4068	田沢温泉	1号	長野県	36.369146475385485	138.1045873869217	1966	35.9	mg/kg	9.2		45	4.1	0.3		33	38.7	41.49	
4069	田沢温泉	2号	長野県	36.36921115089165	138.10461714636327	2000	40.2	mg/kg	9.3	186	56.6	3.9	0.02		38.9	21	26.3	
4070	沓掛温泉	3号泉	長野県	36.34914355267005	138.11408407426973	1998	39.5	mg/kg			63.4	25.8			38.5	115	6.7	
4071	角間温泉		長野県	36.45351598804505	138.36430122566654	1969	16	mg/kg	5.8	507.5	81.2	50.7	23.3		42.6	1.7	430.5	
4072	渋沢温泉		長野県	36.4894423735252	138.38138322895884		42	mg/kg	8.25	554	189	5.5	2.3		141	2.8	301	
4073	真田温泉	ふれあいさなだ館	長野県	36.44318308861849	138.307710246034		38	mg/kg	8.88	774	242.3	31.6	0.06		303.5	23.8	14.9	
4074	千古温泉		長野県	36.44019429677468	138.29553701464334	1999	24.4	mg/kg	8.6		139.4	38.7			193.6	54	60.4	
4075	奈良原鉱泉		長野県	36.39332867685865	138.3899017974559	1969	18	mg/kg	6.2	376	39	40.6	25.1		14.2	8.6	348.7	
4076	金原温泉	大田区休養村とうぶ	長野県	36.39866968038798	138.3532853437998		59	mg/kg	7.89		790.5	17.9			967.8	12.3	480.8	
4077	みづほ温泉	湯楽里館	長野県	36.386944266383	138.31805704379582		48.5	mg/kg	8.32	632	211.1	8.1	0.6		166.3	3.3	324.6	
4078	長門温泉	やすらぎの湯	長野県	36.27465773173457	138.25707049090346	1996		mg/kg	7.98	1477	408.1	44.6	14.8		18.4	862.5	172.1	
4079	霊泉寺温泉		長野県	36.29546324609302	138.17315861432314	1967	40.1	mg/kg	8.1	1113	76.6	201.2	141.1		45	671.6	23.7	
4080	大塩温泉	大塩	長野県	36.30200163777452	138.15110833040515	1967	37.2	mg/kg	7.6	781	105	119.4	73.5		79.4	401.6	30.5	
4081	鹿教湯温泉	会社	長野県	36.301193240804565	138.1368651412727	1967	57.6	mg/kg	7.9	641	103	74.6	46.7		77.3	297.1	56.5	
4082	内村温泉		長野県	36.30356226837084	138.13838210452573	1954	46	mg/kg	7.9	690.4	104.822	91.831	2.891		81.533	328.753	22.943	
4083	和田宿温泉	ふれあいの湯	長野県	36.20458454012453	138.2163008361911		40.1	mg/kg	8.14	2751	227.8	590.9	3.5		100	1774	11.6	
4084	稲子湯温泉		長野県	36.04274174820135	138.39888348585873	1999	7.6	mg/kg	4.9	123	4.9	13.5	3.3		2.1	17.3	56.8	
4085	鹿の湯		長野県	36.01338026696709	138.4890670796688		13.8	mg/kg	7.3	1123.5	310	43.2	41.2		160.5	42.2	860.4	
4086	鹿の湯		長野県	36.01338357102828	138.4889827941961	1967	14.8	mg/kg	7.8	1086	318	41.9	40.3		157.2	58		
4087	海ノ口温泉	和泉館	長野県	36.02027717925427	138.48888604075793	1973		mg/kg	6.6	1924	465.1	80.36	96.2		301.7	40.92	1479	
4088	うそ沢絋泉		長野県	36.00951447017238	138.4894403790346	1971	17.8	mg/kg	7.7	287	48.8	10.32	11.36		10.17	27.2	159.4	
4089	本沢温泉		長野県	36.01172877828744	138.3728824353833	1968	51	mg/kg	6.6	3440	323.2	389.8	163.6		47.44	1521	933.9	
4090	本沢	3号泉	長野県	36.01171784616337	138.37293651039028	1972	31.4	mg/kg	6.6	2549	125.7	420.1	122.8		14.9	1236	661.5	
4091	本沢	6号泉	長野県	36.01168198880905	138.37291018679892	1972	47.3	mg/kg	7.7	2898	293.2	413.3	136.2		69.96	1555	685.9	
4092	本沢	9号泉	長野県	36.01169492076899	138.3730011099431	1972	38.6	mg/kg	7.5	4871	886.2	278.7	169.4		32.7	2536	958.3	
4093	熱海温泉	真の湯古屋旅館	静岡県	35.097775531763965	139.0744347037371	1992	85.2	mg/kg	8.6	2342	531	198	2		1020	240	16.6	
4094	熱海温泉	ニューフジヤホテル安保湯	静岡県	35.096664718255205	139.07415850451764	1980	91	mg/kg	7.9	9836	1913	1076	3.6		4848	210.5	26.7	
4095	熱海温泉	国立熱海病院	静岡県	35.103056586917056	139.08305826726294	1965	71.5	mg/kg	8	19347	3569	2540	359		10146	1382	60.65	
4096	熱海温泉	大野屋2号	静岡県	35.09055657975059	139.07333469940923	1967	50	mg/kg	7.6	16132	2905.76	2611.2	31.49		8317.87	630.31	42.5	
4097	熱海温泉	熱海市	静岡県	35.10027674479865	139.0666603484341	1969	74.3	mg/kg	7.4	2913	595	326.3	13.3		1550.7	52	34.6	
4098	熱海温泉	錦が丘土地	静岡県	35.10416663317164	139.05944242217402	1964	50.5	mg/kg	8		20.1	45.7	5.3		79.7	35.4	56	
4099	熱海温泉	東京電力牡丹荘	静岡県	35.098607627666155	139.07220873674154	1975	62	mg/kg	7.8	3341	425	560	3.3		1039	905.3	28.6	
4100	熱海温泉	成瀬湯	静岡県	35.09777719723388	139.070829632539	1964	57	mg/kg	7.6	2150.5	281.5	353.6	3.1		403.9	890.3	25.9	
4101	熱海温泉	フジパン健康保健組合	静岡県	35.1047214019323	139.07416324825283	1979	72	mg/kg	8	3106	457.1	490.4	0.5		1045	640.5	42	
4102	熱海温泉	大月ホテル	静岡県	35.097777459233285	139.07527630199564	1969	93	mg/kg	6.9	9376.5	1580	3066.3	26.6		5265.2	305	37.2	
4103	熱海温泉	東海企業(株)	静岡県	35.0977773827209	139.07499704305636	1969	85	mg/kg	8.1	10376.5	835	2373.3	13		5382.5	791.6	49.2	
4104	熱海温泉	西熱海ゴルフ場新興1号泉	静岡県	35.10916736453288	139.05194522919953	1979	44.5	mg/kg	7.4	1519	132.1	307.2	1.4		95.3	877.4	28.5	
4105	熱海温泉	大野屋源泉	静岡県	35.09138684865141	139.07304679327495	1967	50	mg/kg	8.1	5658	693.18	500.4	14.657		1581.69	386.27	46.357	
4106	熱海温泉	東山洞温泉	静岡県	35.103889581882505	139.08250199671352	1972	58	mg/kg	8	27528	6488	2359	644.9		14979	1709	70.96	
4107	熱海温泉	荒見場温泉	静岡県	35.10111096397968	139.07944341372036	1973	72.5	mg/kg	8.3	21608	4702	1881	504.9		10413	1514	56.83	
4108	熱海温泉	さくらや旅館	静岡県	35.10111386057799	139.0775106383969	2004	60	mg/kg	7.8		1458	1667	23.1		4864	742.6	27.2	
4109	伊豆山温泉	走り湯	静岡県	35.11111250020941	139.08611694914032	1972	66.5	mg/kg	7.8	13094	1635	2770	107.4		6718	965	37.04	
4110	伊豆山温泉	倉沢温泉	静岡県	35.10833117789432	139.08443591958468	1973	50	mg/kg	7.6	12120	160.4	4647	123.7		8854	571.6	43.12	
4111	伊豆山温泉	伊藤園芸	静岡県	35.109165853455394	139.08110655240569	1964	63.8	mg/kg	8.4	1839	284.7	245.3	10.3		464.1	576.9	35.93	
4112	伊豆山温泉	さつき温泉	静岡県	35.10805721707897	139.083338340742	1979	72	mg/kg	8	1859	323.7	251.3	0.5		443.7	629.3	46.3	
4113	伊豆山温泉	青木温泉	静岡県	35.110558002125465	139.08250748886235	1975	67	mg/kg	8.4	1917	360.2	230.1	1.201		563.2	550.4	42.37	
4114	伊豆山温泉		静岡県	35.111944094342334	139.0802793519345	1964	60	mg/kg	4.6		123	127.7	13.3		149.6	441.1	3.1	
4115	伊豆山温泉	岩間荘	静岡県	35.11499818387268	139.0838818352476	1979	56	mg/kg	7.5	1994	240.3	365.5	1.2		287.9	1048	20.1	
4116	伊豆山温泉	桃李境	静岡県	35.11360886922714	139.0830478836965	1976	56	mg/kg	3.2	1731	244	204	4.3		277.1	845		
4117	伊豆山温泉	坂西温泉	静岡県	35.113612297207	139.08167166013075	1976	60	mg/kg	3.6	1650	210	220	6.299		243	780.6	0.141	
4118	伊豆山温泉		静岡県	35.11222140005013	139.08332950214745	1964	36.2	mg/kg	7.9		2750	2596.4	325.4		9076.9	1177.7	68.7	
4119	伊豆山温泉	水明荘	静岡県	35.11110943022727	139.08138236207475	1969	68.5	mg/kg	8.3	12177	1650	2271	73.2		5867.3	1011.3	37.8	
4120	伊豆山温泉	後藤ほか	静岡県	35.11500013944078	139.0788898691152	1973	63	mg/kg	6.1	1989	324	217.3	4.984		332.4	850.4	8.259	
4121	伊豆山温泉	明星温泉	静岡県	35.119166145573196	139.09638545952282	1964	55	mg/kg	4.2		114	135.7	12.1		141.8	436		
4122	伊豆山温泉		静岡県	35.11221941710875	139.08193414697297	1964	66.2	mg/kg	4.2		290	243.5	23.1		338.6	856.3		
4123	伊豆山温泉	矢吹温泉	静岡県	35.112503777861164	139.08112616606678	1977	53	mg/kg	4.65	985	140.3	150.3	5.31		151.4	486.1	0.284	
4124	伊豆山温泉	浅間観光	静岡県	35.116112897137015	139.0830640706406	1973	62	mg/kg	7.6	973	150.3	139.3	0.391		143.6	436.6	38.83	
4125	伊豆山温泉	電々公社	静岡県	35.10666687838883	139.0844430376113	1969	57	mg/kg	8.3	31550	7980	1623.7	865.2		15697.3	2331	98.9	
4126	伊豆山温泉		静岡県	35.11944357071305	139.0963884789938	1964	59	mg/kg	4.5		247	207.6	23.1		283.7	746.9		
4127	伊豆山温泉		静岡県	35.11416644318035	139.07999843003174	1964	55	mg/kg	8		382	368.9	8.7		773	720.1	37.5	
4128	伊豆山温泉	熱海温泉	静岡県	35.11332915791412	139.07692894787678	1969	34	mg/kg	6.6	801.5	100	122.9	12.2		91.9	323	21.5	
4129	伊豆山温泉		静岡県	35.114167415796445	139.0783342390103	1966	55	mg/kg	7.2	1352	200.5	204.6	8.831		215.8	607.7	19	
4130	伊豆山温泉	日本ビクター伊豆山荘	静岡県	35.109443343187586	139.0819416588745	1976	63	mg/kg	8.4	1785	300.2	257.2	0.3		397.5	664.8	44.47	
4131	伊豆山温泉	資生堂	静岡県	35.116946485580044	139.0736214385747	1965	74.5	mg/kg	8.2	1966	326.5	238.8	9.989		365.7	806.5	43.14	
4132	伊豆山温泉	三井不動産(株)	静岡県	35.11944306200257	139.07971823253166	1978	56	mg/kg	8.1	2228	260.3	355.5	0.24		259	1105	26.57	
4133	伊豆山温泉	日本石油温泉	静岡県	35.11500062295081	139.0797240882925	1979	73	mg/kg	7.8	2002	300.4	310.4	0.4		317.9	923.6	37.8	
4134	伊豆山温泉	第2走り湯	静岡県	35.11055626433127	139.0852792605932	1966	68.5	mg/kg	8.1	12068	1372	2427	82.1		6532	714.7	31.13	
4135	伊豆山温泉	住友温泉	静岡県	35.11833404664149	139.09667040213796	1979	53	mg/kg	4.8	1489	225	210.4	8.2		282.7	642.4	9.8	
4136	伊豆山温泉	有楽七尾2号泉	静岡県	35.12194190721217	139.07943645580173	1976	27.5	mg/kg	9.8	2333	394.9	292.9	0.44		42.61	1356	35.21	
4137	伊豆山温泉	(株)東管	静岡県	35.130836057353946	139.10723378017025	1979	31.3	mg/kg	7.7	27570	7550	627.8	896.1		13618	1782	124.1	
4138	伊豆山温泉	権現の湯	静岡県	35.110903161069345	139.0858419384099	1957	48	mg/kg	8.1	440	19.04	88.33	8.155		78.1	121.1	76.25	
4139	伊豆山温泉	坂西温泉	静岡県	35.11361381173833	139.08306646704466	1963	58.7	mg/kg	4.2	1584	183.6	235.5	13.81		277.8	659	0.122	
4140	伊豆山温泉	梛の湯	静岡県	35.11611064017162	139.08277581975645	1963	66	mg/kg	4.3	1949	227.3	292.6	16.14		336.9	837.2	0.11	
4141	伊豆山温泉	吾妻温泉	静岡県	35.114445213656424	139.07667154914193	1969	61	mg/kg	7.1	1968	332.6	215.5	27.1		323.5	807	115.3	
4142	伊豆山温泉	東南商事1号源泉	静岡県	35.11888800776901	139.06055358518773	1970	43.5	mg/kg	8	2346.6	72.14	581.6	25.97		8.287	1440.5	46.69	
4143	宇佐美温泉		静岡県	35.00499859754484	139.0799955860657	1960	43.5	mg/kg	8.8	2887	259.1	626.2	8.297		290.9	1658	26.3	
4144	宇佐美温泉		静岡県	35.007221569555995	139.08138708173337	1968	52.5	mg/kg	8.4	3708.3	446.43	655.1	35.21		1012.6	980	20.91	
4145	伊東温泉	岡の共同湯	静岡県	34.96583124986595	139.09249309627495	1951	49.5	mg/kg	7.3	1579.2	442.5	53.68	21.43		537.1	337.4	37.89	
4146	伊東温泉		静岡県	34.96583318640802	139.0911126952349	1960	55	mg/kg	8.2	1354.4	272.4	160.1	4.179		417.5	375.8	29.96	
4147	伊東温泉		静岡県	34.96694399047824	139.08944464002298	1951	54	mg/kg	8.3	750.8	100.63	116.28	24.787		123.965	195.918	103.059	
4148	伊東温泉		静岡県	34.96694291631555	139.08943944857515	1960	54.3	mg/kg	8.2	1732	299.2	248.7	17.41		595.7	484.3	19.87	
4149	伊東温泉		静岡県	34.96777719217028	139.08860761800827	1959	50	mg/kg	7.7	1434	254.4	192.4	2.287		306.2	575.4	20.77	
4150	伊東温泉	岡第207号泉	静岡県	34.962502401878	139.08889799402584	1957	55	mg/kg	8.4	801	157.4	70.79	10.51		187.2	236.8	38.46	
4151	伊東温泉		静岡県	34.966387210656656	139.08554815831712	1960	53.2	mg/kg	8	712.6	138	69.44	1.777		71.63	336.4	36.88	
4152	伊東温泉		静岡県	34.9655571661141	139.08972592182238	1952	50.7	mg/kg	8.4	727.6	246.461	37.152	25.556		299.026	320.723	20.989	
4153	伊東温泉		静岡県	34.96527430335854	139.08776395466285	1973	55	mg/kg	8.4	760	158.4	30.39	0.291		71.48	346.3	53.49	
4154	伊東温泉		静岡県	34.96333425160174	139.0886154257573	1952	56	mg/kg	8.12	806	178.6	74.3	1.25		77.1	354.8	57.5	
4155	伊東温泉		静岡県	34.960555518531926	139.08638728987881	1961	51	mg/kg	8.3	478.1	82.88	47.96	0.005		96.16	139.5	31.71	
4156	伊東温泉		静岡県	34.96221922012918	139.08748973732023	1954	52	mg/kg	8.4	808	102.9	99.06	7.97		101.3	353.2	37.2	
4157	伊東温泉		静岡県	34.96639070319496	139.08417476255013	1958	52	mg/kg	8	820.2	133.8	98.68	0.582		120	345.6	32.58	
4158	伊東温泉		静岡県	34.958336263472916	139.0939008694911	1963	46.7	mg/kg	8.6	455.6	113	22.44	1.473		68.89	180.6	42.12	
4159	伊東温泉		静岡県	34.95722685447184	139.09279742811373	1970	49.5	mg/kg	8.3	299.7	72.67	13	0.448		32.51	105.4	43.25	
4160	伊東温泉	三幸園	静岡県	34.95721831915011	139.08692888167488	1971	47	mg/kg	8.8	202.5	56.01	6.94	0.211		20.45	65.2	54.54	
4161	伊東温泉		静岡県	34.957778997312516	139.08583802836336	1972	50	mg/kg	8	696.7	156.3	42.21	0.066		78.98	346	43.46	
4162	伊東温泉		静岡県	34.95638999605037	139.08611568315675	1956	49	mg/kg	8	721	75.41	83.69	1.82		92.25	299.9	33.06	
4163	伊東温泉		静岡県	34.95889098135684	139.0872317717229	1952	47.5	mg/kg	7.7	666	127.7	68.6	3.5		69.15	310.4	54.2	
4164	伊東温泉		静岡県	34.95916593239658	139.08749644397216	1959	50	mg/kg	8.1	698.8	144.7	64.08	1.22		78.04	348.7	24.56	
4165	伊東温泉	大和館福寿の湯浴槽	静岡県	34.97000260992886	139.0941764749651	2004	47	mg/kg	8.8		115.8	43.6			54.8	254.7	12.9	
4166	伊東温泉	丸善建設(株)	静岡県	34.95861371304344	139.08695462565504	1970	49	mg/kg	8	772.9	157.7	68.26	0.535		33.86	403.8	41.68	
4167	伊東温泉		静岡県	34.956665874081466	139.08638440658217	1964	49.5	mg/kg	8.4	513.9	94.09	37.3	4.159		53.01	218.4	34.31	
4168	伊東温泉		静岡県	34.97194183931581	139.0988798787252	1952	42.7	mg/kg	7.4	8310	2308	270	188.7		4034	737.4	87.5	
4169	伊東温泉		静岡県	34.97277784928428	139.09083277622352	1954	41.2	mg/kg	7.5	27578	7187	1379	409.1		16826	1920.8	93.03	
4170	伊東温泉		静岡県	34.97222641508738	139.0905744221154	1952	42	mg/kg	7.3	8718	2061	538.6	242		4249	810.8	65	
4171	伊東温泉	清泉郷	静岡県	34.98000211880847	139.0930654960376	1952	42.5	mg/kg	8.3	1848	364.8	219.1	25.19		566.2	593.9	28.37	
4172	伊東温泉		静岡県	34.97999958391413	139.09305439283128	1962	44	mg/kg	7	7058	947.2	1511	63.23		3876	592.8	4.631	
4173	伊東温泉		静岡県	34.978335476728816	139.08973033149084	1956	40	mg/kg	7.8	899	162.6	95.47	2.139		219.1	282.3	71.13	
4174	伊東温泉		静岡県	34.9788896658035	139.09055993548046	1965	42	mg/kg	8	938.7	108.5	88.31	6.15		201.9	335.2	26.55	
4175	伊東温泉	パレスホテル	静岡県	34.97555322941168	139.09110012017945		43.1	mg/kg	8.2		820.9	442.3	54.6		1793	464.2	20.5	
4176	伊東温泉		静岡県	34.98000160911145	139.09028443460778	1968	39	mg/kg	8	14893	2184.1	2222.7	435.4		7695	990.9	35.3	
4177	伊東温泉		静岡県	34.976390204284044	139.09194863208822	1960	42	mg/kg	8.2	4673.8	793.8	678.4	91.53		2164	693.5	28.38	
4178	伊東温泉		静岡県	34.97916692445722	139.0880559284071	1967	43	mg/kg	8.4	1017	210.1	110	5.535		267.3	301.6	28.71	
4179	伊東温泉	竜石1号温泉	静岡県	34.9374978908127	139.11999112382836	1970	48	mg/kg	7.6	2415	260	457.7	5.052		7.02	1569.4	36.13	
4180	伊東温泉	第2源泉	静岡県	34.937218179014664	139.1216528807617	1967	51.5	mg/kg	8.4	2257.7	247.824	278.556	6.811		89.381	1035.1	54.13	
4181	伊東温泉	日通不動産(株)	静岡県	34.93833066273837	139.11915833319316	1971	43	mg/kg	7	2310	214.8	457	10.95		137.7	1380	27.76	
4182	伊東温泉	富士急不動産(株)	静岡県	34.94444273578237	139.1191633539894	1971	46	mg/kg	7.8	3072	384.1	566.2	2.718		823.1	1136	23.94	
4183	伊東温泉		静岡県	34.85472377969733	139.08222940470196	1966	43	mg/kg	8.2	439.7	120.5	14.23	0.781		109.2	126.9	36.83	
4184	伊東温泉	小松建設工業(株)	静岡県	34.85889073149878	139.06834007337844	1970	39	mg/kg	8.2	469.7	140.96	17.55	1.103		147.7	109.4	25.89	
4185	泉温泉	清光園	静岡県	35.14387951341679	139.07715647408696	1970	8.5	mg/kg	8.2	368.3	79.19	39.89	1.827		91.12	107	70.8	
4186	泉温泉	新東開発	静岡県	35.1327742813257	139.08081864492587	1969	20	mg/kg	8.4	198.2	59.17	16.75	2.507		10.94	22.77	138.6	
4187	泉温泉	千代田土地	静岡県	35.12846342154371	139.08734289596137	1970	7.8	mg/kg	7.8	177	22.21	27.25	2.469		19.55	22.56	58.98	
4188	泉温泉	翠明館1号	静岡県	35.14478090737034	139.07423721083222	1972	19.4	mg/kg	8	260.7	54.3	25.03	0.101		48.78	71.8	52.88	
4189	網代温泉	大縄温泉	静岡県	35.046109230227934	139.0799919620574	1954	59	mg/kg	8.2	8463.2	2442.6	435.652	141.202		4538.88	528.734	75.396	
4190	網代温泉	網代土地	静岡県	35.04416376974714	139.08415384890336	1967	45	mg/kg	7.4	29518	8826.1	767.6	994.4		16845	2171	94.9	
4191	網代温泉	和田木源泉	静岡県	35.04444454948802	139.08472495401116	1954	53	mg/kg	8.4	23934	6133	1935	564.7		13608	1336	66.43	
4192	網代温泉	松島温泉(網代温泉ホテル)	静岡県	35.04444481136161	139.08472556823028	1962	54.5	mg/kg	8.2	26270	5043	1932	671.2		14447	1362	93.91	
4193	網代温泉	大成館 かもめの湯	静岡県	35.044723039255025	139.08306045157443	1981	57.2	mg/kg	7.5	16750	2728	2852	58		9048	574.8	30.4	
4194	網代温泉	市営和田木代1温泉	静岡県	35.0450028868958	139.0819562465414	1961	54	mg/kg	8.1	6258	1323	748.3	29.4		2780	888.5	48.03	
4195	網代温泉		静岡県	35.048053935643715	139.08943465308698	1980	79	mg/kg	7.2	23240	3301	3834	64		11749	594.7	31	
4196	網代温泉	1号源泉	静岡県	35.04388685296198	139.06554831914366	1973	81	mg/kg	7.8	19650	2838	4648	5.754		11515	530.3	47.3	
4197	網代温泉	松風荘	静岡県	35.033055956844784	139.08166663049695	1971	41.5	mg/kg	9.4	132.5	30.81	2.766	0.16		9.193	7.702	49.38	
4198	網代温泉	大和不動産南熱海和光台2号泉	静岡県	35.04972376759217	139.06695107976947	1975	31	mg/kg	8.2	36770	10457	518	1251		17942	2630	125.3	
4199	網代温泉	大和不動産南熱海和光台第3源泉	静岡県	35.033057841947766	139.081673300404	1975	52	mg/kg	7.6	1664	90.57	268.2	0.1		6.936	850.7	30.09	
4200	熱海温泉	大和不動産	静岡県	35.04972267101498	139.06694600796317	1972	31	mg/kg	7.8	35538	9764	790.9	1133		18786	2643	83.15	
4201	網代温泉	田原源泉	静岡県	35.044442315472075	139.08388332651464	1954	56	mg/kg	8.2	26364.4	9453.736	800.12	55.35		14464.769	2211.936	324.642	
4202	網代温泉	松島温泉	静岡県	35.0444422982035	139.08471618370413	1954	46.5	mg/kg	8.3	31334	8449	1728	849.3		16890	2339	117.3	
4203	網代温泉	網代温泉1号源泉	静岡県	35.04666671309467	139.08027668956734	1985	61.8	mg/kg	7.7		1681	1549	24.9		5114	428.4	26.8	
4204	船原温泉	宝玉の湯	静岡県	34.915324326031545	138.90308727900072	1959	47	mg/kg	8.3	868.2	214.4	55.75	1.918		132.7	370.2	51.06	
4205	湯ヶ島温泉	船原ホテル	静岡県	34.91528041819331	138.90306555891624	1970	60	mg/kg	8.2	1393	305.4	125.1	2.68		223	571.3	38	
4206	船原温泉	木俣の湯	静岡県	34.914722416274174	138.90194569509472	1974	72	mg/kg	7.2	1402	336	67.06	0.798		199.9	549.8	91.02	
4207	船原温泉		静岡県	34.91888654149819	138.90943452942534	1966	25.8	mg/kg	8	577.9	110.5	50.65	3.275		78.33	195.6	92.5	
4208	湯ヶ島温泉	世古上の湯	静岡県	34.886592555044004	138.92172983635237	1974	42.5	mg/kg	6.8	794	118	98.62	3.534		28.02	380.2	52.41	
4209	湯ヶ島温泉	浄蓮の湯	静岡県	34.88694311611317	138.9238864118084	1974	63	mg/kg	7.8	1934	248	236.9	10.56		62.62	1016	27.7	
4210	湯ヶ島温泉	浄蓮の湯(第2)	静岡県	34.88527796138343	138.92333227853746	1974	32	mg/kg	7.5	867	101	109.7	4.108		23.87	405.7	53.51	
4211	湯ヶ島温泉	天城温泉開発利用組合	静岡県	34.88815279667086	138.92532783727205	1974	51	mg/kg	7.2	1717	216	220.5	9.371		41.15	860	31.35	
4212	湯ヶ島温泉	たつた温泉	静岡県	34.887497802671355	138.92721383406072	1974	45	mg/kg	6.86	2213	228	271.6	32.6		48.77	1165	41.37	
4213	湯ヶ島温泉	大滝の湯	静岡県	34.87277925438426	138.9236156404726	1974	46	mg/kg	7.4	2191	220	300.1	15.5		44.37	1225	30.62	
4214	湯ヶ島温泉	湯ヶ島鉱山温泉	静岡県	34.87277882889188	138.92361545940068	1974	37	mg/kg	7.7	279.7	36.43	37.93	1.452		4.272	82.58	101.9	
4215	湯ヶ島温泉	二百枚源泉	静岡県	34.88444530658833	138.91445016499276	1980	49.5	mg/kg	7.6	1264	216.4	167.3	0.2		59.3	749.6	28.2	
4216	天城湯ヶ島温泉	千松閣 千松の湯	静岡県	34.890281194790035	138.92612372582553	1979	46.5	mg/kg	7.8	1546	240.4	258.5	0.16		58.3	855.2	27.6	
4217	月ヶ瀬温泉	聖の湯	静岡県	34.91484496325274	138.92577619127997	1974	47	mg/kg	7.6	672	140	35.32	0.342		37.01	321.8	40.27	
4218	月ヶ瀬温泉	小戸橋の湯	静岡県	34.911867362459255	138.92469654685962	1974	50	mg/kg	7.6	933	220	54.93	0.98		53.62	454.3	33.1	
4219	月ヶ瀬温泉	滝の湯	静岡県	34.918424623507484	138.92468030074866	1974	41.5	mg/kg	8	492	116	23.52	0.889		32.52	199.2	42.48	
4220	月ヶ瀬温泉	慶應義塾大学医学部 滝の湯	静岡県	34.91846007425907	138.92474983677906	1975	42	mg/kg	8.6	560.3	150.3	14.03	0.651		38.2	287.2	34.63	
4221	月ヶ瀬温泉	いで湯友の沢	静岡県	34.90928085925275	138.92016358888057	1974	44	mg/kg	7.7	321	65	17.43	0.479		22.48	116.7	49.1	
4222	新嵯峨沢泉		静岡県	34.90388787343184	138.92360708340684	1974	43.5	mg/kg	7.3	814	188	42.38	0.958		50.16	344.8	57.37	
4223	嵯峨沢温泉		静岡県	34.90468274349173	138.9243770058951	1974	42	mg/kg	7.4	847	208	49.9	0.342		59.84	411.5	58.48	
4224	嵯峨沢温泉	八丁苑	静岡県	34.90138979052335	138.9238927298207	1974	35.5	mg/kg	7.4	1550	260	163.2	0.912		74.42	773.6	37.51	
4225	嵯峨沢温泉	おつきの湯	静岡県	34.89977323727453	138.92369274881912	1974	33.6	mg/kg	7.3	2136	336.1	240.8	0.151		134.2	1105	54.38	
4226	湯ヶ島温泉	大久保源泉	静岡県	34.9066647241097	138.92443618233062	1970	44.5	mg/kg	8.3	1170	298.7	74.42			85.35	689.6	39.85	
4227	嵯峨沢温泉		静岡県	34.90138946881574	138.92444665518445	1968	35	mg/kg	8.3	1622.7	250.7	194.8	4.082		94.61	955.46	17.31	
4228	矢熊温泉		静岡県	34.927498577065954	138.9344366617302	1974	37	mg/kg	8.5	236	46	3.006	0.114		10.38	44.44	57.92	
4229	吉奈温泉	大湯	静岡県	34.904993395017435	138.9137800188982	1974	48.5	mg/kg	7.3	639	130	27.65	0.205		51.54	218.7	56.27	
4230	柿木温泉		静岡県	34.940279439422675	138.91833894849015	1974	26	mg/kg	7.2	3067	520	327.8	4.788		113.1	17.36	22.07	
4231	修善寺温泉	統一第2号泉	静岡県	34.97027518444792	138.92804461239322	1957	69.5	mg/kg	8.4	1024.5	250.9	47.88	1.653		283.3	190.5	113.4	
4232	修善寺温泉		静岡県	34.97139108896782	138.93056498419654	1951	34.5	mg/kg	8.2	391	75.589	70.594	1.618		68.338	214.136	9.16	
4233	修善寺温泉	谷の湯	静岡県	34.9708314891839	138.92749327792197	1950	48	mg/kg	8.3	474.68	143.85	18.338	3.09		84.17	92.47	18.677	
4234	修善寺温泉	磐中泉	静岡県	34.97027781624482	138.92805547051915	1951	68	mg/kg	8.2	1096.1	248.272	70.36	1.934		214.347	240.328	155.281	
4235	修善寺温泉	瑞泉第2号	静岡県	34.96861053064854	138.92749841957865	1957	65	mg/kg	8.4	967.2	238.1	41.22	0.947		251.1	190.6	106.9	
4236	修善寺温泉	雪の湯	静岡県	34.970277549182576	138.92666470807308	1951	75	mg/kg	8.2	1236.8	330.505	46.872	0.661		356.112	286.98	217.726	
4237	修善寺温泉	寿の湯	静岡県	34.97028003724729	138.92834109670895	1950	57	mg/kg	8.2	1149.8	256.43	124.06	2.859		211.73	441.95	144.81	
4238	修善寺温泉	宝の湯	静岡県	34.96861636168374	138.9239092041651	1950	62	mg/kg	8.2	1069.5	332.564	56.367	3.501		268.319	176.076	107.176	
4239	修善寺温泉	三代の湯	静岡県	34.97027557668474	138.92915615654866	1950	64.5	mg/kg	8.2	1915	400.192	77.244	20.483		374.454	381.197	340.579	
4240	修善寺温泉	岩の湯	静岡県	34.96972048722172	138.92749346964794	1950	57.5	mg/kg	8.2	851.7	190.26	57.05	20.85		237.43	204.07	104.55	
4241	修善寺温泉	小山温泉	静岡県	34.969998471152024	138.92416070191774	1957	57	mg/kg	8.3	729.6	79.112	58.461	46.111		235.851	192.816	31.476	
4242	修善寺温泉	蓮華湯	静岡県	34.96944536458452	138.9233383562212	1954	52.5	mg/kg	7.2	146.4	72.336	28.643	0.83		14.184	18.601	62.586	
4243	修善寺温泉	弘法の湯	静岡県	34.97166600784198	138.9261092916101	1958	44	mg/kg	8.3	198.4	48.87	4.188	3.539		29.32	25.51	77.09	
4244	修善寺温泉	桂谷泉	静岡県	34.96750107739019	138.9222268563073	1958	74	mg/kg	8.5	1225	308	60.24	0.102		320.9	296.4	102.6	
4245	修善寺温泉	白井の湯	静岡県	34.97027720259753	138.92277496529792	1960	61	mg/kg	6.1	1236	289.6	94.96	3.424		241.7	494.9	39.96	
4246	修善寺温泉	菊屋小山温泉	静岡県	34.97055661153364	138.9205576350493	1964	63	mg/kg	8.4	882.7	202.8	38.08	6.808		287.8	202.6	3.531	
4247	修善寺温泉	久波多野	静岡県	34.9697248471783	138.92029106040945	1964	65.5	mg/kg	9.4	479.5	139.5	4.92	0.365		96.12	125.5	74.81	
4248	修善寺温泉	弁天1号	静岡県	34.97166591766875	138.9258290036492	1965	52.5	mg/kg	8.4	365.5	88.87	4.953	0.338		70.99	70.1	57.91	
4249	修善寺温泉	修善寺ホテル桂谷荘	静岡県	34.96833016443303	138.9194325951687	1969	59	mg/kg	9	450.8	127.5	2.64	0.53		31.75	125.9	115.1	
4250	修善寺温泉	修善寺温泉組合	静岡県	34.97624984562417	138.9163679834264	1970	48	mg/kg	9.8	371.3	105.2	0.674	0.175		7.197	46.29	127.8	
4251	修善寺温泉	神戸泉	静岡県	34.97621267870675	138.9163962091063	1974	47	mg/kg	9	158.7	44.59				6.401	11.27	90.41	
4252	(伊豆市)	修善寺ニュータウン1号泉	静岡県	34.97625016048002	138.9162376917625	1966	56.5	mg/kg	9.4	219.7	69.3	1.052	0.398		6.482	5.784	146.6	
4253	修善寺温泉	ニュータウン2号	静岡県	34.98000100443155	138.92889173849443	1967	45	mg/kg	9.6	444	79.11	1.605	1.705		10.72	97.98	95.33	
4254	韮山温泉	電発健保組合 いこいの湯	静岡県	35.03888820415867	138.94333056681313	1980	56	mg/kg	8.6	635	194	20.2	0.01		130.3	253.5	34.8	
4255	韮山温泉	湯の花温泉	静岡県	35.04249694581566	138.94304384357244	1980	54	mg/kg	8.5	818	233.2	32.7	0.02		163.4	325.8	30.4	
4256	韮山温泉		静岡県	35.05528063645324	138.94639936256823	1980	38.8	mg/kg	8.2	909	248.2	48.7	0.01		215.3	315.2	32.1	
4257	畑毛温泉	韮山温泉土地(株) 第3号源泉	静岡県	35.081390802584636	138.969173384145	1980	34.5	mg/kg	8.7	148	42.6	5.9	0.1		15.5	31.8	56.1	
4258	畑毛温泉	観音温泉	静岡県	35.08027816233116	138.9707086412071	1980	35.5	mg/kg	8	176	43.6	15.5	0.3		12.1	14	128.1	
4259	畑毛温泉	フジタウン温泉	静岡県	35.08472321998479	138.97861658948415	1979	37	mg/kg	9	236	65.7	1.9	0.06		9.2	14	102.5	
4260	土肥温泉	三脈源泉	静岡県	34.90833524181773	138.80223015730192	1972	49.6	mg/kg	7.4	3104	388.9	602	5.629		1133	716.8	36.54	
4261	土肥温泉	水口源泉	静岡県	34.91055954964528	138.80140222692918	1969	56.1	mg/kg	7.65	8769	890	1364	11.71		2931	902.8	24.73	
4262	土肥温泉	水ヶ洞口源泉	静岡県	34.913329823889555	138.80387641772913	1969	56	mg/kg	8.4	2042	200	439.6	5.85		316.3	950.6	31.07	
4263	土肥温泉	山の神源泉	静岡県	34.91305774838736	138.7988955985649	1969	53.6	mg/kg	7.85	10570	1610	1808	88.1		5193	893.8	34.24	
4264	土肥温泉	中村源泉	静岡県	34.90860956516751	138.80138240294693	1969	58.1	mg/kg	7.95	5221	560	1052	8.96		1952	966.2	24.73	
4265	土肥温泉	下庄田源泉	静岡県	34.90638941060022	138.80222357466693	1979	64	mg/kg	8.4	1835	182.3	360.6			130.6	993.1	14	
4266	土肥温泉	小土肥温泉	静岡県	34.92333095174533	138.78915917034132	1972	45	mg/kg	7.7	10097	1342	2158	41.06		5133	932.4	28.35	
4267	白岩温泉	谷戸峰源泉	静岡県	34.95944218839936	138.97610455875025	1974	66	mg/kg	8.4	1945	495.4	61.55	0.1		161.5	1021	42.41	
4268	中伊豆温泉	利光白岩源泉	静岡県	34.96277971248999	138.97917387668485	1980	41.5	mg/kg	7.9	7422	2406	236.1	2.8		2046	2686	52.6	
4269	古奈温泉	三養荘第2号温泉	静岡県	35.03972193686011	138.93416725913707	1974	51.5	mg/kg	8.5	391.7	120.1	1.351	0.1		76.78	89.49	81.77	
4270	古奈温泉	三養荘第1号温泉	静岡県	35.03972443390823	138.934176169772	1974	49	mg/kg	8.5	391	120	0.75	0.15		78.61	79.05	94.65	
4271	古奈温泉	全逓1号泉	静岡県	35.03444498699966	138.94139296165167	1976	60	mg/kg	8.8	820.7	235.3	15.82	12.02		146.7	323.4	45.47	
4272	古奈温泉		静岡県	35.03527649556678	138.94360472133437	1976	51	mg/kg	8.7	873.2	251.1	14.91	0.01		174.7	350.9	28.28	
4273	長岡温泉	多門3号泉	静岡県	35.03027484541167	138.9366545399938	1970	54.5	mg/kg	8.8	505.6	126.7	2.412	0.186		65.71	106.1	100.8	
4274	長岡温泉	多門温泉4号	静岡県	35.031666863299904	138.9361095492661	1965	57	mg/kg	8.7	496.9	148	5.788	0.721		80.54	134.4	82.25	
4275	長岡温泉	中堤温泉	静岡県	35.03499868163302	138.92916102855168	1951	53.5	mg/kg	8.4	508.8	126.933	31.429	2.698		86.877	163.412	51.392	
4276	長岡温泉	多門4号泉	静岡県	35.03166653599416	138.93611012334807	1970	62	mg/kg	9	598	170.2	10.17	0.213		91.68	170	72.57	
4277	長岡温泉	伊豆長岡温泉(株)第7号温泉	静岡県	35.029442414471326	138.93277150277288	1970	65	mg/kg	8.8	639.2	165.1	10.3	0.399		103	205.5	58.67	
4278	長岡温泉	長岡8号泉	静岡県	35.02944337535415	138.92444165572257	1954	57	mg/kg	9	555.2	137.839	38.561	2.128		88.651	166.669	81.923	
4279	長岡温泉	菖蒲湯	静岡県	35.03305488211978	138.9322172246998	1965	66	mg/kg	8.7	646.1	194.7	11.49	0.384		112.6	228.1	60.86	
4280	長岡温泉	大岩温泉	静岡県	35.02694417119641	138.9311122180702	1956	49	mg/kg	8.9	707	148.1	10.63	1.311		92.2	177	51.92	
4281	長岡温泉	千代の湯	静岡県	35.03055714644282	138.93778108972222	1957		mg/kg	9.2	552.8	150.498	3.428	2.883		94.34	202.992	54.656	
4282	長岡温泉	蓬莱温泉	静岡県	35.035836544103724	138.92834723082342	1957	51	mg/kg	8.4	420	111.554	10.285	2.359		71.304	130.272	55.632	
4283	鶴の温泉		静岡県	35.032776066539675	138.92915898169605	1962	53.5	mg/kg	8.4	513.5	141.4	10.22	0.486		81.13	143.1	91.93	
4284	長岡温泉		静岡県	35.02722437528277	138.93250919271645	1962	55	mg/kg	9.1	363.5	99.58	12.83	0.902		39.07	121.1	69.23	
4285	長岡温泉	観山2号	静岡県	35.03444733899989	138.92862440985803	1962	51	mg/kg	8.4	568.5	144.5	19.24	0.462		90.57	189.29	55.81	
4286	長岡温泉	楠田温泉	静岡県	35.02861078068969	138.9274975244072	1962	51	mg/kg	8.5	701.8	161.3	17.93	0.65		115.7	252.8	4.436	
4287	長岡温泉		静岡県	35.03805515572819	138.92805291326337	1964	51	mg/kg	8.4	474.87	87.65	9.567	0.637		94.03	178.5	74.02	
4288	長岡温泉		静岡県	35.030830353821116	138.9272124201471	1965	50	mg/kg	8.5	640.1	191.9	21.22	0.492		124	243.2	36.46	
4289	長岡温泉	旗上の湯	静岡県	35.032778206087286	138.93333280945134	1970	65	mg/kg	8.6	672.8	185.2	16.23	0.399		117.6	242.8	30.95	
4290	長岡温泉	亀の湯	静岡県	35.02638948436139	138.93111346666254	1967	49	mg/kg	9.6	455.4	112.3	3.207	3.416		63.72	140.8	66.8	
4291	長岡温泉	天城温泉	静岡県	35.0286105204559	138.926941483404	1972	49.5	mg/kg	8.3	688	202.3	8.01	0.06		121.9	247.2	48.67	
4292	長岡温泉		静岡県	35.03194167084853	138.9436017789611	1976	51.5	mg/kg	8.8	750	227.7	10.39	0.03		139.7	316.6	41.44	
4293	古奈温泉	松の湯	静岡県	35.03611279663394	138.9366726240915	1952	57	mg/kg	8.5	965.4	244	44.6	1.942		128.8	349	95.77	
4294	古奈温泉		静岡県	35.035834801077726	138.94333938401408	1965	60	mg/kg	8.7	885.4	248.6	26.24	0.903		159.1	416.3	41.37	
4295	古奈温泉		静岡県	35.03361029221148	138.94277412341768	1965	61.5	mg/kg	8.7	708	182.8	17.49	0.258		132.5	217.9	38.45	
4296	古奈温泉	君の沢温泉	静岡県	35.04194494005338	138.93194713274514	1965	48	mg/kg	8.6	612.9	161.6	2.966	0.577		111.2	234.7	38.47	
4297	古奈温泉		静岡県	35.03416597958943	138.94055302466052	1966		mg/kg	8.4	653.9	186.5	20.19	16.11		121.6	248.1	61.44	
4298	古奈温泉	自交3号泉	静岡県	35.034721071724185	138.93777445450502	1970	61.5	mg/kg	8.9	664.4	195.2	17.98	0.533		108.3	236.5	50.65	
4299	古奈温泉	古奈第6号温泉	静岡県	35.036391722165156	138.9358451102537	1971	65	mg/kg	8.6	664	196.9	17.93	2.454		115.6	219.2	66.77	
4300	長岡温泉	狸福の湯	静岡県	35.032776666029164	138.93166150673056	1954	63	mg/kg	9.1	562	135.439	47.93	6.635		78.003	213.996	109.434	
4301	長岡温泉	つつじヶ丘温泉	静岡県	35.03166971157388	138.93167817290617	1953	68.5	mg/kg	9.1	606.5	84.32	127.6	7.645		64.82	236.4	57.87	
4302	長岡温泉	恵比寿温泉	静岡県	35.02971959326256	138.92943411402536	1954	53	mg/kg	8.8	528.8	134.011	34.94	2.859		85.104	153.024	86.498	
4303	長岡温泉	伊豆ホテル3号温泉	静岡県	35.032776177570184	138.9322148657564	1957	65	mg/kg	8.6	612	104.5	51.01	0.313		114.6	230.5	62.73	
4304	長岡温泉	岩松温泉	静岡県	35.03639048567871	138.92917281538993	1961	50	mg/kg	8.9	349.8	87.72	6.427	0.039		30.92	65.72	128.2	
4305	長岡温泉		静岡県	35.02805214237799	138.9330401000752	1962	48	mg/kg	9.1	356	97.51	5.21	0.729		37.29	78.2	91.47	
4306	長岡温泉	寿温泉	静岡県	35.03694842621131	138.9283514693223	1963	49.1	mg/kg	8.6	332.98	83.008	12.084	1.115		47.92	91.733	62.914	
4307	長岡温泉	宮塚温泉	静岡県	35.034445495959716	138.93056279751053	1968	61	mg/kg	8.2	618	185.3	15.42	1.072		106.2	221.5	48.947	
4308	大仁温泉	大仁町営温泉	静岡県	34.98978798031243	138.94119032048343	1972	65	mg/kg	8.2	783.3	218.6	25.38	0.178		203.8	221.5	93.69	
4309	大仁温泉	大仁組合温泉	静岡県	34.989774738372255	138.94129777678086	1980	59.5	mg/kg	7.8	933	232.9	59.6	0.4		234.6	264.3	77.5	
4310	(伊豆の国市)	立花台第1号源泉	静岡県	35.02277811641614	138.94833311591117	1969	41	mg/kg	8	5330	1196	440.1	23.58		21.12	3522	82.81	
4311	円次郎温泉		静岡県	34.98944355149829	138.93916594405917	1950	69.7	mg/kg	8.2	2185.3	242.9	88.5	0.3		70.7	221.5	21.7	
4312	戸田温泉		静岡県	34.97527881949033	138.77583497713772	1965	29.5	mg/kg	7.4	34812	9471	752.3	1178		18433	958.4	151.8	
4313	雲見温泉	赤湯温泉	静岡県	34.727749942664715	138.7482931772329	1957	42	mg/kg	7.6	11206	1427	2623	28.24		6485	622.1	5.43	
4314	雲見温泉		静岡県	34.727722264367834	138.7484053704479	1975	41.6	mg/kg	7.5	13120	1898	2904	89.3		7299	618	30.2	
4315	雲見温泉	赤井源泉	静岡県	34.727804620696936	138.74836857703417	1980	40	mg/kg	7.3	15040	1889	2545	70.2		7056	752	32.6	
4316	雲見温泉		静岡県	34.72550278450601	138.74504499648197	1965	34.5	mg/kg	7.2	10196	1502	1684	116.6		5177	598.1	19.24	
4317	雲見温泉	2号泉	静岡県	34.72551783585124	138.74497428209335	1975	34.5	mg/kg	7.2	13080	1922	2495	147.3		7029	736.2	26.37	
4318	大沢温泉		静岡県	34.75759220840619	138.83049873955065	1960	43	mg/kg	8.3	1159	166.5	178.6	4.884		19.5	756.5	20.52	
4319	大沢温泉		静岡県	34.75757786881057	138.83032721980055	1964	42.1	mg/kg	8.1	1020	123.2	141	11.97		5.297	481.3	204.7	
4320	大沢温泉		静岡県	34.757603964451526	138.83044613707224	1975	42	mg/kg	7.4	903	67.6	137.7	2.95		9.5	499.6	53.5	
4321	大沢温泉	大沢温泉ホテル4号泉	静岡県	34.757570490489215	138.83040874101357	1980	41.8	mg/kg	7.8	1084	135.2	177.3	0.7		24.8	646.2	27.6	
4322	大沢温泉		静岡県	34.75755174896695	138.83026180413665	1957	26	mg/kg	8.8	1250	180.4	194.8	4.693		36.18	774.8	50.46	
4323	桜田温泉	根岸温泉	静岡県	34.755995780194944	138.79027606440476	1968	49.8	mg/kg	7.6	2245	415.2	281.3	6.487		86.06	1343.7	26.13	
4324	松崎温泉		静岡県	34.75604518427741	138.79026951300523	1975	46.8	mg/kg	8	2296	292.8	300	6.35		82.6	1223	41.9	
4325	松崎温泉		静岡県	34.75611074051797	138.79027633722447	1980	47	mg/kg	7.6	2218	405.6	313.5	5.6		89.5	1494	34.6	
4326	松崎温泉	桜田温泉	静岡県	34.75583230410992	138.7961079946137	1980	60.9	mg/kg	8	1975	360.4	242.2	2.2		84.3	1191	30.6	
4327	松崎温泉	町営7号泉	静岡県	34.75775059595884	138.77714604292782	1980	35	mg/kg	7.9	3929	983.3	280.2	11.2		773.9	1644	65.6	
4328	石部温泉	大石湯	静岡県	34.734226561145306	138.75793784345947	1967	49	mg/kg	8	4947	827.1	719.7	46.16		2428	497.2	23.18	
4329	石部岩地温泉		静岡県	34.734252916848625	138.75792171098638	1980	49.5	mg/kg	7.1	4387	686.5	655.5	1.7		2007	265.7	20.2	
4330	石部岩地温泉		静岡県	34.73648142532584	138.76032369458872	1980	69	mg/kg	7.5	18966	2628	3079	41.8		9011	900.2	34.5	
4331	石部温泉		静岡県	34.73248551801961	138.7564700274505	1966	21	mg/kg	8.2	4775.7	1193	356.1	46.35		2531	52.03	33.99	
4332	谷津温泉	谷津温泉10号	静岡県	34.74472262458115	138.9877811425607	1959		mg/kg	8.3	385.6	81.43	17.55	1.067		113.9	47.33	63.75	
4333	谷津温泉	谷津温泉第13号	静岡県	34.7447240707498	138.9877866480616	1976	46.5	mg/kg	8.2	74	33.2	6.791	0.024		16	12.35	72.35	
4334	谷津温泉	谷津温泉第12号	静岡県	34.74611126437753	138.99139017131105	1961	38	mg/kg	8	320.6	86.74	12.98			73.94	38.69	96.94	
4335	谷津温泉	谷津温泉28号	静岡県	34.74582960464423	138.9894316056855	1976	40.5	mg/kg	8.5	248	89.25	10.39	0.63		82.3	59.26	46.3	
4336	谷津温泉	谷津温泉43号	静岡県	34.74417002049254	138.98445601119593	1976	96.6	mg/kg	8.6	960	294.4	34.36	5.332		382.7	163.8	70.78	
4337	谷津温泉	谷津温泉46号	静岡県	34.744722715660416	138.98167119053574	1976	49	mg/kg	8.8	115	47.96	7.192			19.66	40.33	65.4	
4338	谷津温泉	栖足寺	静岡県	34.74666551810932	138.99027233821127	1976	34.5	mg/kg	8	130	58.62	4.436	1.042		30.18	14.81	110.5	
4339	谷津温泉	館の湯	静岡県	34.7449982631071	138.99332658169914	1976	38.5	mg/kg	8.1	1581	511.7	108.7	16.42		776.1	159.7	126.2	
4340	峰温泉	峰温泉2号	静岡県	34.75749943078739	138.98221903165737	1976	100	mg/kg	8.7	1946	663.5	79.76	9.696		106	135	46.88	
4341	峰温泉	曙の湯	静岡県	34.7569445317339	138.9836131886774	1976	61	mg/kg	7.6	641	226.2	25.1	2.812		305	65.84	69.45	
4342	峰温泉	峰元湯	静岡県	34.756664778288815	138.98276950369817	1976	100	mg/kg	8.1	1836	663.5	29.56	27.64		1008	132.5	44.56	
4343	峰温泉	三菊の湯	静岡県	34.75749880718446	138.98332703404802	1961	91	mg/kg	7.3	1824	523.6	193.2	0.64		1006.6	127.1	117	
4344	梨本温泉	大滝温泉	静岡県	34.79583615474435	138.93056909306776	1955	46.05	mg/kg	8.4	1151	231.9	113.1	12.82		86.27	641.7	14.38	
4345	梨本温泉	天城自然公園第3号	静岡県	34.79527604644918	138.93082521799852	1965	46	mg/kg	8.3	1047	203.7	79.27	10.64		54.3	605.4	28.37	
4346	梨本温泉	第3号井	静岡県	34.79527646632246	138.9308268735434	1976	49.5	mg/kg	8.6	982	119.4	185.6	1.745		45.72	600	16.78	
4347	湯ヶ野温泉	河津営林署	静岡県	34.77611352446233	138.95389907338657	1976	52	mg/kg	8.1	1151	165.7	198.2	2.328		58.49	734.1	23.15	
4348	湯ヶ野温泉	財産区1号	静岡県	34.776110191589886	138.95305255584486	1976	61	mg/kg	8.5	1136	177	175.6	0.582		48.92	684.7	17.94	
4349	下賀茂温泉	正湯	静岡県	34.64805415626232	138.8733253994606	1984	49.1	mg/kg	7.9		1260	416.3	8.2		2723	66.7	77.6	
4350	下賀茂温泉	坂の湯	静岡県	34.64472222748016	138.87694475654368	1967	19.5	mg/kg	7.5		1880	997	1.5		4700	68.9	58	
4351	下賀茂温泉	大湯	静岡県	34.64999794165724	138.8661038065937	1984	82	mg/kg	8		2336	1268	12.4		6314	103.7	28.9	
4352	下賀茂温泉	新湯	静岡県	34.6455569347054	138.87333715637467	1967	85	mg/kg	7.7		2680	1470	3.2		6950	93.4	35.8	
4353	下賀茂温泉	第1宝湯	静岡県	34.6491647793416	138.86360336852454	1967	92.8	mg/kg	7.7		2580	1370	9.5		6560	97.1	33.6	
4354	下賀茂温泉	高島鉱泉1号	静岡県	34.6480589685547	138.8661227330462	1967	98.1	mg/kg	8.2		3350	1830	9.5		8630	117	15.7	
4355	下賀茂温泉	瑞宝園6号	静岡県	34.646669147611746	138.8736203838528	1967	81	mg/kg	7.7		2480	1300	9.5		6220	88.5	35.9	
4356	下賀茂温泉	瑞豊	静岡県	34.64666744037674	138.87361266567493	1984	74	mg/kg	7.6		1310	471	9		2391	71.6	45.6	
4357	下賀茂温泉	河内屋の湯	静岡県	34.648609888025135	138.8686059061882	1984	92	mg/kg	7.7		2484	1316	11.6		6494	100.5	24.1	
4358	下賀茂温泉	富貴の湯	静岡県	34.649723009659745	138.87028266869282	1980	79	mg/kg	7.6	10870	2274	1155	8.2		5652	71.4	56.8	
4359	下賀茂温泉	銀の湯	静岡県	34.6488906059301	138.86028558101685	1967	100	mg/kg	8.4		4260	2290	3.2		10600	144	7.3	
4360	下賀茂温泉	南恵の湯	静岡県	34.648611742297476	138.86139172447366	1967	98	mg/kg	8		3140	1700	6.3		8070	108	24.4	
4361	下賀茂温泉	クラブの湯	静岡県	34.65055861900622	138.86278778510555	1984	45	mg/kg	7.8		896	534.7	27		2494	63.4	80.3	
4362	下賀茂温泉	黄金湯	静岡県	34.65027749869186	138.86027613209586	1961	51	mg/kg	8	2862	566.7	426.3	7.782		1570	69.84	132.8	
4363	下賀茂温泉	朝倉湯	静岡県	34.65027726091859	138.86638620464896	1967	81.5	mg/kg	7.7		2940	1550	3.2		7150	97.3	32	
4364	下賀茂温泉	かめや湯	静岡県	34.64611061462539	138.8752764720417	1967	71	mg/kg	7.4		2500	1230	9.5		6050	78.8	5.5	
4365	下賀茂温泉	大福湯	静岡県	34.6499984923943	138.8680498094955	1967	77	mg/kg	7.7		2210	1130	6.3		5480	75.1	4.3	
4366	下賀茂温泉	休石湯	静岡県	34.65055603408056	138.85916613733835	1984	83	mg/kg	7.8		2140	1132	11.6		5672	117.7	30.4	
4367	下賀茂温泉	池田湯	静岡県	34.64333463818769	138.86889512921667	1973	82	mg/kg	7.9	10265	2334	1417	9.16		5827	90.34	101.7	
4368	宇久須温泉		静岡県	34.8546358273749	138.7780523408985	1980	35.8	mg/kg	8.7	2572	80.1	595	0.38		24.8	1562	22.4	
4369	稲取温泉		静岡県	34.76646390940001	139.03816359807365	1980	68	mg/kg	8.2	6316	1620	389.9	54.6		2771	841.9	81.5	
4370	稲取温泉		静岡県	34.76611378035638	139.0380664164378	1979	71	mg/kg	7.8	4958	1300	422.4	13.6		2148	719	49.2	
4371	稲取温泉		静岡県	34.766517300101526	139.03808252662785	1979	79	mg/kg	8	5101	1325	461.9	7.8		2246	731.6	53.6	
4372	稲取温泉		静岡県	34.76648364677494	139.03783950004703	1979	63	mg/kg	8.1	3263	915.7	223.2	4.3		1274	741.9	47.8	
4373	稲取温泉	川口源泉	静岡県	34.77361029811143	139.03610887318666	1965	46.5	mg/kg	8.5	1053	233.1	78.53	11.39		30.43	585.7	117	
4374	稲取温泉		静岡県	34.76647398865065	139.0382626136724	1964	43.5	mg/kg	7.8	1764	375.8	134.5	13.23		194.8	872.8	47.18	
4375	稲取温泉		静岡県	34.76645526947857	139.03799021415637	1979	71.2	mg/kg	7.9	4298	1076	400.2	3.8		1734	747.9	46.8	
4376	稲取温泉		静岡県	34.76658919036701	139.038148866733	1979	43	mg/kg	7.8	1184	179.3	128.2	16.9		37.2	637	84.3	
4377	稲取温泉		静岡県	34.766631260679915	139.0380315156252	1979	62	mg/kg	7.5	3681	1076	245.2	6.2		1518	657.8	66.2	
4378	稲取温泉		静岡県	34.76653077327101	139.03796911754546	1979	53	mg/kg	7.8	1687	341.6	167.8	2.1		124.4	900.5	29.5	
4379	稲取温泉	大平源泉	静岡県	34.768057629516576	139.0366728847794	1971	49	mg/kg	8.2	19325	4964	474.1	582		8752	1584	89.59	
4380	片瀬温泉		静岡県	34.80805607655702	139.06638818348682	1973	50	mg/kg	8	506	114	31.6	6.7		107.3	113.6	127.6	
4381	片瀬温泉		静岡県	34.80861120162218	139.06722183094308	1973	57	mg/kg	7.9	1960	266	183.6	40.5		712	183.5	129.8	
4382	片瀬温泉	滝の湯	静岡県	34.8094454563422	139.06778466960603	1962	83	mg/kg	7.3	2554	706.7	120.5	5.696		864.5	530.1	284.6	
4383	片瀬温泉		静岡県	34.80611077765674	139.05777695258828	1980	100	mg/kg	8.1		783	139.6	8.4		988.8	638.6	131.2	
4384	片瀬温泉		静岡県	34.806390035879865	139.0561154679175	1956	89.5	mg/kg	7.8	2757	703.9	154.4	0.721		861	549.7	209.8	
4385	片瀬温泉		静岡県	34.809446050944175	139.0680635389164	1962	100	mg/kg	8.4	2635	738.9	111.5	7.24		889.8	518.7	143.8	
4386	白田温泉		静岡県	34.804645243594734	139.0576703348709	1985	42.5	mg/kg	8		219	127.6	3.6		407.7	271.6	46.2	
4387	白田温泉		静岡県	34.804627909793915	139.05739485427847	1966	88.7	mg/kg	8.2	2935	799.1	119.3	9.203		893.7	722.2	123.1	
4388	白田温泉		静岡県	34.80464141728097	139.0577205725679	1973	99.5	mg/kg	8.2	3216	880	154.9	7.6		1181	642.8	131.2	
4389	白田温泉		静岡県	34.80467776909889	139.05747126441145	1965	90	mg/kg	8.2	2771	751.5	127.2	3.132		812.4	704.2	194.5	
4390	白田温泉	秋山初蔵	静岡県	34.80722250245847	139.04944600037257	1971	56	mg/kg	8.2	2778	684.3	232.9	2.982		834.9	638.7	244.1	
4391	白田温泉	千代田温泉	静岡県	34.80583431579236	139.05139373254426	1966	81.5	mg/kg	8.2	2595	534	205.8	5.574		811.3	639	69.32	
4392	白田温泉	湯ヶ丘温泉	静岡県	34.809168499592204	139.03889511690667	1973	33	mg/kg	6.1	1079	138	170.7	5.7		161	446.1	146.5	
4393	白田温泉		静岡県	34.804737989438465	139.05761667368097	1973	27	mg/kg	6.2	411	13.5	74.9	3.3		16.1	218.1		
4394	熱川温泉		静岡県	34.81560533357963	139.0717131990536	1983	45	mg/kg	8		264	56.4	13.1		339.7	162.1	98.7	
4395	熱川温泉	大田湯	静岡県	34.81666795785193	139.07139358333197	1962	100	mg/kg	8.3	2798	784.5	101.4	4.688		933.2	542.3	174.2	
4396	熱川温泉		静岡県	34.81555644893642	139.07138977077167	1983	100	mg/kg	8.3		752	75.4	7.4		881.1	543.1	106.2	
4397	熱川温泉		静岡県	34.81561216106146	139.07159569722745	1983	100	mg/kg	8.6		764	75.1	6.9		940.5	566.2	96.5	
4398	熱川温泉	天神坂温泉	静岡県	34.81444108312261	139.0680459247702	1983	99.5	mg/kg	8.7		758	67	3.6		869.5	532.9	99.4	
4399	熱川温泉	樋口源泉	静岡県	34.813886560675485	139.0694340390876	1983	100	mg/kg	8.7		764	70.1	6.4		883.7	539	124.8	
4400	熱川温泉	岩崎温泉	静岡県	34.81638791092996	139.0688843428018	1983	100	mg/kg	8.5		770	76.5	3.3		971.5	484.7	102.3	
4401	熱川温泉	浜田温泉	静岡県	34.81666568426926	139.06943941292676	1973	96	mg/kg	8.2	2813	730	83	3.3		912.4	518.5	117	
4402	熱川温泉	つるや第1源泉	静岡県	34.833331580595676	139.07555023792597	1983	94.5	mg/kg	8.2		973	354.3	26.9		1779	537.4	135.5	
4403	熱川温泉	つるや第2源泉	静岡県	34.83278014157991	139.07445270604558	1983	90	mg/kg	8.3		612	220.8	15.1		1096	344.8	108.2	
4404	熱川温泉	玉の湯	静岡県	34.82333372412755	139.07222530495534	1983	101	mg/kg	8.9		788	71.8	5.6		943.1	552.2	92.6	
4405	熱川温泉	嶋田温泉	静岡県	34.817777989818296	139.06833333037295	1959	90	mg/kg	7.9	2792	762.6	109.7	22		971.2	551.6	162.6	
4406	熱川温泉		静岡県	34.81583409353987	139.07167150874113	1983	100	mg/kg	8.6		770	83	3		874.6	576.9	138.4	
4407	熱川温泉	大久保温泉	静岡県	34.81388753059539	139.0683282070253	1964	97	mg/kg	8.5	2750	637.3	86.23	3.476		851.5	558	122.3	
4408	熱川温泉	花川温泉	静岡県	34.81777762677873	139.06916453796813	1969	97	mg/kg	8.4	2834	789.5	87.77	2.443		1040	495.3	169.2	
4409	熱川温泉	洋蘭温泉	静岡県	34.827503573127764	139.07584673288923	1964	96	mg/kg	8.2	2879.7	829.5	87.42	3.879		1036	565.2	113.9	
4410	熱川温泉	奈良本共同湯	静岡県	34.81860782569835	139.0622096148372	1983	94	mg/kg	8.5		697	97.5	5.5		835.9	475.6	211.6	
4411	熱川温泉	浅井温泉	静岡県	34.8138862763397	139.06943415213163	1983	98	mg/kg	8.7		733	63.8	7.2		852.7	544.8	101.4	
4412	熱川温泉	福島湯	静岡県	34.81638855157227	139.06666500338773	1983	100	mg/kg	8.6		770	76	5.6		943.1	521.7	103.3	
4413	熱川温泉	一本松温泉	静岡県	34.81638862883989	139.06972056457676	1983	98	mg/kg	8.6		752	60.7	9.4		917.3	559	83.8	
4414	熱川温泉	つるや第3源泉	静岡県	34.83194464374978	139.0744462150873	1983	88.4	mg/kg	8.2		1051	420.7	21.5		1949	506.9	118.9	
4415	熱川温泉	野崎	静岡県	34.82333343228689	139.07222344694895	1966	94	mg/kg	8.6	2761	782.9	86.42	10.82		971.7	448.8	123.9	
4416	熱川温泉	山路湯	静岡県	34.81777638713174	139.06249367129112	1964	96	mg/kg	8.2	2466	745.6	81.42	3.708		909.4	440.1	158.9	
4417	熱川温泉	楠山昭	静岡県	34.8188903554438	139.06972757318957	1967	90	mg/kg	8.2	2653	706.4	25.78	91.03		1026	591.1	123	
4418	熱川温泉	漁協1号	静岡県	34.83027826048346	139.0750005736129	1983	56.8	mg/kg	8.2		794	509	60.5		2083	322.6	60.4	
4419	熱川温泉	伊豆リクレーションセンター	静岡県	34.82000091397246	139.06694717222607	1967	97.4	mg/kg	8.4	2843.2	856.2	61.34	26.94		957.3	607.1	125.8	
4420	熱川温泉		静岡県	34.815510261508535	139.07158680312415	1983	99	mg/kg	8.6		739	71.5	5.1		935.4	497	70.2	
4421	熱川温泉		静岡県	34.81568336149602	139.0716766337282	1968	98	mg/kg	7.8	2514	676	112.4	4		794.2	606	177.1	
4422	熱川温泉	赤松温泉	静岡県	34.81388949574182	139.06500247263025	1973	100	mg/kg	8.2	2731	859.8	26.99	1.261		943.5	611.5	178.8	
4423	熱川温泉	菱和不動産2号源泉	静岡県	34.817778709091165	139.06972478521527	1974	95	mg/kg	8.3	2595.2	782.5	22.79	1.749		960.5	481.8	110.5	
4424	熱川温泉	菱和不動産3号源泉	静岡県	34.817775815478235	139.0697128205766	1974	91	mg/kg	8.2	2656	794.9	26.1	1.29		973.9	500.3	157	
4425	熱川温泉	菱和3号	静岡県	34.81777738724705	139.06971908147096	1988		mg/kg	7.4	2595	678	90.8	1.9		750	388	159	
4426	熱川温泉	井鈴の湯	静岡県	34.81972363730358	139.06278442094353	1966	95	mg/kg	8.3	2512	462	105	12.6		797.9	279.3	161.1	
4427	熱川温泉		静岡県	34.8157751250091	139.07154922871717	1983	57	mg/kg	8.4		47.9	170.2	14.1		6.4	497.9	41.9	
4428	熱川温泉		静岡県	34.81563809385074	139.07163500558863	1973	42	mg/kg	7.2	620	31.5	107.2	10.4		8.95	324.3	29.2	
4429	熱川温泉	森林開発(株)	静岡県	34.82277763646501	139.04833071280876	1971	40	mg/kg	6.1	1098	32.54	212.9	7.84		11.88	618.7	13.62	
4430	大川温泉	開発4号泉	静岡県	34.84694517112643	139.0783389494743	1983	46	mg/kg	8.2		539.5	381.1	8.9		1251	407.3	23.4	
4431	大川温泉		静岡県	34.84333443462062	139.07167220011593	1973	65	mg/kg	7.7	1999	601	84.6	3.6		776.2	238.3	270.2	
4432	大川温泉	銀水湯	静岡県	34.84083149516614	139.07443863916657	1969	60	mg/kg	8.2	2490	592.9	226.6	3.587		957.1	491	55.45	
4433	大川温泉		静岡県	34.836667765000676	139.06361431608732	1971	86	mg/kg	8.3	2056	600	52.6	3.9		642	421.3	179	
4434	仁科温泉	杉山1号源泉	静岡県	34.77333339621603	138.7750008625794	1971	42.5	mg/kg	8.4	2577	327.7	338.9	54.11		71.73	1620	39.5	
4435	大沢里温泉	ねぎの畑温泉	静岡県	34.81469458297816	138.82680006125872	1980	39.3	mg/kg	8.6	2052	127.6	434.5	0.1		54.7	1247	13.8	
4436	堂ヶ島温泉	堂ヶ島ホテル1号泉	静岡県	34.7844403502685	138.76554264645551	1980	42	mg/kg	8.6	255	47.2	0.1	0.04		19.6	2.5	36.4	
4437	堂ヶ島温泉	浮島温泉	静岡県	34.79330971088693	138.7607192679985	1980	49	mg/kg	7.6	12410	2987	766.8	162.3		5619	1128	43	
4438	相玉温泉	相玉1号	静岡県	34.71660948557858	138.90788954964887	1971	55	mg/kg	9.1	154	32.25	2.771	0.244		9.085	17.36	74.91	
4439	蓮台寺温泉	掛橋源泉	静岡県	34.698292542305126	138.9210651965071	1957	54	mg/kg	7.6	1061	177.8	130.1	6.881		148.4	471.6	63.3	
4440	蓮台寺温泉	下田温泉(株)	静岡県	34.698274623040376	138.92104968045263	1969	60	mg/kg	7	994.7	143.1	96.12	9.746		148.4	323.6	31.5	
4441	蓮台寺温泉	鉱山源泉	静岡県	34.69832680042074	138.92104636811004	1969	60	mg/kg	7	994.7	143.1	96.12	9.746		148.4	323.6	31.5	
4442	河内・蓮台寺温泉	河内2号泉	静岡県	34.69944607170713	138.93806492122724	1962	51.5	mg/kg	8.3	420.9	157.9	78.81	1.019		151.4	281.9	61.47	
4443	河内・蓮台寺温泉	下田温泉ホテル2号泉	静岡県	34.70250086643895	138.93944726303118	1952	54	mg/kg	7.6	774	98.164	77.715	23.767		112.503	244.656	120.983	
4444	河内・蓮台寺温泉	下田温泉ホテル第2源泉	静岡県	34.7025012983491	138.93945082970623	1964	45	mg/kg	8.2	250	63.57	10.19	1.63		39.38	60.07	76.61	
4445	河内温泉	下田温泉(株)ホテル第三源泉	静岡県	34.70000021731765	138.93916761716892	1979	47.5	mg/kg	8.2	245.7	67.2	16.43	1.34		46	53.34	81.52	
4446	河内・蓮台寺温泉	伊沢温泉	静岡県	34.70361053741072	138.93916332743723	1960	52	mg/kg	8.1	426	80.28	38.88	1.603		117.9	56.39	71.67	
4447	河内・蓮台寺温泉		静岡県	34.70389154339949	138.93889951559922	1965	56	mg/kg	8.2	789.8	190	51.84	1.278		155.4	254.2	63.46	
4448	下田温泉	赤間温泉	静岡県	34.67805205520325	138.946927295214	1957	26.5	mg/kg	7.8	349.2	62.84	20.11	8.3		46.11	89.64	86.23	
4449	下田温泉	本郷源泉	静岡県	34.68416607353646	138.94555161179568	1971	30.6	mg/kg	8.6	685.4	234.4	11.62	3.797		334.8	55.57	61.89	
4450	吉佐美温泉	前磯温泉	静岡県	34.65527772949778	138.92055570760957	1968	33	mg/kg	7.8	17416	4214.6	405.8	622.1		8512.4	859.8	58.71	
4451	下田温泉	観音温泉	静岡県	34.707741469392644	138.88303655587282	1973	49	mg/kg	9.2	315	65.35		0.09		14.92		109.4	
4452	河内・蓮台寺温泉	蓮台寺5号泉	静岡県	34.698331644758284	138.93249465494088	1952	56	mg/kg	7.6	880	159.5	87.25	2.723		134.1	340.8	49.15	
4453	平山・北沼上温泉		静岡県	35.054165802660144	138.4252736568975	1965	17.8	mg/kg	7.6	2653	312.9	548.6	14.06		1446	4.37	76.03	
4454	宮沢温泉		静岡県	35.0608329162177	138.4174996981511	1969	22	mg/kg	8.2	98.6	16.93	14.57	0.521		3.535	19.23	76.24	
4455	梅ヶ島温泉	金の湯	静岡県	35.30619090237271	138.33709001260644	1957	41	mg/kg	9.4	239.9	38.11	6.31	7.27		6.125	31.51	71.92	
4456	梅ヶ島コンヤ温泉		静岡県	35.26841848640181	138.32946119537698	1965	21.5	mg/kg	8.7	207.1	42.27	10.44	1.131		2.494	22.15	114.4	
4457	島田温泉		静岡県	34.832499892807526	138.19166721148844	1970	15.5	mg/kg	6.9	130	10.67	20.85	1.792		3.864	19.62	73.499	
4458	志太温泉		静岡県	34.86796299085925	138.23201567312597	1959	21.3	mg/kg	7.2	11758	3906	40.3	10.66		4983	58.74	1956	
4459	志太温泉		静岡県	34.8678950974491	138.23214260012972	1959	22	mg/kg	7.4	11905	4112	41.62	13.79		5173	7.748	2312	
4460	法泉寺温泉	2号	静岡県	34.82711675716618	138.01338343895299	1990	17.4	mg/kg	9.5		136	1.3	0.03		4.7	69.5	152.2	
4461	春野温泉	春野岩岳源泉	静岡県	35.03777567949093	137.96999063245423	1973	13	mg/kg	7	99	11.72	11.82	1.803		2.795		57.68	
4462	春野温泉	杉川温泉門島	静岡県	35.02861225410279	137.97833748575357	1973	14.4	mg/kg	7.1	146	17.53	16.93	4.208		5.32	40	50.74	
4463	川根温泉		静岡県	34.96361312496046	138.085007730146	1966	17	mg/kg	7.4	289.5	46.16	36.97	2.82		47.97	80.34	90.49	
4464	小田温泉		静岡県	34.93916810585873	138.1027828751472		15.9	mg/kg	8.9		89.3	7.2	1.6		12.2	45.5	143.6	
4465	川根温泉	ふれあいの泉笹間渡1号	静岡県	34.96041297088401	138.0894030077184	1992	48.6	mg/kg	7.9	11370	4170	122.2	12.5		6548		322.9	
4466	寸又峡温泉		静岡県	35.174825517245715	138.11803994609315	1962	43	mg/kg	8.9	519.5	156.7	2.97	1.878		4.666	26.13	346.4	
4467	寸又峡温泉	2号・3号混合	静岡県	35.17483953793607	138.1182209492241	1990	42.8	mg/kg	9		198.1	0.8			3.4	17.3	393.5	
4468	接岨峡温泉	田の島源泉	静岡県	35.18819375102188	138.1804767775853	1972	18	mg/kg	7.6	291	56.69	16.9	0.49		7.079		174.3	
4469	接岨峡温泉	田の島源泉	静岡県	35.188128701191175	138.18057890627406	1973	14.7	mg/kg	8.6	1257	479.9	2.505	0.391		64.84		1189	
4470	接阻峡温泉	森林露天風呂	静岡県	35.18815922116707	138.18032429850632	1995	22.1	mg/kg	8.7		309.2	3	0.3		14.8	3.4	784.9	
4471	接阻峡温泉	温泉会館接阻峡3号泉	静岡県	35.18206563772663	138.18715353356785	1990	21	mg/kg	8.5		626.3	2.5	0.8		90.3	0.7	1541	
4472	白沢温泉		静岡県	35.134467682557236	138.15032114203834	1992	25.9	mg/kg	8.4		1000	4.1	1.3		11.3		2617	
4473	新居浜温泉		静岡県	34.68203962217021	137.58680995267574	1964	19.9	mg/kg	7.8	26525	7509	349.5	1034		14184	1947	109.9	
4474	油山寺温泉		静岡県	34.78500116739154	137.93555979165458	1963	11.5	mg/kg	8.1	146.97	23.57	4.613	0.638		19.92	16.33	31.9	
4475	大東温泉	シートピア	静岡県	34.64909403029818	138.06712124065018	1994	34.6	mg/kg			4195	147.1	53.2		6154.7	27.6	1070.2	
4476	川根温泉	ふれあいの泉茶里夢の泉笹間渡1号	静岡県	34.96040017405186	138.08953703983283	2002	48.6	mg/kg	7.84	11370	4170	122.3	12.5		6548		322.9	
4477	間々下温泉		東京都	34.36109637820031	139.24494891429782	1988	65	mg/l	6.2	19900	5650	313	550		10700	1170	119	139
4478	池鉈温泉	(満潮時)	東京都	34.31797829943598	139.2158694626887	1974	64.5	mg/l	5.5	35600	8500	661	990		18800	1910		108
4479	池鉈温泉	(干潮時)	東京都	34.31805848812168	139.21584353931854	1974	44	mg/l	6.6	32800	7950	613	912		17500	1790		98
4480	池鉈温泉		東京都	34.31805311013705	139.21582016832724	1988	63	mg/l	5.7	35600	9300	550	975		18400	2090	150	90
4481	足付温泉	足付温泉2号	東京都	34.31997422987106	139.21723184474752	1947	63	mg/l	5.9	35600	8720	654	1000		19000	1870		140
4482	足付温泉	足付温泉1号	東京都	34.319937817980815	139.2173001448947	1974	59	mg/l	6.3	27600	6750	530	761		14700	1450		160
4483	足付温泉		東京都	34.31993836167433	139.21716425984636	1988	53	mg/l	5.8	29600	8000	525	800		15600	1670	122	124
4484	(新島村式根島)	式根島浄水1号井	東京都	34.32555603026162	139.21555636281943	1974	21.2	mg/l	6.2	3188	720	64	85.2		1660	167		61
4485	(新島村式根島)	日電計源泉	東京都	34.33416817635162	139.21167213645754	1981	27.1	mg/l	6.4	6770	1950	171	172		3660	82.3	70	100
4486	湯柱温泉	山下旅館	東京都	34.211585785678395	139.13300953383612	1988	47.5	mg/l	7.8	38800	10200	400	1250		19200	2680	153	30
4487	湯柱温泉		東京都	34.211577957321246	139.13299620671987	1977	50.5	mg/l	7.3		9770	536	1090		18400	2210	118	72
4488	神津島温泉	保養センター	東京都	34.22099549384477	139.1304200622154	1992	61	mg/l	6.5		10600	480	1110		18700	2420	104	102
4489	神津島温泉	村開発	東京都	34.22099605068675	139.13035969345853	1988	51	mg/l	6.7	34900	9500	438	1080		18100	2260	277	96
4490	神津島温泉	さぶ崎	東京都	34.22101027239557	139.1304009435469	1962	67	mg/l	7.1		7600	682	497		14100	1460	209	134
4491	神津島温泉	さぶ崎	東京都	34.22108852439036	139.1302428330223	1963	39.5	mg/l			9500	409	1290		17300	2350	131	38
4492	神津島温泉		東京都	34.221004076663	139.13036672492842	1962	37.5	mg/l	7.8		2340	178	284		4650	680	25	46
4493	錆崎温泉		東京都	34.22102787072578	139.13027268033775	1988	41	mg/l	7.3	35000	9500	388	1100		17800	2370	142	38
4494	(神津島村)	錆崎表流水	東京都	34.221774157497315	139.1287049425517	1974	21	mg/l	7	316	55.5	3	8.4		101	18		72
4495	湯の浜温泉		東京都	34.08698106853984	139.48238241384277	1983	49	mg/l	6.7		8850	650	858		15900	1620		114
4496	湯の浜温泉		東京都	34.08703868864619	139.4822858847365	1985	56	mg/l	5.9		8750	815	920		17700	1970		135
4497	新鼻温泉		東京都	34.045836910881675	139.50195869204694	1985	40.5	mg/l	7.2		4860	380	550		8130	1420		
4498	海岸温泉		東京都	34.045278020075706	139.5019440836768	1983	56	mg/l	7.2		10992	609	1247		19750	2583		60
4499	逢の浜温泉		東京都	34.09859058755475	139.5631487728766	1987	16.6	mg/l	7.7		1570	260	240		2610	820		
4500	逢の浜温泉		東京都	34.098610176447515	139.56332769530977	1973	46.7	mg/l	7.1		1530	347	260		3280	720		85
4501	(三宅村)	夕景浜湧水	東京都	34.084719959122154	139.48249226032928	1973	17.4	mg/l	8	466	70	24.8	22.4		177	29		43
4502	(三宅村)	大路池	東京都	34.054442277997815	139.52721562071963	1973	21.6	mg/l	8.5	451	54	42.5	31.6		84	86		10
4503	末吉道ヶ沢温泉	みはらしの湯源泉	東京都	33.079323147193136	139.8507160293693	1992	49.9	mg/l	7.1		11420	1470	666		20320	2636		
4504	洞輪沢温泉	共同湯	東京都	33.07520381722509	139.8387253835473	1989	40.5	mg/l	6.95	1000	95	66.3	36.4		144	163	75.6	142
4505	湯浜	八丈温泉ホテル井戸	東京都	33.06444349617006	139.79971977316205	1973	36.7	mg/l	6.7	3598	810	122	70		1720	254		82
4506	湯浜	八丈温泉ホテル2号	東京都	33.064528801920325	139.79958018351402	1989	69	mg/l	6.52	3400	770	127	75.4		1590	204	73.4	94
4507	湯浜	八丈温泉ホテル1号	東京都	33.064370308025886	139.79958718847976	1989	36.2	mg/l	6.5	4100	909	147	83.7		1900	225	67.3	106
4508	中之郷尾越温泉	ザ・ブーン、裏見ヶ滝温泉源泉	東京都	33.063753974894844	139.817168253105	2001	53.1	mg/kg	6.3	18510	5080	236.3	587.1		9075	1239	514.4	
4509	中之郷温泉	やすらぎの湯源泉	東京都	33.060955053675094	139.81516764062027	1995	60.7	mg/l	6.3		3590	244	286		6340	661		132
4510	中之郷温泉		東京都	33.06091913091623	139.81528734154355	1989	57.1	mg/l	6.48	11000	3040	214	117		5360	616	46	139
4511	樫立向里温泉	ふれあいの湯源泉	東京都	33.07618096061642	139.79065857901858	1993	57.8	mg/kg	6.4	30110	8870	861	854.8		17177	1100	317.3	
4512	(八丈町)	片根山浄水2号	東京都	33.12433473897016	139.80311948005837	1989	18.3	mg/l	8.63	310	54.8	20.3	6.78	0.1	90	22	58	30
4513	(八丈町)	洞輪沢名古の滝	東京都	33.07522849881356	139.83882234221963	1989	23.1	mg/l	7.3	190	16.4	10.1	4.62	0.07	24.2	6	52	51
4514	(八丈町)	大里浄水場	東京都	33.09920285708958	139.78329164772407	1989	18.8	mg/l	7.62	200	25	19.4	7.2		38.1	13.6	53.8	44
4515	(八丈町)	新八戸5号	東京都	33.102275495985744	139.77874254626542	1989	18.6	mg/l	7.33	240	24.3	26.4	9.64		35.1	20	107	46
4516	(八丈町)	寺山浄水場1号	東京都	33.105932227871094	139.77481240731717	1989	19.1	mg/l	8.08	490	84.8	29.9	15.6	0.36	146	61	74	43
4517	(八丈町)	旧八戸ポンプ場	東京都	33.10219024109157	139.77891648781966	1989	19	mg/l	7.55	250	26.4	23.1	9.14		39.5	17	94	52
4518	(八丈町)	ハ丈汐間温泉表流水	東京都	33.076388839417625	139.83999951963017	1973	10.5	mg/l	7.5	200	29	12	6.6		51	1.7		38
4519	北飛行場池(北)		東京都	24.796944722903287	141.32250539408204	1982	30.7	mg/l	6.91		144	23.2	12.6		48	13.4		6.5
4520	北の鼻地獄		東京都	24.810001809175912	141.32862129710756	1982	84.5	mg/l	3.35		205	206	115	31.3	19	1680		172
4521	馬の背温泉	馬の背(下)	東京都	24.805834531146555	141.33528666823366	1983	99.3	mg/l	3.3		11000	252	1160	12.1	19500	2466		327
4522	馬の背温泉		東京都	24.8058345936329	141.33528554198315	1983	85.7	mg/l	2.5		832	132	133	47.1	1430	1.065		368
4523	沈船脇		東京都	24.780000153396475	141.2950010388777	1982	90.6	mg/l	3.15		10200	341	1060	120	18000	2790		231
4524	沈船新温泉		東京都	24.7741676635192	141.29389349611716	1978	80.3	mg/l	7.5		8680	281	791	3.5	15120	1760		
4525	沈船温泉		東京都	24.77999873166243	141.29499423931375	1975	52.5	mg/l	6.9		1050	70.3	209	0.25	697	2162		
4526	元山マッドポット		東京都	24.788333330169475	141.322222817942	1983	87.2	mg/l	2.3		29.7	28.8	11.9	84.1	4	798		353
4527	為八温泉		東京都	24.80722267733686	141.31972592572592	1980	98.1	mg/l	6.25		6170	201	622		10500	1602		162
4528	(西浅井町)	(大浦)	滋賀県	35.500555327922456	136.12305375691736		22	mg/kg	5.94	183	9.351	13.767	2.988		9.355	4.206	81.557	
4529	マキノ温泉		滋賀県	35.501947117470415	136.04223418417766		17.8	mg/kg	8.4	286.4	95.14	9.014	2.203		7.541	7.511	221.5	
4530	マキノ白谷温泉	長寿苑	滋賀県	35.50488259683498	136.04348696947326	1980	16.9	mg/kg	8.5	230	74.6	8.9	1.8		6	7.5	176.3	
4531	余呉湖温泉		滋賀県	35.53305681209241	136.19972376824992		15.5	mg/kg	6.2	267	12	20.3	10		6	7.1	266.4	
4532	マキノ白谷温泉	八王子荘	滋賀県	35.50194112185004	136.0422112367481	2003	21.4	mg/kg			115.6	1.2	8.4		7.8	4.7	289.3	
4533	網野温泉		京都府	35.68923710552216	135.01451830946644	1977	37.7	mg/kg	9.2	441	151	3.4	0.1		151.3	72	48.4	
4534	丹後温泉		京都府	35.74076404547646	135.10248388949594	1977	40.9	mg/kg	8.08	3041	798.9	189.8	3		150.2	1911	44.7	
4535	伊根温泉	第1源泉・奥橋立伊根温泉	京都府	35.70388938866883	135.28528106294863	1971	29.2	mg/kg	8.39		300.3	7.287	0.335		139.2	27.95	552.8	
4536	伊根温泉	第2源泉・奥橋立伊根温泉第2号源泉	京都府	35.703334090578075	135.28306018330125	1973	28.2	mg/kg	9.3	321.2	109.7	1.999	0.849		34.32	20.17	174.3	
4537	伊根温泉	第3源泉	京都府	35.70139488031846	135.28335609392474	1977	48.3	mg/kg	9.3	0.414	120.5	9.4	2.5		73.6	132.5	15.2	
4538	岩滝鉱泉	岩滝鉱泉1号・松乃屋源泉	京都府	35.566112716844955	135.15417307156974	1960	13	mg/kg	6.9	7122	1740	124.3	250.5		3182	411.7	300.2	
4539	岩滝鉱泉	岩滝鉱泉3号・喜楽源泉	京都府	35.569274571050975	135.15962841011014	1962	15.5	mg/kg	7.1	16490	3590	182.3	485.3		6796	542.4	381.5	
4540	成相鉱泉	成相観音湯	京都府	35.58277574246696	135.1772145862432	1980	20.3	mg/kg	8.58	0.373	90.1	10.1	3.7	3	51.6		133.2	
4541	宮津島崎鉱泉	ふみや観魚園鉱泉	京都府	35.53721999282523	135.19582560816622	1976	16.6	mg/kg	9.1	27.01	7380	310	1100		14600	850		
4542	由良鉱泉	由良温泉	京都府	35.5213192496029	135.27696764282274	1955	12.5	mg/kg	7.9	16430	4951	209	177.1		8123	1039	105.8	
4543	由良鉱泉	由良浜温泉	京都府	35.51944374727002	135.28111036348312	1960	16.8	mg/kg	7.1	7811	1950	268.6	206.7		3404	484.5	593	
4544	神崎鉱泉	舞鶴温泉第3源泉	京都府	35.5065219557382	135.29064105872507	1960	16.6	mg/kg	7.05	8886	1745	618.8	411.9		4571	386.1	367.4	
4545	高倉温泉		新潟県	37.08761062048619	138.0600454015536	1957		mg/kg			317.2	17.9	2.4		56.7	213.98	576	
4546	柵口温泉		新潟県	37.03910201796378	138.0532705916628	1961	25	mg/kg	7.2	920	327.6	57.1	0.7		287.2	172.8	388.4	
4547	(糸魚川市)	ホテル糸魚川	新潟県	37.020989651994114	137.85772874164795	1994	99.2	mg/l	7.45	18700	4270	1780	6.6	0.76	9970	207	38	109
4548	笹倉温泉	笹倉新湯	新潟県	36.985456636226914	138.01899240648618	1941	45	mg/kg			344.5	16.09	4.7		143.6	1.961	750.3	
4549	焼山温泉	焼山	新潟県	36.993737886913785	138.0107953637621	1970	56	mg/kg	7.5	627	255.5	15.9	6.2		182.6	42.8	367	
4550	焼山温泉	焼山(新泉)	新潟県	36.99372614050052	138.01071472947658	1974	63.4		8	909	240	12	1.1		209	54.9	426	
4551	梶山温泉	梶山元湯	新潟県	36.93531928517623	137.93616509355547	1974	41.6	mg/l	7.2	1825	650	20.3	7	2.18	243		1488	
4552	雨飾温泉	梶山新湯	新潟県	36.92024132937386	137.95438356290921	1994	45.7	mg/l	6.57	1740	549	64.9	14.3	0.75	349	1	1230	116
4553	雨飾温泉	梶山新湯	新潟県	36.92023984409381	137.95437830248122	1974	48.8	mg/l	6.8	1728	630	17.7	10.5	0.65	331		1243	
4554	姫川温泉		新潟県	36.88977882406527	137.8634917016908	1967	72	mg/l	6	1251	368	83.8	24.7	0.02	475.2	80.5	603	125
4555	姫川温泉	国富ホテル	新潟県	36.88177240577583	137.86640161813338	1967	55.7	mg/l	6.3	1014	282	58.7	21.3	0.03	368	47.8	391	113
4556	白馬温泉		新潟県	36.87545504835565	137.8695662613288	1967	54	mg/l	6.6	1264	358	87.1	33.3	0.02	423.4	103	580	113
4557	白馬温泉	天狗の湯	新潟県	36.87547269317259	137.86953872688497	1958	58	mg/kg			270.9	111.4	30.1		390	85	492.6	76.699
4558	白馬温泉	草ノ湯	新潟県	36.87543948499201	137.86956285824823	1910	59	mg/kg	6.8	1460	269.7	167.9	44.8		319.1	121.4	787.1	
4559	蒲原温泉	白馬観光ホテル	新潟県	36.87546797258782	137.86960341305723	1994	70.6	mg/l	6.58	1630	419	78.8	31.9	12.4	548	68.1	570	132
4560	蒲原温泉	国富ホテル	新潟県	36.881770849231245	137.86648010726105	1994	69.2	mg/l	6.52	1250	313	52.2	19.2	1.72	424	31.2	427	108
4561	蒲原温泉		新潟県	36.86868109522965	137.8735938858277	1967	50.5	mg/l	6.3	843	221	68.5	24.4	0.01	289.4	54	389	97.7
4562	蒲原温泉	蒲原旅館	新潟県	36.86867376792798	137.87363036596267	1994	57.1	mg/l	6.36	1110	253	71.4	27.1	0.01	381	57.3	371	87.3
4563	蒲原温泉	笹倉温泉源泉	新潟県	36.86865759067113	137.87361140996072	1972	48.4	mg/l	6.3	767	215	39.6	34.2		293.1	27.7	239.4	
4564	蒲原温泉	笹倉温泉源泉	新潟県	36.86865828217829	137.87361352399932	1972	52.3	mg/l	6.2	928	220	43.7	32.4		303.1	30.9	209.9	
4565	蒲原温泉	笹倉温泉源泉	新潟県	36.868658694498585	137.87363658342636	1972	56.9	mg/l	6.2	948	244	45.2	35.2		360.6	29.7	236.2	
4566	蒲原温泉		新潟県	36.86866441377165	137.87365925596433	1972	41.7	mg/l	6.1	698.4	152	32.7	24.7		205.8	21.9	162	
4567	蓮華温泉	黄金の湯	新潟県	36.80870312797349	137.79788269225347	1994	42.2	mg/l	7.23	1080	13.2	21.2	212	0.41	3	83.6	1040	137
4568	蓮華温泉	薬師の湯	新潟県	36.80733168132876	137.80073848911752	1994	57.4	mg/l	2.19	2350	11.1	35.4	88.5	37.6	2.1	1660	1	136
4569	蓮華温泉	総湯	新潟県	36.8105256736733	137.79886066111484	1968	72	mg/kg	3.6	280	6.9	21.4	13.1		5.5	86.4	35.29	
4570	蓮華温泉	仙気湯	新潟県	36.80765865155774	137.79951260861318	1969	71	mg/kg	2.6	770	23.9	50	20.8		2.3	285.6		
4571	蓮華温泉	三国一湯	新潟県	36.80817188254365	137.80000629534115	1968	30	mg/kg	2.9	1080	18.9	121.4	24.03		9.2	492.1		
4572	境鉄鉱泉		富山県	36.97415406888774	137.60895392899116	1955	12	mg/kg	6	107.4	3.908	12.91	6.53		12.46	3.33	102.85	
4573	宮崎温泉		富山県	36.973861212564714	137.59384341140313	1955	12.5	mg/kg	8.6	121	4.68	8.33	5.06		20.38	6.71	54.9	
4574	生地温泉	生地温泉第2号井戸	富山県	36.898221635926	137.41449868101063	1955	13.2	mg/kg	7.4	17.58	5495.26	220.77	372.285		9824.8	214.16	172.02	
4575	(氷見市)		富山県	36.894166727591895	137.0063877972461	1968	21	mg/kg	8	469	142.2	8.22	2.21		28.36	7.53		
4576	(氷見市)		富山県	36.87889060569761	136.98056276373148	1964	17.2	mg/kg	6.95	30873	10520	340.6	166.4		17170		1558	
4577	小川温泉		富山県	36.879142781789355	137.62978709711948	1957	60	mg/kg	7	1028.6	326.73	48.05	1.25		382.86	34.72	352.8	
4578	床鍋鉱泉		富山県	36.84347063827436	136.86971992411247	1954	14	mg/kg	8.8	1085	381.03	2.98			389.95	31.48	312.72	
4579	金太郎温泉		富山県	36.83814606291976	137.4366334706027	1965	53.5	mg/kg	6.8	9889	2665	919.3	7.411		6106	2.96	127.6	
4580	金太郎温泉		富山県	36.83807465595048	137.43668724562863	1966	50.6	mg/kg	6.9	10190	2764	865.9	20.43		6017	6.38	104.3	
4581	宇奈月温泉		富山県	36.81676435017073	137.58432216059285	1957	28	mg/kg	7.3	403.2	86.71	15.5	2.82		83.68	29.113	124.44	62.621
4582	(高岡市)		富山県	36.81491650533456	137.04167335257327	1967	3.5	mg/kg	6.6	175.6	11.62	6.13	3.89		20.7	14.82	4.981	
4583	陽和温泉		富山県	36.8127798268989	136.9725076515125	1959	12.6	mg/kg	8.1	6582	2399.85	64.57	9.86		3659.47	5.1	445.8	
4584	神代温泉		富山県	36.79482938556641	136.9660940102839	1956	45.5	mg/kg	7.3	21465	6719.24	717.56	103.97		12183.61		148.84	
4585	伏木温泉		富山県	36.79483752844739	137.06158368880972	1954	13.5	mg/kg	6.8	352.4	60.27	20.58	6.85		95.71	17.69	154.72	
4586	黒薙温泉		富山県	36.785962525364425	137.62885679795505	1950	92.2	mg/kg	6.6	495.85	118.303	12.24	1.055		99.26	33.421	57.884	77.325
4587	仙人の湯		富山県	36.785928667394415	137.6287862150964	1954	80	mg/kg	7.8	905.6	215.04	10.837	1.54		177.915	38.45	58.56	195.318
4588	黒薙温泉	1号2号泉合併	富山県	36.785941341489796	137.628887132673	1950	97.2	mg/kg	6.8	615.59	134.075	15.327	1.145		132.877	36.889	154.221	118.495
4589	笹平温泉	笹平温泉第1号源泉	富山県	36.78591233646517	137.62894993122066	1955	90	mg/kg	7.8	468.4	116.64	15.63	0.73		96.43	33.04	140.3	90.685
4590	黒薙温泉	湧出口「ハ」	富山県	36.78589432444691	137.62885037953265	1955	98.5	mg/kg	8	522.8	134.75	13.59	1.08		129.07	35.99	126.89	114.572
4591	笹平温泉	笹平温泉第2号源泉	富山県	36.785836086821796	137.62889968504894	1955	98	mg/kg	7.6	467.6	114.4	13.92	0.65		92.88	33.12	135.62	93.493
4592	二上温泉		富山県	36.777496194538735	137.01692972006143	1965	13.5	mg/kg	6.2	158.8	14.25	7.28	4.38		18.16	15.33	44.31	
4593	高岡温泉		富山県	36.764726342167805	136.98195973296714	1958	28.3	mg/kg	6.4	3937	864.34	225.46	199.37		1142.53	31.49	2254.56	
4594	木町鉱泉		富山県	36.76277790264937	137.01166523032632	1956	19	mg/kg	6.4	1063	133.42	165.49	55.22		251.03	12.24	719.92	
4595	水橋温泉	玉の湯源泉	富山県	36.755956590516575	137.31080525966493	1962	13.8	mg/kg	8.3	15742.6	4432	276.7	588.8		8325	1055	283.2	
4596	(富山市)		富山県	36.75222068715523	137.22610594348907	1974	17.2	mg/kg	7	18410	3951	1688	632		9688	820.9	1397	
4597	鯰鉱泉	鯰鉱泉源泉	富山県	36.75000103518427	137.19472491042637	1955	15	mg/kg	6.6	201.6	6.85	20.87	4.8		14.88	0.01	125.17	
4598	鐘釣温泉		富山県	36.7377802250224	137.65000734841334	1954	57.1	mg/kg	6.8	438.9	84.14	14.98	3.67		85.81	37.06	105.33	105.371
4599	鐘釣温泉		富山県	36.73368360516252	137.65181581728703	1958	53.8	mg/kg	6.8	459.6	82.88	15.54	2.08		92.2	29.99	101.26	87.377
4600	鐘釣温泉	新鐘釣温泉	富山県	36.73085161426367	137.65090614663856	1954	50.2	mg/kg	6.7	257.5	39.204	16.76	1.724		45.38	23.45	72.266	52.285
4601	赤田温泉		富山県	36.72250054200478	137.25222377428992	1966	13.3	mg/kg	6.4	263	9.62	25.74	5.01		8.31		228.1	
4602	太閤山温泉		富山県	36.71275148624799	137.09405787808447	1956	15	mg/kg	6.8	324.4	19.702	72.224	11.39		15.066	7.098	407.78	
4603	(宇奈月町)	発電所利用泉	富山県	36.69697942065212	137.65747700382124	1955	48	mg/kg	0.8	368.5	68.23	13.96	2.17		90.75	18.95	65.37	61.944
4604	地獄谷温泉		富山県	36.699488267582716	137.68210534371607	1960	85.6	mg/kg	7.6	667.2	165.22	2.245	3.329		154.6	58.8	193.74	
4605	祖母谷温泉	地獄温泉	富山県	36.69950832230498	137.68211481096765	1964	73.5	mg/kg	8.3	1515	305.6	3.82			295.3	174	102.7	
4606	祖母谷温泉		富山県	36.69914729932776	137.6795881058755	1952	72.5	mg/kg	6.8	649.6	136.51	16.41	3.31		125.49	38.32	206.78	73.184
4607	祖母谷温泉	名剣温泉	富山県	36.69674461968394	137.66464928849393	1956	64	mg/kg	7	765.8	194.755	23.657	3.25		194.975	26.08	281.069	114.31
4608	猿飛温泉		富山県	36.69730728704673	137.65785833758093	1952	74.5	mg/kg	7.4	625.2	141.646	14.25	0.08		170.41	21.88	111.09	129.472
4609	(宇奈月町)		富山県	36.669448113086496	137.68223807628704	1957	71.6	mg/kg	5.2	61.2	1.06	3.43	2.32		2.13	21.46	4.34	17.971
4610	餓鬼谷温泉		富山県	36.668702970923505	137.68928155413266	1958	45.2	mg/kg	8.1	339.2	76.55	12.43			77.11	22.22	100.89	62.106
4611	(宇奈月町)		富山県	36.668611377788466	137.68388975315014	1957	43.8	mg/kg	7.8	606.8	120.48	16.295	2.58		175.5	28.52	72.33	123.511
4612	(上市町)		富山県	36.66333253230194	137.389998875078	1960	15.6	mg/kg	6.6	150	13.66	8.2	2.446		4.255	10.6	63.82	
4613	祖母谷温泉		富山県	36.699156235874554	137.67947394001797	1952	89.5	mg/kg	8.4	869.4	164.85	50.97	1.59		250.53	50.89	95.22	149.352
4614	阿曽原温泉		富山県	36.657620766286286	137.67774105758215	1965	47.3	mg/kg	7.9	705.6	153.4	26.83	2.73		218.6	35	117.8	128.652
4615	(宇奈月町)	仙人ダム源泉	富山県	36.64917132312755	137.6822696349529	1957	95.8	mg/kg	8.2	875	188.66	19.74	1.26		256.73	18.63	107.12	194.017
4616	仙人湯		富山県	36.64538729897675	137.65996795366905	1956	95	mg/kg	3	522.4	6.051	24.157	9.32		7.38	258.915		132.012
4617	いかはま鉱泉		富山県	36.63021715106228	137.02950378579433	1958	13.6	mg/kg	7.5	1092	675.555	28.94	4.32		865.51		481.99	
4618	牛滑温泉		富山県	36.61255827184466	137.07575880905986	1964	13.7	mg/kg	5.4	73.08	2.486	3.25	0.25		7.99	0.49	94.94	
4619	高窪温泉		富山県	36.59761823151005	136.79925528222898	1951	15.2	mg/kg	6.2	148.55	3.26	14.45	2.12		16.99	19.09	50.61	22.44
4620	地獄谷温泉	房治の湯源泉	富山県	36.58472376622234	137.59445095824995	1955	43.5	mg/kg	2.4	548.2	7.52	16.75	2.35		21.27	322.92		84.769
4621	地獄谷温泉	A1源泉	富山県	36.58444160114736	137.5947128369764	1954	75	mg/kg	2.8	160.5	5.5	8.089	2.43		30.83	111.611		24.482
4622	地獄谷温泉	露天1	富山県	36.58416719775875	137.5958349232519	1953	60	mg/kg	2.2	723.8	6.892	5.9	1.64		12.762	542.967		130.689
4623	地獄谷温泉		富山県	36.583886582797035	137.59387968625614	1953	76.5	mg/kg	2.8	531.5	8.21	11.4	1.79		11.21	192.154		56.985
4624	地獄谷温泉	雄山荘源泉	富山県	36.58333358189986	137.59194603853086	1955	51	mg/kg	2.4	354.4	2.54	5.17	2.43		53.88	163.769		38.742
4625	地獄谷温泉	雄山荘露天源泉	富山県	36.583056782716135	137.5938915883151	1955	58	mg/kg	2.2	906.5	2.87	1.53	6.23		17.02	643.16		100.648
4626	地獄谷温泉	みくりが池荘源泉	富山県	36.58199098078291	137.59618996825134	1959	52.6	mg/kg	2.9	188.4	6.72	6.63	0.17		2.85	82.991		35.557
4627	地獄谷温泉	室堂温泉	富山県	36.5777753454844	137.60082221538656	1962	67.8	mg/kg	5.7	155.9	4.736	12.65	5.511		14.1	22.15	21.92	42.782
4628	(立山町)		富山県	36.58511233515679	137.58349053042653	1958	89.2	mg/kg	1.4	8134	233.73	265	106.17		4272.33	2756.521		355.563
4629	山田西温泉		富山県	36.575977041411484	137.07746487953514	1954	41.5	mg/kg	8.6	2208.6	484.66	271.7	5.484		1047.12	271.82	17.08	
4630	山田温泉		富山県	36.57766794307763	137.0793077612041	1959	16.4	mg/kg	10.8	6844	2175.25	338.67	30.4		4077.56	1.38	4.88	
4631	山田温泉		富山県	36.577510080455234	137.07941475891218	1959		mg/kg	8.5	8010	1888.6	1018.03	21.89		4818.27	5.84	24.4	
4632	山田温泉	湯治部源泉	富山県	36.57749889217671	137.07916179933773	1956	43	mg/kg	8.6	2642.8	537.21	313.18	5.78		1207.53	288.4	3.05	
4633	山田温泉	新湯・旅館部源泉	富山県	36.5775100370428	137.0792431403158	1956	44	mg/kg	8.6	2501.3	516.07	308.96	5.06		1171.35	278.28	7.68	
4634	今井の湯		富山県	36.578887959101976	137.0799961876194	1960	26.3	mg/kg	8.7	1710	401.8	177.1	10.07		821.2	161.7	11.48	
4635	赤岩温泉		富山県	36.57638787711902	136.9936142549147	1954		mg/kg	7.4	3104.2	691.42	28.93	92.7		495.46	1191.71	98.52	
4636	庄川温泉	鳥越	富山県	36.571310238631774	136.99594174748495	1957	13.2	mg/kg	6	3720.6	530.03	438.72	160		726.18	415.49	1910.2	
4637	庄川温泉	庄川峡温泉予定源泉	富山県	36.571321772343175	136.99596468871863	1955	11.8	mg/kg	5.8	2536.8	256.91	248.63	177.3		482.12	245.13	1297.67	
4638	庄川温泉		富山県	36.56854055944439	136.99330474059158	1950		mg/kg		4053	636.583	407.264	77.451		687.73	429.4	1751.92	44.96
4639	川合田温泉		富山県	36.57547177880233	136.84977610702893	1964	14.4	mg/kg	7.4	3677	1122	159	17.76		2019		16.3	
4640	法林寺温泉		富山県	36.56695687511902	136.83770903121618	1974	42.8	mg/kg	9.1	1126	310	49.44			220.2	425.2	32.61	
4641	真谷温泉		富山県	36.56573881740059	137.39426376029053	1964	33	mg/kg	9.6	196.08	58.39	3.01	0.16		6.01	20.96	50.62	
4642	湯谷温泉		富山県	36.559400738879745	137.00647376025142	1953	39.5	mg/kg	8.8	1755.8	309.24	209.6	13.2		758.63	150.53	13.413	
4643	湯谷温泉	小牧温泉	富山県	36.55934563921447	137.00656732970313	1951	39.9	mg/kg	8.8	1836	275.18	208.85	15.57		730.27	133.03	10.03	33.54
4644	春日温泉		富山県	36.56355506659471	137.20324027376006	1961	33.5	mg/kg	8.4	7513.5	2297	342.9	23.52		4003	396.1	24.66	
4645	湯の谷温泉		富山県	36.55940235545755	137.0065878370808	1962	40	mg/kg	9.2	1544.9	305.4	210.7			730.9	151.3	25.33	
4646	立山温泉	立山新湯	富山県	36.55521397590625	137.5758758347007	1975	19.5	mg/kg	3	1263.5	199.2	0.8	3.8		157.8	341.2		441.117
4647	立山温泉	松平の湯	富山県	36.55401333903484	137.5623333536666	1975	38.5	mg/kg	6.3	812	133	100.9	28.5		39	48.6	724.4	103.394
4648	立山温泉	元湯	富山県	36.54833390740319	137.55167167120203	1975	64	mg/kg	7.5	407.5	86.7	22.7	2.6		27.5	55.6	199.8	85.392
4649	立山温泉	立山2号泉	富山県	36.548348845343774	137.55134872654196	1975	95	mg/kg	8.1	731	174.5	9.4	1.7		70.9	116.1	247.1	192.864
4650	立山温泉		富山県	36.548298959421196	137.55150569649922	1967	62	mg/kg	8.4	421.8	48.72	32.27	9.92		4.44	183.2	72.37	83.69
4651	立山温泉	立山3号泉	富山県	36.548300206836124	137.5515858099022	1975	95	mg/kg	8.4	637.5	157.5	8.6	1.4		69.1	113.6	157.4	112.933
4652	立山温泉	立山4号泉	富山県	36.54839975463342	137.55141137468075	1975	95	mg/kg	8.4	962	198.8	14.9	1.5		81.6	133.8	293.1	315.239
4653	立山温泉	うさぎの湯	富山県	36.54476651766609	137.57066053175913	1975	60	mg/kg	8.2	574.5	43.5	82.8	8.8		0.9	283.6	42.7	79.93
4654	立山温泉	立山湯の川温泉	富山県	36.548362467821285	137.55154213161956	1959	87.6	mg/kg	7.3	689.5	129.7	17.64	5.558		38.71	139.8	191.5	183.247
4655	下の茗温泉		富山県	36.552391312385495	137.0942156955231	1956	26.5	mg/kg	8.8	329.6	68.416	21.913	7.037		82.244	91.229	14.6	
4656	(利賀村)		富山県	36.5288906119555	136.98833999728015	1971	25.9	mg/kg	9.8	139.2	50	2.55	0.06		5.27	16.91	51.68	
4657	大牧温泉		富山県	36.500249166576126	136.99493628000366	1966	54.5	mg/kg	8	4085	903.3	453.6	9.48		1809	604.6	71.88	
4658	福光温泉		富山県	36.494126320180065	136.83472746612821	1971	33.9	mg/kg	8.8	4278	1071	357.2	0.56		1074	1634	19.68	
4659	林道温泉		富山県	36.49254866856292	136.91189838923341	1961	9.6	mg/kg	4.6	84.1	2.693	4.828	1.334		88.02	1.379	21.96	
4660	林道温泉	酒池鉱泉	富山県	36.49254261202139	136.91184496120206	1954	10.5	mg/kg	4	38.8	3.46	2.82			8.508		12.65	
4661	林道温泉	加賀屋源泉	富山県	36.492562226017405	136.91186575178565	1955	11.3	mg/kg	4.2	63.8	3.28	5.8	1.58		9.22		29.28	
4662	高天原温泉	高天原荘	富山県	36.445386211463884	137.58489451358807	1955	54.6	mg/kg	6.1	449.5	107.79	8.46	1.46		66.36	14.88	195.84	62.367
4663	高天原温泉	大東温泉	富山県	36.436680933131896	137.58311757417417	1967	55	mg/kg	6	454.8	102.95	7.47	0.79		68.79	15.14	172.1	79.331
4664	湯谷の湯		富山県	36.40915997010135	136.9333068640939	1952	39.2	mg/kg	8.4	785.3	120.08	99.58	1.04		51.75	434.43	9.07	
4665	烏川温泉		石川県	37.50000486567813	137.17279579016864	1954	14.5	mg/kg	7.8	1904	655.5	61	11		860	54.7	484	
4666	真浦温泉	1号源泉	石川県	37.47172937608909	137.09344383164773	1963	19.3	mg/kg	8.4	4008	1451	63.76	1.354		1870	316	316.8	
4667	曽々木温泉		石川県	37.45957685505402	137.07744043525165	1970	19.6	mg/kg	8.8	2968	1100	6.193	4.843		1380	125.1	477.8	
4668	大宝温泉	1号源泉	石川県	37.45222053208418	137.23862329109508	1963	19	mg/kg	7.4	26228	4770	940.2	1651		8637	6970	587.2	
4669	白崎温泉		石川県	37.44899576172732	137.04749333437184	1959	17	mg/kg	4.2	1745	260	122.4	54.88		413.5	482.4		
4670	白崎古川		石川県	37.44877183317307	137.04768771406088	1975	28.5	mg/kg		3435	1414	14.2	13.93		816.9	9.866	2507	
4671	のと飯田温泉		石川県	37.43690426791474	137.26080879059538	1964	27.5	mg/kg	7.5	12350	4025	267.3	27.5		6389	509.4	123.8	
4672	珠洲上戸温泉		石川県	37.43055884223911	137.2555656668395	1971	31	mg/kg	8.3	1250	391	9.706	0.245		435.6	32.92	332	
4673	のと飯田温泉	春日源泉	石川県	37.43695684483042	137.2606157821759	1964	27.3	mg/kg	8.3	21320	7010	777	34.34		11.906	475.3	97.92	
4674	狼煙温泉		石川県	37.52418998120419	137.32551521992227	1963	18	mg/kg	7.4	2800	530	211.4	282.2		114.9	38.27	3214	
4675	よしが浦温泉	よしが浦1号	石川県	37.51569587042702	137.34302685630863	1980	15.2	mg/kg		16330	6258	74.1	68.4		10090	9.4	25.3	
4676	よしが浦温泉	よしが浦2号	石川県	37.51563102589008	137.342950984701	1980	16.5	mg/kg		10450	4030	28	23.5		6358	9.7	33.4	
4677	祿剛崎温泉		石川県	37.524343057615745	137.32546607807052	1964	21	mg/kg	2.6	767	57		17.11		118.6	449.2		
4678	和倉温泉	和倉温泉1号源泉	石川県	37.08967993241569	136.91540148907742	1953	94.2	mg/kg	7.8	21674	4374	3186	3.4		12384	187.6	16.5	
4679	和倉温泉	和倉温泉2号源泉	石川県	37.08937403225709	136.91556196634022	1956	94	mg/kg	7.4	23445	4303	3130	2.21		12676	180.4	18.3	
4680	和倉温泉	和倉温泉3号源泉	石川県	37.08988531308445	136.91555035002406	1959	59	mg/kg	6.8	12608	3254	2124	11.11		8557	9.876	20.3	
4681	和倉温泉	和倉温泉4号源泉	石川県	37.08952620106785	136.9157636030985	1960	95	mg/kg	8	23030	4300	3449	14.34		12482	162.1	19.95	
4682	輪島温泉	輪島1号	石川県	37.38979802429626	136.91672883165361	1976	29.8	mg/kg		2684	953.5	60.71	5.817		1216	98.76	346	
4683	(金沢市)	樫見1号	石川県	36.48816083410381	136.70389929718377	1981	36.1	mg/kg		13020	2623	1.793	0.4		7255	994.6		
4684	(七尾市)	新能登島1号	石川県	37.12824974464481	136.98584662285285	1976	48	mg/kg		6191	2032	111.8	13.56		3016	141.1	245.7	
4685	(金沢市)	大和1号	石川県	36.570413917238106	136.637850244233	1980	32.9	mg/kg		1654	647	10.1	1.6		711		470	
4686	(柳田村)	能登黒川1号	石川県	37.364896726053274	137.04259992478688	1977	27.5	mg/kg		1725	540.9	6.31	11.78		414.5	437.1	172.6	
4687	(七尾市)	能登島	石川県	37.127701972713574	136.9738392714078	1965	31	mg/kg		12104	3300	556.5	230.1		6616	305.7	52.6	
4688	(七尾市)	能登中島	石川県	37.10952370534822	136.85315580203286	1974	30.5	mg/kg		18770	5465	504.2	491.5		9042	762.3	245.5	
4689	(穴水町)	真名井	石川県	37.22298630426535	136.9182799305053	1966	27.5	mg/kg		4448	1400	58.8	60.6		2135	237.9	99.97	
4690	谷崎鉱泉		石川県	37.41497351888387	137.24602368618721	1957	11.2	mg/kg		7430	88.75	365	32.5		31.45	3983		
4691	珠洲温泉	鵜飼1号	石川県	37.40205439746816	137.24146065885213	1957	32.8	mg/kg	8	668.3	20.4	7.47	3.888		201.8	34.56	21.96	
4692	珠洲温泉	鵜飼4号	石川県	37.40250344925331	137.24084544514764	1979	34.6	mg/kg		760	233.6	23.8	5.2		296.5	26.2	183.4	
4693	珠洲温泉	浅田源泉	石川県	37.40222011863274	137.23804821351612	1962	31.5	mg/kg		629	180	4.591	5.01		163.5	31.27	200.7	
4694	珠洲温泉	鵜飼3号	石川県	37.40194167622698	137.2413807201216	1961	36	mg/kg	7.6	1861	620	39.18	19		936.1	63.38	213.6	
4695	能登町野温泉		石川県	37.40110779939586	137.093043624165	1970	15	mg/kg	8	5252	1820	112.5	10.05		2992	27.98	80.54	
4696	珠洲温泉	鵜飼中島	石川県	37.40083023331352	137.2422114052326	1962	27.5	mg/kg		668	190	7.489	5.512		184.7	26.34	221.6	
4697	珠洲温泉	鵜飼2号	石川県	37.400557391276564	137.24222684380987	1957	22	mg/kg	7.3	1102	312.5	29.57	20.75		497.8	51.02	189.7	
4698	珠洲温泉	珠洲八木	石川県	37.40055565490318	137.23944186611678	1979	25.1	mg/kg		656	179.2	33.3	7.3		270.9	22.8	141.7	
4699	ねぶた温泉		石川県	37.39944897607693	136.9405737491949	1963	25.5	mg/kg	9.3	225	69	1.89	1.22		25.01	4.938	120.5	
4700	輪島温泉	能登輪島1号	石川県	37.389804477795664	136.91681551204132	1982	39.3	mg/kg		7991	2406	430	3.2		4171	624	95.7	
4701	柳田温泉	柳田温泉1号源泉	石川県	37.36520774386812	137.09056138513398	1972	34	mg/kg		1829	580	9.61	1.63		380	655.9	210.1	
4702	恋路温泉		石川県	37.365731405554804	137.24170087615263	1967	28	mg/kg	8.4	2304	740	38.88	34.44		1096	158	197.7	
4703	(柳田村)	柳田温泉病院1号	石川県	37.35022918607642	137.10963011047556	1981	30	mg/kg		10380	3582	142	59.5		5583	866	240	
4704	(能都町)	能登真脇1号	石川県	37.30204256595297	137.20444861949048	1977	22.3	mg/kg		7277	2591	59.47	82.82		4287	58.22	201.3	
4705	小木鉱泉		石川県	37.30066683606407	137.2275780226921	1954	13.5	mg/kg	7.3	1540	425.5	27	4.3		610.3	188	58.5	
4706	輪島温泉	能登三井1号	石川県	37.29954570025481	136.96190126960283	1982	15.8	mg/kg		1085	415	1.3	0.3		227	49.5	161	
4707	剱地温泉	剱地温泉源泉1号	石川県	37.23080158538662	136.70755533366807	1975	14.7	mg/kg		7391	2392	183.2	136.9		3719	299.4	570.5	
4708	海月温泉		石川県	37.22527599017462	136.91110300340102	1955	21.5	mg/kg	7.4	30630	7880	1672	1295		15908	1608	467.4	
4709	二子山温泉		石川県	37.21638824812299	137.06666442954383	1974	9.5	mg/kg	7.5	2575	599.6	111.7	77.93		1024	172.7	444.5	
4710	朱鷺の湯	朱鷺の湯1号	石川県	37.20206555780956	136.89905223856093	1980	18.5	mg/kg		1238	401	35.2	2.4		417	236	151	
4711	(穴水町)	野々浜1号	石川県	37.19805592379122	136.99305539940346	1976	26.7	mg/kg		277.4	62.26	0.375			31.71	11.79	108.7	
4712	能登青島温泉	能登青島温泉1号源泉	石川県	37.1380615819754	136.88835437427346	1974	28.5	mg/kg	7.8	20200	6893	395	429.9		10820	1466	159.7	
4713	(七尾市)	能登長浦1号	石川県	37.13333708218495	136.89390304567837	1977	31	mg/kg		643.3	200.4	0.972	4.621		269.3	40.41	75.48	
4714	能登島温泉	能登島向田源泉	石川県	37.13305702626998	137.00250268412466	1971	29	mg/kg	8.8	1430	540	6.28	7.289		614.4	82.3	207.5	
4715	能登島温泉	能登島半浦	石川県	37.117666947757414	136.93653416633123	1965	31	mg/kg	7.1	12104	3300	556.5	230.1		6616	305.7	52.6	
4716	金剛生神温泉	能登金剛霊感安徳	石川県	37.11832734399526	136.72829498461124	1965	20.3	mg/kg		17388	5150	469.6	322.9		8850	1120	89.15	
4717	金剛生神温泉	能登金剛生神	石川県	37.1182915721535	136.72817033965805	1964	28	mg/kg	9.2	1875	610	13.41	5.566		600.6	275.3	221	
4718	三室温泉	三室温泉源泉1号	石川県	37.09361341472577	137.01584226408735	1975	25.8	mg/kg	8.3	1291	415.3	23.81	22.85		518.4	69.31	340.5	
4719	和倉温泉	和倉温泉5号源泉	石川県	37.08969269151012	136.91546623443375	1963	95.8	mg/kg	7.6	21913	4150	3186	6.59		12098	180.6	21.81	
4720	和倉温泉	和倉温泉6号源泉	石川県	37.089635588145214	136.91562894982016	1971	89.5	mg/kg	7.8	22480	4600	3210	11.88		12480	171.2	23.74	
4721	和倉温泉	和倉温泉10号源泉	石川県	37.08968130035251	136.91540222593676	1977	90.1	mg/kg		23780	4754	2948	10.64		12160	165.6	18.85	
4722	和倉温泉	和倉温泉7号源泉	石川県	37.08956616563348	136.91524213694692	1973	62	mg/kg	7.5	10740	2626	1363	71.63		6595	91.69	44.13	
4723	和倉温泉	和倉温泉8号源泉	石川県	37.08952077855557	136.91543441059648	1974	94	mg/kg	7.5	26545	4049	2902			11800	156	25.19	
4724	和倉温泉	和倉温泉9号源泉	石川県	37.08983545361551	136.91562040794054	1975	40	mg/kg	7.3	14540	3072	19.84			8130	38.34	23.06	
4725	能登中島温泉		石川県	37.087503262465304	136.8708451223206	1974	30.5	mg/kg	7.8	18770	5465	504.2	491.5		9042	762.3	245.5	
4726	湯川温泉		石川県	37.08245773434228	137.03898424186997	1952	15.8	mg/kg	7.3	1024	276.5	46	13.5		243.9	9.6	597	
4727	湯川中山温泉		石川県	37.07861174209821	137.03389049514692	1972	17	mg/kg	8.6	1840	660	11.31	3.43		396.8	202.5	918.9	
4728	赤崎温泉		石川県	37.06972704809934	137.0111294855989	1953	27.8	mg/kg	6.6	1748	626.7	14.3	5.5		545.3	39.7	772.8	
4729	錦川温泉	錦川温泉1号源泉	石川県	37.06722171146888	137.0105558839324	1974	12.8	mg/kg	7.6	2269	759.7	13.17	20.12		928.3	14.8	637.6	
4730	赤浦温泉		石川県	37.058608248449985	136.9352673300965	1954	27.7	mg/kg	7.6	434	87	6			109	14.8	110.3	
4731	城山温泉		石川県	37.02143195428092	136.9811404255378	1958	10	mg/kg	6.4	107	15	16.25	8.99		21.1		117.2	
4732	志賀の郷温泉	志賀の郷温泉1号源泉	石川県	37.02422836722351	136.76060344972467	1974	32	mg/kg	7.2	7048	2348	46.06	33.04		3659	347.3	93.3	
4733	福井鉱泉		石川県	36.99111140300148	136.80027902308203	1956	22.5	mg/kg	7.6	2374	810	10.5	6.8		880.1	187.5	498.7	
4734	羽咋温泉	千里浜遊園源泉	石川県	36.90023214007371	136.77126530652407	1960	28	mg/kg	8.2	210	20	21.98	10.7		4.964		179.8	
4735	新宮温泉	新宮	石川県	36.84349149791531	136.8174127780591	1955	21	mg/kg	7	2486	780	81	6.8		964.8	508.6	140.5	
4736	新宮温泉	新宮荘源泉	石川県	36.843474620131715	136.81741285832098	1964	34	mg/kg	8.3	3201	1010	74.12	3.862		1080	832.5	62.42	
4737	倉見温泉		石川県	36.676813187060525	136.76039067599635	1959	14.4	mg/kg	7.8	2635	898	12.8	9.24		654.9		1364	
4738	津幡温泉		石川県	36.6736554311552	136.73040529761434	1958	26.3	mg/kg	7.4	235	30.5	14.93	3.014		6.892	3.3	136.4	
4739	川尻温泉		石川県	36.67430108742413	136.71342596577696	1955	29.3	mg/kg	7.4	464	56.5	22.7	4.4		14		232.6	
4740	不動鉱泉	くりから1号	石川県	36.67062739166141	136.79320437293333	1981	16.4	mg/kg		1367	489	7.7	4.1		432	1.5	664	
4741	浅田鉱泉		石川県	36.665055887320676	136.74179411140943	1956	15	mg/kg	7.4	334	90	1			15.96	2.2	205	
4742	森本温泉	観音荘源泉	石川県	36.61749828975884	136.70332583377657	1958	15.3	mg/kg	8.4	1005	314.7	1.348	1.729		10.05	5.762	902.9	
4743	深谷温泉	元湯	石川県	36.6139845046194	136.71192483094694	1959	13	mg/kg	8.3	846	272.5	5.926	1.1		55.03	12.35	715.4	
4744	深谷温泉	奥の湯	石川県	36.6133464189798	136.72117588108003	1959	14.2	mg/kg	8.2	1086	232.5	4.83	0.367		15.98	5.761	672.5	
4745	深谷温泉	中の湯	石川県	36.61394494454355	136.7120081957978	1958	12.7	mg/kg	7.8	1710	621	104.4	6.831		477.9		935.1	
4746	葵温泉		石川県	36.612776579408596	136.70221708701575	1967	17	mg/kg	8.4	2119	780	0.687	10.29		438		1461	
4747	深谷温泉	口の湯	石川県	36.61146625864213	136.71036603546796	1959	13.5	mg/kg	7.6	3035	1103	11.43	12.87		1239	18.11	914	
4748	薬師温泉		石川県	36.601669029489805	136.718618506418	1968	17	mg/kg		8303	2880	85.79	99.7		4727		566.4	
4749	金城温泉	金城1号	石川県	36.57991780502435	136.59728107558783	1980	38	mg/kg		1193	422	6.9	0.7		305	0.1	652	
4750	(金沢市)	卯辰山1号	石川県	36.57055491369376	136.6769397930624	1976	30	mg/kg		1715	652.3	14.59	3.948		515.9	14.24	899.4	
4751	山科温泉		石川県	36.525662955600055	136.65515718199597	1961	19	mg/kg	8.6	1822.4	710	4.642	3.32		94.46	31.69	1.729	
4752	蓮如温泉		石川県	36.51730669187203	136.72732318403052	1973	24	mg/kg	8.6	1122	430.8	20.63	1.202		174.3	17.53	890.3	
4753	犀川峡金沢温泉		石川県	36.512167220519515	136.6929995989796	1971	31	mg/kg	8.5	2325	790	9.543	12.33		949.1	150.6	456.9	
4754	加賀美川温泉	美川1号	石川県	36.490093184328984	136.4893557010882	1981	47.5	mg/kg		2878	1.015	9.4	0.9		1377	3.8	556	
4755	加賀美川温泉	新美川1号	石川県	36.490136891497706	136.48929380649855	1974	45.6	mg/kg	8.6	1706	536.4	3.006	1.825		580.1	9.885	525.6	
4756	犀川温泉	犀川温泉2号源泉	石川県	36.512326575716564	136.69289177230152	1969	29	mg/kg	8.3	3166	609	433.7	2.49		703.4	1410	33.92	
4757	犀川温泉		石川県	36.51223986507886	136.69288424862057	1960	26.2	mg/kg	9	3021	580	417.8	2.372		636.2	1.344	32.4	
4758	加賀美川温泉		石川県	36.48638465113651	136.4974848513704	1971	38	mg/kg	8.6	1450	550	6.46			521	46.09	422.5	
4759	湯涌温泉	湯涌温泉1号泉	石川県	36.48525854409886	136.75748170414647	1958	32.5	mg/kg	7.6	1935	565	125.4	0.918		717.6	400.8	90.28	
4760	湯涌温泉	湯涌温泉2号泉	石川県	36.48526256174194	136.75748525253934	1958	39.5	mg/kg	7.4	2718	720	182	0.675		1019	538.2	68.32	
4761	鶴来鉱泉		石川県	36.44942976303284	136.62877514266646	1956	20.5	mg/kg	2.6	1893	15	128.7	54.7		3.9	1210.4		
4762	辰口温泉	新辰口10号	石川県	36.44916613230438	136.53860847904167	1976	48	mg/kg		3778	1139	205.2	3.195		903.8	1364	126	
4763	辰口温泉	辰口5号源泉	石川県	36.447782356401184	136.53140575346754	1971	40	mg/kg	8.3	4944	1600	121.6	16.92		1405	1614	114.7	
4764	辰口温泉	辰口1号源泉	石川県	36.44472391432036	136.54528566553586	1957	25.5	mg/kg	7.3	3710	1020	182.5	11.41		966.4	1342	166	
4765	辰口温泉	辰口2号源泉	石川県	36.4447097488807	136.54557129546146	1957	26	mg/kg	7.2	3771	1042	184.9	14.67		966.4	1365	164	
4766	湯谷温泉	湯谷1号	石川県	36.43916903659428	136.5211196072644	1977	16	mg/kg		281.8	60.94	4.054	4.305		44.92	63.55	47.59	
4767	(鶴来町)	柱谷1号	石川県	36.42361066561966	136.64527663868793	1980	25.4	mg/kg		112.2	23.4	7.9			8.1	34	35	
4768	阿美湯	安宅阿美湯	石川県	36.41979019541259	136.4233818853099	1953	14.6	mg/kg	7.4	1360	473	20	57		515.5		750	
4769	小松中央温泉	小松中央温泉1号源泉	石川県	36.40888593919483	136.44165659858805	1973	17	mg/kg	6.9	4942	1200	499.6	54.99		2670	54.32	179.1	
4770	芦城温泉		石川県	36.405651533875044	136.45149703756275	1958	16.2	mg/kg	7.3	1526	440	33.98	39.29		682.1	123.5	227.5	
4771	新小松温泉		石川県	36.40138735791314	136.45555089387736	1964	38.5	mg/kg	7.5	4888	1303	316.6	5.96		2184	621.8	44.58	
4772	小松天岩温泉	小松天岩温泉1号	石川県	36.396669337037984	136.44806563816704	1973	15.2	mg/kg	7.1	2830	788.7	132.5	48.94		1395	87.56	278.9	
4773	小松天岩温泉	小松天岩温泉1号	石川県	36.396665994546	136.44805306977733	1973	15.2	mg/kg	7.1	2830	788.7	132.5	18.94		1395	87.56	278.9	
4774	服部温泉		石川県	36.396390584789515	136.5997284337424	1974	13.3	mg/kg	2.8	1363	9.013	55.74	24.98		32.04	638.8		
4775	涌泉寺温泉	涌泉寺1号	石川県	36.393171189897	136.52429156950328	1975	49.2	mg/kg		1681	287.9	214.6	2.157		268.6	672.5	45	
4776	加賀八幡温泉	加賀八幡温泉2号源泉	石川県	36.39195001804341	136.48999353397562	1969	32	mg/kg	8	2896	800	121.6	11.12		991.9	800	19.53	
4777	加賀八幡温泉		石川県	36.3918597827735	136.48998453468167	1965	36	mg/kg	8.1	3780	1090	163	15.75		1196	1060	70.78	
4778	赤穂谷温泉	赤穂谷1号	石川県	36.38931522734708	136.52105363980655	1978	38	mg/kg		773.9	188.7	63.87	1.594		77.26	341.5	34.88	
4779	加賀八幡温泉	加賀八幡温泉3号源泉	石川県	36.38860881000485	136.48999175701186	1974	38	mg/kg	8.3	3796	1180	26.65	70.27		1342	1001	131.2	
4780	手取温泉		石川県	36.37262882910103	136.60944020357718	1956	14.3	mg/kg		1170	195	147.5	6.08		146.8	546.5	42.3	
4781	手取温泉	手取3号	石川県	36.3726247856529	136.609542870774	1961	23.2	mg/kg	8.5	3812	622.3	501.6	3.234		289.2	2164	6.315	
4782	手取温泉	手取5号	石川県	36.372653670103226	136.60961165472636	1980	37.2	mg/kg		4247	637	502	19.1		168	2126	27	
4783	柴山温泉	柴山温泉1号源泉	石川県	36.361944749481054	136.38194782165365	1965	26	mg/kg	8.1	6492	1800	475.8	13.07		3055	734.9	38.17	
4784	木場温泉	松風荘源泉	石川県	36.36037030578613	136.45117235586662	1961	30.4	mg/kg	8.4	173	49.8	2.375	1.364		9.076	26.34	102.3	
4785	柴山温泉	柴山温泉2号源泉	石川県	36.35849105603352	136.37608659013736	1974	26.5	mg/kg	8.3	379	81.22	1.505	2.056		82.51	28.89	67.49	
4786	(加賀市)	橋立1号	石川県	36.35166480387759	136.31082414735008	1976	17.2	mg/kg		3130	1198	38.28	26.38		1513	152.8	351.5	
4787	(加賀市)	加賀橋立1号	石川県	36.34686404490618	136.30961762130178	1981	62.3	mg/kg		20150	4339	2577	23.5		11000	516.6	34.8	
4788	(河内村)	千丈1号	石川県	36.34814291839312	136.6804664734468	1975	35.9	mg/kg		331.1	114.8	7.297	2.836		11.08	73.25	201.7	
4789	片山津温泉	2号源泉	石川県	36.3465530372144	136.3673659054662	1957	71.2	mg/kg	6.8	14846	3311	2046	14.03		8563	255.6	34.78	
4790	片山津温泉	片山津	石川県	36.34653964345124	136.36728396320072	1952	68	mg/kg		13432	2940.68	1931.14	36.58		7844.99	271.59	46.68	
4791	片山津温泉	片山津2号	石川県	36.34658388076698	136.36731993218658	1963	73	mg/kg	7.3	15036	3000	2306	6.808		8467	271.6	47.17	
4792	粟津温泉	喜多八源泉	石川県	36.333386195695795	136.44726602380408	1964	18	mg/kg	7.9	1621	481.6	54	2.462		317.8	604.7	163.7	
4793	粟津温泉	金閣ホテル源泉	石川県	36.33305347676505	136.4463798025363	1964	18.1	mg/kg	7.8	1759	510	63.74	2.5		317.4	710.1	147.1	
4794	粟津温泉	小泉源泉	石川県	36.33278099371229	136.4480670775477	1964	30	mg/kg	7.7	1509	482.2	24.94	1.846		185.7	768	102.9	
4795	粟津温泉	雲井源泉	石川県	36.33249945658995	136.44610966152382	1958	42	mg/kg	7.5	1750	534.7	75.58	1.495		255	897.4	118.6	
4796	粟津温泉	まつや源泉	石川県	36.332502208144334	136.4461185634	1964	47.5	mg/kg	7.7	1830	521	70.58	0.985		311.4	791.3	107.4	
4797	粟津温泉	森本源泉	石川県	36.33249891188297	136.4461072793789	1958	45.6	mg/kg	7	1770	501.2	65.63	1.26		261.9	765.1	109.4	
4798	粟津温泉	まつや3号	石川県	36.33221782072881	136.44609535663133	1980	44.6	mg/kg	7	1873	526	71.2	0.8		305	810	70.2	
4799	粟津温泉	法師1号源泉	石川県	36.33194320678729	136.44805398022802	1958	51.2	mg/kg	7.2	1940	532.4	72.53	1.392		289.4	845.5	97.68	
4800	粟津温泉	法師2号源泉	石川県	36.331945426451355	136.44806147963286	1958	60	mg/kg	7.4	2120	556.1	87.41	0.975		314.9	889.8	96.4	
4801	粟津温泉	片山源泉	石川県	36.33166706841148	136.44722199459792	1958	57.7	mg/kg	7.2	2155	607.6	96.13	1.317		321.1	1009	107.8	
4802	粟津温泉	かめたに3号	石川県	36.3311067147169	136.44665013631047	1980	54.8	mg/kg		2100	608	76.3	1		374	868	69	
4803	粟津温泉	かめたに源泉	石川県	36.33110996942166	136.44666234704758	1958	55	mg/kg	7	2010	613.8	90.77	1.208		323.8	1008	115.8	
4804	粟津温泉	片山源泉	石川県	36.33082971051649	136.44693175339756	1958	57.7	mg/kg	7.2	2155	607.6	96.13	1.317		321.1	1009	107.8	
4805	粟津温泉	共同浴場源泉	石川県	36.330558431432436	136.44611874421238	1958	39.7	mg/kg	7.2	1285	383.5	56.46	0.866		183.5	595.7	110.3	
4806	粟津温泉	坂田屋源泉	石川県	36.331384600619096	136.44413863928563	1953	55	mg/kg	8	2034	583.4	65.8	2.5		339.5	858	107	
4807	粟津温泉	対岳館2号	石川県	36.33061064163889	136.44479194999786	1976	55.1	mg/kg		1981	488.6	82.24	3.173		322.7	683.5	114.7	
4808	粟津温泉	対岳館源泉	石川県	36.33057857597805	136.44485737349282	1958	42.6	mg/kg	7.2	1630	473	64.51	0.862		250.1	716.1	113.5	
4809	粟津温泉	山本屋源泉	石川県	36.330556460941835	136.44611293850113	1958	56	mg/kg	7.5	2065	571.2	88.58	1.129		310.1	920.5	107	
4810	粟津温泉	かみや源泉	石川県	36.33027714317914	136.44666354642754	1958	45.6	mg/kg	7.2	1790	463.8	79.93	1.18		264.6	720.6	96.3	
4811	瀬領桂木温泉	瀬領桂木温泉1号源泉	石川県	36.32999994135814	136.48444462135043	1974	32.5	mg/kg	6.4	2477	395.7	286	6.924		372.7	1102	42.97	
4812	粟津温泉	のとや源泉	石川県	36.3301560339435	136.44709339570508	1958	35.6	mg/kg		1220	368.7	43.22	0.908		197.8	563	103	
4813	粟津温泉		石川県	36.33054848676151	136.4464292688632	1957		mg/kg		1118.5	302.5	20.5	29.65		443.9	47.75	268	
4814	粟津温泉		石川県	36.330547821200526	136.4465665405289			mg/kg		1220	368.7	43.22	0.908		197.8	563	103	
4815	粟津温泉	橋本温泉	石川県	36.32944509730869	136.4438932417262	1974	16	mg/kg	7.3	1130	336.4	10.49	3.424		160.5	396.8	115.9	
4816	粟津温泉	辻のや源泉	石川県	36.32833295046594	136.44222174927143	1958	42.3	mg/kg	7	1890	533.4	82.3	1.292		256.3	905	101.5	
4817	那谷温泉		石川県	36.32802339821247	136.4215631798026	1963	19	mg/kg	7.5	2945	650	263.2	9.3		429	1405	42.77	
4818	岩上温泉	岩上	石川県	36.32777888904185	136.5263909715354	1961	27.5	mg/kg	8.4	1393	252	142.2	4.69		61.39	826.3	30.1	
4819	瀬領温泉	1号源泉	石川県	36.3266667069677	136.48472087860205	1964	37.5	mg/kg	7.5	2103	312	282.4	1.174		141.1	1152	30.94	
4820	瀬波川温泉	瀬波川温泉1号源泉	石川県	36.31839411859149	136.65906526474606	1974	28	mg/kg	8.9	1348	400.6	2.403	2.199		43.01	232.4	602.1	8.016
4821	赤瀬温泉	赤瀬弁天閣2号	石川県	36.30138825831787	136.4830545711468	1966	27.5	mg/kg	7.7	190	31	4.838	0.366		7.8	33.33	43.15	
4822	(尾口村)	瀬戸丸山1号	石川県	36.29520938742672	136.64037848210774	1982	28.1	mg/kg		2021	533	92.7	5.9		168	952	186	
4823	冷鉱泉	吉崎たわらや	石川県	36.290002318566785	136.25167543936232	1954	14.8	mg/kg	7.6	15010	3800	482	632		8007	811	342.2	
4824	ソソリ温泉		石川県	36.275562143295176	136.32816189591756	1961	34.8	mg/kg		628	75	101.2			8.794	377.8	15.27	
4825	ソソリ温泉		石川県	36.275653803792416	136.32808766772897	1963	35.5	mg/kg	8.4	674	67	105.1	1.058		11.35	365.8	17.6	
4826	山代温泉	国立山中病院山代分院源泉	石川県	36.28838522132245	136.36231329988854	1960	47.5	mg/kg	8	870	217.6	43.91	0.162		90.71	320.6	122	
4827	山代温泉	山代温泉4号源泉	石川県	36.289183725459786	136.36172204905307	1963	28	mg/kg	8.4	443	100	43.88	0.866		37.3	184.4	106.2	
4828	山代温泉	山代荘	石川県	36.28868779659074	136.36155297494216	1960	47.5	mg/kg		870	217.6	43.91	0.162		90.71	320.6	122	
4829	山代温泉		石川県	36.289221771607515	136.3616046295264	1953	66	mg/kg	8.1	1394	330.9	81.5	4.2		205	589	60.5	
4830	山代温泉	山代温泉5号源泉	石川県	36.2858293419221	136.35609791442548	1974	40	mg/kg	9.3	2310	390.2	258.7	2.667		186.9	1196	37.2	
4831	加賀温泉		石川県	36.28187211311923	136.33541629618176	1973	34	mg/kg	7.7	2164	371.8	208.6			210.8	894.4	36.43	
4832	大聖寺温泉		石川県	36.278184266120896	136.33373204123774	1956	35	mg/kg	8.8	1076	160	198.2	2.75		12.95	813.3	24.9	
4833	女原温泉	女原温泉1号源泉	石川県	36.27713390712764	136.64753689433357	1973	19	mg/kg	8.7	1120	300.1	22.97	22.35		112.5	434.6	220.2	31.546
4834	中宮温泉	中宮温泉1号源泉	石川県	36.25822193117864	136.763989196422	1974	97	mg/kg	8.5	1180	440.5	16.93	0.913		300.9	74.98	582.1	119.172
4835	ソソリ温泉		石川県	36.27563555904979	136.32823428513365	1966	34	mg/kg	8.7	658	68	92.05	1		24.59	287.2	21.78	
4836	加賀別所温泉		石川県	36.27065991690924	136.36179094338192	1969	37.5	mg/kg	7.6	1406	204	220.1	7.32		60.56	881.4	27.51	
4837	中宮温泉	中宮	石川県	36.25832214925266	136.76395065824963	1958	59.2	mg/kg	7	2580	760	52.73	4.659		924.8	82.3	668.1	113.01
4838	親谷温泉		石川県	36.25484233561626	136.79987957043332	1974	97	mg/kg		1180	440.5	16.93	0.913		300.9	74.98	582.1	
4839	山中温泉	国立山中病院源泉	石川県	36.2475898576106	136.37554407818962	1964	43.5	mg/kg	8.4	783	75.5	146.9	1.428		31.06	445.7	41.39	
4840	山中温泉	山中3号	石川県	36.247570105733026	136.37544768837188	1953	51	mg/kg	8.4	1490	324.5	109	4		48	870	21.1	
4841	山中温泉	山中3号	石川県	36.24753390942306	136.37553644220426	1964	46	mg/kg	8.2	945	90	175	0.498		33.18	548.1	33.01	
4842	山中温泉	山中5号	石川県	36.24750509326905	136.3754905442894	1964	52	mg/kg	8.6	1435	128	216	29.56		45.96	849.7	21.89	
4843	山中温泉	山中7号	石川県	36.24749279883562	136.37559749960553	1981	48.2	mg/kg		1166	119.1	217.1	2		47.9	698.3	13	
4844	山中温泉		石川県	36.247560488605785	136.375624723594	1954	46.5	mg/kg	8.4	1204	130	190	10.3		44.5	668.1	26.2	
4845	岩間温泉		石川県	36.22585113510879	136.7607505203985	1958	65.5	mg/kg	6.7	1240	315	45.47	1.309		351.4	116.8	225.8	66.006
4846	白峰温泉	口の湯	石川県	36.193069350531125	136.62811617988385	1978	32.6	mg/kg		2084	962.1	6.065	8.955		34.75	37.04	2464	
4847	桑島温泉	桑島2号	石川県	36.19377967440182	136.6288464019405	1976	18.3	mg/kg		2040	1174	25.51	21.18		541.1	39.4	2140	
4848	桑島温泉		石川県	36.19374739520284	136.62895978867434	1965	24.1	mg/kg	7.4	2799	1030	17.1	16.59		402.6	3.704	2247	19.005
4849	白峰温泉	白峰1号	石川県	36.16527903606338	136.63667029560864	1978	32.3	mg/kg		3684	1.53	13.92	13.71		280.2	8.214	3535	
4850	白山温泉	別当温泉	石川県	36.12472461217018	136.74000949117672	1956	59.2	mg/kg	7.2	2444	500	181	69.2		1005	50.5	610	64.621
4851	白山温泉		石川県	36.11351950322389	136.70061681665536	1956	47.5	mg/kg	7.6	3661	1200	99.2	35.4		1352	35.4	1574	105.394
4852	吉崎温泉		福井県	36.28975774928932	136.2511653903066	1984	16.6	mg/l		17710	4250	1164	38.4	0.3	9886	320	56.1	
4853	芦原温泉	第6号泉	福井県	36.22721980313084	136.19249220641277	1981	65.5	mg/kg		9212.8	2250	1087.25	5.19		4941.73	748.04	39.11	
4854	芦原温泉	第7号泉	福井県	36.22722146143185	136.19249801233406	1981	68.6	mg/kg		6921.3	1699.99	813.3	10.39		3851.65	378.29	64.24	
4855	芦原温泉	第4号泉	福井県	36.226943581005216	136.19222052738894	1976	65.2	mg/kg		9347	1800	1052	9.75		4697	358	47.72	
4856	芦原温泉	第30号泉	福井県	36.22666902026818	136.19417367300576	1954	43	mg/l		4940	1100	410	2.2	0.2	1988	414.4	77.4	
4857	芦原温泉	開花亭	福井県	36.22638512353733	136.1924841254757	1983	61.6	mg/l		8152	1890	939.9	6.2		4463	319	47.6	
4858	芦原温泉	青雲閣	福井県	36.23194932101592	136.19618646596416	1983		mg/l		3110	842	214.3	1.6	0.07	1642	135	37.8	
4859	芦原温泉	第2号泉	福井県	36.22610749752783	136.19192957988474	1976	51.2	mg/kg		18261	4101	128.5	9.75	0.02	809.4	266	57.54	
4860	芦原温泉	第9号泉	福井県	36.226109795288345	136.19249510647842	1954	52	mg/l		7840	1650	900	2.2		3780	384	52	
4861	芦原温泉	第12号泉	福井県	36.22610898979584	136.1927694576381	1954	64	mg/l		8460	1800	910	4.4		4084	376.1	35.2	
4862	芦原温泉	第31号泉	福井県	36.22611156203427	136.19389019197124	1954	56	mg/l		7640	1803	750	4.4		3709	440.3	35.5	
4863	芦原温泉	第71号泉	福井県	36.226112233047395	136.195560485055	1954	45	mg/l		2040	550	113	3.3		834.8	273.2	71	
4864	芦原温泉	八木	福井県	36.225916436937275	136.19279275224406	1983	47	mg/l		4456	1042	443.4	4.8		2288	198	107.3	
4865	芦原温泉	第13号泉	福井県	36.22583308998609	136.19249993968575	1976	54.7	mg/kg		6075	1350	626.5	9.75	0.04	3060	306	58.94	
4866	芦原温泉	第67号泉	福井県	36.225555725993814	136.1949995733315	1981	44.4	mg/kg		3160.3	875	269.67	2.6		1598.8	306.72	72.64	
4867	芦原温泉	第68号泉	福井県	36.22555792150597	136.19444943482338	1976	40.8	mg/kg		4768	940	477.9	2.44		2406	214	70.17	
4868	芦原温泉	第3号泉	福井県	36.22555713489491	136.1936145057342	1954	65	mg/l		8860	2050	840	3.3	0.2	4464	320.6	50.3	
4869	芦原温泉	第69号泉	福井県	36.225556411458065	136.19472386116627	1954	46.5	mg/l		3640	825	280	1.1		1565	227	58.3	
4870	芦原温泉	第18号泉	福井県	36.22527758159896	136.1930549491372	1981	71.5	mg/kg		9023.5	2210	1053.01	15.58		4941.73	621.44	39.11	
4871	芦原温泉	べにや	福井県	36.225277461529124	136.19249826327945	1983	68.8	mg/l		10040	2335	1169	11.5		5466	385	28	
4872	芦原温泉	第19号泉	福井県	36.22528041372855	136.19195257029435	1976	47.2	mg/kg		5348	1371	545.4	6.44	0.04	288.7	290	41.87	
4873	芦原温泉	第15号泉	福井県	36.225278734241705	136.19305880301525	1954	71	mg/l		10920	2470	1300	6.5		5656	394.2	23.7	
4874	芦原温泉	第20号泉	福井県	36.225279146548054	136.19194849983643	1954	54	mg/l		5980	1250	500	2.2		2642	369.1	44.5	
4875	芦原温泉	福寿荘	福井県	36.22513346568239	136.19203437450187	1983	46.3	mg/l		5240	1216	516.8	5.3		2712	227	89	
4876	芦原温泉	第26号泉	福井県	36.2250005709829	136.1936131898035	1954	52	mg/l		5340	1100	420	1.1		2405	185.1	108.6	
4877	芦原温泉	つるや	福井県	36.22484940700286	136.1926145725053	1983	77.9	mg/l		10090	2390	1227	9.7		5776	385	25.6	
4878	芦原温泉	第22号泉	福井県	36.22472286170485	136.19250250163574	1976	77.5	mg/kg		10580	2200	1225	21.93		5566	420	25.26	
4879	芦原温泉	第55号泉	福井県	36.224723998109305	136.1936183346934	1954	75	mg/l		10626	2450	1230	5.5		5575	392	24	
4880	芦原温泉	第64号泉	福井県	36.22444026396313	136.18887385325093	1981	37.3	mg/kg		3362	925	278.24	2.6		1569.73	462.84	89.59	
4881	芦原温泉	米和	福井県	36.22459263141971	136.1933584017325	1983	68.8	mg/l		9184	2075	106.4	11.6		5000	343	38.4	
4882	芦原温泉	みゆき	福井県	36.22448399229038	136.19448254285314	1983	36.6	mg/l		2220	602	161.1	2.3	0.05	1130	125	75.6	
4883	芦原温泉	芦原荘	福井県	36.22452374508456	136.19306250217085	1983	73.3	mg/l		10500	2400	1230	9.7		5734	385	24.4	
4884	芦原温泉	角惣	福井県	36.224561021780836	136.19378194671725	1983	67.5	mg/l		8359	1905	971.5	12.6		4689	325	47.5	
4885	芦原温泉	第54号泉	福井県	36.22444397243916	136.1936104721781	1976	74.5	mg/kg		9950	1950	1133	1462	0.15	5200	440	35.09	
4886	芦原温泉	第21号泉	福井県	36.22444441515981	136.19278046207296	1954	72	mg/l		9880	2400	1220	6.5	0.5	5682	372.4	20.3	
4887	芦原温泉	第51号泉	福井県	36.22444083673334	136.1927672369399	1954	71.8	mg/l		10390	2350	1220	5.5		5408	390.9	29.6	
4888	芦原温泉	第57号泉	福井県	36.22444450173799	136.19389069858863	1954	64	mg/l		8250	1900	850	3.3		4083	389.3	32.4	
4889	芦原温泉	第66号泉	福井県	36.224444876955104	136.19528203820144	1954	43	mg/l		900	265	33			350.1	136.8	60.4	
4890	芦原温泉	西村屋	福井県	36.224166807031736	136.19388816426928	1983	53.5	mg/l		5289	1262	544	6.3		2895	248	52.4	
4891	芦原温泉	なかに	福井県	36.22416466936591	136.194157323897	1983	37.8	mg/l		1839	499	117.4	1.9		974.5	102	68.3	
4892	芦原温泉	かめや	福井県	36.22416462883441	136.1924913992288	1983	59.9	mg/l		6324	1480	692.3	4.8		3517	228	63.4	
4893	芦原温泉	まつや	福井県	36.22330483868822	136.18810447295576	1983	46	mg/l		4958	1166	518.4	5.3		2669	256	70.7	
4894	芦原温泉	仁泉	福井県	36.22457179466661	136.19647110454522	1983	52.3	mg/l		4757	1150	477.8	4.4	0.08	2599	215	56.1	
4895	芦原温泉	第43号泉	福井県	36.22416404861242	136.1916556671537	1976	47.5	mg/kg		62.48	1250	6747	4.87		3214	394	6456	
4896	芦原温泉	第34号泉	福井県	36.224164615405286	136.19582519483106	1976	43	mg/kg		3991	950	389.6	12.18	0.4	2065	174	78.59	
4897	芦原温泉	第39号泉	福井県	36.22416808143345	136.1925043513979	1954	55.6	mg/l		8680	2050	890	6.5		4805	325	32.1	
4898	芦原温泉	第52号泉	福井県	36.22416798605333	136.1930606657682	1954	76	mg/l		10864	2400	1300	5.5		5593	391.7	23.7	
4899	芦原温泉	第63号泉	福井県	36.22416861905468	136.19445015560714	1954	48	mg/l		1240	400	134	2.2		701	167.9	65.1	
4900	芦原温泉	第49号泉	福井県	36.22388348558709	136.19275852001257	1954	55	mg/l		5796	1600	800	5.5	0.2	3923	231.3	68.1	
4901	芦原温泉	第61号泉	福井県	36.22388602445071	136.1941566820692	1954	44.5	mg/l		1534	400	85	1.1		615	178.1	61	
4902	芦原温泉	第40号泉	福井県	36.2236108137971	136.19249946179406	1954	45	mg/l		9660	2070	1200	8.7		4995	302.3	42.5	
4903	芦原温泉	第47号泉	福井県	36.22361197070124	136.19333702944837	1954	53	mg/l		7960	1800	850	7.6		4163	230.9	71	
4904	芦原温泉	有楽荘	福井県	36.22333184308241	136.19332879809994	1983	69.6	mg/l		9698	2300	1120	7.7		5268	363	31.7	
4905	芦原温泉	第44号泉	福井県	36.22333240528908	136.19055318081197	1976	47	mg/kg		5677	1300	530.1	187		2891	380	43.23	
4906	芦原温泉	第25号泉	福井県	36.223332944526305	136.1933327377205	1976	67.8	mg/kg		10810	2050	1245	4.87	0.2	5667	560	22.45	
4907	芦原温泉	第74号泉	福井県	36.22333184918593	136.19082788108378	1954	45	mg/l		10140	2270	1230	6.5		5718	360.8	33	
4908	芦原温泉	若竹荘	福井県	36.222703047512056	136.19116705556462	1983	44.7	mg/l		2721	729	188.6	1		1335	247	42.7	
4909	芦原温泉	芦泉荘	福井県	36.22282985455713	136.19068322040596	1983	41	mg/l		5162	1250	501.7	6.3		2708	287	46.3	
4910	芦原温泉	第29号泉	福井県	36.22222250142543	136.18833469685458	1976	29.2	mg/kg		1568	380	108.4	4.87		747	64	85.61	
4911	芦原温泉	ニュー芳泉荘	福井県	36.22232040094035	136.1876410619832	1983		mg/l		985.9	302	46.3	0.5		480.2	75	82.9	
4912	芦原温泉	西芦原	福井県	36.221185116066486	136.18600371533572	1976	21.9	mg/kg		531.8	140	23.29	7.31		228.4	100	81.4	
4913	芦原温泉	東芦原	福井県	36.219722469378	136.19916914820755	1976		mg/kg		166.2	38	1.61	0.49	0.35	42.03	102	46.31	
4914	芦原温泉	芦原温泉第37号(芦原グランドホテル)	福井県	36.22566688744195	136.19414358857358	1985	67.7	mg/kg	7.21	10100	2487	4.8	1180		5776	366	23.2	
4915	芦原温泉	芦原温泉第60号(芦原グランドホテル)	福井県	36.225814317087405	136.19412020409538	2002	42	mg/kg	7.77	1823	230	1.7	95	0.7	860	160	54.9	
4916	芦原温泉	清風荘	福井県	36.22388782467036	136.1905518812572		50.1	mg/kg			1240	1.5	496		2676	310	48.8	
4917	竹田温泉		福井県	36.17259204229705	136.33170482720791	1984	22.7	mg/l		1293	67.6	278.5	6.4	0.72	20.8	740	65.8	
4918	佐野温泉		福井県	36.14180127538014	136.14162996766163	1984	67	mg/l		1993	325	216	0.1	0.19	98.9	1144	19.5	
4919	(福井市)		福井県	36.137773043081594	136.1424817107146	1976	69.6	mg/kg		2033	350	249	1462	9.5	118.5	1290	42.1	
4920	大安寺温泉		福井県	36.124356726787056	136.1693143555282	1984	37.8	mg/l		960.8	157.2	108	0.3		88.3	486	25.7	
4921	楢原温泉		福井県	36.09844965243982	136.17862181895683	1984	26.1	mg/l		946.2	171.6	96.2	0.1	0.11	43.8	550	19.6	
4922	(勝山市)		福井県	36.0663004447951	136.4494252136464	1976	10.6	mg/kg		106.3	6.5	13.27	4.78	9.8	13.04		77.17	
4923	鳩ケ湯		福井県	36.032225366790776	136.68029154638623	1984	14.1	mg/l		4812	1433	176.9	32	5.52	1589	158.4	2380	
4924	六呂師温泉		福井県	36.02786279597505	136.57262962405247	1985	35.7	mg/l		5336	1957	42.6	51.8	3.2	1213	218	3313	
4925	天谷温泉		福井県	36.01472350177175	136.06222751700992	1984	20.1	mg/l		902.9	180	61.8	0.5		32.5	495	31.7	
4926	(鯖江市)		福井県	35.97333441002814	136.17695022578886	1982	27.8	mg/kg		470.4	115.03	41.21	4.9		136.33	83.99	115.98	
4927	三六温泉		福井県	35.97267875715108	136.18323625535987	1984	27.8	mg/l		493	110	36	3.8	1.28	127.1	120.8	76.8	
4928	(鯖江市)		福井県	35.97138511743197	136.20165191426628	1964	16	mg/kg		1561.25	360.51	71	8.21		78.01	11.79	1655.27	
4929	玉川温泉		福井県	35.967838201742865	135.96914461759718	1965	30.2	mg/kg		184.2	61.5	4.22			25.58	59.13	34.16	
4930	寺中温泉		福井県	35.95889226696578	136.2900129821507	1983	14.9	mg/l		1807	317	240	84.5	4.7	43.6	162.4	1740	
4931	織田鉱泉		福井県	35.956386053288895	136.05804482616708	1976	8.2	mg/kg		179	12	14.93	7.05	33	25	32	123	
4932	越前岬温泉		福井県	35.95471876450578	135.98248759283896	1984	20	mg/l		2003	427	266.3	7.9	0.13	1035	108.1	59.2	
4933	河和田温泉		福井県	35.94352944358825	136.3145942374285	1984	11.3	mg/l		3782	674	241.6	261.8	8.24	88.3	349	3657	
4934	山中鉱泉		福井県	35.94222219342964	135.99222323024156	1960	12.3	mg/kg		103.4	7.57	9.39	2.05		16.06		85.77	
4935	新庄鉱泉		福井県	35.933096788911925	136.2128627693923	1958	16.5	mg/kg		215	14.5	10.92	7.13		17.8		166.5	
4936	越前温泉		福井県	35.926743330516416	136.00195680534293	1985	38.4	mg/l		955	326.3	4.2	1.1	1.14	32.2	178.4	483.9	
4937	池田温泉		福井県	35.86408805287264	136.36376346530952	1984	13.3	mg/l		2132	660	85.9	14.9	3.38	91.8		2396	
4938	敦賀トンネル温泉		福井県	35.63701801244907	136.08536030297248	1976	15.6	mg/kg		115.1	19	1.33	0.2	0.05	11.23	16	7475	
4939	(美浜町)		福井県	35.696113654105346	135.97723183142847	1971	14.3	mg/kg		109.75	21.39	3.21	2.92		39.97		16.76	
4940	鞠山温泉		福井県	35.67833311619761	136.0811123428103	1964	17.8	mg/kg		2109.95	579.88	187.93	2.92		955.15	313.41	91.03	
4941	花城(櫛川)温泉		福井県	35.65792623136995	136.04401449886342	1969	16.4	mg/kg		118.55	12.3	7.69	4.67		12.49		65.67	
4942	(美浜町)		福井県	35.617222670224685	135.90555919787505	1965	19.6	mg/kg		1384.35	413.77	38.89	33.51		643.39	171	95.33	
4943	日向温泉		福井県	35.611390509569794	135.8861173120647	1976	19	mg/kg		4456	913	365.1	193.8	37.5	2413	104	151.9	
4944	久々子温泉		福井県	35.61175394499473	135.9117142540718	1967	15.9	mg/kg		78.5	16.7	1.7	1.54		24.24		17.67	
4945	久々子温泉		福井県	35.598057344523326	135.91250589161393	1966	16.4	mg/kg		266.1	74.97	10.19	3.34		66.47		143.96	
4946	三方温泉		福井県	35.55869263575704	135.90969598055906	1966	12.1	mg/kg		78.25	7.63	7.66	2.59		17.73		27.19	
4947	来馬温泉		長野県	36.84085231863395	137.90086077202182	1967	21	mg/kg	7.3	3596	1378	15.57	39.65		789.2	28.53	2496	72.488
4948	来馬温泉		長野県	36.840918636599106	137.90072547646255	1972	19.3	mg/kg	7.4	167	21.4	5.253	0.233		1.485		91.19	63.206
4949	来馬温泉	風吹荘	長野県	36.840701646866	137.90129605478754	1994	30.9	mg/l	6.55	858	254	60.1	2.44	0.01	40.9	11.9	792	70.3
4950	来馬温泉		長野県	36.840953287983304	137.9006381252992	1972	20.8	mg/kg	7.5	178	24.7	4.706	2.352		12.69	8.8	53.2	69.035
4951	来馬温泉		長野県	36.84083915670903	137.9007437575626	1974	43.7	mg/l	6.6	963	315	79.1	2.3	0.3	42.6	11	951	
4952	柳又鉱泉		長野県	35.92917005486736	137.5897354086202	1975	22.5	mg/l	5.4	405	108	12	6.9	21.5	41.5	1.5	336	59.1
4953	木曾温泉		長野県	35.904442190984604	137.5866602862025	1975	19	mg/l	5.65	819	158	59	39.9	14.1	91.5	91.3	587	107.9
4954	奉納温泉		長野県	36.81030799468761	137.95124890998866	1972	32.8	mg/l	6.7	8099.5	2760	141.8	48.6		3215.4		2171.8	
4955	姫川温泉		長野県	36.88980681211597	137.86350940827043	1971	46	mg/kg	6.5	712	153.2	51.65	21.6		201.1	16.19	319.8	77.007
4956	姫川温泉	小谷村長	長野県	36.88975699563973	137.86347461014773	1964	66	mg/kg	6.2	1180	217.5	52.48	53.07		424.9	102.7	96.9	67.852
4957	姫川温泉		長野県	36.8897665566186	137.8634771374947	1961	79	mg/kg	8.1	1430	326.5	47.91	16.35		116.8	338.1	488.6	76.754
4958	白骨温泉	わたの湯	長野県	36.15500418890407	137.62501601577063	1965	42	mg/kg	6.3	980	80.92	108.7	48.12		106.3	322.2	349.1	21.982
4959	白骨温泉	奥田	長野県	36.15277758111588	137.62722011025926	1973	46.6	mg/kg	6.8	809	80.11	144.3	30.98		102.2	7.592	673.5	36.759
4960	白骨温泉	蛇穴	長野県	36.153334620085545	137.6272287965563	1968	44.9	mg/kg	6.4	886	106.9	170.2	51.8		95.82	19.91	906.5	26.18
4961	白骨温泉	新宅旧	長野県	36.152223685367545	137.62889490256603	1966	44.8	mg/kg	6.3	964	84.66	179.7	51.09		99.01	34.15	1060	28.063
4962	白骨温泉	新泡の湯	長野県	36.14568496257347	137.6236471380826	1961	39.3	mg/kg		810	23.46	100.8	51.42		9.352	72.92	395	46.745
4963	白骨温泉	大石館	長野県	36.15444409279786	137.62527882232595	1973	48.7	mg/kg	6.4	1018	84.91	192.2	41.12		104.4	16.38	832.8	43.159
4964	白骨温泉	大石館2号	長野県	36.153611298748935	137.62555642400133	1973	45.6	mg/kg	6.4	977	80.12	190.2	39.29		101.4	40.96	783.3	42.166
4965	白骨温泉	湯元1号	長野県	36.155557802685564	137.6247294734876	1964	48	mg/kg	6.3	777	45.41	104.7	27.41		78.25	9.041	457.6	60.019
4966	白骨温泉	湯元2号	長野県	36.15582714070118	137.62497797344832	1973	46.9	mg/kg	6.3	1044	87.1	196.4	42.05		114.1	12.18	864.9	42.353
4967	白骨温泉	湯元3号	長野県	36.15555569222006	137.62583130037845	1973	41.6	mg/kg	6.4	735	48.95	151.1	22.36		64.5	26.97	615.1	38.76
4968	湯原温泉		長野県	36.86435983482279	137.880103636725	1969	39.2	mg/kg	6.6	804	267.8	58	3.002		35.46	22.39	767.7	71.551
4969	湯原温泉		長野県	36.86434148795669	137.88007835822657	1955	42	mg/kg	6.7	1135.7	291.9	105.1	6.995		135.4	9.536	919.2	
4970	島温泉	島ノ湯旅館	長野県	36.85062686241979	137.8960865291069	1994	40.3	mg/l	6.37	1260	341	110	7.36	9.6	193	6.5	956	97.3
4971	渡合鉱泉		長野県	35.92778004381813	137.59972988223893	1975	15.5	mg/l	6.05	6.03	137	50	35.7	6.2	100	2.6	568	92.9
4972	大町温泉	大町温泉第1源泉	長野県	36.528311312921005	137.81029215355437	1972		mg/kg	7.18	392	111	14.91	0.098		98.35	8.001	108.6	
4973	大町温泉	大町温泉第2源泉	長野県	36.52832597866819	137.8102727271196	1972		mg/kg	7.45	579	152.9	15.58	0.098		159.5	12	151.4	
4974	大町温泉	大町市温泉開発(株)	長野県	36.52832422119328	137.81028677086047	1973	63.2	mg/kg	7.65	551	134.5	17.7	0.268		149.2	17.49	135.2	
4975	大町温泉	長野県公営企業管理者	長野県	36.5282998381102	137.81028179838856	1965	61.8	mg/kg	7.7	693	117.5	16.69	0.5		77.25	6.696	165.2	
4976	西野温泉		長野県	35.95847782567482	137.58390654687324	1975	16.8	mg/l	6.15	306	54	21	10.2	11.8	0.1	0.1	288	60.8
4977	上高地温泉	温泉ホテル	長野県	36.246526120367484	137.62479108055453	1950	43.4	mg/kg	7.2	349.8	55.5	12.1	0.3		28.3	63.6	59.8	48.851
4978	上高地温泉	清水屋	長野県	36.246997435088964	137.6256576406654	1950	46	mg/kg	7.2	349.8	60.1	20.4	0.4		24.8	67.3	102.3	79.084
4979	床並鉱泉	(I)	長野県	35.91444464631697	137.5877810363761	1975	18.7	mg/l	6.02	380	93	19	19	2.9	40.5	4.8	310	50.5
4980	床並鉱泉	(II)	長野県	35.91444773059192	137.58779223773297	1975	19	mg/l	6.3	709	93	50	32.7	43.2	49	165	377	87.7
4981	小谷温泉		長野県	36.82122822302421	137.9758310512282	1969	32.4	mg/kg	6.4	7944	2585	168.6	38.41		3032	35.79	2305	84.469
4982	小谷温泉	雨飾荘	長野県	36.86773155585798	137.9854521439532	1974	45.5	mg/l	8.6	2319	836	32.3	15.8	0.27	54.6	1373	2358	
4983	小谷温泉	左その2	長野県	36.861993610747966	137.98056818909197	1972	60.6	mg/l	8.2	2186	82.3	35.4	24.3		222.1	3.8	1544.8	
4984	小谷温泉	山田旅館	長野県	36.86199465550354	137.9812355952067	1972	45.2	mg/l	8.2	1878.5	755	32.1	18.6		58.9		1507.2	
4985	小谷温泉	小谷熱湯	長野県	36.85947338061495	137.977763751106	1972	84	mg/l	8.8	2270.5	942	32.4	7.9		215.8	8.7	1641.9	
4986	小谷温泉	太田旅館	長野県	36.86201379329191	137.97957038552647	1972	47.6	mg/l	8.4	2004.5	823	28.8	15.6		65.3		1690.8	
4987	坂巻温泉	下流源泉	長野県	36.197682341158135	137.61397073290684	1967	79	mg/l		725	213	35.3	2.45	0.01	135.8	74	361	142
4988	坂巻温泉	上流源泉	長野県	36.19768840660191	137.61392710133435	1967	77.5	mg/l		848	226	35.9	6.61	0.06	162.6	132	300	178
4989	駒の湯温泉		長野県	35.83816289540748	137.74236496514848	1975	14.7	mg/l		589	60	174	56.3	13.4	13.5	0.1	982	78.8
4990	開田温泉	日ノ出旅館	長野県	35.948331751136195	137.57527371784025	1975	14.1	mg/l		164	18	12.5	3.6	16	8	0.1	119	24.8
4991	下里瀬温泉	サンテインおたり	長野県	36.79695160956743	137.91203912262628	1994	30.7	mg/l	8.4	1910	668	10.4	21.4	0.01	288	23.4	1460	116
4992	湯俣温泉		長野県	36.396213447418354	137.675915633589	1978	50.8	mg/kg	6.8	958	240.1	53	0.859		311.3	55.6	207.4	
4993	湯ノ原温泉	源泉組合	長野県	36.24611051827634	138.00166457346927	1963	44.8	mg/kg	7.4	391	95.97	32.77	3.725		150.7	20.1	86.95	
4994	湯ノ原温泉	第3源泉	長野県	36.2494413202808	137.99748961416054	1961	42.9	mg/kg	8.6	538	97.05	49.6	5.232		62.39	235.3	35.45	
4995	湯ノ原温泉	第4掘削泉	長野県	36.24491336455155	138.00527274894756	1961	49.7	mg/kg	7.8	540	155.2	29.6	1.532		62.38	221.3	29.74	
4996	湯ノ原温泉	第5掘削泉	長野県	36.24500083411112	138.00528102802465	1960	42.3	mg/kg	8.7	539.6	84.15	49.52	1.272		28.386	0.26	306.8	
4997	湯ノ原温泉	第6掘削泉	長野県	36.24694236080268	138.00082705603276	1964	41.5	mg/kg	8.1	411	69.47	30.39	11.69		9.925	175.9	105.98	
4998	七倉温泉	下源泉	長野県	36.493862086564235	137.7242097412414	1977	62.5	mg/kg	7.4	702	183.9	28.64	0.758		234	7.25	148.9	
4999	七倉温泉	上源泉	長野県	36.493861447559496	137.72425090989344	1977	62.9	mg/kg	7.6	682	176	31.07	1.369		212.7	7.75	181.8	
5000	奈川温泉	富喜の湯	長野県	36.08310942965853	137.66207366640538	1959	38.5	mg/kg	6.3	1895	318.7	64.52	18.87		80.69	1.643	1128	
5001	中山温泉		長野県	36.43119015471605	137.90409372232625	1957	8.5	mg/kg	7.2	690	80.95	70.95	13.41		49.12	22.6	355.2	
5002	中房温泉	穂高温泉開発公社	長野県	36.35085235135457	137.83792471935544	1976	66.8	mg/kg	8.6	555	100	1.78	0.029		60	45.99	85.42	
5003	中房温泉	穂高温泉開発公社	長野県	36.35116086182982	137.8380711167484	1979	58.8	mg/kg	8.5	463	96	3.08	0.048		67.81	31	57.35	
5004	中房温泉	穂高温泉開発公社	長野県	36.35100374797037	137.83819488962226	1979	66.5	mg/kg	8.6	458	96	3.26	0.049		62.7	34.8	57.35	
5005	中房温泉	穂高町	長野県	36.37222323353834	137.82972639108402	1976	83.9	mg/kg	8.8	561	102	0.667	0.029		77.5	20.02	95.18	
5006	中房温泉		長野県	36.39471135443109	137.7477396609077	1979	88.8	mg/kg	9	738	137.1	1.61	0.08		97.9	36.2	72.63	
5007	中房温泉	第1源泉	長野県	36.394824520920864	137.7476737943135	1977	83.5	mg/kg	8.8	470	95.2	3.333	0.074		69.5	38.75	104.9	
5008	中房温泉	第2源泉	長野県	36.39473701964433	137.7478586458314	1977	62.5	mg/kg	8.6	354	68.75	4.444	0.088		46.8	24.71	73.2	
5009	中ノ湯温泉	中の湯内湯	長野県	36.204882976673005	137.6013690457868	1971	63	mg/kg	7	466.5	82	18.1	3.2		67.5	32.5	144.4	83.391
5010	中ノ湯温泉	卜伝の湯	長野県	36.21007803178576	137.6062803224988	1971	48.9	mg/kg	6.3	1104	117.4	121.4	58.5		159.8	130.4	573.3	
5011	中ノ湯温泉	野天風呂1号	長野県	36.20486751849272	137.60129399485209	1964	73	mg/kg	8.4	810	145.3	31.81	6.679		78.65	161.4	189.9	145.465
5012	白骨温泉	泡の湯	長野県	36.145686514879436	137.62379128087065	1951	37.1	mg/kg	6.6	948	95.7	236	4.6		115.2	106.3	693.8	
5013	白骨温泉	エビス屋	長野県	36.153061277953334	137.62613052500083	1952	35.5	mg/l	7.8	930	39.6	290	15.2		100.5	48.4	723.4	
5014	白骨温泉		長野県	36.154441290015825	137.62526830551363	1965	42	mg/kg	6.3	980	80.92	108.7	48.12		106.3	222.2	349.1	
5015	白骨温泉	新宅新源泉1号	長野県	36.153332835392526	137.6286115993678	2004	49.8	mg/kg	6.5	951	88.6	198.7	49.2		81.5	2	922.6	
5016	白骨温泉	つる屋第1号	長野県	36.15389085934735	137.62556335226068	1958	47.7	mg/kg	6.5	1260	272.8	64.21	10.52		81.94	22.58	807.1	
5017	白骨温泉	柳屋	長野県	36.154721465881664	137.62499798565312	1952	49	mg/l	7.8	1001.6	98.2	519.8	45.6		142.4	62.4	806.9	
5018	四徳鉱泉		長野県	35.653925114805794	138.0081651151221	1969	16.4	mg/kg	9.6	1.51	40.6	1.806	4.965		6.323	14	52.16	
5019	坂巻温泉		長野県	36.19770492250814	137.61406575462686	1960	75	mg/kg	6.9	756	145.7	32.45	2.991		145.3	201.8	42.57	115.581
5020	小渋温泉	大鹿村	長野県	35.54329462278638	138.05994453241502	1965	26	mg/kg	8.3	625	110.8	32.36	0.29		16.3	26.79	286.5	
5021	葛温泉	内湯	長野県	36.49271192942442	137.74955015043702	1957	49	mg/kg	6.8	630	169.6	16	0.486		204.6	10.29	40.7	
5022	葛温泉	高瀬の湯源泉	長野県	36.49146171112847	137.74357437284138	1972		mg/kg		632	169.9	16.93	0.149		181.8	12	143.4	
5023	葛温泉	炭酸の湯源泉	長野県	36.492492432116485	137.74960689929728	1972		mg/kg		545	136	14.65	0.248		146.2	14	120.6	
5024	葛温泉	橋本の湯源泉	長野県	36.49287538314964	137.7497198489014	1972		mg/kg		810	200.9	21.08	0.99		236	13	159.6	
5025	葛温泉	温泉組合分湯槽	長野県	36.528373499539065	137.81030250014786	1976	63.5	mg/kg	7.4	553	135.5	16.77	0.123		169.2	19.4	124.5	
5026	葛温泉	五輪の湯	長野県	36.49289520203523	137.74946383833142	1961	76.7	mg/kg	8.1	493	115.2	20.8	9.36		144.6	100.4	24.35	
5027	葛温泉	集湯槽	長野県	36.52835091289082	137.81030135414272	1980	62.4	mg/kg	7.6	538	137.8	17.8	0.27		175.8	13.5	129.3	
5028	葛温泉	大町温泉郷貯湯槽	長野県	36.52834254537972	137.81035617526697	1976	63.5	mg/kg	7.5	548	137.5	16.77	0.173		163.2	18	124.5	
5029	葛温泉		長野県	36.49269779034926	137.74977524557747	1960	54.9	mg/kg	6.5	754.2	156.4	67.79	1.223		272.7	0.094	164.9	
5030	鹿塩温泉		長野県	35.58700870206186	138.05617757319808	1970	9.4	mg/kg	7.7	26180	8991	551.1	81.46		15100	3.929	121.4	
5031	崖ノ湯		長野県	36.1509648639142	138.01133431019494	1969	9	mg/kg	6.5	116	5.499	9.33	1.998		8.781	3.7	73.88	
5032	浅間温泉	浅間温泉事業協同組合	長野県	36.26521024339432	137.99250500059432	1972	50.8	mg/kg	8.4	427	91.47	31	0.248		36	190.9	33.52	
5033	浅間温泉	南部源泉	長野県	36.254390625289645	137.9929136541488	1960	49.6	mg/kg	8.9	398	45.08	20.85	2.112		63.78	0.213	91.47	
5034	浅間温泉	北部源泉	長野県	36.26518633327614	137.99247976201764	1960	47.8	mg/kg	8.9	328	46.04	20.85	2.112		99.21	0.181	31.99	
5035	(八坂村)		長野県	36.49246426852769	137.91334835540877	1968	11.5	mg/kg	9.2	661	268.9	1.642	1.417		17.36	53.31	546.8	
5036	(八坂村)	八坂村	長野県	36.48908886366265	137.91169313449487	1970	10.5	mg/kg	8.3	384	117	17.25	11.86		13.25	6.497	406.2	
5037	(牟礼村)		長野県	36.73388975738079	138.17472539115974	1973	10	mg/kg	6.1	143	7.5	24.66	6.88		5.225	2.32	154.6	
5038	(三岳村)		長野県	35.81562994334269	137.6341251588342	1969	11.9	mg/kg	6.1	1106	196.8	132.9	23.42		15.45	3.247	1103	
5039	(美麻村)		長野県	36.6008350240336	137.90472961733283	1971	10.5	mg/kg	7.8	266	55.6	24.82	12.49		3.505	0.2	273.1	
5040	(美麻村)	美麻村観光協会	長野県	36.60555527260761	137.8947182818585	1969	14.2	mg/kg	8.7	1108	422.7	6.398	14.5		205.3	61.55	750.2	
5041	(松本市)	日本観光(株)	長野県	36.21888973099491	138.04389176951358	1965	14	mg/kg	5.9	2493	123.8	486.8	60.32		225.8	1162	289.5	
5042	(松本市)	松本鑿泉工業(株)	長野県	36.24082810715416	138.00914818412554	1970	26.3	mg/kg	7.5	639	136.9	57.26	7.001		17.41	304.2	159.5	
5043	(穂高町)	穂高温泉開発公社	長野県	36.31472408816307	137.8197307525282	1980	16.7	mg/kg	6.3	66	3.85	1	1.46		7.8		18.3	
5044	(白馬村)		長野県	36.70313585909161	137.82062260487714	1965	38.8	mg/kg	6.6	1068	28.47	83.52	103.4		42.65	144.9	398.8	
5045	(中条村)		長野県	36.64390247521704	138.03784070832714	1974	10.2	mg/kg	7.7	173	38	5.964	2.308		2.986	9.399	113.2	
5046	(信州新町)	信州新町	長野県	36.5302649537515	137.9604405332624	1973	11	mg/kg	7.5	1028	166.4	59.4	50.09		37.29	414.6	286.7	
5047	(塩尻市)		長野県	36.10222297257495	137.9794483886671	1969	18.9	mg/kg	6.2	633	130.6	41.43	32.1		48.66	0.635	570.6	
5048	(鬼無里村)	鬼無里村	長野県	36.684297465897615	137.93853793758527	1965	11	mg/kg	8.3	298	23.3	10.61	8.592		4.258	7.857	134.4	
5049	(鬼無里村)	東京温泉組合	長野県	36.68944473859184	137.96611432827225	1970	12	mg/kg	8.1	325	102.6	15.75	8.827		14.4	5.199	313.5	
5050	(開田村)		長野県	35.9562985104741	137.5777989183696	1973	14.2	mg/kg	6	284	52.2	22.99	7.188		8.21	3	248.6	
5051	(開田村)		長野県	35.948331796906345	137.57527298001142	1972	10	mg/kg	6.4	176	23.3	15.52	7.704		20.15	11	173.2	
5052	(小谷村)	小谷村	長野県	36.74305672902243	137.88194581420885	1969	15.8	mg/kg	6.4	897	257.1	27.23	37.53		280.4	11.99	458.3	
5053	(小谷村)		長野県	36.79667163580853	137.91196112467026	1967	21	mg/kg	7.3	3596	1378	15.57	39.65		78.92	28.53	249.6	
5054	(小谷村)	塩島	長野県	36.71077380292948	137.8760308076475	1972	13.6	mg/l	8.2	696	75.6	10.7	14.5		101.1		478.8	
5055	(小谷村)	沖	長野県	36.82166675058934	137.9230551707443	1974	13	mg/l	7.8	10530	437.5	19.7	28.5	0.1	357.5		11325	
5056	(小谷村)	宮ノ下	長野県	36.761325214300356	137.8977537469612	1974	18.2	mg/l	8	834	25.3	34.6	3.6	2.54	74.6		756	
5057	(小谷村)	戸土	長野県	36.917037528112914	137.91103886828213	1974	14.2	mg/l	7.9	3666	1065	18.3	10	0.73	768		2690	
5058	(小谷村)	城山	長野県	36.70849340621447	137.8782310989903	1974	17.8	mg/l	8	468	10.3	30.7	36	0.55	94.1		383	
5059	(小谷村)	坪山	長野県	36.77717266304675	137.90645546800502	1974	21	mg/l	7.7	170	23	16	0.3	0.4	5.7		103	
5060	(小谷村)	唐松沢上流冷泉	長野県	36.807775852029884	137.83582600605268	1994	12	mg/l	6.6	2120	76.6	407	67.1	5.27	2.7	1490	56	112
5061	(小谷村)	北俣沢冷泉	長野県	36.82300992958202	137.85644158815805	1994	8.7	mg/l	6.2	157	5.4	20.1	4.01	0.09	1.1	27.3	40	51.9
5062	(生坂村)	生坂村	長野県	36.45290041639134	137.94443455630582	1971	16.2	mg/kg	7.9	677	137.5	43.37	31.36		21.37	69.58	439.3	
5063	(生坂村)		長野県	36.453609908214695	137.94805142251286	1965	17	mg/kg	8.1	980	140.9	68.86	38.56		16.58	343.6	348	
5064	(上松町)		長野県	35.776669423993944	137.68584218741918	1963	12.5	mg/kg	4.8	914	157.6	129.6	7.158		320.1	0.576	72.44	
5065	湯川温泉		長野県	35.89345405178287	137.5128588685112	1985	28	mg/l	5.9	860	110	67.1	19.9	0.02	59.6	420	24.6	112
5066	樽沢温泉		長野県	35.84027751407152	137.5661096521363	1985	9.2	mg/l	5.9	415	35.1	41.4	24.3	50.9	45.2	3.5	343	42.1
5067	松越温泉		長野県	35.81194255990729	137.55749524756166	1985	10.4	mg/l	6.4	70	2.4	7.8	2.7	4.46	2.5	18.1	17	14.6
5068	牧尾ダム温泉		長野県	35.825552268730654	137.60526369055955	1985	10.2	mg/l	4.6	425	3.6	41.7	10.1	9.83	2.1	161	28.2	43.3
5069	灰沢温泉		長野県	35.76421831541716	137.67615596354037	1985	10.9	mg/l	6.7	1735	186	146	93.6	26.8	4.9	1.6	1920	77.3
5070	おんたけ温泉		長野県	35.84027803624639	137.52805549312677	1985	13.5	mg/l	6.3	760	150	76	33	0.8	93	61	565	31
5071	たかの湯温泉		長野県	35.8341685088116	137.54028462583025	1985	16.5	mg/l	6.6	1200	310	87	41	3.3	170	11	899	48
5072	鹿ノ瀬温泉		長野県	35.908060915542514	137.56585131506097	1985	27.5	mg/l	6.6	2100	550	160	94	3.6	270	490	1070	62
5073	釜沼温泉		長野県	35.81561970434649	137.63423508306053	1985	13	mg/l	6.3	820	63	190	38	7.8			1040	59
5074	棧温泉		長野県	35.806569518142254	137.6866860962761	1985	13.5	mg/l	5.1	140	7.2	13	27	6.3			97.2	45
5075	濁川温泉		長野県	35.82138727412339	137.4747149842437	1978	38.4	mg/l	6.5	3160	740	170.6	87.5	6.75	764.5	598	998.2	127
5076	流葉温泉		岐阜県	36.30757548910682	137.2451720694908	1967	13	mg/kg	6.2	75.14	2.505	4.576	3.376		1.45	1.002	78.35	
5077	新穂高温泉	奥飛観光開発2号	岐阜県	36.2858359791627	137.57417770787356	1967	67	mg/kg	8	542	117.6	15.92	0.501		137.6	26.36	92.93	113.617
5078	新穂高温泉		岐阜県	36.28472410582319	137.5752859417325	1953	94	mg/kg	6.6	562.5	95.65	36.6	5.024		104.9	31.27	175.6	
5079	新穂高温泉	村営	岐阜県	36.28472329653944	137.57472688136104	1980	73.6	mg/l	6.8		104	17.8	0.515	0.19	154	78	131.2	
5080	新穂高温泉		岐阜県	36.284447117618555	137.57445671463424	1956	94.5	mg/kg	7.6	743.1	165.2	24.09	0.997		184.6	35.45	168.5	91.125
5081	新穂高温泉	新穂高1号	岐阜県	36.2844438714717	137.5736109257644	1969	51	mg/kg	6.4	351	71.1	13.74	1.562		86.53	25.26	65.53	104.993
5082	新穂高温泉	奥飛観光開発KK1号泉	岐阜県	36.28388583914713	137.5735997922898	1965	88.5	mg/kg	8.5	620.3	137.7	20.39	1.289		134.6	28.52	184.3	
5083	新穂高温泉	中崎の湯	岐阜県	36.283892468747005	137.57362525668123	1967	92.5	mg/l		725	164	23.7	0.18	0.04	184	42.5	148	198
5084	新穂高温泉	北電源泉	岐阜県	36.28388537415615	137.5735987658441	1967	94.5	mg/l		564	135	20.4	0.24	0.02	151.9	39.5	117	189
5085	新穂高温泉		岐阜県	36.284424012665404	137.57455266016171	1957	48.5	mg/kg	6.4	343.5	66.76	12.83	0.753		71.03	7.211	102.3	
5086	新穂高温泉		岐阜県	36.28361069848483	137.57360867957385	1957	59.2	mg/kg	6.4	485.6	98.09	16.14	1.255		102.2	29.25	129.6	
5087	新穂高温泉	深山荘	岐阜県	36.28027737249629	137.57194095694993	1980	63.8	mg/l	6.8		90.7	14.9		0.05	123	61.3	130.9	
5088	新穂高温泉		岐阜県	36.26694146902273	137.5647122896183	1953	31	mg/kg	6.6	274	61.56	26.44	2.184		38.02	13.52	175.3	
5089	新穂高温泉	中日ロッジ1号	岐阜県	36.26305757560862	137.56139381646037	1967	58.5	mg/kg	7	516.7	133.9	19.75	1.388		100.7	16.27	232	87.649
5090	新穂高温泉	中尾上宝	岐阜県	36.26222243118663	137.57027934140748	1980	71	mg/l	5.6		28.5	14.7	4.63	0.02	92.3	167	89.9	
5091	新穂高温泉	近藤2号	岐阜県	36.26111325368434	137.57195192032543	1964	60.8	mg/kg	5.7	77.5	10.77	6.79	1.713		0.697	8.407	50.53	20.933
5092	佳留萱温泉	中日アルプス開発K.K.1号泉	岐阜県	36.26110893246679	137.55860388933016	1968	92	mg/kg	8.1	1.347	424.6	17.71	2.942		226.2	56.32	750.8	
5093	新穂高温泉		岐阜県	36.26083188700605	137.57138349764045	1972	72	mg/kg		126	15.54	7.278	0.822		14.29	21.25	5.15	30.067
5094	佳留萱温泉	中日アルプス開発2号	岐阜県	36.2599973888279	137.55721258821634	1967	85	mg/kg	7.6	900.7	277.5	26.05	3.01		122.8	28.83	550.7	151.598
5095	新穂高温泉	中尾1号	岐阜県	36.25971726974878	137.57164911715657	1980	69.4	mg/l	5.6		45.8	12	2.46	0.08	66.5	52.8	79.2	
5096	新穂高温泉	近藤1号泉	岐阜県	36.259719129132044	137.57165649727494	1964	35	mg/kg	5.9	346.5	55.08	11.35	5.934		37.61	5.109	297.1	
5097	新穂高温泉	近藤3号	岐阜県	36.259249657103226	137.57367049949508	1967	87	mg/kg	6	59.09	2.459	8.11	1.136		0.614	4.328	34.1	18.069
5098	穂高温泉	栃尾協組3号	岐阜県	36.28000154107274	137.5719495014697	1958	58.8	mg/kg	6.6	435.1	92.63	18.23	4.625		97.01	15	152.7	120.574
5099	穂高温泉	栃尾協組4号	岐阜県	36.280000385501744	137.57166819217503	1964	95	mg/kg	7.4	700.8	155.2	20.95	6.019		155.8	30.65	216.4	161.204
5100	穂高温泉		岐阜県	36.279169484943154	137.57139835605815	1958	89	mg/kg	7.2	721	155	22.63	0.859		156.4	13.03	220.5	176.631
5101	槍見温泉		岐阜県	36.26722201883793	137.5647220360713	1954	55	mg/kg	7	492.1	92.11	24.14	4.259		118.7	10.7	124.6	
5102	槍見温泉	槍見館	岐阜県	36.26527845302799	137.56305789134822	1980	67.2	mg/l	6.3		118	13	2.18	0.03	131	55.7	167.5	
5103	(白川村)		岐阜県	36.25750047126877	136.90805784874865	1960	14.5	mg/kg	6.2	93.7	6.711	14.89	2.323		8.209		75.11	
5104	蒲田温泉	温泉組合2号	岐阜県	36.25625086097235	137.55237795358227	1966	97	mg/kg	8.7	1241	274.4	2.609	1.116		250.4	52.01	486.7	190.827
5105	蒲田温泉	蒲田	岐阜県	36.254155363791625	137.54591474425146	1980	50	mg/l	5.8		182	13	2.75	0.22	67.2		297.3	
5106	栃尾温泉	栃尾温泉協同組合4号泉	岐阜県	36.24837297710833	137.51667149254752	1964	95	mg/kg	7.4	700.8	155.2	20.95	6.019		155.8	30.65	216.4	
5107	栃尾温泉		岐阜県	36.24620549386186	137.5241643201799	1980	62.2	mg/l	7		92.4	14	1.85	0.05	110			
5108	気多の湯鉱泉		岐阜県	36.24277734914382	137.17666399181073	1949	17.5	mg/kg	6.5	223.6	5.5	41.6	7.9		31.6	0.2	223.1	
5109	一重ヶ根温泉	湯原No.1	岐阜県	36.23944310450449	137.52721949343515	1980	37.1	mg/l	6.2		67.8	40	14.4	2.09	100	67	309.1	
5110	一重ヶ根温泉	湯原No.2	岐阜県	36.239443127567604	137.52721889243873	1980	46	mg/l	6.2		97.4	59.5	15.5	2.5	57.1	112	437.2	
5111	一重ヶ根温泉	ヘアピンカーブ	岐阜県	36.23014566501387	137.53083275247536	1980	92.3	mg/l	6.8		152	82.5	10.6	1.03	79	50.2	619.9	
5112	一重ヶ根温泉	1号	岐阜県	36.225807692535184	137.54151662529208	1980	76.7	mg/l	6.2		114	14.4	5.41	0.08	117	38.44	192.2	
5113	一重ヶ根温泉	植野3号	岐阜県	36.22583054565926	137.53887853629323	1967	98	mg/kg	7.2	981	200.2	27.64	8.134		213.4	47.27	281	197.181
5114	一重ヶ根温泉	16号泉	岐阜県	36.225835928678215	137.53695490153396	1963	91.5	mg/kg	8.5	1768	450.1	1.495	0.291		436.3	39	484.7	
5115	一重ヶ根温泉	13号	岐阜県	36.225833968899195	137.53694684455152	1958	18.3	mg/kg	5.3	435	14.5	73.64	25.1		69.23	21.32	247.7	48.889
5116	一重ヶ根温泉	神宝	岐阜県	36.22583174514207	137.53693980270276	1966	98	mg/kg	8	1741	435.1	16.12	4.511		434.1	41.98	534.8	337.004
5117	一重ヶ根温泉	10号	岐阜県	36.22583392372465	137.53694638576275	1961	98	mg/kg	9	1637	450.1	1.436	0.902		432.7	44.7	14.71	77.664
5118	一重ヶ根温泉	植野1号	岐阜県	36.22555742685152	137.53972790646586	1963	93	mg/kg	8.7	1869	490.1		1.134		450.4	31.49	552.1	466.304
5119	一重ヶ根温泉	本田No.1	岐阜県	36.22503749722234	137.5381252309578	1980	97.4	mg/l	8.8		250		1.3	0.05	200	38.4	516.7	
5120	一重ヶ根温泉	植野2号	岐阜県	36.2250001270362	137.5394452474006	1966	98	mg/kg	8.5	1472	355	11.34	3.755		332.1	55.03	416.3	354.788
5121	一重ヶ根温泉	藤屋1号泉	岐阜県	36.22422479434564	137.5355950273995	1991	36.1	mg/kg			86.6	84.3	7.8		27.2	24.7	489.3	
5122	一重ヶ根温泉		岐阜県	36.2242233817763	137.53571843750728	1950	19.5	mg/kg	5.6	484.6	13.6	109.4	12		10.3	4.3	439.8	44.773
5123	一重ヶ根温泉	15号泉	岐阜県	36.223888657108624	137.5372209308902	1961	27	mg/kg	5.8	617.9	7.005	113.4	42.53		7.696	10.27	628.3	
5124	一重ヶ根温泉	本田No.2	岐阜県	36.22343424951899	137.53666123596827	1980	97.3	mg/l	8.8		314			3.87	219	130	613.7	
5125	一重ヶ根温泉	藤屋3号泉	岐阜県	36.21947373295182	137.53929524271774	1993	89.2	mg/kg			250.2	0.4			73.6	52.8	464	
5126	福地温泉		岐阜県	36.227625359434334	137.52946231487803	1958	35	mg/kg	6.2	721	230	66.96	24.79		152.9	2.828	699.1	275.614
5127	福地温泉	2号	岐阜県	36.224574452227095	137.5290846053759	1961	58	mg/kg	6.8	919.6	144.1	113	35.6		115.9	14.51	603.5	1.441
5128	福地温泉	川原	岐阜県	36.22250208991736	137.5338961780518	1980	72.8	mg/l	6.4		116	11.5	5.32	0.12	88.6	139	245	
5129	福地温泉	天皇泉	岐阜県	36.21944229124096	137.53916070164215	1966	98	mg/kg	8	1741	435.1	16.12	4.511		434.1	41.98	534.8	
5130	福地温泉	天皇泉	岐阜県	36.219442992351524	137.53916304976948	1961	65	mg/kg	7.6	1928	549.8	117.9	23.48		334.2	5.798	1474	179.028
5131	福地温泉	焼岳ホテル	岐阜県	36.218890894054844	137.53972985142596	1980	68.9	mg/l	7		489	97.4	24.2	1.13	362	112	1242.6	
5132	平湯温泉	中村館	岐阜県	36.19666952221916	137.55167682001223	1966	63.8	mg/kg	6.4	915.3	217.7	59.45	15.37		198.8	26.01	514.7	76.674
5133	平湯温泉	平湯館	岐阜県	36.19638933510073	137.5522242064454	1966	63.3	mg/kg	6.6	879.1	205.2	54.8	12.55		189.5	26.4	469	25.888
5134	平湯温泉	養魚園	岐阜県	36.19610881417441	137.55304681358155	1980	59.4	mg/l	6.2		173	57.4	14.2	2.84	191	162	435	
5135	平湯温泉	たからの湯	岐阜県	36.19555825334141	137.55306477891912	1964	92.5	mg/kg	8.2	1590	462.6	2.711	3.701		480.5	71.04	425.1	262.096
5136	平湯温泉	上谷養魚所	岐阜県	36.19527936613193	137.55028225297605	1980	62.9	mg/l	6.4		176	51.1	25.5	3.42	206	76.8	483.9	
5137	平湯温泉	山伏湯	岐阜県	36.195001288781896	137.55083800445576	1953	66	mg/kg		1159	200.7	92.72	53.41		112.2	45.27	855.4	174.631
5138	平湯温泉		岐阜県	36.19472126584137	137.5530525732615	1961	95	mg/kg	8	1800	540.2	4.246	6.956		380.4	72.16	840.29	76.768
5139	平湯温泉	子宝湯	岐阜県	36.19444533189197	137.55167223720292	1954	46	mg/kg	6.2	695.6	72.11	65.06	24.92		159.8	13.59	234.9	95.932
5140	平湯温泉	天長の湯	岐阜県	36.193055423159436	137.55582903810716	1960	96	mg/kg	8.5	1677	500.2	3.684	1.49		583.9	65.37	358.9	77.834
5141	平湯温泉	平湯館新子宝の湯	岐阜県	36.19305284960985	137.55220948609912	2004	60.6	mg/kg	6.3	849	167.7	94.6	24.8		148.4	69.1	550.5	
5142	平湯温泉	平湯館蓬莱の湯	岐阜県	36.193053758507965	137.55221306924315	1974	80.9	mg/kg	8	1144	305.5	3.532	8.166		285.8	77.05	295	
5143	平湯温泉	おばこ原	岐阜県	36.19277812926945	137.5566685666907	1953	77	mg/kg	6.4	930.3	180.7	112.2	18.78		137.4	14.81	672.1	79.297
5144	平湯温泉	神の湯	岐阜県	36.19277841780586	137.5552799543964	1980	46.3	mg/l	7.2		137	83	17.7	0.35	150	139	490.6	
5145	平湯温泉	中村館白湯	岐阜県	36.192500381690074	137.5527797913266	1954	51	mg/kg	6.4	642.1	100.2	63.57	18.75		152.6	11.52	294.3	105.548
5146	平湯温泉	平湯温泉協同組合	岐阜県	36.191663808670235	137.55415427600718	1961	96	mg/kg	8	1430	430.3	9.344	5.923		472.3	51.71	386.8	
5147	平湯温泉	山の湯	岐阜県	36.19166614494216	137.55221917161325	1966	75.2	mg/kg	8.1	1063	280.2	58.93	15.05		259.1	77.05	469.9	79.161
5148	平湯温泉	湯上の湯	岐阜県	36.19138710020571	137.5541601527706	1953	79	mg/kg	6.8	1029	198	68.32	9.175		205.1	27.16	397.2	73.468
5149	平湯温泉	家上の湯	岐阜県	36.19138542787338	137.55137619718974	1964	65	mg/kg	7.3	1402	220	136.3	45.98		172.7	174.8	788.2	155.01
5150	平湯温泉	白猿の湯	岐阜県	36.19083516166652	137.55278591372152	1980	67.5	mg/l	7.2		291	3.3	2.96	0.21	356	195	221.4	
5151	平湯温泉	三井金属鉱業寮泉源	岐阜県	36.1908373856475	137.55251678303614	1960	53.5	mg/kg	7.5	1210	325.2	40.94	17.39		409.4	79.62	373.7	
5152	平湯温泉	ターミナルの湯	岐阜県	36.19055929438554	137.5514008204192	1969	64.6	mg/kg	7.1	1523	230	163.1	75.88		168.6	219.5	979.9	182.497
5153	平湯温泉	神岡鉱業所	岐阜県	36.18889085049848	137.55167478473936	1961	89	mg/kg	7.1	1324	285.1	105.3	30.41		292.9	194.2	519.6	49.086
5154	乗鞍温泉	みこしの湯	岐阜県	36.18139100487531	137.48167532208055	1964	9.6	mg/kg	5.3	185.3	7.01	23.89	7.32		1.093	5.933	153.1	
5155	乗鞍温泉	峠の湯	岐阜県	36.174628393349465	137.49362388930604	1964	7.7	mg/kg	5.6	221.3	7.761	22.41	9.395		1.093	3.626	174.7	
5156	銚子温泉		岐阜県	36.17611361510684	137.45556590232277	1967	22.8	mg/kg	6.5	624.8	30.04	164.2	15.14		27.44	0.426	622.4	
5157	(丹生川村)		岐阜県	36.17555764162205	137.45389531611434	1957	22	mg/kg	6.4	679.8	117.4	122	15.86		23.04		738.1	
5158	泉ヶ平鉱泉		岐阜県	36.14266471017974	137.42260770659632	1953	6	mg/kg	4.6	208.9	34.41	15.45	2.51		2.997	64.45	68.95	
5159	大白川温泉		岐阜県	36.17318120302164	136.90286794694046	1953	51	mg/kg	6.4	604	94.18	28.57	13.43		139.4	130.4	4.515	
5160	(高山市)		岐阜県	36.16472229391179	137.26750166234007	1962	14.5	mg/kg	8.2	237	98.83	2.829	1.594		6.056		285.3	
5161	北山鉱泉		岐阜県	36.15417025028138	137.26362377931466	1953	14	mg/kg	6	232	14.32	27.66	2.21		7.556	19.98	170	
5162	中の宿鉱泉		岐阜県	36.03579456801275	137.4428380905018	1953	10	mg/kg	5.8	2144	482.3	167.5	67.71		133.3		1962	
5163	大白川温泉	地獄谷の湯	岐阜県	36.13637538217087	136.80861862909234	1967	74.2	mg/kg	5.5	94.16	1.878	15.81	3.154		2.304	45.76	20.07	
5164	(白川村)		岐阜県	36.13927195741987	136.8159348245036	1953	92	mg/kg	2.2	1720	42.37	20.71	18.26		1.773	647.8		
5165	飛騨高山鉱泉		岐阜県	36.12333266827221	137.27722077904892	1952	21	mg/kg	6.4	196.1	7.034	25.3	7.65		20.37		170.2	
5166	塩沢温泉		岐阜県	36.04914042098959	137.48386969391683	1964	41.9	mg/kg	6.6	1802	427.6	129.8	75.28		72.46	0.72	1893	
5167	(高根村)		岐阜県	36.04639118503551	137.46945257203203	1955	35	mg/kg	6.6	1944	371.2	134.4	72.74		76.64		1665	
5168	(高根村)		岐阜県	36.03820078202425	137.48882287281648	1955	19.5	mg/kg	7.8	1478	180.2	207.4	28.22		32.23		1225	
5169	(郡上市)		岐阜県	36.00308546100782	136.90379498517783	1955	13.5	mg/kg	6.6	53	4.762	2.903	1.529		2		55.1	
5170	(高根村)		岐阜県	36.00444351334342	137.54138755503712	1958	11.5	mg/kg	5.8	267	20.83	29.3	10.47		7.927	16.53	250.2	
5171	秋神鉱泉		岐阜県	35.9860126834045	137.40155306420473	1955	12.5	mg/kg	6.2	95	4.772	8.857	3.757		3.9	2.8	95.01	
5172	(下呂市)		岐阜県	35.94166564377994	137.32832880593023	1956	15	mg/kg	5.7	283.3	61.23	17.46	1.791		30.14		192.1	
5173	蛭ヶ野鉱泉		岐阜県	35.940672561462776	136.9188173604967	1955	15	mg/kg	5.8	177.5	20.44	2.221	14.57		6.08	16.16	111.4	
5174	(下呂市)		岐阜県	35.925002837015825	137.4455670769757	1969	11.8	mg/kg	5.8	56.09	2.254	3.22	2.084		0.901	0.3	58.09	
5175	濁河温泉	御岳開発K.K2号泉	岐阜県	35.92499846266771	137.4455501868768	1963	44.1	mg/kg	6.4	2182	389.8	167.7	86.98		250.8	572.5	881.1	
5176	濁河温泉	嶽の湯D	岐阜県	35.92305821395963	137.4516756964638	1962	54	mg/kg	6.6	1.993	322.6	145.3	88.17		231.3	608.2	614.9	
5177	濁河温泉		岐阜県	35.923057906991986	137.4516735318866	1975	51.5	mg/l		1811	306	150	78		139.5	800	415	196.9
5178	濁河温泉	E泉	岐阜県	35.92305589196781	137.4513879324733	1986	52.1	mg/l		1500	260	120	82		160	630	550	170
5179	濁河温泉	B泉	岐阜県	35.92194436207647	137.45083443408944	1986	47.1	mg/l		1700	250	130	79		140	610	560	160
5180	下島温泉	中根炭酸泉	岐阜県	35.92111209401708	137.32632429851625	1986	11	mg/l		1100	280	70	9		170	1.9	760	40
5181	下島温泉		岐阜県	35.92106810998695	137.32621244239962	1975	11.9	mg/l		482	140	35	3		64	2.8	400	33.4
5182	湯屋温泉	小川屋3号泉	岐阜県	35.91249877120068	137.3127738839239	1949	13	mg/kg	6.4	820	337.5	354.9	60		359.5	5.3	1664.7	
5183	湯屋温泉	あけぼの泉	岐阜県	35.91055538608291	137.31249731031664	1986	10.9	mg/l		3900	1300	140	11		1100	1.6	2.4	51
5184	萩原温泉	萩原温泉KK1号泉	岐阜県	35.86571824334706	137.21529144687648	1965	28.8	mg/kg	9.7	168	61.6	1.7	0.727		8.283	7.47	44.73	
5185	下呂温泉		岐阜県	35.83055663399548	137.23333447990723	1970	26.2	mg/kg	9.5	173.3	57.1	2.788	1.807		6.669	7.913	71.51	
5186	下呂温泉	ヒダ・グランドホテル2号泉	岐阜県	35.8183609600241	137.23722602533002	1969	30.2	mg/kg	9.5	94.57	24.04	1.416	0.851		1.142	4.708	33.06	
5187	下呂温泉	ヒダ・グランドホテル1号泉	岐阜県	35.81735188098484	137.23469640250894	1969	30	mg/kg	9.5	214.3	74.12	0.92	0.55		20.35	1.352	57.03	
5188	下呂温泉	下呂温泉開発K.K2号泉	岐阜県	35.817495176056276	137.2347040499387	1968	35.1	mg/kg	9.3	376	142.7	2.113	0.115		114.2	2.69	76.09	
5189	下呂温泉	玉置泉源	岐阜県	35.81472166717257	137.23610986738163	1970	26.5	mg/kg	9.6	183.8	68.51	0.644	0.145		10.42	6.11	84.82	
5190	下呂温泉	山形屋1号泉	岐阜県	35.81110876818434	137.23860171582615	1963	76	mg/kg	8.5	699	227.8	7.424	0.453		271.4	11.09	101.6	
5191	下呂温泉	山形屋2号泉	岐阜県	35.81111544389498	137.23862738947122	1959	50.5	mg/kg	7.7	471.9	140.2	28.38	1.521		188.7	31.23	66.07	
5192	下呂温泉	共有2号泉	岐阜県	35.81111497114201	137.2375143960769	1986	83.6	mg/l		520	150	3.5	0.04		250	9.8	9.7	62
5193	下呂温泉	望川館2号泉	岐阜県	35.811109954661035	137.23638479760672	1961	53.5	mg/kg	9.2	326.2	122.2	3.418	0.156		113.1	10.65	65.41	
5194	下呂温泉		岐阜県	35.810828494122674	137.24026047554418	1962	44	mg/kg	9.6	265.3	100.1	1.111	1.111		34.36	12.82	98.67	
5195	下呂温泉	下呂観光ホテル泉源	岐阜県	35.810277848978906	137.2338890629161	1970	45	mg/kg	9.5	215.3	78.53	1.234	0.048		41.99	4.307	71.27	
5196	下呂温泉	曙開発(株)泉源	岐阜県	35.80999731157658	137.2324889472871	1970	25.4	mg/kg	9.2	97.16	25.29	3.682	1.111		3.291	8.413	52.68	
5197	下呂温泉	小川屋2号泉	岐阜県	35.8097227118011	137.2391698848116	1960	54	mg/kg	9.4	248.9	81.13	1.64	0.248		33.03	17.67	59.52	
5198	下呂温泉	小川屋3号泉	岐阜県	35.809722227396755	137.23916748281601	1959	50	mg/kg	9.4	463.7	156.7	2.507	0.38		181.4	5.503	30.44	
5199	下呂温泉	小川屋4号泉	岐阜県	35.80972460959174	137.23917781868454	1962	50	mg/kg	9.4	260.1	92.14	1.027	0.735		36.79	9.094	106.5	
5200	下呂温泉	温泉会社18号泉	岐阜県	35.80972096361176	137.23888483783475	1986	54	mg/l		310	88	3.6	0.05		140	4.3	1.8	38
5201	下呂温泉	しらさぎ温泉	岐阜県	35.80944605968141	137.24834067571442	1986	31	mg/l		100	27	1.1	0.02		1.7	3.5	27	21
5202	下呂温泉	(株)飛騨荘泉源	岐阜県	35.8094414800116	137.24137974418048	1964	44.7	mg/kg	9.6	193.8	55.03	1.21	0.033		11.04	7.87	54.35	
5203	下呂温泉	泉芳閣泉源	岐阜県	35.809443264583834	137.24083093955204	1962	44	mg/kg	9.8	213.4	79.06	0.747	0.747		27.88	7.368	77.13	
5204	下呂温泉	船坂泉源	岐阜県	35.80888770036138	137.24999520423552	1968	24.7	mg/kg	9.1	116.2	31.05	2.22	0.288		1.262	3.8	57.64	
5205	下呂温泉	井口温泉	岐阜県	35.808608306850886	137.24526739904763	1970	39.4	mg/kg	9.5	121.2	39.07	1.733	0.098		0.866	7.913	56.17	
5206	下呂温泉	小川屋1号泉	岐阜県	35.80861274140114	137.2419505497095	1968	44.2	mg/kg	9.4	257.4	80.12	1.902	0.211		38.73	0.584	88.72	
5207	下呂温泉	小川屋6号泉	岐阜県	35.80861089339208	137.24194243647844	1966	36.8	mg/kg	9.4	198.3	68.12	0.91	0.217		7.413	9.481	79.51	
5208	下呂温泉	小川屋7号泉	岐阜県	35.808610839625544	137.2419437348844	1964	46.4	mg/kg	9.1	358	130.2	4.017	0.055		115.8	14.33	85.24	
5209	下呂温泉	温泉病院泉源	岐阜県	35.80769316488867	137.24075909303156	1966	51.2	mg/kg	9.2	398.1	150.2	2.383	0.223		138.4	5.041	70.78	
5210	下呂温泉	中部温泉開発(有)1号泉	岐阜県	35.80750438692417	137.24473805215666	1965	38	mg/kg	9.5	205.8	66.18	1.593	0.146		2.26	9.531	78.49	
5211	下呂温泉		岐阜県	35.807498478783664	137.2427721987693	1969	34.8	mg/kg	9.5	144.3	41.57	1.699	0.034		3.927	5.71	61.87	
5212	下呂温泉	二村泉源	岐阜県	35.806664851731576	137.2474934641505	1970	32	mg/kg	9.5	117.7	38.57	1.394	0.275		1.098	8.014	48.52	
5213	下呂温泉	田口泉源	岐阜県	35.80638463384396	137.246372047522	1968	35.3	mg/kg	9.4	176.8	57.1	1.057	0.289		0.892	8.53	73.53	
5214	下呂温泉	さくらや泉源	岐阜県	35.80583371611256	137.24278080867953	1968	35.3	mg/kg	9.3	185.8	64.6	1.637	0.096		17.96	0.522	67.36	
5215	下呂温泉	水明館2号泉	岐阜県	35.805829095734616	137.24109606655708	1968	53.1	mg/kg	9.2	306.9	112.7	1.797	0.032		69.42	9.513	106.5	
5216	下呂温泉	水明館3号泉	岐阜県	35.805836100364466	137.24112274307817	1968	44	mg/kg	9.3	232.2	83.13	1.215	0.16		23.72	9.294	94.27	
5217	下呂温泉	水明館4号泉	岐阜県	35.80583171913961	137.2411068425888	1960	53	mg/kg	9.2	422.2	160.2	3.278	0.124		148.1	27.48	73.04	
5218	下呂温泉	水明館5号泉	岐阜県	35.805832382560084	137.2411093837507	1960	50.5	mg/kg	9.4	384.3	140.2	2.049	0.124		107.5	21.59	34.95	
5219	下呂温泉	水明館6号泉	岐阜県	35.80583182024446	137.2411062022274	1965	42	mg/kg	9.5	270.4	100.1	1.274	0.114		30.09	8.408	39.6	
5220	下呂温泉	水明館7号泉	岐阜県	35.80583320800594	137.24111184961555	1965	43.2	mg/kg	9.3	386.5	140.2	1.699	0.661		117	9.807	53.12	
5221	下呂温泉	銀座泉源	岐阜県	35.80555397861403	137.24471331019453	1955	26	mg/kg	10.1	267.2	53.77	1.152	1.398		5.014	9.3	69.56	
5222	下呂温泉	中川2号泉	岐阜県	35.805274484961224	137.2480415508449	1970	33	mg/kg	9.5	143.7	51.08	1.073	0.081		1.238	5.909	65.53	
5223	下呂温泉		岐阜県	35.80527602396636	137.24026999322032	1986	58.9	mg/l		230	120	2.1	0.03		160	6.8	12	42
5224	下呂温泉	黒沼温泉	岐阜県	35.8047241685333	137.24334128047033	1968	31.2	mg/kg	9.4	234.9	86.14	1.163	0.144		24.07	5.825	95.07	
5225	下呂温泉	笹俣温泉	岐阜県	35.80472092802115	137.24332904847597	1968	31.8	mg/kg	9.3	148.3	50.68	1.77	0.112		6.31	1.156	67.24	
5226	下呂温泉	六ツ美湯	岐阜県	35.80444268673283	137.24360600444632	1955	28	mg/kg	9.4	184.2	37.51	1.92	1.136		11.46	8.23	80.12	
5227	下呂温泉	中川1号泉	岐阜県	35.80333385866258	137.246113925695	1967	27.1	mg/kg	9.2	202.8	63.15	1.455			1.716	7.212	85.3	
5228	下呂温泉	日本木林文化(株)1号泉	岐阜県	35.80222700880058	137.24668581435907	1964	33.8	mg/kg	9.4	147.2	44.56	1.628	0.033		5.645	6.18	44.07	
5229	(下呂市)		岐阜県	35.80166521808265	137.29499285658383	1955	12	mg/kg	6.4	1055	231.3	46.03	14.85		122.8		647.6	
5230	湯谷温泉	乗政温泉未利用泉	岐阜県	35.79889226598438	137.29390188796782	1986	13.4	mg/l		560	170	25	2		76		440	30
5231	土京温泉		岐阜県	35.78444121249309	137.1169332495761	1968	15.2	mg/kg	8.3	115.7	42.07	4.325	0.625		2.718	4.708	88.1	
5232	乗政温泉	(II)	岐阜県	35.782496034996996	137.28665163892387	1975	13.2	mg/l		676	245	22.5	2		80	0.1	597	51.4
5233	乗政温泉	(I)	岐阜県	35.780837124018376	137.28751601224064	1975	12.8	mg/l		510	158	31.5	1.5		50.1	3.8	437	35.1
5234	郡上八幡鉱泉		岐阜県	35.77750196069023	136.9527847046331	1955	15	mg/kg	7	207.3	58.73	11.32	2.793		13.59	25.96	153.6	
5235	郡上八幡温泉		岐阜県	35.746615074793915	136.9496150505561	1968	18.7	mg/kg	8.9	238.1	90.04	0.897	0.512		1.799	7.103	203.6	
5236	(下呂市)		岐阜県	35.66539313500941	137.1449900189107	1963	13.5	mg/kg	8.3	149.7	58.09	7.828	0.731		47.99	2.307	54.6	
5237	越原温泉		岐阜県	35.66493657994342	137.34664532063272	1956	17.2	mg/kg	7.2	310.4	85.98	16.51	0.612		119.8	2.308	25.14	
5238	夕森鉱泉	黒滝の湯	岐阜県	35.638527325755945	137.50542917766217	1963	11.3	mg/kg	6.5	29.55	3.036	0.621	0.44		2.003	2.888	5.711	
5239	田瀬鉱泉	上の湯	岐阜県	35.632874822234136	137.46610542605478	1966	18.8	mg/kg	5.8	36.06	4.563	2.583	0.565		0.732	0.977	27.15	
5240	沓掛鉱泉		岐阜県	35.60777484116648	137.48026475786108	1956	11	mg/kg	6.4	116.2	6.816	6.03	2.184		4.174		69.5	
5241	坂下温泉		岐阜県	35.5867765298997	137.523467354946	1971	9.2	mg/kg	5.8	35.06	3.631	2.146	0.521		0.942	1.282	17.02	
5242	白川口鉱泉		岐阜県	35.58169653476918	137.1828869081888	1952	13	mg/kg	8.4	200.5	38.65	15	0.35		57.11	14.82	49	
5243	岐阜坂下温泉		岐阜県	35.57805805950518	137.53472939091162	1966	12.6	mg/kg	8.5	1108	435.3	2.688	0.627		193.8	0.73	736.9	
5244	栗本鉱泉		岐阜県	35.56958799928523	137.4485790756621	1958	12.5	mg/kg	7.4	144.1	18.35	16.23	0.253		16.02	2.805	60.1	
5245	東山ラジウム温泉		岐阜県	35.517974441060154	137.41601562048547	1966	7.6	mg/kg	5.7	33.56	2.404	2.958	0.83		5.843	2.308	8.756	
5246	(中津川市)		岐阜県	35.512780879012666	137.4766774219074	1965	15	mg/kg	5.5	21.53	2.441	0.54	0.295		1.566	2.234	5.534	
5247	中津川ラジウム温泉	金剛の湯第1号泉源	岐阜県	35.51222158944043	137.47583143600085	1964	18.4	mg/kg	5.6	25.04	2.254	0.407	0.206		0.933	0.7	6.071	
5248	中津川ラジウム温泉	金剛の湯第2号泉源	岐阜県	35.512222314829586	137.47583466723725	1965	11.8	mg/kg	7.9	44.07	3.756	5.457	0.163		0.56	0.928	26.37	
5249	苗木ラジウム鉱泉	霞ヶ湯1号泉	岐阜県	35.5116664916366	137.48055426354878	1964	12.8	mg/kg	5	83	7.407	7.674	3.045		33.14	5.552	2.44	
5250	田中温泉		岐阜県	35.51166760170811	137.4719469865037	1968	13.8	mg/kg	5.7	20.04	1.938	0.264	0.08		0.962	0.14	6.022	
5251	小瀬温泉		岐阜県	35.50472331375199	136.8938943397689	1965	23.8	mg/kg	6.5	80.6	3.35	2.94	1.579		12.67	1.906	67.24	
5252	藤方温泉		三重県	34.683331145465665	136.51304778119933	1959	21.3	mg/kg	6.2	18550	4696	967.6	494.7		9729	1226	50.58	
5253	浜田温泉		三重県	34.96410261157146	136.6198359898747	1959	34	mg/kg	7.6	224.5	52.96	5.758	2.09		5.668	7.597	152.4	
5254	坂部温泉		三重県	35.0003081313668	136.5869587972822	1965	24.5	mg/kg	7.9	176.8	35.99	1.999	2.187		7.088	0.495	104	
5255	坂部温泉		三重県	35.000300987880834	136.58709235278198	1977	53	mg/kg	8.4	475	171.9		0.14		17.14		429.4	
5256	西方温泉		三重県	35.07564149077793	136.66364836008105	1960	25.8	mg/kg	6.2	122	5.05	7.958	2.959		10.6	14.5	65.17	
5257	みはた温泉		三重県	34.66944099917789	136.13221087084668	1970	17.8	mg/kg	5.8	103	4.725	3.287	0.924		4.96	1.07	53.51	
5258	赤目・黒田温泉		三重県	34.564558155163674	136.0858418100045	1968	16	mg/kg	8.4	261.8	56.86	7.586	1.18		7.101	4.819	219.7	
5259	(鳥羽市)	(鳥羽市岩倉町)	三重県	34.44416464568608	136.84415650133928	1963	18.4	mg/kg	8.6	408.1	112.2	12.99	3.164		21.95	109.4	190.4	
5260	神川温泉		三重県	33.94806846473633	136.00704965082866	1959	18.1	mg/kg	7.2	192.4	46.73	9.778	0.783		29.02	1.28	108.7	
5261	榊原温泉		三重県	34.70611264571218	136.37528437002427	1951	30.8	mg/kg	12.7		159.8	3.1	1.2		164.8	20.2	53.2	
5262	榊原温泉	七栗の湯	三重県	34.70694527385968	136.37417205640503	1954	33.1	mg/kg	9.4	276.1	88.06	2.2	0.232		47.72	12.7	115.5	
5263	榊原温泉	七栗の湯B	三重県	34.70861430357276	136.37029130650635	1957	31.1	mg/kg	9.4	285.6	91.86	1.957	0.481		57.15	12.43	118.7	
5264	榊原温泉	七栗の湯(A)	三重県	34.70833036028091	136.37110087802677	1958	26.1	mg/kg	9.3	273.6	89.2	2.802	0.572		54.13	12.96	114.6	
5265	榊原温泉		三重県	34.708611235014715	136.37000124835552	1962	25.1	mg/kg	9.4	304.5	86.81	0.4	0.242		15.48	39.34	120.9	
5266	戸木温泉		三重県	34.7080580094326	136.38500810764472	1962	16.1	mg/kg	9.4		71.57	0.4	0.244		6.62	17.55	116.7	
5267	榊原温泉		三重県	34.68499739175049	136.427488844505	1966	37	mg/kg	8.6	2272	521.8	2.895	0.276		366.5	3.857	767.6	
5268	戸木温泉		三重県	34.68958207541523	136.39593461219283	1969	18.5	mg/kg	8.8	349	126.1	0.401			9.925	34.97	252.6	
5269	黒田温泉	薬師山	三重県	34.78361278088589	136.50972933650166	1959	14.8	mg/kg	7.4	206.5	14.2	25.5	8.527		10.64	2.1	148.6	
5270	(津市)		三重県	34.82027800571755	136.42666682500854	1972	41.5	mg/kg	8.18		516.5	38.32	13.77		707.7	2.246	341	
5271	富永温泉		三重県	34.76944448593782	136.277779838621	1968	18.4	mg/kg	8	1213.1	343.5	23.79	10.28		187.6	12	793.2	
5272	下切温泉		三重県	34.4274746912254	136.33344978080905	1971	16	mg/kg	7.3	23189	8068	55.31	98.66		9982	1.101	5298	
5273	倭温泉		三重県	34.67333521745286	136.34500816793872	1970	17.8	mg/kg	8.9	275	94.8	0.802	0.365		8.645	12.76	211.2	
5274	倭温泉		三重県	34.65749878666311	136.34360608641254	1970	19.5	mg/kg	9	413	138.9	0.8	0.365		11.69	9.547	294.8	
5275	倭温泉		三重県	34.65361235296858	136.34222701778683	1972	16.4	mg/kg	6.8	360.2	77		1.444		18.98	36.21	112	
5276	倭温泉		三重県	34.675556326408895	136.34278020628972	1974	21.2	mg/kg	9.5	443.6	167.8	0.14			6.743	8.791	305	
5277	竹原温泉	女神温泉	三重県	34.59888568820312	136.30470944003818	1957	18	mg/kg	10	259	78.22	5.629	0.673		12.03	5.547	158	
5278	長島温泉	R2	三重県	35.02649132822852	136.7292988345965	1964	56.2	mg/kg	8.3	632	126.2	2.398			24.09	1.649		
5279	長島温泉	R3	三重県	35.03391815506935	136.73783787541035	1964	56.5	mg/kg	8.05		171.8	3.989	0.343		65.49	2.675	363.4	
5280	長島温泉	R5	三重県	35.033920655053635	136.73782606240394	1964	56.5	mg/kg	8.05	789.5	171	3.895	0.343		65.49	2.675	362.4	
5281	長島温泉	R7	三重県	35.05139059560434	136.72167437157748	1966	53	mg/kg	8.3	786.8	277.6	9.593	0.486		116.9	2.818	595.5	
5282	長島温泉	R10	三重県	35.072774488240405	136.71720816635693	1967	50.8	mg/kg	8.05	775.9	223.8	19.17	8.384		130.6	3.958	595	
5283	長島温泉	R11	三重県	35.069718247059434	136.7183183262054	1967	55.6	mg/kg	8.4	601	68.14	2.928	66.94		63.82	1.345	449.1	
5284	長島温泉	R12	三重県	35.056667024148126	136.7150007588376	1967	48	mg/kg	8.05	783	103.1	23.05	94.43		180.6	5.985	488.5	
5285	長島温泉	R17	三重県	35.08972026413841	136.71277033993712	1967	58.7	mg/kg	8.68	646	133.5	6.331	25.07		78.01	3.266	556.1	
5286	長島温泉	R16	三重県	35.089722100695234	136.71277819705995	1967	58.2	mg/kg	8.7	757.4	28.26	3.745	5.113		140.9	2.882	630.34	
5287	長島温泉	R13	三重県	35.05666713399391	136.7150009093118	1967	59.4	mg/kg	8.65	441	8.262	4.882	85		26.59	2.017	405.2	
5288	長島温泉	R15	三重県	35.056662312832074	136.7149809634316	1967	52.8	mg/kg	8.55	396	60.64	7.029	57.7		66.26	0.874	337.1	
5289	長島温泉	R21	三重県	35.123058170481805	136.68611946617813	1967	45.5	mg/kg	7.5	5980	478.8	929.5	380.7		3266	4.477	734	
5290	長島温泉	R22	三重県	35.10444875594787	136.70501908854777	1971	52.5	mg/kg	8.1	3063	1022	71.04	0.266		1521		374.5	
5291	長島温泉	R6	三重県	35.055279124670335	136.7236144453652	1975	47.3	mg/kg	8.8	744.2	270.1	10.3	1.607		206.3		402.8	
5292	長島温泉	R23	三重県	35.03833133113465	136.7227714263015	1975	57.5	mg/kg	8.2	536.9	134.1	2.356	0.357		33.23		317.4	
5293	長島温泉	R20	三重県	35.08694385701339	136.6988890066494	1975	41.5	mg/kg	8.4		278.8	9.386	1.228		88.22	0.5	625.4	
5294	源緑温泉		三重県	35.05598096691065	136.73972246575485	1967	51.8	mg/kg	8.5	317.4	69.26	16.19	15.33		47.93	2.517	278.3	
5295	鍋田川温泉		三重県	35.10174458477443	136.72279014103177	1969	51.1	mg/kg	7.8	5931	1698	263.5	18.79		3073	5.567	186.5	
5296	わたかの温泉		三重県	34.36138800063635	136.8752746564947	1959	25.2	mg/kg	5.8	20424	5615	601.2	668.3		10619	1506	61.33	
5297	船越温泉		三重県	34.26765802977775	136.87012411127137	1964	17.9	mg/kg	8.42	3422	1099	98.416	34.57		1034	652.3	783.5	
5298	湯の山温泉		三重県	35.014679527505706	136.44521861025862	1942	14.5	mg/kg	6.3		7.033	11.46	5.61		8.865	4.79	63.04	
5299	湯の山温泉		三重県	35.01467154054094	136.44537038805728	1942	28	mg/kg	8.9	203.6	35.44	6.314	3.685		12.77	8.411	40.08	
5300	尾高温泉		三重県	35.04893503208775	136.4758594341947	1959	12	mg/kg	6.6	35.2	2.649	3.484	0.183		2.837	2.18	11.7	
5301	(菰野町)	弘法湯	三重県	35.05138697089698	136.5152712588419	1963	15	mg/kg	6	56.8	5.197	3.2	1.701		10.73	3.97	11.97	
5302	湯の山新温泉	新湯の山二号源泉	三重県	35.01333732871378	136.47084928544436	1967	42.5	mg/kg	8.71		69.34	6.103	57.38		45.9	2.978	361	
5303	(菰野町)		三重県	35.06267848609093	136.47527316399402	1970	36	mg/kg	8.1	98.1	16.4	7.134	1.094		5.319	4.035	58.67	
5304	鮒田温泉		三重県	33.74777431727582	135.97081848341693	1959	21.3	mg/kg	10.4	632	263.2	3.827	0.259		8.852	9.501	256.2	
5305	鮒田温泉		三重県	33.74277992258039	135.97722964263892	1964	25	mg/kg	8.6	148.9	39.45	4.21	1.844		37.58	6.748	51.93	
5306	大栗須温泉		三重県	33.87409812903361	135.9125129533136	1963	14.8	mg/kg		113.2	17.19	10.61	2.309		3.756	19.33	59.79	
5307	阿曽温泉	阿曽温泉4号(うしお)	三重県	34.34040979722137	136.41015433906378	1957	25	mg/kg	6.5	5226	1272	402.8	18.54		1485	79.6	2760	
5308	阿曽温泉		三重県	34.34046045753573	136.40990799893382	1966	20.06	mg/kg			11.62	103.3	31.14		338.5	54.476	396.1	
5309	二見温泉		三重県	34.505835442338835	136.79584275782733	1959	17.9	mg/kg		27260	7972	411	981.8		14460	1448	1269	
5310	松下・西村温泉		三重県	34.51527756710862	136.7605546138784	1959	18.2	mg/kg	7.2	2494	652.6	64.63	67.58		1369	31.89	35.77	
5311	松下・西村温泉		三重県	34.505555686264074	136.7774997957642	1959	19	mg/kg	6.6	459	22.66	52.48	28.45		156	9.748	128.5	
5312	松下・西村温泉		三重県	34.50724722395989	136.79035392127497	1973	18.6	mg/kg	7.4	6027	807.6	1149	101.9		3520	108.5	44.16	
5313	湯ノ口温泉	湯元	三重県	33.86463235646602	135.88914122006983	1991	46.6	mg/l	7.6	2980	431	322	7.64	0.06	1360			28.6
5314	榊原温泉	榊原館七栗の湯	三重県	34.70666377883894	136.37470977741432	2005	32.5	mg/kg			90.9	0.9			42.6	28.1	69.6	
5315	榊原温泉	乙女の湯	三重県	34.69332453169639	136.35279993365705	1995	17.7	mg/kg			16.1	1.3	0.1		6.5	116.1	216.6	
5316	一志温泉	やすらぎの湯	三重県	34.65527866489731	136.42055903899276	1996	39.1	mg/kg			203.9	3.6	0.1		267.9	2.3	16.5	
5317	猪の倉温泉		三重県	34.68456269816072	136.33623122620415	1999	19.7	mg/kg			117.7	0.1			6.2	19.5	142.1	
5318	四日市温泉	第2号泉	三重県	34.98749832787116	136.60221576794768	2004	40				79.5	2.7	0.2		4.6	1		
5319	波木温泉		三重県	34.940089710057414	136.5687006018275	1987	52.1				176	4.7	0.1		36.8	2.2	403.9	
5320	小山田温泉		三重県	34.946110797047446	136.527776731304		51.1				89.6	3.2	0.1		10	2.8	230	
5321	奥香肌峡温泉	奥香肌峡温泉Ⅱ	三重県	34.380106824067134	136.21989264184734	1996	40.5				228	15.5	21.9		181.8	5.2	624.8	
5322	桑名温泉		三重県	35.02426691076389	136.7084523197394	1989	48.7				328.6	51.3	25.5		579.1		189.9	
5323	長島温泉	長島R-8号泉	三重県	35.05528316562275	136.7236308024965	1987	51.2				164	6.5	0.1		100.2	2	266	
5324	鈴鹿さつき温泉		三重県	34.88888666753713	136.5172133829022	1992	52.4				188.1	5.4	0.2		106.2	4.4	320.9	
5325	(鈴鹿市)	天然温泉鈴鹿の湯	三重県	34.87472219204011	136.55527867715884	1996	50.6			790	282	7.1	0.4		147.3	5.8	467.4	
5326	鈴鹿サーキット温泉		三重県	34.84896817591577	136.5424583154089	1994	44.5				136.8	3.2	0.2		47	3.2	269.1	
5327	赤目温泉	隠れの湯	三重県	34.56527887833284	136.08583697868264	1988	28.4				154.2	0.9	0.1		10	11	372.4	
5328	亀山温泉		三重県	34.86515591233639	136.45064566484726	1999	40				363.6	7.1	1		373.3	7	303.3	
5329	鳥羽小浜温泉	あわらぎの湯	三重県	34.49234906217999	136.8344006380483	1997	43.5				93	5.2	1.2		35	7.2	162.3	
5330	神代温泉		三重県	34.41315022668192	136.91619983232334	1996	35.5			2010	658.7	127.5	0.3		981.8	294.3	40.9	
5331	奥志摩温泉	合歓の郷／潮騒の湯	三重県	34.297664070405624	136.79473776770868	1997	42.8				2197	86.6	18.1		3117	13.9	927.5	
5332	浜島温泉	南勢桜山温泉	三重県	34.29777697178501	136.74499575036594	1993	38.2				167	1.6	0.1		12.1	5.2	362.4	
5333	(志摩市)	志摩スペイン村ひまわりの湯	三重県	34.35979122470784	136.84333003228951	2000	38.6			468	176.4	1.1	0.5		10.7	4.7	325.8	
5334	大山田温泉		三重県	34.77795288836206	136.2836495740368		36.3				683.1	2.6	1.6		357.1	6.9	1115	
5335	(伊賀市)	伊賀の里モクモクの湯	三重県	34.856848104318026	136.18410833701913	2000	36.6				2305	236.4	28.9		4011	1.4	103.7	
5336	(伊賀市)	朝妻の湯 リゾートパラデュー夢	三重県	34.68000014727073	136.18055610516578	1990	27.6				70.7	0.7			20.7	3.3	65.3	
5337	新湯の山温泉	3号泉	三重県	35.01333118111202	136.47027012469272	1987	45.6				163.4	0.5	0.1		119.2	2.2	200.1	
5338	片岡温泉		三重県	35.013367912617035	136.4824870843526	1984	43.4				132	1.2			95.7	2.3	164.7	
5339	あさひ温泉		三重県	35.030362010554846	136.67259488491024	1996	51.8			1690	552	39.1	1.8		750.2	2.1	255.7	
5340	伊勢の郷温泉		三重県	34.51909577241293	136.61581073863394	1986	37.4				235	13.7	0.6		342.6	0.8	14.6	
5341	奥伊勢宮川温泉	奥伊勢フォレストピア	三重県	34.35712407113375	136.34677012706553	1997	34.2				193.9	5	2.7		75.2	2.9	370.4	
5342	玉城弘法温泉		三重県	34.46794398708613	136.58779969745675	1992	22.1				4620	1.1	0.2		6740	29.9	226.4	
5343	きいながしま古里温泉		三重県	34.18387969141733	136.30860166431293	1995	34				408	3.9	1.5		42.5	10.2	928.7	
5344	三浦海岸温泉	鹿ノ湯	三重県	34.16100494194763	136.27686164627025	1988	22.5				222.9	7.3	1.7		44.6	5.1	506.4	
5345	白山温泉		三重県	34.67583220184677	136.34749535362354	1985	18.3		9.6	350	108	0.1	0.03		10	25	119	
5346	宮乃温泉		滋賀県	34.92571095035259	136.15574725211192		14	mg/kg	7.3	2036	713.5	79.29	27.09		1099	3.051	394.8	
5347	塩野温泉		滋賀県	34.93108501694455	136.15055958993975		14.6	mg/kg	7.1	3458	827.2	216.6	38.18		1750	4.773	80.58	
5348	深川温泉	(仮称)	滋賀県	34.93333124353076	136.16943639288456		18.5	mg/kg	7.2	2242	452.5	202.4	40.17		1.107	2.547	202.4	
5349	信楽たぬき温泉	(仮称)	滋賀県	34.91694653071721	136.07584306191418		16	mg/kg	7.5	1799	466.9	13.44	1.269		264.6	14.14	906.2	
5350	石山南郷温泉	(仮称)	滋賀県	34.936386820642376	135.909713479518		14	mg/kg	7	97.57	5.351	3.655	3.465		4.006	9.631	28.44	
5351	湖南温泉		滋賀県	35.02222315222367	135.92389348149	1963	25.9	mg/kg	7.1	142.4	8.84	5.931	2.977		4.918	0.401	57.44	
5352	小松ヶ浜温泉		滋賀県	35.24166806600043	135.96250450133905	1965	14	mg/kg	6.9	81.84	6.263	7.102	1.169		4.357	1.81	13.9	
5353	須賀谷温泉		滋賀県	35.4556613573651	136.28131042832115	1966	13	mg/kg	6.9	116.3	1.857	11.72	4.754		8.734	9.491	57.24	
5354	奧ヶ平温泉		滋賀県	34.9611116514131	136.10972468189382	1966	14.9	mg/kg	7.7	126.4	7.925	9.931	1.353		5.962	1.489	31.53	
5355	守山温泉	今浜源泉	滋賀県	35.125280170619064	135.94806442040905	1968	34.5	mg/kg	7.42	836.8	189.5	40.68	10.12		291.1	4.805	171.4	
5356	茶が崎温泉	第2号源泉	滋賀県	35.023332103726005	135.86194051758142	1968	36.9	mg/kg	7.22	856.9	170.2	27.14	7.075		135.6	0.635	377.2	
5357	茶が崎温泉	第1号源泉	滋賀県	35.023334304254675	135.86194882003835	1967	27.2	mg/kg	8.6	465.5	142.8	14.1	2.892		60.35	0.758	351.2	
5358	甲西温泉	下田源泉	滋賀県	35.02166785384304	136.13083711235464	1968	17.2	mg/kg	7.7	217.3	35.14	7.587	0.424		8.532	0.667	89.82	
5359	近江温泉	笹ヶ谷源泉	滋賀県	35.132547243518744	136.27546738478085	1969	30.7	mg/kg	9.22	215	51.01	3.085	0.324		55.46	15.08	22.35	
5360	今浜温泉		滋賀県	35.124996307364704	135.9477637789394	1973	28.1	mg/kg	7.1	584	166.4	24.49	5.483		138.1	5.277	326.3	
5361	(米原市)		滋賀県	35.38694290569767	136.37666281135785	1973	9.8	mg/kg	2.86	421	8	18.37	13.86		7.073	237.4	0.323	
5362	あど川宝船温泉		滋賀県	35.30522608590859	136.03334176643534		15.04	mg/kg	6.8	71.1	5.61	6.053	2.324		7.656	0.2	73.36	
5363	鹿深温泉		滋賀県	34.9163880278483	136.25971880597933	1978	13.6	mg/kg	5.85	376	16.35	32.54	31.54		21.74	72.59	245.6	
5364	近江温泉		滋賀県	35.13361337225671	136.27667573811885	1978	31.1	mg/kg	9.34	204	72.23	3.631			65.09	1.753	28.93	
5365	淡海温泉		滋賀県	35.15694297453534	136.1297185903259		16.3	mg/kg		207	17.2	19.4	5.6		14.7	2.2	142.2	
5366	(守山市)		滋賀県	35.11249981916628	135.9452779877267	1983	34.4	mg/kg	7.43	555	140.9	27.9	5.8		167.9	4.6	277.7	
5367	(長浜市)		滋賀県	35.37694320304766	136.2622189633601	1983	16.8	mg/kg	6.57	224	15.2	33.1	5		16.9	1.8	193.4	
5368	(長浜市)		滋賀県	35.37694285078174	136.2622190339928	1984	16.5	mg/kg	6.8	295	22.1	44.1	5.7		18.2	1.2	254.3	
5369	(長浜市)		滋賀県	35.3741680275474	136.2644476519541	1985	15.8	mg/kg	6.54	219	12.3	35.4	5.3		12.6	3.2	204.8	
5370	(長浜市)		滋賀県	35.37416698853971	136.26444357800455	1985	15.8	mg/kg	6.63	237	12.8	38.4	5.1		14.9	2.5	218.9	
5371	(長浜市)		滋賀県	35.37777879729991	136.26194720138912	1985	15.6	mg/kg	6.68	274	18.2	58.9	6.6		17.7	13.3	258.5	
5372	柳川温泉	(仮称)	滋賀県	35.22777894417724	136.15389208044104	1985	26.5	mg/kg	8.11	177	50.4	7	1.2		19.2	5.4	97.6	
5373	御所湯温泉	(仮称)	滋賀県	35.21119084638723	135.93231661834517	1986	25.1	mg/kg	7.76	354	107.3	7.9	1.9		4.8	4.4	290.2	
5374	かもしか温泉		滋賀県	34.97638842622456	136.3436104711608	1986	15.7	mg/kg	9.35	949	397.4	1.8	1.2		38.9	6.7	622	
5375	湖南温泉	(仮称)	滋賀県	34.98999919571318	135.91055330968805	1987	42.6	mg/kg	7.79	1404	318	86.9	2.2		598	2.2	59.1	
5376	アクティバ温泉		滋賀県	35.09072270965693	135.9003557295116	1987	37.2	mg/kg	7.79	1056	354	48.8	7.6		274	9.4	606	
5377	茶が崎温泉	第2号源泉	滋賀県	35.02333306300143	135.8619441573416	1987	34.3	mg/kg	8.09	638	204	28.3	8.2		26.5	1.8	558	
5378	(彦根市)		滋賀県	35.26222283674724	136.27222553813763	1987	19.2	mg/kg	8.34	139	40.2	6.4	1.3		3.8	0.9	90.2	
5379	(東近江市)		滋賀県	35.05111467875925	136.17723645670407	1988	26.4	mg/kg	7.46	221	73.2	2.3	0.8		5.2	7.1	163	
5380	雄琴温泉		滋賀県	35.09250000367891	135.8941667563211	1988	25.9	mg/kg	8.54	217	89.2	1.6	0.03		5.5	2	106.2	
5381	太陽温泉		滋賀県	35.134998506632606	136.20332762698237	1989	27.8	mg/kg	8.34	243	72.3	6			8.4		158.4	
5382	(多賀町)		滋賀県	35.17611106616398	136.29444368238063	1990	18.4	mg/kg	8.9	155	17.2	9.3	0.2		2.8	6.7	64	
5383	(志賀町)		滋賀県	35.20888572427765	135.93332068570692	1990	32.1	mg/kg	7.53	886	278	34.1	7		5.2	14.1	869.6	
5384	(守山市)		滋賀県	35.12194261735114	135.9441626162676	1990	36.6	mg/kg	7.48	1009	284.5	47.6	7.4		357.9	8.5	447	
5385	(甲賀市)		滋賀県	34.89472430740587	136.0241773208965	1990	16.6	mg/kg	6.66	160	14.3	13.8	1.2		3	4.7	75.9	
5386	(彦根市)		滋賀県	35.230278498863925	136.23666911194522	1991	40.2	mg/kg	8.96	361	141	0.5	0.2		83.1	6.3	188.7	
5387	朽木温泉	(仮称)	滋賀県	35.34432030577291	135.91922428114637	1992	25.8	mg/kg	8.16	531	59.9	9.5	3.9		8.4	8.2	129.4	
5388	(栗東市)		滋賀県	34.97944441425756	136.02694602013526	1992	20.3	mg/kg	6.93	207	29.3	26.6	4.2		9.4	3.6	163.7	
5389	(甲賀市)		滋賀県	34.87472454970425	136.04500977835895	1993	19.2	mg/kg	7.83	2122	818.2	0.2	0.3		106.1	1.4	1980	
5390	十二坊温泉		滋賀県	35.012861995045455	136.10551928881043	1994	29.8	mg/kg	8.14	160	33.2	17.8	0.1		5	4.5	110	
5391	エクシブ琵琶湖温泉		滋賀県	35.315556172517944	136.26583359280235	1996	30.5	mg/kg	8.39	1635	649.9	16.7	9.4		465.5	13.2	759.9	
5392	(志賀町)		滋賀県	35.23249095411966	135.942876912302	1996	28.7	mg/kg	7.9	304	129.6	4.3	0.8		22.5	22.3	196.1	
5393	(志賀町)		滋賀県	35.2113910622066	135.9322298995873	1996	14.4	mg/kg	6.29	51	6.2	1.2	0.2		3	1.6	13.1	
5394	西草津温泉		滋賀県	35.02221765650145	135.91998318591033	1996	27	mg/kg	7.69	171	51.7	1	0.7		15.4		116.3	
5395	(高島市)		滋賀県	35.36416867502155	136.0519505188194	1997	27.1	mg/kg	7.07	452	98.4	23.5	10.5		30.4		398.8	
5396	(長浜市)		滋賀県	35.435817745723156	136.2985395168674	1997	26.4	mg/kg	7.91	770	269.8	4.4	2.6		42.4		658.7	
5397	(大津市)		滋賀県	35.009724817885754	135.86639937267276	1997	30.4	mg/kg	7.74	246	68.1	5.7	1.3		1.9		232.5	
5398	雄琴温泉		滋賀県	35.09249887500273	135.89416266282961	1997	35.6	mg/kg	9.24	212	82.7	1.3			7.2		1218	
5399	(高月町)	北近江の湯	滋賀県	35.48631637778224	136.2267131874113	1997	36	mg/kg	7.94	1629	578.3	11.2	0.6		7412	0.6	258.5	
5400	(志賀町)		滋賀県	35.211385666930134	135.93220984362475	1997	13.8	mg/kg	6.02	92	7	3.3	0.4		3.7	2	20.3	
5401	多羅尾の湯		滋賀県	34.81305775741736	136.0811177095533	1998	30.7	mg/kg	8.16	609	227.4	6	1.6		7.7	3.3	601	
5402	彦根千乃松原温泉		滋賀県	35.286944261846436	136.24944553563432	2000	47.2	mg/kg	8.56	734	256.1	35.2	0.1		363.1	0.4	127.8	
5403	(長浜市)		滋賀県	35.37416546487551	136.2619384632855	2000	21.7	mg/kg	6.62	251	13.8	40.9	5.2		18.6	1	213.8	
5404	びわこ大橋みずほの湯	新生の湯	滋賀県	35.107643730514624	135.95447103778545	2002	33.8	mg/kg	7.55	300	86.7	1.4	6		24.2		223.9	
5405	マキノ高原温泉	さらさ	滋賀県	35.49611147643431	136.03510027595726	2001	31.3	mg/kg	8.63	308	103.4	6	0.8		13.5	7.8	191	
5406	(志賀町)	比良とぴあ	滋賀県	35.23321183239383	135.94269602326582	1996	28.7	mg/kg			129.6	4.3	0.8		22.5		196.1	
5407	須賀谷温泉		滋賀県	35.455656076164864	136.2814289930461	2004	18.3	mg/kg			7.1	14.2	9.2		7.4	5	126.7	
5408	尾上温泉		滋賀県	35.44833810642898	136.18679339201253	2004	21.1	mg/kg	7.5	452	100.3	48	16.6		20.7	2.7	485.1	
5409	琴引温泉		京都府	35.70330665318593	135.06142769142716	1973	45.2	mg/kg	9.3	472.5	153.5	5.234	6		217.4	49.1	79.32	
5410	神崎鉱泉	舞鶴温泉第1源泉	京都府	35.496662596865406	135.28998255707376	1958	16.5	mg/kg	7.4	1434	282.1	80.56	59.49		692.1	19.48	102.2	
5411	神崎鉱泉	舞鶴温泉第2源泉	京都府	35.498052543706905	135.29026426310807	1958	17	mg/kg	7.3	2455	450	140.3	97.62		1095	15.14	250.6	
5412	宮垣鉱泉	岩戸温泉	京都府	35.33944385104498	135.03138857012829	1963	11.2	mg/kg	2.8	1790	5	80.09	21.54		12.73	1199		
5413	桧山鉱泉		京都府	35.16916657076948	135.37610980160224	1977	18	mg/kg	2.4	386	2.05	0.1	6.37		6.03	239.7		
5414	安鳥鉱泉	安鳥温泉	京都府	35.184387693909024	135.5468865161828	1977	14	mg/kg	7.71	167	42.5	8.3	3		34.6	5	96.9	
5415	るり渓鉱泉	るり渓シャレー温泉第1源泉	京都府	35.030557622131404	135.4241731384462	1978	13.3	mg/kg	7.4	117	10.5	14	0.3		8.1	2.4	64.5	
5416	千歳鉱泉	七谷川温泉	京都府	35.046579851062916	135.58972026059283	1962	14.8	mg/kg	6.2	73.2	6.1	4.601	3.2		5.456	24.14	12.21	
5417	湯の花鉱泉	茶屋源泉	京都府	35.02027403207564	135.52081669217566	1962	15.5	mg/kg	6.9	92.5	14.6	7.667	1.316		6.598	7.2	61.04	
5418	湯の花鉱泉	湯の花第2源泉	京都府	35.01749839652843	135.51138306375992	1964	15	mg/kg	7.3	121	16.52	15.03	3.635		7.187	5.667	94.58	
5419	弓削鉱泉	鳥谷源泉	京都府	35.19555834683471	135.63139749469596	1956	14	mg/kg	5.5	209.8	24.83	1.094	0.472		5.611	1.729	105.1	
5420	嵐山鉱泉	嵐山温泉	京都府	35.01154789698612	135.67977583042247	1948	18.5	mg/kg	7.2		32.636	109.29	17.693		5.691	9.465	392.779	
5421	鞍馬鉱泉	くらま温泉	京都府	35.11861350614527	135.77584192123916	1968	15	mg/kg	7	215	14.05	15.68	4.184		12.52	21.23	37.61	
5422	鞍馬川鉱泉	鞍馬川源泉	京都府	35.11611299599982	135.77473050217654	1958	14	mg/kg	7.6	329.8	100.4	23.33	2.349		20.83	39.6	250.2	
5423	向河原鉱泉	元・黒川正弘所有泉	京都府	35.17100331091136	135.65153865383937	1927	16	mg/kg		1334.3	378.9	15.02	4.485		79.82	27.59	606.52	
5424	百井峠鉱泉	鞍貴温泉	京都府	35.151126948812696	135.78727339613442	1975	11.7	mg/kg	5.5	100	10.2	1.8	0.4		2.1	0.3	30.6	
5425	岩倉鉱泉	岩倉ラジウム温泉・B源泉	京都府	35.07611079406799	135.78083123961582	1958	14.4	mg/kg	6.3	81.5	10.42	6.441	1.489		1.945		55.21	
5426	北白川鉱泉	白幽源泉・第2号泉	京都府	35.03277958940374	135.808062003456	1957	12.8	mg/kg	7.4	105.6	9.865	12.85	1.506		5.053	16.28	48.06	
5427	北白川鉱泉	不動泉	京都府	35.03805783344898	135.80889531667577	1953	17.3	mg/kg	6.8	57.1	6.714	5.09	1.337		2.128	6.97	27.52	
5428	北白川鉱泉	天然ラジウム温泉・第3号泉	京都府	35.037501986645324	135.80834132962738	1957	9.5	mg/kg	7.1	78.6	19	6.08	1.724		5.234	9.644	60.32	
5429	北白川鉱泉	日本パプテスト病院源泉	京都府	35.03360936341724	135.79610430530374	1967	15.4	mg/kg	6.4	86	7.922	8.355	2.487		10.33	7	51.86	
5430	東山鉱泉	霊山新温泉・第1源泉	京都府	34.99777845018319	135.7838897829035	1959	15.4	mg/kg	7.2	138.5	12.57	26.45	3.108		16.63	1.905	101.2	
5431	桃山鉱泉	桃山温泉	京都府	34.92889057802146	135.77083873665853	1968	22.2	mg/kg	7.7	467	96.22	5.117	2.085		124.8		53.47	
5432	三室戸鉱泉		京都府	34.89860985514668	135.81693959293673	1967	17.5	mg/kg	7.7	254	117.7	12.19	3.744		12.39	5	350.9	
5433	朝日鉱泉	日桁の湯	京都府	34.892008476102696	135.80851196544006	1957	20.3	mg/kg	7.55	842.6	217.2	27.46	9.718		105.4	91.12	523.1	
5434	くつわ池鉱泉		京都府	34.85861555199632	135.83362912032578	1961	13	mg/kg	5.7	58.8	10	1.389	1.806		4.944	14.99	70.02	
5435	真言院亀の井鉱泉	真言院亀の井霊泉	京都府	34.85999972829612	135.86472068366513	1974	17.2	mg/kg	7.1	98.7	12.88	9.011	5.932		5.029	11.59	74.98	
5436	湯屋谷鉱泉	第1源泉	京都府	34.85138842296664	135.90222033153287	1960	16.6	mg/kg	7.5	355.9	97.85	27.26	8.15		0.887	75.84	297.1	
5437	湯屋谷鉱泉	第2源泉	京都府	34.85166472806897	135.9019346791677	1960	16.7	mg/kg	7.6	357.5	95.55	24.95	8.472		0.887	68.93	294.2	
5438	湯屋谷鉱泉	第3源泉	京都府	34.85205470152174	135.89902231668597	1960	13.8	mg/kg	7.6	348.4	96.55	26.09	9.295		0.886	72.78	300.8	
5439	湯屋谷鉱泉	第4源泉	京都府	34.853610231072494	135.8974967790914	1960	15.4	mg/kg	7.2	275.9	52.6	28.86	9.436		2.127	48.38	222.7	
5440	笠置大光天温泉		京都府	34.75944299070425	135.94749621870216	1979	34.3	mg/kg	8.85	2484	914.2	4.4	0.8		180.7	0.6	1641.3	
5441	田山鉱泉	高山源泉	京都府	34.74164189356124	136.01517264201635	1964	18.5	mg/kg	6.4	4446	1041	136.1	24.44		1371		2075	
5442	月ヶ瀬鉱泉	月ヶ瀬温泉	京都府	34.760277360184446	136.01805280162765	1956	14	mg/kg	6.3	2884	912.04	132.4	21.82		916.11	4.419	1779	
5443	大原温泉		京都府	35.12371780391609	135.82203475319633	2004	27.9	mg/kg	8.15	287.8	92	7.7	4.3		16.9	0.4	252.6	
5444	鞍馬温泉	No.2源泉	京都府	35.11861062176439	135.77638747920605	1987	13.4	mg/kg		210	35.4	0.1	6		51.3	22.3	174	
5445	あやべ温泉		京都府	35.37726575307153	135.43603929389639	1995	18.6	mg/kg		4440	1655	4.8	3.2		459		3941	
5446	須磨温泉	須磨寺	兵庫県	34.65016928168066	135.11383123830302	1961	22.5	mg/kg			27.92	12.81	0.858		13.41	4.608	93.76	
5447	(神戸市西区)	太山寺	兵庫県	34.69444582452922	135.06584034974324	1967	21.3	mg/kg		520	123	4.409	0.365		96.62	3.21	144.5	
5448	須磨温泉	塩屋1	兵庫県	34.636386121256535	135.08498943221977	1962	20.5	mg/kg			108.8	8.719	0.35		13.12		287.6	
5449	須磨温泉	塩屋2	兵庫県	34.63916823306956	135.08556137768574	1969	20.5	mg/kg		347	33.2	41.84	4.86		31.2	9.465	180.2	
5450	原野温泉	城ケ丘1号	兵庫県	34.772445664698886	135.1487137890474	1966	20.5	mg/kg		2586	502.5	159.5	46.25		748.6	0.782	818.9	
5451	湊山温泉		兵庫県	34.692237508732696	135.16626981624378	1966	29	mg/kg		10608	232.7	87.62	4.092		177.4	50.2	521.1	
5452	湊山温泉	天王温泉	兵庫県	34.69158937125414	135.16613123989674	1954	30	mg/kg		1079.85	233.3	104.8	14.57		167.8	26.75	785.6	
5453	(神戸市北区)	北神戸ゴルフ	兵庫県	34.85457072047708	135.20072098267278	1968	15	mg/kg		285	48.02	2.807	1.118		14.56	2.472	141.4	
5454	(神戸市北区)	鹿の子1号	兵庫県	34.859949599457714	135.21026767351844	1952	15	mg/kg			80.459	2.321	0.131		2.837		220.033	
5455	道場温泉	道場温泉(元湯)	兵庫県	34.86194528005078	135.24944881214924	1964	18.5	mg/kg		266.6	80.69	3.502	0.087		28.72		146	
5456	(神戸市北区)	(道場町生野)	兵庫県	34.853610051592796	135.2530524222575	1969	17.5	mg/kg		183	42.35	4.004	0.243		10.82	4.445	70.59	
5457	道場温泉	宝塚高原2号	兵庫県	34.8513874842878	135.27138273573513		15	mg/kg		298	10.87	75.58	1.38		4.792	0.017	253.9	
5458	有馬温泉	炭酸温泉	兵庫県	34.795245359289495	135.2510416876535	1952	16.5	mg/kg		0.139	12.046	5.822			6.383	14.444	40.393	
5459	有馬温泉	天神泉源	兵庫県	34.7972871476084	135.2487760803273	1949	97.5	mg/kg		68268.1	18.566	3.776	0.052		39.476		0.64	
5460	有馬温泉	極楽泉源	兵庫県	34.79508964881084	135.24856893768077	1953	96	mg/kg		68579.2	18969	4529	32		40504		1234	
5461	有馬温泉	御所泉源	兵庫県	34.79639027034778	135.24806053350852		94	mg/kg		74756.7	19710.556	3715.775	52.41		41284.892	55.764	1413.419	
5462	有馬温泉	銀泉	兵庫県	34.796703440866295	135.24804791377554	1972	48.8	mg/kg			814.2	194.8	4.195		1785	23.43	175.7	
5463	有馬温泉	妬(うわなり)泉源	兵庫県	34.79635089073815	135.24907513053404	1955	99.5	mg/kg		71999.2	20554	4436	17.56		43346		179.4	
5464	有馬温泉	関電炭酸泉1号	兵庫県	34.79305850123464	135.24778709226825	1957	15	mg/kg		144.7	15.53	4.322	0.349		9.219	24.2	33.5	
5465	有馬温泉	滝畑(ダイハツ)	兵庫県	34.79254323744009	135.24501254956934	1955	19	mg/kg		629.6	1747	502.3	3.648		3510	5.599	445.2	
5466	有馬温泉	当谷	兵庫県	34.80083289865039	135.24361029398978	1963	15.5	mg/kg		59403	18675	4030	91.7		35634		1086	
5467	有馬温泉	有馬グランドホテル	兵庫県	34.79811823654452	135.24408773322358	1968	19	mg/kg		2985	751.3	132.2	12.28		1266	2.261	530.6	
5468	五社温泉	ヤケンド	兵庫県	34.79972225247869	135.21972184630764	1968	23	mg/kg		6773	1983	97.73	48.42		3035	2.665	1080	
5469	(神戸市北区)	五社	兵庫県	34.805622768194375	135.2148107196356	1964	31.5	mg/kg		8831	2291	890.6	55.43		4999		608.8	
5470	(神戸市北区)	太古橋	兵庫県	34.79880604270726	135.24683869198367	1951	54	mg/kg		49560	15379.94	1200.224	18.723		27601.601	55.656	906.521	
5471	(神戸市北区)	市ラジウム	兵庫県	34.795001513733496	135.25611711884028	1969	30	mg/kg		759	230.4	29.02	1.902		312	0.494	156.1	
5472	(神戸市北区)	有明2号	兵庫県	34.797530620169276	135.24985119169386	1973	91	mg/kg		41180	11599	2242	18.52		23863		135	
5473	(神戸市北区)	有明1号	兵庫県	34.797356787406876	135.24943342306423	1973	99.2	mg/kg		48370	12952	2182	17.97		25344		83.28	
5474	(神戸市北区)	月光園2号	兵庫県	34.79469556830724	135.2460630623528	1959	12	mg/kg		302.5	58.72	9.572	2.709		82.66	6.831	106.7	
5475	(神戸市北区)	山田山1号	兵庫県	34.79833186349234	135.25832813072435	1972	47.2	mg/kg		60110	18928	2086	213.6		34758	2.281	801.7	
5476	(西宮市)	(塩瀬町名塩)	兵庫県	34.852952134411844	135.30045385438714	1971	24.5	mg/kg		521	118.1	41.75	1.222		250.4	2.72	3.667	
5477	毘沙門滝の鉱泉		兵庫県	34.78277775179014	135.31416608147958	1958	18	mg/kg		2155								
5478	(西宮市)	蓬莱峡	兵庫県	34.81332992329511	135.31582008779964	1960	15.5	mg/kg			572.1	48.86	1.442		939.6		183.5	
5479	下山口温泉	高丸	兵庫県	34.84191134410132	135.25864648504032	1968	15.2	mg/kg		205	12.42	28.07	1.58		7.811	40.55	91	
5480	(西宮市)	三倉洞窟	兵庫県	34.84199886545311	135.2584611500215	1968	14	mg/kg		850	8.375	38.24	4.369		6.688	218.9	0.122	
5481	城山湧泉		兵庫県	34.744166422271434	135.29583066490912	1961	25	mg/kg			1963	111.12	3.243		31.06		416.7	
5482	宝塚温泉		兵庫県	34.80811207491439	135.34154865180744	1967	21	mg/kg		12560	3482	650.7	68.52		6601	4.731	746.9	
5483	宝塚温泉		兵庫県	34.808160799634145	135.34130939015014	1959	22	mg/kg		14323.2	3788	857.9	31.04		7148		1046	
5484	(宝塚市)	玉瀬	兵庫県	34.85481834364195	135.3010039755618	1971	20.5	mg/kg		897	205.2	87.07	0.951		425.8	18.09	53.77	
5485	平野温泉		兵庫県	34.88222086065867	135.3838836717408	1967	16.5	mg/kg		8580.5	2888	227.3	84.68		3181	6.133	3450	
5486	(川西市)	北象潟	兵庫県	34.87277680934734	135.4180518223327		27.5	mg/kg			1157	232.1	58.5		1450		1632	
5487	(川西市)	南	兵庫県	34.87277637675234	135.4183269277814	1972	27.1	mg/kg		5155	1267	264.6	77.81		1776	10.87	1622	
5488	(川西市)		兵庫県	34.87277737117653	135.41833078817	1951		mg/kg		3266.9	469.2	159.432	44.942		10.851	43.78	2173.802	
5489	(東条町)		兵庫県	34.89418526702506	135.0503782418015	1972	19	mg/kg			1969	1492	1.492		5691	3.683	21.46	
5490	(猪名川町)	(民田コケナシ)	兵庫県	34.94222320235009	135.4091716185861	1972	15.6	mg/kg		416	136.2	23.03	1.101		42.75	3.296	317.3	
5491	猪名川温泉	奥猪名	兵庫県	35.01764273670137	135.33506892306895	1962	14	mg/kg		1804	467.5	108.3	2.906		686.1	8.847	449.8	
5492	中谷温泉		兵庫県	34.90332992664743	135.37248888211917	1952	18	mg/kg			2267.22	278.291	14.919		2765.88	115.128	2657	
5493	篠山温泉		兵庫県	35.06971960483281	135.23026862368016		17.3	mg/kg			7.911	4.217	0.24		9.928	0.389	52.51	
5494	篭坊温泉	篭坊1号	兵庫県	35.03300685486241	135.32796137418626	1958	18	mg/kg		549.8	52.04	66	5.439		60.99		285.7	
5495	篭坊温泉	篭坊2号	兵庫県	35.03305704605708	135.32778110795647	1955	14.5	mg/kg		1579.1	275.9	26.72	107.9		379.4	145.2	748.7	
5496	(篠山市)	春日	兵庫県	35.1678735258442	135.27531096979175	1966	10.2	mg/kg		7313.5	2137	563.8	64.13		4485		55.795	
5497	(篠山市)	旧鉱山温泉	兵庫県	35.02166987531906	135.17473276813809	1957	14	mg/kg		102.3	11.37	4.857	1.18		3.546	3.638	54.17	
5498	岩屋温泉	岩屋1号	兵庫県	34.58777997919236	135.0166744592121	1968	19.3	mg/kg		319	26.01	30.83	9.476		22.08	8.807	160.9	
5499	岩屋温泉	岩屋2号	兵庫県	34.587780670957876	135.02167673156845	1969	20.3	mg/kg		655	171	13.51	5.831		21.65	1.975	491.3	
5500	楠本温泉		兵庫県	34.55499930874434	135.00194116953293	1956		mg/kg		0.3	25.5	18.9	6.8		21.3	16.5	117.9	
5501	(淡路市)	楠本2号	兵庫県	34.55499782301235	135.00193373372713	1966	20.5	mg/kg		256.8	23.87	12.92	12		16.41	7.357	94.52	
5502	国領温泉	国領温泉	兵庫県	35.13694377636486	135.1269438276038	1952	18	mg/kg		863.7	54.753	145.953	33.039		196.858	1.687	577.539	
5503	国領温泉	国領3号	兵庫県	35.136943911049556	135.12750034933734	1960	18	mg/kg		491.5	57.8	50.1	24.69		127.3	4.693	243.6	
5504	下三井庄温泉		兵庫県	35.14937151185135	135.16397631108183	1963	24	mg/kg		197.8	3.857	8.717	0.415		12.77	2.308	114.4	
5505	武田尾温泉		兵庫県	34.853003170100585	135.3005790880398	2004	26.6	mg/kg			91.6	23.9	0.24		148	9.55	76.1	1.89
5506	(神戸市兵庫区)		兵庫県	34.692265388194606	135.16620990267683	1994	28.2	mg/kg	5.92	804	205	65.1	21.6		181	4.5	512	1032
5507	有馬温泉	金泉	兵庫県	34.804442402879936	135.24749386510183	2004		mg/kg			18900	2510	644		35700		381	377
5508	(神戸市北区)	くぬぎの湯金泉	兵庫県	34.80274535302696	135.2466803496021	2004		mg/kg			20900	2940	115		39000	5.81	527	1040
5509	(西宮市)	リゾ鳴尾浜「かもめの湯」	兵庫県	34.69333412357813	135.35889289578873	2004		mg/kg			228.2	6.1	1.6		88.1	3.2	492.4	
5510	有馬温泉	銀の湯ラジウム泉源	兵庫県	34.7950034191549	135.2558463320446	1999	29.4	mg/kg		505	208	27.9	1		255	4.8	156	25.6
5511	有馬温泉	銀の湯炭酸泉源公園	兵庫県	34.79476017015984	135.25037737100436	1998	18.6	mg/kg		196	16	22.3	1.2		21.5	53.5	26	1000
5512	有馬温泉	有馬1号泉	兵庫県	34.79722537937974	135.24945627919485	1985	90.1	mg/kg		40070	12900	1420	20.9		24670	21.4	38.7	47
5513	箕面温泉	No.1	大阪府	34.838377370433626	135.46947005217362	1961	18.7	mg/kg		480	101	31.5	431		28.3	8.7	327.8	
5514	箕面温泉	No.2	大阪府	34.8383911606576	135.46933809560312	1964	22.4	mg/kg		4143	1798	7.8	2.7		872.9	105.1	2887	
5515	箕面温泉	No.3	大阪府	34.83831199163505	135.46941695700139	1965	29.8	mg/kg		4532	1765	3.5	2.8		957.8		2790	
5516	能勢アートレイク温泉		大阪府	34.83831463149242	135.4692872426745	1991	30.3	mg/kg		379	141.6	1.1	0.4		5.1		73.8	
5517	箕面温泉	No.4	大阪府	34.8382369314478	135.46943906328312	1965	24.4	mg/kg		4031	1678	7.6	5.58		857.5		2770	
5518	塩の湯		大阪府	34.96094825885579	135.3988903114086	1959	18.3	mg/kg		1602	309.6	96.7	47.8		364.4	5.9	805.4	
5519	汐の湯温泉	No.2	大阪府	34.960896321502716	135.39912612730865	1964	18.4	mg/kg		1725	470.4	111.2	32.2		417.2		1076	
5520	汐の湯温泉	No.1	大阪府	34.96085621419816	135.39897519080355	1972	18.3	mg/kg		1417	341.7	100.6	38.3		330.3		875.9	
5521	北箕面温泉		大阪府	34.96416344563822	135.42804253943208	1973	15.6	mg/kg		100	11.5	10	2.9		5.1	4.7	62.9	
5522	伏尾温泉		大阪府	34.85764815014282	135.4417635429644	1968	24.2	mg/kg		527	208.8	5	0.5		17.9	1	476.9	
5523	伏尾温泉	No.2	大阪府	34.85766543176446	135.44191324947298	1965	24.2	mg/kg		1120	483.9	3.6	1.5		181.8		842.7	
5524	高槻樫田温泉		大阪府	34.94195747379789	135.59944853119933	1984	15.2	mg/kg		223.4	76.8	6	2		7.6	6	192.8	
5525	摂津耶馬溪温泉	花の里温泉	大阪府	34.87875871446986	135.58616989996148	1983	28.4	mg/kg		218.4	55	2.4	0.3		6.5	1.5	106.2	
5526	五月山温泉		大阪府	34.82922162705902	135.42734263668223	1965	26	mg/kg		788	242.4	5.1	3.5		7.8	6.7	604.9	
5527	志保の湯		大阪府	34.78805340625941	135.4616568066954	1988	39.8	mg/kg		34190	10996	605	724.2		19226		1838	
5528	大阪サンパレス	No.1	大阪府	34.80416669330839	135.5305563580021	1988	34.3	mg/kg		4590	1043	219.6	77.1		2005		563.2	
5529	四條畷白石温泉	No.2	大阪府	34.73638872084458	135.67861029009939	1969	17.2	mg/kg		105	10	11	0.5		4.9	11.7	39.2	
5530	四條畷白石温泉	新No.1	大阪府	34.736109920334115	135.67916236418307	1984	18.1	mg/kg		501	102.1	9.8	3		8.2	9.1	287.4	
5531	大阪温泉		大阪府	34.673056667361784	135.6394458200592	1989	37.5	mg/kg		920	202.8	16.6	4.9		10.6		624.2	
5532	平野炭酸	2工-No.8	大阪府	34.42611192513788	135.57278010680886	1960	18.4	mg/kg		19730	5653	1018	228.9		8896	14.5	4124	
5533	平野炭酸	2工-No.16	大阪府	34.427497128417876	135.57165622889974	1962	18.7	mg/kg		21941	6858	554	779.4		11450	1.3	4250	
5534	天見温泉		大阪府	34.39462292286517	135.59534588152383	1955	9.8	mg/kg		1894	460.3	260.7	29.6		539.4	21.8	1227	
5535	天見炭酸	No.E	大阪府	34.424999313179825	135.57555352240618	1957	19.2	mg/kg		5058	724.2	448.6	138.6		1415	16.4	1585	
5536	天見炭酸	No.F	大阪府	34.424168862193675	135.57639624657935	1958	20.4	mg/kg		2979	643.6	318	92.29		974.3	9.8	1509	
5537	天見温泉	N-4	大阪府	34.397219696574275	135.59499127138923	1988	16.5	mg/kg		346.6	15.9	57.1	4.1		8.5	4	219.7	
5538	長野温泉		大阪府	34.45034780384656	135.57424756181302	1961	16.6	mg/kg		14183	3645	544.3	609.8		7010		2010	
5539	瀬々良岐温泉		大阪府	34.42925030061373	135.5859961614586	1985	16.8	mg/kg		2880	786.6	141.2	83.9		983.9		1226	
5540	神ヶ丘温泉		大阪府	34.429281900314145	135.58592237748093	1985	16.7	mg/kg		3093	806.5	173.9	111.9		1244		1143	
5541	かつらぎ温泉		大阪府	34.48172290139243	135.64015788226985	1985	28.3	mg/kg		981.2	355.4	5.2	4.5		112.8		768.5	
5542	太子温泉		大阪府	34.52138977248689	135.65750363586952	1980	25.7	mg/kg		256	37.5	25.1	8.9		6.2	5	211.7	
5543	大和川矢田温泉		大阪府	34.60021403918838	135.53020672128255	1988	45.1	mg/kg		2930	651.9	172.9	22.8		1270		217.8	
5544	PL温泉		大阪府	34.506941856885994	135.59249078302287	1977	25.6	mg/kg		6644	1524	553.7	128.3		3652		136.8	
5545	汐の宮病院温泉		大阪府	34.47229997147955	135.5805695827563	1987	20.5	mg/kg		27810	5621	1969	797.6		14540	6.7	339.3	
5546	犬鳴山温泉		大阪府	34.341061374248405	135.3751054701644	1958	14	mg/kg		254.8	86	1.5	0.5		5.2	12	150.2	
5547	犬鳴山生温泉		大阪府	34.34120485909701	135.3827722989904	1974	18	mg/kg		734	302.7	3.3	0.5		14.5	15.8	742	
5548	犬鳴山温泉		大阪府	34.34105793978872	135.37516609932214	1977	16	mg/kg		872	372.6	2.3	0.3		21.6	1.7	910.4	
5549	千亀利の湯		大阪府	34.468713553673744	135.37457659655138	1987	36.7	mg/kg		258.4	69	6.4	0.7		16		177.6	
5550	奥水間温泉		大阪府	34.37499862720697	135.40360486134693	1979	18.7	mg/kg		1321	460.2	38	6		42.7		1309	
5551	奥水間温泉	No.3	大阪府	34.37527707347142	135.40360727217092	1981	16	mg/kg		3852	1524	14	3.4		105.9	36.9	3885	
5552	神様池の湯		大阪府	34.35610746080671	135.27304108973652	1988	17.3	mg/kg		3285	1265	22.2	7.4		384		2840	
5553	岬温泉		大阪府	34.325831839681975	135.16471764787312	1967	18.3	mg/kg		1539	554.4	6.1	2.2		141.7		1258	
5554	孝子たちばな温泉		大阪府	34.30421264303657	135.1587475096397	1973	20	mg/kg		499	189.6	14.4	4.7		14.4	14.7	490.3	
5555	平野鉱泉	No.6	大阪府	34.42639110837673	135.57473002080863	1956	17.4	mg/kg		19447	5325	1021	396.9		9443	9.7	3329	
5556	平野鉱泉	No.5	大阪府	34.427778394479525	135.56805682258482	1952	18	mg/kg			5926	1736	677.8		11222		5159	
5557	錦渓温泉		大阪府	34.435277266761695	135.56833009349592	1954	17	mg/kg		6815	1918	384.9	142.9		3114		1744	
5558	江坂温泉		大阪府	34.75582706135829	135.49303331580683	1989	37	mg/kg		1620	458.6	55	17.4		609.5		469.8	
5559	龍宮温泉		大阪府	34.655928954575344	135.4426227786231	1989	53.9	mg/kg		18700	6364	171.1	136.6		9707		1608	
5560	清滝ラドン温泉		大阪府	34.73999881519078	135.652773620101	1989	18.1	mg/kg		501	102.1	9.8	3		8.2	9.1	287.4	
5561	南市岡田中温泉		大阪府	34.663332176585584	135.46777434232106	1989	46.7	mg/kg		689	186	5.4	1.5		132.2		295.3	
5562	今宮温泉観音湯		大阪府	34.829444183540154	135.49944436253378	1989	29.7	mg/kg		7400	1985	751.1	14.9		4432		49.4	
5563	なにわ温泉		大阪府	34.68539805925945	135.48562056997574	1989	39.2	mg/kg		570	118.2	9.2	3.5		10.6		352.7	
5564	ミカタ温泉		大阪府	34.520658465144386	135.5483269093852	1989	40.3	mg/kg		11100	2586	1103	158		6488		127.5	
5565	箱作温泉		大阪府	34.33805828007669	135.20806439242506	1989	37.7	mg/kg		17300	11.2	23.7	5		2057	2.5	14260	
5566	千里の湯		大阪府	34.80095284330568	135.54446774319715	1990	31	mg/kg		7930	2379	169.3	137.5		4195		627.3	
5567	ひらの台温泉		大阪府	34.353287768677454	135.25818500273556	1989	37.9	mg/kg		5430	1710	133.7	5		2445	12.5	770.6	
5568	ひらの台温泉		大阪府	34.35328347744378	135.25815772362313	1990	40.4	mg/kg		5420	1654	183.6	4.4		2534	5	636.4	
5569	ミカタ温泉	No.2	大阪府	34.41555469275143	135.32555075808818	1990	30	mg/kg		1440	461.2	37.3	11.1		548.5		459.5	
5570	ニッショー呉服の湯		大阪府	34.81861298641566	135.42500619050074	1990	37.5	mg/kg		36400	12050	545.7	350.9		19390		3146	
5571	清春温泉		大阪府	34.8752066897063	135.54457549210434	1990	28.3	mg/kg		400	128.2	9.4	2.4		25.2	6.5	297.2	
5572	山之井 海会の湯		大阪府	34.37555635072284	135.2763899650956	1990	30.5	mg/kg		380	92.3	12.1	4.3		61		214.2	
5573	松原黄金湯		大阪府	34.5847221958991	135.5713903515666	1990	52.5	mg/kg		35870	6256	4304	518.5		19370		120.3	
5574	桃谷御幸森温泉		大阪府	34.658613569117726	135.53917768153255	1990	43.4	mg/kg		752	226	16.8	3.4		256.3		250.8	
5575	湯～トピア温泉		大阪府	34.67555537988974	135.513608634418	1990	41.8	mg/kg		6610	1883	321.6	134.5		3804		276.4	
5576	オーク200温泉		大阪府	34.669953929518506	135.4601670696196	1990	46.8	mg/kg		396	95.6	3	0.7		21.3		233.1	
5577	田辺温泉		大阪府	34.62802754002591	135.52517118795174	1990	53.4	mg/kg		11330	3430	606	113.3		6677		224.5	
5578	ミタカ(江戸堀)温泉		大阪府	34.687608687950636	135.4915043152521	1990	55.2	mg/kg		19850	6460	577.6	219.2		11500		531.5	
5579	イソールゾイス		大阪府	34.66734368994557	135.50941082095363	1990	44.6	mg/kg		7580	2274	375.5	104.6		4403		260.5	
5580	さやま天然温泉はいから村		大阪府	34.500555956657415	135.54111038233862	1990	30.8	mg/kg		41400	9617	4277	729		24590		168.4	
5581	You・湯		大阪府	34.66194419442055	135.58527924356935	1990	49.8	mg/kg		5010	1143	391.4	76.2		2626		161.1	
5582	大浜温泉		大阪府	34.58166551824933	135.4577732316115	1990	48.2	mg/kg		2360	661	131.1	16.8		1160		283.7	
5583	イズミ天然温泉光明の湯		大阪府	34.45888754155385	135.4919380683359	1990	30.4	mg/kg		26760	6016	2655	300		14950		71.4	
5584	奥天野温泉		大阪府	34.41778016224397	135.53334097677345	1990	29.2	mg/kg		440	78.9	29.3	10		30.1		309.4	
5585	いのちの泉	源温泉	大阪府	34.64305447660744	135.49277158441018	1991	48	mg/kg		400	118.9	2.5	0.5		17.1		292.9	
5586	(大阪市浪速区)	天然温泉ニューテルメンなにわ七幸の湯	大阪府	34.66777774695651	135.49111057847477	1991	37.8	mg/kg		272	63.7	1.8	0.7		2		175.7	
5587	羽衣天女の湯		大阪府	34.53916688947267	135.44083364040884	1991	45.6	mg/kg		1109	312.2	23	3.8		385.7		358.2	
5588	生駒山龍間温泉		大阪府	34.70322929380122	135.66684044933797	1991	31.1	mg/kg		506	172.2	4.1	0.4		6.1		425.9	
5589	星田温泉		大阪府	34.76777593082879	135.66526990998915	1991	24.8	mg/kg		210	75.2	1.6	0.2		7.7		47.8	
5590	志宣野華厳温泉		大阪府	34.69274681439781	135.54886579875082	1991	40.5	mg/kg		5750	1827	301.2	59.2		3431		236.7	
5591	小野原平成の湯		大阪府	34.830062800238636	135.52332983402263	1991	27.2	mg/kg		10000	3598	93.2	97.8		5638	3	710.2	
5592	吹田湯～トピア温泉		大阪府	34.75888721911083	135.52582692810745	1991	37.5	mg/kg		2360	705.8	80.8	54.9		1085		575.4	
5593	鱒の荘		大阪府	34.895276988269295	135.4758287203823	1991	26.7	mg/kg		354	102.3	1.4	0.3		6.6	10.5	50.6	
5594	スパワールド	天王寺 世界の温泉	大阪府	34.649445068353835	135.50528208610297	1994	39.6			411		2.1	1.1		0.2		2.8	
5595	摂津峡 花の里温泉	弐号泉	大阪府	34.87865443429285	135.5862946399761	1999	42			916	0.1	0.07	0.1		28.8			
5596	長谷寺温泉		奈良県	34.53194406170728	135.90666812288376	1967	30	mg/kg	8.7	596	209.6	14.92	4.405		30.23	15.22	509.1	
5597	本郷鉱泉		奈良県	34.47332982217301	135.91970961435652	1967	16	mg/kg	6.25	875.7	10.5	118	20.3		38.03	390	45.78	
5598	秋野温泉		奈良県	34.35225964982175	135.8123689425844	1974	15.8	mg/kg	6.7	1458	118.2	333.7	30.24		11.82		1492	
5599	北山峡ユドコロ温泉		奈良県	34.17846127380421	136.03485601152593	1970	25.2	mg/kg	8.05	158.5	43.12	3.626	0.909		19.22	6	94.58	
5600	入之波(しおのは)温泉	中村源泉	奈良県	34.2619428016468	136.04027423243875	1972	35.5	mg/kg	6.8	2411	433	312.9	36.04		622.8	18.24	1266	
5601	入之波(しおのは)温泉	村有源泉	奈良県	34.264164131421204	136.0369317886456	1973	25.9	mg/kg	7.4	248.3	23.62	64.82	3.496		14.91	11.35	229.8	
5602	十津川温泉	下湯	奈良県	33.94063784842969	135.76864435072292	1959	54	mg/kg	7.3	1408.5	465	25.79			157.8		1076	
5603	湯泉地(とおせんじ)温泉		奈良県	33.995894304591516	135.80617063311652	1956	55.5	mg/kg	7.6	256	67.94	8.58	0.655		18.08	67.39	99.03	
5604	西吉野温泉		奈良県	34.27500542515487	135.74863192360303	1966	16.2	mg/kg	6.4	23680	7400	400.8	121.6		10389	8.5	4196	
5605	湯泉地(とおせんじ)温泉		奈良県	33.99589777956569	135.80607673235133	1956	55.5	mg/kg	7.6	256	67.94	8.58	0.655		18.08	67.39	99.03	28.003
5606	十津川温泉	下湯	奈良県	33.94065588184667	135.7685846476429	1959	54	mg/kg	7.3	1408.5	465	25.79			157.8		1076	58.117
5607	十津川温泉	上湯	奈良県	33.93115779118759	135.7328328280564	1991	73	mg/l	7.5	1090	381	3.36	0.19	0.1	49	4.9	1140	66.9
5608	新庄温泉	長壽湯	和歌山県	33.72083641377563	135.4005696790128	1961	21.7	mg/kg		3246	1376	1.726	9.125		660.9	28.02	2546	
5609	新庄温泉	内海の湯	和歌山県	33.72138726095595	135.400550675251	1964	19.3	mg/kg		1621	628.5	11.5	5.399		386.8	22.97	1060	
5610	利三郎温泉	第5号泉	和歌山県	33.73103759498671	135.38104551031543	1967	33	mg/kg	7.4	5922	1838	109	34.88		1880	170.2	1830	
5611	観音湯		和歌山県	33.70332850751435	135.40914771580276	1971	35.5	mg/kg	7.6	2390	820	25.85	13.97		229.7	0.059	2099	
5612	海月温泉	林温泉	和歌山県	33.468886667625284	135.7752682647109	1958	23.5	mg/kg		4072	798.7	215.3	13.08		1052.3	43.38	594.9	
5613	海月温泉	岡常温泉	和歌山県	33.47471951855088	135.78304714207547	1958	27	mg/kg		3398.5	541.2	414.8	68.15		127.8	15.76	621.8	
5614	海月温泉		和歌山県	33.46972097185982	135.78138423852377	1958	24.7	mg/kg		3348.7	569.6	394.1	30.95		1068	2.88	780.4	
5615	海月温泉		和歌山県	33.473891374486264	135.78250981628725		27.9	mg/kg		1820	424.3	157.9	34.9		1010	15.2	31.55	
5616	海月温泉		和歌山県	33.48666576793105	135.79249557485883	1966	25.5	mg/kg	8.2	650.2	161.4	37.17	22.86		317.4	36.66	42.33	
5617	(串本町)		和歌山県	33.49389224800044	135.6993129213043	1966	25	mg/kg	8	454.6	108.1	19.34	6.97		15.78	10.76	28.42	
5618	海月温泉		和歌山県	33.47611397268308	135.80945447794488	1968	28	mg/kg	5.8	1977	598.4	129.2	16.72		1079	63.35	36.61	
5619	海月温泉	大島温泉	和歌山県	33.47389211978257	135.80695628119602	1971	27	mg/kg	7	820.9	240	15.03	15.8		260.6	80.69	109.3	
5620	海月温泉		和歌山県	33.47778042024463	135.7869532028362	1974	33	mg/kg	7.4	3694	705.6	427.7	47.4		1991	33.33	27.03	
5621	白浜温泉	御幸二号	和歌山県	33.67638865044884	135.33833231967736	1954	88	mg/kg		6063	590.87	88.17	487.97		1278	125.44	2677.22	
5622	白浜温泉	判台温泉	和歌山県	33.68221976850791	135.35860212682618	1956	30.5	mg/kg		6440.23	1295.04	159.16	18.22		1441.65	140.73	2504.2	
5623	白浜温泉	砿の湯	和歌山県	33.67833030874163	135.3433212417778	1958	73	mg/kg		12530	5012	147.3	304.2		5039	4605	1320	
5624	椿温泉	新崎の湯	和歌山県	33.60333764225422	135.3883512251069		37.1	mg/kg		362.1	119.3		0.402		106.1	8.53	107.5	
5625	椿温泉	延命湯	和歌山県	33.600279126761	135.38806208968333	1964	34.4	mg/kg		282.6	95.87	0.481	0.511		49.71	9.818	118.9	
5626	白浜温泉	大刀谷第一号泉	和歌山県	33.67888977756819	135.36083608082254	1965	39.1	mg/kg		4829	1363	113	32.58		857	7.716	2663	
5627	白浜温泉	白藤温泉	和歌山県	33.689997534410125	135.38026774294698	1965	33.9	mg/kg	8.5	3102	921.8	35.17	8.7		319.5	79.91	1851	
5628	椿温泉		和歌山県	33.59888851533251	135.39111004156422	1965	27.2	mg/kg		354	38.13	10	36.64		71.87	66.46	82.5	
5629	白浜温泉	山長温泉	和歌山県	33.678611578839636	135.3786119303859	1965	37	mg/kg		3645	828.6	57.72	35.02		343.8	50.9	2071	
5630	白浜温泉		和歌山県	33.68333199384676	135.37916215397985	1966	26	mg/kg		4008	969.6	105	63.72		543.9	15	2293	
5631	白浜温泉		和歌山県	33.683611955016495	135.37000376650232	1966	33.1	mg/kg		5248	1193	144.3	87.55		751.9	36.06	2690	
5632	椿温泉		和歌山県	33.60749735441073	135.39276800711755	1966	21.5	mg/kg		404.3	85.67	20.84	12.64		128.1	22.55	114.9	
5633	白浜温泉	天山湯	和歌山県	33.67610905968677	135.33888175661158	1986	70	mg/kg	8	10151	2589	210.8	127.9		2687	119.7	3616	
5634	白浜温泉	斉明湯	和歌山県	33.68472314386793	135.34528281181875	1966	39	mg/kg	7.4	7219	2043	87.37	53.08		2698	81.56	1220	
5635	白浜温泉	天狗谷温泉	和歌山県	33.676668513918074	135.37056207624389	1967	26.5	mg/kg	7.4	1880	427.2	56.11	15.54		147.3	40.09	1085	
5636	白浜温泉	燈明台温泉	和歌山県	33.67055515858036	135.33194024079717	1967	50.5	mg/kg	7.1	5166	1421	206.4	70.19		1786	118.3	1026	
5637	白浜温泉	甘露の湯	和歌山県	33.67582968539368	135.34165342897828	1968	85.5	mg/kg	7.6	3838	1143	41.92	8.651		1050	49.11	1552	
5638	白浜温泉	藤島1号	和歌山県	33.68055654582255	135.36722296494102	1968	30	mg/kg	7.4	3671	748.5	69.69	59.83		382.9	12.69	2068	
5639	白浜温泉		和歌山県	33.67055533172291	135.33194058928166	1968	48	mg/kg		1427	250.7	66.13	12.59		428.3	7.412	439.3	
5640	白浜温泉	混合泉	和歌山県	33.67639008981494	135.33833776305775	1969	82	mg/kg	7.5	5893	1599	24.05	48.31		1862	120.6	2200	
5641	白浜温泉	御幸3号泉	和歌山県	33.67638917872604	135.3383337426068	1969	77.5	mg/kg	7.5	6928	1788	76.11	92.99		2108	142	2704	
5642	白浜温泉		和歌山県	33.67166738528902	135.33778012343703	1970	40	mg/kg	7.2	1967	570	27.23	13.34		432.1	19.56	1001	
5643	安久川温泉		和歌山県	33.65748532545225	135.3814254432922	1971	29	mg/kg	6.2	456	112	9.419	5.419		35.98	0.275	305.1	
5644	倉太温泉	1号泉	和歌山県	33.65436572089172	135.37663594297564	1971	32	mg/kg	6.5	427.8	130	11.22	3.888		30.84	8.558	311.2	
5645	(白浜町)	オレンジランド1号泉	和歌山県	33.675032981697825	135.37227656757727	1972	29.5	mg/kg	7.2	1184	367.5	12.5	8.456		49.33	29.67	991.5	
5646	(白浜町)	オレンジランド2号泉	和歌山県	33.67496699652922	135.37226657686352	1972	29.5	mg/kg	7.5	2034	725	14.03	25.26		242.2	28.53	1574	
5647	白浜温泉		和歌山県	33.615555783090166	135.3983312495913	1972	25.5	mg/kg	6.5	189.2	22	16.08	8.834		12	25.44	108.2	
5648	白浜温泉		和歌山県	33.67916996112505	135.35306703659666	1973	51	mg/kg	7.3	2038	700	39.95	16.87		413.1	1.3	1375	
5649	白浜温泉		和歌山県	33.693058955765224	135.34195466913764	1973	30	mg/kg	8.3	8392	2100	12.49	38.5		1170	39.63	4267	
5650	(白浜町)	オレンジランド3号泉	和歌山県	33.675050572103025	135.37232001344483	1973	32.5	mg/kg	7	1134	475	8.776	3.686		69.45	16.21	1070	
5651	(白浜町)	オレンジランド5号泉	和歌山県	33.668335432418445	135.3694533341993	1973	27	mg/kg	7	583	195	19.41	5.581		54.83	25	460.6	
5652	白浜温泉		和歌山県	33.67694076312711	135.3702667360011	1974	42	mg/kg	7.8	3398	1047	54.1	21.41		746	22.64	2284	
5653	白浜温泉	衝幹(つくもと)1号	和歌山県	33.67972470681102	135.3444562463621	1959	75	mg/kg	7.4	19815	6289	286.6	423.6		9895	1295	1398	
5654	白浜温泉	走り湯	和歌山県	33.680000147829965	135.34500090947066	1959	78	mg/kg	7.2	15408	4579	592.9	177.5		7380	516.8	1524	
5655	白浜温泉	上山湯	和歌山県	33.68000035577662	135.34639007675395	1959	76	mg/kg	8	9720	3111	142	110.6		3997	405.8	2205	
5656	白浜温泉	西谷温泉	和歌山県	33.67944317469408	135.3533305136468	1959	48	mg/kg	7	4083	1197	51.08	18.67		1113	22.22	1759	
5657	白浜温泉	長生温泉	和歌山県	33.683330877068634	135.3463804127609	1959	77	mg/kg	7.1	3995	1376	22.85	6.728		1004	19.76	2263	
5658	(白浜町)	白浜パピリオン温泉	和歌山県	33.67971868829989	135.38498599563542	1974	33.2	mg/kg	7.1	1207	450	20.87	5.999		162.4	6.585	1079	
5659	稲積温泉		和歌山県	33.54356181206191	135.493061734588	1953	22	mg/kg		278.9	46	8.8	10.5		4.9	13.9	91.5	
5660	すさみ温泉		和歌山県	33.5435040401226	135.4931364141677	1959	22	mg/kg		179.5	48.92	1.206	0.334		27.05	60.43	4.329	
5661	汜山温泉		和歌山県	33.54351760693925	135.49323640253064	1966	39	mg/kg	8.7	234.8	53.27	11.22	0.137		42.42	6.979	86	
5662	(周参見町)		和歌山県	33.54611118056282	135.48111189211173	1969	26	mg/kg	5.6	409.5	59.75	17.41	13.74		16	96.52	103.7	
5663	日置川温泉		和歌山県	33.62760334042875	135.47296216617283	1960	32	mg/kg		236.7	40.26	1.208	0.24		15.46	13.55	103.6	
5664	(日置川町)		和歌山県	33.58671893528244	135.4043732228398	1966	23.1	mg/kg		465	116.2	20.84	12.15		212.6	10.16	59.32	
5665	伊古木温泉		和歌山県	33.5530068682034	135.4601128544904	1966	25.8	mg/kg	8.5	156.2	0.31	10.22	6.81		58.86	1.101	17.78	
5666	鮎川温泉		和歌山県	33.7428475342571	135.49883578509653	1954	29	mg/kg		3480	76.65	205.6	26.15		696.5	39.38	1608	
5667	湯ノ谷温泉	第一号	和歌山県	33.546503966448526	135.8553010397138		27	mg/kg		150.9	55.04	1.718	0.857		23.3	5.362	68.7	
5668	湯ノ谷温泉	第二号	和歌山県	33.54649453530482	135.85522015171128		28.5	mg/kg		160.7	52.9	1.526	0.384		22.79	9.807	73.95	
5669	橋杭温泉	第1号	和歌山県	33.48888890547514	135.79444422778013	1962	27	mg/kg		185.2	46.14	2.903	0.438		24.34	3.735	69.62	
5670	(古座川町)	月野瀬の湯	和歌山県	33.53630317101711	135.7967479207335	1960	33.5	mg/kg		186.6	55.02	1.523			27.08	12.67	80.36	
5671	市江崎温泉		和歌山県	33.58551094698661	135.4009810360956	1966	31.1	mg/kg		219	26.12	15.23	9.242		54.88	9.653	21.15	
5672	(古座川町)		和歌山県	33.5358296669911	135.79026415512567	1962	26.5	mg/kg	6.5	218.6	89.5	18.76	4.851		80.7	16.22	82.37	
5673	勝浦温泉	渚湯第二号泉	和歌山県	33.630282305702906	135.94168347393244		43	mg/kg		2429	717.35	95.28	3.149		1210.05	165.82	74.95	
5674	勝浦温泉	中の島温泉	和歌山県	33.62083171063951	135.9461058149881	1957	59	mg/kg		1764.53	413.9	177.3	56.45		891	65.96	93.9	
5675	勝浦温泉	翁湯	和歌山県	33.625556200790975	135.9505564785531	1958	59.8	mg/kg		3425.4	708.5	314.2	10.12		1033	57.68	546.3	
5676	勝浦温泉	望海湯	和歌山県	33.630278615394815	135.94166840858148	1958	42.7	mg/kg		1689.6	365.7	120.4	30.74		750.5	123.4	55.12	
5677	勝浦温泉	岩窟湯	和歌山県	33.62611339255627	135.9525090003648	1960	42.8	mg/kg		2012	562.9	132.8	12.65		1084	56.04	96.87	
5678	勝浦温泉	はまのゆ	和歌山県	33.63332301246019	135.94316752449407	1960	30	mg/kg		319.5	87.76	22.06	1.982		122.3	36.67	54.72	
5679	勝浦温泉	下里温泉	和歌山県	33.57138920689994	135.91750201961733	1981	33	mg/kg		206.3	62.86	3.547	0.316		40.25	20.24	52.99	
5680	勝浦温泉		和歌山県	33.63323195469109	135.94301484914337	1961	31	mg/kg		236.8	101.5	12.71	0.644		116.6	13.28	89.02	
5681	勝浦温泉		和歌山県	33.63027785746109	135.94360986466003	1961	36	mg/kg		255.4	71.69	9.404	0.618		90.85	15.56	45.33	
5682	勝浦温泉	中の島第2号	和歌山県	33.62083270253296	135.94611074542524	1961	54.6	mg/kg		1702	478.9	147.4	6.747		909.5	61.07	91.77	
5683	勝浦温泉	中の島第3号	和歌山県	33.62083185167392	135.9461064102119	1962	52.1	mg/kg		1399	426.5	89.98	8.323		745.7	70.74	77.47	
5684	勝浦温泉	高森1号	和歌山県	33.630558737517326	135.95056711101208	1962	42	mg/kg		845.1	312.2	27.45	0.088		264.6	21.25	418.6	
5685	勝浦温泉	関船1号	和歌山県	33.630556141007446	135.9511106146681	1962	33.5	mg/kg		513.7	136.5	24.82	1.264		198.8	29.8	89.98	
5686	勝浦温泉	犬戻の湯	和歌山県	33.625554008841625	135.95054724311424	1962	59	mg/kg		3461	870.4	330.2	42.29		1911	62.5	114.5	
5687	勝浦温泉	小坂湯	和歌山県	33.630834700925924	135.9413956594698	1963	31	mg/kg		279.1	68.9	11.01	0.394		101.2	15.6	31.89	
5688	勝浦温泉	中の島第4号	和歌山県	33.62083111433261	135.9461023768747	1963	55.2	mg/kg		875.2	273.1	39.3	2.201		428.2	20.56	62.12	
5689	勝浦温泉	黒潮2号	和歌山県	33.62805605242043	135.94305584556335	1963	40	mg/kg		664.1	168.4	82.81	2.143		342.1	29.21	89.76	
5690	勝浦温泉	甘露湯	和歌山県	33.632907949494445	135.94454777589962	1963	34.8	mg/kg		300.7	86.84	12.53	0.294		120.8	4.38	57.02	
5691	勝浦温泉	浦島湯	和歌山県	33.62555420100036	135.95054761534203	1963	53	mg/kg		3673	892.3	393.6	25.54		2038	107.9	68.22	
5692	勝浦温泉	温泉ホール	和歌山県	33.62778109379382	135.94223379073875	1964	35	mg/kg		1152	294.4	103.2	18.52		635.7	38.84	55.54	
5693	勝浦温泉		和歌山県	33.63139081627383	135.94250816043171	1965	31.3	mg/kg		451.8	154.2	26.64	6.988		235.1	11.7	102.8	
5694	勝浦温泉	中の島第5号泉	和歌山県	33.62082675141924	135.94608477025724	1967	51	mg/kg	8.2	1405	297.5	119.6	50.83		564.4	274.8	29.28	
5695	勝浦温泉	磯ノ湯第5号泉	和歌山県	33.629345394694674	135.95126491618873	1967	43.2	mg/kg	8	4338	1085	43.09	15.28		1633	255.4	53.22	
5696	勝浦温泉	中の島第6号泉	和歌山県	33.62083413711711	135.9461156313983	1968	57	mg/kg	6	4403	1350.9	70.93	32.66		2474	138.3	41.49	
5697	勝浦温泉	磯ノ湯1号泉	和歌山県	33.628539590610124	135.9514960719272	1969	45.8	mg/kg	5.5	6022	1532	589.2	94.28		3294	269	56.57	
5698	勝浦温泉	磯ノ湯2号泉	和歌山県	33.629368002495866	135.9513098345148	1969	45.5	mg/kg	5.8	11295	2912	517	281.9		6218	695.2	64.07	
5699	勝浦温泉	磯ノ湯3号泉	和歌山県	33.629373882807165	135.95122275663115	1969	41	mg/kg	5.6	12302	3120	517	281.9		7483	232.1	56.44	
5700	勝浦温泉	たしの湯	和歌山県	33.62916683021624	135.94472216482228	1970	42.5	mg/kg	5.6	436	102.8	10.52	5.528		192.1	20.38	51.86	
5701	勝浦温泉		和歌山県	33.6302777106596	135.94138755729128	1974	38	mg/kg	6.2	9805	1509	717.4	170.8		4265	191.5	30.41	
5702	川湯温泉	かめの湯	和歌山県	33.81292897618682	135.77344481000753	1955	53	mg/kg		862.4	153	41.02	20.34		128.6	5.596	419.8	
5703	湯の峰温泉	姫の湯	和歌山県	33.82888928046552	135.75777996624907	1955	90	mg/kg		1508.64	355.3	32.145	22.891		232.86	41.808	712.27	
5704	湯の峰温泉	壺湯	和歌山県	33.8288891749147	135.75777930448712	1955	88	mg/kg		1602	437.84	25.71	6.24		276.6	121.8	648.4	
5705	湯の峰温泉	洗心湯	和歌山県	33.828730449792204	135.75761578274583	1961	36.4	mg/kg		337	90.26	5.772	1.184		27.33	30.4	195.7	
5706	(那智勝浦町)		和歌山県	33.65388865522028	135.9272205846879	1976	32	mg/kg	8.2	282	64.7	3.781	1.031		84.81	7.215	65.93	
5707	(那智勝浦町)		和歌山県	33.65361080803153	135.92110957587136	1976	34.5	mg/kg	8.5	296	74.12	3.951	1.366		90.87	4.81	55.52	
5708	(上富田町)	第3号観音湯	和歌山県	20.682915533909014	83.09638657554233	1976	35	mg/kg	8.2	3308	932.1	1.296	2.156		335.4	16.89	1832	
5709	(那智勝浦町)		和歌山県	33.61416532237874	135.91499533830208	1976	30	mg/kg	7	152	23.18	7.273	2.08		12.24	16.89	57.6	
5710	延命地蔵温泉		和歌山県	33.65721864674267	135.9805434955664	1977	24.2	mg/kg	7.5	602	172.9	9.664	3.051		209.9	11.87	133.9	
5711	湯の峰温泉	上人湯	和歌山県	33.829444461655605	135.75750082844712	1965	89	mg/kg		1623	366.4	17.63	10.7	0.028	192.4	19.18	624.2	202.466
5712	湯の峰温泉	元湯	和歌山県	33.82861488971468	135.7575152294195	1965	90.5	mg/kg		1379	338.4	32.06	19.46	0.104	259.2	21.73	530.8	154.601
5713	湯の峰温泉	峯の湯	和歌山県	33.82833451275052	135.75722765446295	1965	90.5	mg/kg		1925	463.6	30.46	18.48	0.134	317.2	18.97	855.5	145.5
5714	湯の峰温泉	光明湯	和歌山県	33.82916493964406	135.7577700831034	1955	88	mg/kg		1530	332.26	65.1	9.83		110.3	132.5	852.5	162.015
5715	湯の峰温泉	金比羅湯	和歌山県	33.82889207171595	135.75862433566036	1961	85	mg/kg		1381	342.9	19.45	1.854	0.204	108	9.729	801.2	103.196
5716	湯の峰温泉	温水湯	和歌山県	33.82860970871098	135.75860628495997	1965	88.5	mg/kg		1459	417.3	31.26	18.97	0.045	381	20.27	544.8	123.676
5717	わたらせ温泉	1号	和歌山県	33.81805589564791	135.76583202767532	1974	46	mg/kg	6	155.3	24.7	15.38	3.818	0.109	8.043	19.61	108.1	19.352
5718	わたらせ温泉	3号	和歌山県	33.8180555958085	135.7644417804973	1968	72	mg/kg		1030	322.5	16.98	4.882		169.6		702.3	62.008
5719	川湯温泉	木の国湯	和歌山県	33.81277367387079	135.76945880838096	1971	35	mg/kg	6.5	145.4	35.9	15.23	2.43	0.67	13.29	42.38	73.22	26.21
5720	川湯温泉	浦島湯	和歌山県	33.81292072898441	135.77004414570914	1966	56.5	mg/kg		5700	1447	76.75	4.113	0.311	154.8	61.95	3812	124.217
5721	川湯温泉	鉾之湯	和歌山県	33.81305323801811	135.77165666712398	1957	54	mg/kg		1813	424.4	35.914	13.1	0.58	205.9	176.98	756.4	75.207
5722	川湯温泉	共同湯	和歌山県	33.81317595573683	135.77262030830008	1961	58	mg/kg		986.1	252.9	27.44	2.432	0.209	177.6		513.5	81.932
5723	川湯温泉	中瀬湯	和歌山県	33.81302852479687	135.77246507621146	1954	55	mg/kg		764	171.31	39.86	2.125	0.14	184.6	9.536	276.6	51.697
5724	湯の峰温泉	環湯	和歌山県	33.82888860009252	135.75777701150878	1991	92	mg/l	7.6	1200	430	18.9	1.72		212	22.2	810	116
5725	湯の峰温泉	竜ノ湯	和歌山県	33.82889342195186	135.75779575568902	1991	90	mg/l	7.3	1200	416	19.2	1.72		206	22	731	124
5726	湯の峰温泉	小栗湯	和歌山県	33.82888546750241	135.75776474356923	1991	87.8	mg/l	7.2	1300	407	20.8	1.63		207	15.8	773	121
5727	川湯温泉	しげの湯	和歌山県	33.81249794685355	135.77221222219526	1991	69	mg/l	7.9	1000	319	25.9	1.85		150	10.5	621	88.1
5728	川湯温泉	富士湯	和歌山県	33.812869975529345	135.7752842912924	1991	66	mg/l	7.5	1100	367	32	2.25		195	8.4	752	90.9
5729	わたらせ温泉	飯盛泉源	和歌山県	33.818334353744355	135.7647279337556	1991	75.5	mg/l	7.6	1000	355	28.7	2.02		166	6.6	809	97.1
5730	勝浦温泉	(勝浦1)	和歌山県	33.6319451190099	135.94056092822922	1999	33.9	mg/kg		291	64.1	15.1	0.3		128	6	26.2	
5731	勝浦温泉	(勝浦2)	和歌山県	33.63250136542818	135.94722805818466	1999	41.2	mg/kg		1370	244	105	1.1		623	42.9	23.2	
5732	勝浦温泉	(勝浦3)	和歌山県	33.628612235094096	135.94167116584904	1999	36.6	mg/kg		8926	1564	754	158		4254	517	35.4	
5733	勝浦温泉	(勝浦4)	和歌山県	33.627231116697445	135.9510634755356	1999	59.4	mg/kg		5257	1085	395	40.1		2738	135	88.5	
5734	勝浦温泉	(勝浦5)	和歌山県	33.620835375704246	135.94612188550042	1999	52	mg/kg		3146	607	266	9.2		1581	73.8	51.9	
5735	勝浦温泉	(勝浦6)	和歌山県	22.018461341830953	89.03119105578243	1999	41.6	mg/kg		402	59.8	20.2	2.2		168	17.4	15.3	
5736	湯川温泉	(湯川1)	和歌山県	33.618298760685256	135.92072553761335	1999	37.5	mg/kg		168	35.2	2.4			17.6	11.7	27.5	
5737	湯川温泉	(湯川2)	和歌山県	33.61277570612034	135.93193478572624	1999	39.6	mg/kg		215	47	4	0.1		52.4	12.4	42.7	
5738	(那智勝浦町)	(大地1)	和歌山県	33.60222437844899	135.94473149161973	1987	25	mg/kg		560	201.9	5	1.7		243.1	30.4	82.4	
5739	(那智勝浦町)	(大地2)	和歌山県	33.60055514237368	135.94555185371982	1999	31	mg/kg		1488	475	26.7	17.9		766	55	124	
5740	龍神温泉	(龍神1)	和歌山県	33.95610930635803	135.56193636809388	2001	46.8	mg/kg		1051	389.4	8.4	3.2		29.4		1062	
5741	龍神温泉	(龍神2)	和歌山県	33.95583266198198	135.56194238064708	2002	45.9	mg/kg		1066	389.6	8.8	3.2		27.5	1.8	1062	
5742	龍神温泉	(龍神3)	和歌山県	33.95611191165637	135.5622241984267	2003	46.7	mg/kg		1057	387.8	8.4	3.1		27.8		997.7	
5743	小又川温泉	(小又川1)	和歌山県	33.9489047905599	135.57119631922282	2004	20.9	mg/kg		582	217.8	2.7	1.2		2.3	30.7	482	
5744	湯の峰温泉	龍ノ湯	和歌山県	33.828611555419876	135.7575022096412	2001	89.6	mg/kg		1228	448.4	20.3	1.8		251	3.2	774.9	
5745	湯の峰温泉	環湯	和歌山県	33.82861182421289	135.75722519769758	1985	92.5	mg/kg		1283	414.3	25.7	1.7		230.4	0.5	820.7	
5746	湯の峰温泉	環湯	和歌山県	33.828612541409875	135.75722729208516	2005	91.5	mg/kg	7.7	1288	417.7	18.8	1.3		207.1	9.3	835.9	
5747	わたらせ温泉	天翔の湯	和歌山県	33.81805334488787	135.76471068023	1992	48.4	mg/kg		784	243.6	21.2	1.8		97.3	4.6	593.2	
5748	わたらせ温泉	盛翔の湯	和歌山県	33.818058813652	135.7647317212279	1995	43.8	mg/kg		818	226	41.2	3.4		84.4	2.8	604.1	
5749	わたらせ温泉	飯森泉	和歌山県	33.81833047883704	135.76471260052978	1995	73.5	mg/kg		1045	331.9	28.9	1.6		166.6	2	726.1	
5750	勝浦温泉	錦の湯	和歌山県	33.64361032054786	135.93610725241317	1997	26.5	mg/kg		3570	100.6	19.9	0.1		154.6	9.2	32	
5751	勝浦温泉	犬戻りの湯	和歌山県	33.625553460691734	135.950545823298	1962	59	mg/kg		3461	870.4	330.2	42.3		1911	52.5	114.5	
5752	高浜温泉		福井県	35.48805459568164	135.54749532279615	1969	33.3	mg/kg		20110.8	3915.7	2797.42	535.23		11837.14	939.68	52.98	
5753	(高浜町)		福井県	35.48027717870259	135.54249733911564	1976	33.1	mg/kg		17840	1200	2738	440.5	1.5	7898	690	60.29	
5754	(阿智村)		長野県	35.45611285523454	137.66861731195473	1969	11.6	mg/kg	8.48	201	72.8	4.925	0.242		6.885	4.79	174.9	
5755	(下條村)		長野県	35.419169287086675	137.8022308198217	1968	15.2	mg/kg	9.2	418	134.8	1.879	0.164		140.3	2.338	67.21	
5756	阿南温泉		長野県	35.346735787620815	137.79694135290367	1960	16.3	mg/kg	7.3	1715	508.7	41.01	0.643		849.8	0.986	20.84	
5757	昼神温泉		長野県	35.46343916091253	137.70891416433514	1974	32.1	mg/kg	9.78	382	107	2.66	0.054		44.77	55.38	71.11	
5758	水窪温泉	山王源泉	静岡県	35.159443105392164	137.8744404605667	1971	17	mg/kg	7.99	1087	393.2	17.64	3.932		88.99	5.45	966.4	
5759	水窪温泉	湯場	静岡県	35.15305295882187	137.8705433479647	1968	16	mg/kg	7.5	218.6	31.59	34.73	2.557		3.209	22.78	183.9	
5760	(佐久間町)		静岡県	35.08194577606686	137.80056412214932	1972	15.3	mg/kg	8.12	58	6.541	12.62	1.993		5.9		43.79	
5761	(龍山村)		静岡県	35.0066675507763	137.84055855681618	1956	19	mg/kg	4.5	766.5	21.6	170.7	5.686		9.957	486.9	26.6	
5762	儀光温泉		静岡県	34.93530763238751	137.694451928771	1971	18	mg/kg	9.21	177.5	2.303	6.257	36.96		9.22	4.105	151.6	
5763	虫生温泉		静岡県	34.86610860276828	137.88221219838985	1956	22.5	mg/kg	9.2	923.2	248.3	36.12	1.459		175.1	8.869	308.3	
5764	獅子ヶ鼻温泉		静岡県	34.83638690769649	137.8702707291376	1956	18	mg/kg	8.9	183.7	37.37	6.976	0.517		10.76	7.531	74.97	
5765	滝人谷温泉		静岡県	34.81500081535018	138.0058366780747	1967	18.4	mg/kg	9.15	375.4	122.196	0.401			12.79	14.473	221.367	
5766	事仕温泉		静岡県	34.7977787016609	138.07528014875135	1956	16	mg/kg	7.9	823.8	22.12	47.72	4.187		343	5.268	141.5	
5767	(三ヶ日町)		静岡県	34.82916625373675	137.5680545861707	1966	12	mg/kg	6.76	181.1	15.76	22.49	11.62		10.26	4.444	152.5	
5768	(三ヶ日町)		静岡県	34.789442830815325	137.5808288871924	1966	13.7	mg/kg	5.8	116.2	1.503	8.836	5.49		18.93	5.45	60.2	
5769	(三ヶ日町)		静岡県	34.76916469419411	137.55193552974026	1966	22	mg/kg	6.4	126.8	8.521	7.308	6.386		10.5	6.79	105.2	
5770	瀬戸温泉		静岡県	34.76666995403753	137.55473403226603	1968	21	mg/kg	6.8	397.3	45.33	20.53	0.567		50.54	35.14	90.73	
5771	舘山寺温泉		静岡県	34.76564773254292	137.61407788658275	1958	14.5	mg/kg	6.4	2099.6	501.8	92.02	89.88		998.8	174.7	163.6	
5772	弁天島温泉	第2号源泉	静岡県	34.688888459556324	137.60360953668402	1973	20	mg/kg	7.09	6341	0.28	588.7	189.6		2804	262.4	109.2	
5773	(舞阪町)		静岡県	34.688055063851365	137.6052746372823	1960	19.3	mg/kg	7.1	1592	253.4	183.3	56.88		778.3		111.6	
5774	遠州浜温泉	井戸第1号	静岡県	34.65470171476054	137.77998292040084	1972	16.6	mg/kg	6.31	2585	249	188.6	181.8		1176	48.52	22.87	
5775	犬山温泉	第1号泉	愛知県	35.38727839476722	136.94183846195654	1953	15.5	mg/kg		87	4.5	2.5	1.16		10.28	4.4	55.55	
5776	入鹿温泉	東口	愛知県	35.33722063144704	136.99082750814264	1956	11.4	mg/kg		170.2	13.64	2.957	1.313		4.309	1.014	96.8	
5777	入鹿温泉	西口	愛知県	35.337223006364916	136.99083714272103	1956	11.6	mg/kg		82.1	3.289	3.679	0.101		10.77	1.319	41.97	
5778	内津温泉		愛知県	35.326917880815344	137.06619883062933	1956	10	mg/kg		295.4	14.61	60.03	15.37		13.93	211.8	7.22	
5779	祖父江温泉	1号井	愛知県	35.257225089250795	136.707234806603	1968	36	mg/kg		1.02	1.58	743.3	232.1		4.331		110.6	
5780	祖父江温泉	2号井	愛知県	35.268614030712214	136.7063993803478	1969	33.4	mg/kg		3.96	1.097	289.5	60.29		2.306			
5781	(小原村)		愛知県	35.267212517454496	137.28325039227812	1969	15.8	mg/kg			38.86	1.138	0.311		4.206		43.85	
5782	岩屋堂温泉		愛知県	35.24058356697238	137.1447212990571	1956	13	mg/kg		77.64	5.368	2.12	0.043		2.788	0.955	77.54	
5783	小渡温泉		愛知県	35.22546495196591	137.3572226067733	1959	9.7	mg/kg		95.03	20.81	6.174	0.992		9.474		62.16	
5784	笹戸温泉	1号泉	愛知県	35.21636755720423	137.32211497231827	1952	19.5	mg/kg		222	76.53	3.86	0.61		32.64	13.495	46.28	
5785	笹戸温泉	3号泉	愛知県	35.21634024617427	137.32217446870118	1965	19	mg/kg		207.5	63.68	2.016	0.622		34.49		47.86	
5786	笹戸温泉		愛知県	35.216378419825055	137.3221970059714	1963	17.8	mg/kg		204.4	82.93	0.973	0.167		21.01			
5787	夏焼温泉		愛知県	35.215412274177716	137.51407933509557	1956	12	mg/kg		600.5	258.5	3.702	2.253		92.4	3.04	556	
5788	夏焼温泉		愛知県	35.21416452563118	137.516657005335	1956	13	mg/kg		520.6	152.8	4.177	2.402		30.91	5.29	373.5	
5789	津具温泉		愛知県	35.206022459080586	137.60336011790517	1954	13.8	mg/kg		77	1.1	2.4	1.18		3.9	2.84	73.46	
5790	(藤岡町)		愛知県	35.20574133227357	137.23157994285162	1958	15	mg/kg		265.6	64.61	19.62	2.547		134.3	1.855	14.76	
5791	藤ヶ丘温泉		愛知県	35.19499875879186	137.21193839920264	1955	17	mg/kg		436	85.99	47.94	1.272		201.47	1.921		
5792	中京温泉	第2号泉	愛知県	35.17139359903962	136.86481759400618	1958	23.5	mg/kg		173	19.52	3.764	0.217		3.556	1.649	58.07	
5793	中京温泉	第1号泉	愛知県	35.171466677697104	136.8648125077387	1956	19.2	mg/kg			111.3	24.49	12.7		49.89	13.54	349.9	
5794	(名古屋市)	名古屋温泉パレス	愛知県	35.16722195377118	136.8927781485982	1958	16.1	mg/kg		158.9	18.04	12.53	8.92		31.63	12.58	68.14	
5795	(豊田市)		愛知県	35.159960964713726	137.15864623115218	1963	24.4	mg/kg		92.2	9.115	7.572	1.489		12.6			
5796	猿投温泉		愛知県	35.184004461425964	137.15190487316372	1969	21.6	mg/kg			36.25	1.232	0.31		4.901		60.9	
5797	大名古屋温泉		愛知県	35.14517065630558	136.8342919747191	1971	42	mg/kg			146	23.4	3.4		227		94.64	
5798	永和温泉	1号泉	愛知県	35.1424428887159	136.7512492027996	1968	48.5	mg/kg		924.2	331.3	20.52	2.997		377.1		315.3	
5799	賀茂温泉		愛知県	35.1394449928482	137.33500437813328	1953	13.8	mg/kg		185	24.11	30.37	3.52		40.2	5.97	114.33	
5800	尾張温泉	1号泉	愛知県	35.13356588376983	136.77675958028436	1966	50.8	mg/kg		468.2	153.4	6.148	2.02		49.03	1.235	356.6	
5801	尾張温泉	2号泉	愛知県	35.13355576411649	136.7768248001235	1968	52.4	mg/kg		526.6	168.4	11.59	3.702		115		297.9	
5802	白鷺温泉		愛知県	35.12434263425564	137.29033636519438	1952	17.5	mg/kg			85.83	13.07	0.81		56.73	5.76		
5803	蟹江温泉		愛知県	35.1221851216233	136.76696501653595	1958	27.4	mg/kg		179.1	41.62	2.7	0.08		4.518		117.4	
5804	古戸川合温泉		愛知県	35.11694246859456	137.66804935276645	1956	15.2	mg/kg		514.7	154.5	6.951	2.391		69.58	0.585	317.1	
5805	添沢温泉		愛知県	35.10743966010148	137.5751258746315		15	mg/kg		565	225.44	4.11	2.33		11.95	1.82		
5806	弥富温泉		愛知県	35.07972596904474	136.7677947206976	1970	53.8	mg/kg			182.3	4.25	1.2		151.1		241.3	
5807	塩津温泉		愛知県	35.07636473913911	137.57572223811596	1956	16.4	mg/kg		861.1	370.3	0.298	0.114		150	5.87	700.3	
5808	飛島温泉		愛知県	35.0786484471136	136.8031409928838	1967	49.8	mg/kg			232.8	3.79	1.925		262.8		196.4	
5809	神田温泉		愛知県	35.07360760995157	137.61693042757554	1955	10	mg/kg		740.1	381.3	0.261	0.006		13.76	1.249	693	
5810	岩津温泉		愛知県	35.00305655582575	137.17639134865388	1953	16.7	mg/kg		282	21.78	39.95	9.15		58.13		196.6	
5811	(刈谷市)		愛知県	34.98527770320131	136.98833101083002	1964	23	mg/kg		177.3	14.62	7.112	5.65		7.513		94.71	
5812	湯谷温泉	第4号泉	愛知県	34.97194100129932	137.6141543988811	1962	24.2	mg/kg		1.07	265.1	105.7	3.722		551.3	1.071	101.4	
5813	湯谷温泉	鳳海第1号泉	愛知県	34.96819377100515	137.6141847747324	1956	19.05	mg/kg		1161	202.3	143.9	36.23		645.9	2.028	77.65	
5814	湯谷温泉	鳳海第2号泉	愛知県	34.96813480935713	137.6143492505025	1956	21.2	mg/kg		1201	288.3	117.1	3.218		607.5	5.986	96.54	
5815	湯谷温泉	鳳海第3号泉	愛知県	34.96818223958531	137.61427472120536	1956	21.6	mg/kg		1241	277.1	105.3	2.386		570.2	1.871	93.2	
5816	根名温泉		愛知県	34.958888489899564	137.18027524945003	1955	15.2	mg/kg		174.3	4.989	13.6	1.46		23.96	0.048	79.46	
5817	岡崎温泉		愛知県	34.924997559393255	137.19499042610383	1955	19.5	mg/kg		226.4	21.88	1.439	0.562		11.95	2.121	77.5	
5818	新城温泉		愛知県	34.90999894254045	137.51277332357435	1956	10.2	mg/kg		116.2	19.05	1.442	0.536		4.242	3.295		
5819	衣浦温泉		愛知県	34.89942775401465	136.9884345661966	1956	25.5	mg/kg		466.8	104.5	10.73	5.285		119.4	0.233	155.2	
5820	幸田温泉		愛知県	34.85805757313212	137.1583390801344	1954	10	mg/kg			28.557	5.999	2.794		65.454		70.809	
5821	豊川温泉		愛知県	34.84750175408363	137.32917320228253	1960	20.5	mg/kg		94.17	4.578	0.299	3.151		6.939		80.257	
5822	(松原町)		愛知県	34.82027941953556	137.22972700283333	1965	18.9	mg/kg		2331	380.1	211.3	102.7		1027		261.3	
5823	坂井温泉		愛知県	34.82029884262639	136.8640816172609	1966	19.2	mg/kg		9333	2059	699.7	346.4		5342		75.11	
5824	形原温泉		愛知県	34.81599610564888	137.17369056595732	1953	10	mg/kg		55	3.7	5.5	1.86		10.93	8.8	15.19	
5825	三谷温泉		愛知県	34.807584690868175	137.25694352436204	1954	10.5	mg/kg		144	16.19	12.5	3.82		17.7	5.64	116.7	
5826	御津浜温泉		愛知県	34.802500307543156	137.31333402765793	1954	17.1	mg/kg		2650	560	192.4	81.9		14.05	153	50.39	
5827	吉良温泉		愛知県	34.78138861931394	137.09499862918196	1955	15.9	mg/kg		280.4	68.75	28.47			64.5	26.4	122.2	
5828	西浦温泉		愛知県	34.76810307167157	137.17245025678582	1954	14	mg/kg		290	36.17	34.37	13.1		32.95	52.37	151.5	
5829	内海温泉	知多バス構内	愛知県	34.73805576554343	136.87138676079573	1956	18.3	mg/kg		9724	2764	334.4	140.1		5719	3.074	154.4	
5830	内海温泉		愛知県	34.73492544553	136.8696865743693	1956	17.3	mg/kg		13006	4395	491.1	87.32		7857	0.206	120.8	
5831	内海温泉	大東旅館	愛知県	34.73222267808398	136.87222357656282	1956	14.3	mg/kg		1001	182	76.88	22.82		330.8	61.04	293.3	
5832	内海温泉		愛知県	34.728852145914566	136.87795011801256	1954	16.5	mg/kg			273.3	8.9	0.81		40.1		37.8	
5833	岩屋温泉		愛知県	34.721474790086646	136.89379930326984	1955	14.7	mg/kg		632.8	90.86	37.02	6.098		23.57	1.556	378.8	
5834	田原温泉		愛知県	34.68666372841917	137.2791530096802	1951	18	mg/kg			610	570	196		2201	266	84	
5835	篠島温泉	第1号泉	愛知県	34.67805600373242	137.00722147317182	1959	12.2	mg/kg		240	58.94	13.57	1.126		84.18		34.63	
5836	篠島温泉	第2号泉	愛知県	34.67805918674673	137.00723434173375	1959	15.5	mg/kg		4340	765.2	498.6	220.6		2440		68.38	
5837	篠島温泉	第3号泉	愛知県	34.67805734653131	137.0072264953053	1959	16	mg/kg		1810	495	99.02	30.18		913.6		40.46	
5838	篠島温泉	第4号泉	愛知県	34.67805767257848	137.00722876295143	1959	15.4	mg/kg		7946	2254	493.3	98.05		4197		188.3	
5839	篠島温泉	第5号泉	愛知県	34.67805294327601	137.0072098062493	1959	15	mg/kg		561	103.1	41.84	21.09		183.3		73.1	
5840	(中津川市)		岐阜県	35.499446810382594	137.4963992520154	1958	14	mg/kg	5.4	33.1	1.853	2.501	0.506		3.759	2.805	6.895	
5841	(中津川市)	福寿泉	岐阜県	35.498058145963554	137.43111862134612	1966	14.5	mg/kg	5.4	12.52	1.122	0.311	0.125		0.619		4.143	
5842	湯の島鉱泉	湯の島1号	岐阜県	35.49472259678658	137.41833518076422	1961	13	mg/kg	6.8	161.7	40.07	12.75	0.516		56.34	2.104	32.78	
5843	湯の島鉱泉	湯の島2号	岐阜県	35.49472050406352	137.4183277954119	1961	13	mg/kg	6	21.5	2.204	0.425	0.129		1.733		5.266	
5844	紅岩温泉		岐阜県	35.485733873070764	137.40592786765242	1963	11.8	mg/kg	6	31.05	2.943	2.07	0.565		4.554	3.709	6.151	
5845	恵那峡鉱泉		岐阜県	35.47861598578115	137.40389070461651	1954	17.5	mg/kg	7.2	3755	400.3	906.7	33.21		2336		34.11	
5846	恵那峡温泉	恵那峡泉源	岐阜県	35.47861871698842	137.40403647342805	1963	14.1	mg/kg	5.9	27.55	2.724	0.414	0.301		1.816	1.752	6.749	
5847	恵那峡鉱泉	恵那観光センター	岐阜県	35.47861215861149	137.40398147180937	1967	13.4	mg/kg	5.3	20.03	1.484	1.446	0.25		1.628	0.577	7.383	
5848	(岐阜市)		岐阜県	35.47729343784837	136.783349524918	1960	15	mg/kg	6.7	119.5	32.06	6.681	2.79		3.5	7.003	143.8	
5849	(中津川市)		岐阜県	35.474721135660616	137.43221826257903	1965	19.3	mg/kg	7.8	163.8	41.07	11.74	0.524		17.32	0.845	96.1	
5850	金竜鉱泉		岐阜県	35.47272975307173	137.4071255575725	1949	18	mg/kg	7.2	1125	49.4	210.4	82.1		693.6	9.1	6.7	
5851	(恵那市)		岐阜県	35.466440905487644	137.40482778239436	1960	13.5	mg/kg	7.2	252.9	44.07	36.48	0.498		32.32	27.48	117.9	
5852	恵那峡温泉	鐘鉱泉	岐阜県	35.46648359596849	137.40475662573473	1968	12.6	mg/kg	7.1	1992	290.1	333.5	5.124		1027	0.926	49.11	
5853	(八百津町)		岐阜県	35.457222704170555	137.09000275456626	1957	14	mg/kg	7.2	225.8	10.55	44.16	8.526		14.01	46.24	124.5	
5854	八千代温泉		岐阜県	35.43389087328529	137.08250807107163	1966	20	mg/kg	8.3	642.3	227.8	13.04	0.879		287.7	25.1	107.9	
5855	(恵那市)		岐阜県	35.434080603553156	137.36628215804174	1965	14.6	mg/kg	6.3	42.58	3.819	3.296	0.987		0.817	0.99	23.23	
5856	(坂祝町)		岐阜県	35.42694693224822	136.97640061112588	1958	17.5	mg/kg	5.8	91.02	8.014	7.492	1.642		9.416	11.72	46.37	
5857	広見温泉	鈴川源泉	岐阜県	35.42027701061841	137.06138515714116	1964	12.8	mg/kg	6	382.6	59.09	38.1	12.98		68.47	99.56	150	
5858	広見温泉	広生泉源	岐阜県	35.419723276367094	137.05972614245468	1968	13.8	mg/kg	6.3	220.9	34.31	18.81	6.028		30.7	53.54	112.1	
5859	広見温泉	千鳥源泉	岐阜県	35.419444634206705	137.06111448301155	1964	12.6	mg/kg	6.2	305.5	41.55	30.36	10.01		52.45	56.74	124.8	
5860	鬼岩温泉		岐阜県	35.41153234610633	137.17879495028242	1955	16	mg/kg	8.1	167.5	25.07	16.14	1.529		23.17	6.913	76.46	
5861	鬼岩温泉	梅の湯	岐阜県	35.41073446570044	137.19521915347505	1967	17.4	mg/kg	8.3	107.2	37.06	6.03	0.189		5.836		81.28	
5862	鬼岩温泉		岐阜県	35.41086670622143	137.19493436900584	1969	17.3	mg/kg	8.4	122.2	37.06	7.824			5.095	2.303	81.83	
5863	釜戸鉱泉	鳩之湯	岐阜県	35.409782636178576	137.30471776234143	1955	20	mg/kg	7.2	203.3	16.77	25.73	3.539		23.28	7.489	83.2	
5864	(各務原市)		岐阜県	35.404169616120164	136.93362179883758	1959	15.8	mg/kg	6.55	42.8	7.112	1.254	0.507		13.63	2.002	32.3	
5865	(各務原市)		岐阜県	35.404169528053394	136.9336207417762	1959	15.8	mg/kg	6.65	48.78	3.506	2.926	0.761		17.58	5.005	21.92	
5866	(瑞浪市)		岐阜県	35.40333642680512	137.29223541692966	1960	21	mg/kg	6.8	127.6	21.04	14.03	1.033		21.45	3.055	35.67	
5867	(瑞浪市)		岐阜県	35.40166708125786	137.28444500198665	1962	19	mg/kg	7.2	145.8	26.84	17.18	1.3		39.33	5.326	52.2	
5868	(瑞浪市)	KK中京ホテル泉源A	岐阜県	35.400836795793495	137.27140386953917	1965	16.6	mg/kg	7	194.8	10.77	38.44	1.697		2.799	24.52	99.81	
5869	(瑞浪市)	KK中京ホテル泉源B	岐阜県	35.400830175823025	137.27137772857864	1965	17.6	mg/kg	7.1	175.3	10.52	33.51	1.303		2.275	18.75	94.58	
5870	白狐温泉		岐阜県	35.400077399141104	137.28278681225703	1955	25	mg/kg	7.4	490.5	75.62	38.02	4.458		186.3		2.319	
5871	新白孤温泉		岐阜県	35.39884017104315	137.28264278095406	1964	20.1	mg/kg	7.2	424.6	96.14	47.05	1.098		171.5	2.966	90.29	
5872	阿木温泉		岐阜県	35.39525522710871	137.46001736128193	1964	20.6	mg/kg	9.4	210.8	80.12	1.732	0.359		26.49	3.874	97.02	
5873	桜堂温泉		岐阜県	35.38444227816752	137.27360491921857	1965	22.6	mg/kg	7.4	1060	265.3	99.84	1.304		563.1	0.411	41.52	
5874	薬師湯		岐阜県	35.38028061491778	137.26889836620686	1970	18	mg/kg	8.8	803.9	270.5	27.15	0.651		440.8	0.601	30.83	
5875	瑞浪高原温泉	1号泉	岐阜県	35.37777594868573	137.29832494293214	1961	19.5	mg/kg	5.1	70.2	4.131	4.25	1.032		4.397	57.72	13.79	
5876	(可児市)		岐阜県	35.37633968949492	137.1041609696255	1966	19	mg/kg	5.5	57.59	1.75	0.31	0.44		1.46	5.556	53.63	
5877	明世温泉	2号泉	岐阜県	35.37250005569139	137.22944325022453	1965	15.7	mg/kg	7.5	221.8	49.07	20.43	1.566		47.46	5.873	95.3	
5878	明世温泉		岐阜県	35.37250136152183	137.22944935834764	1964	15.8	mg/kg	7.7	197	31.3	33	1.13		33.51	10.1	110.2	
5879	土岐ウラン温泉		岐阜県	35.36916941179939	137.20723127750048	1964	18	mg/kg	7.9	131.2	14.03	18.13	1.113		4.372	7.873	77	
5880	(瑞浪市)	柴田泉源	岐阜県	35.33999710050287	137.27748851129883	1968	23.3	mg/kg	9.1	133.2	50.58	1.215	0.288		0.992	2.629	104.9	
5881	山神鉱泉		岐阜県	35.32647545913094	137.20433065952406	1955	22	mg/kg	7.6	218.2	41.43	2.304	1.223		17.91	4.938	47.9	
5882	(土岐市)		岐阜県	35.318333587698504	137.214724237571	1965	16.8	mg/kg	9	109.2	39.57	3.981	0.327		1.893	9.79	49.66	
5883	曽木温泉		岐阜県	35.295608849848264	137.26318501967066	1967	27.6	mg/kg	9.2	111.2	33.06	0.916	0.05		1.866	2.937	66.76	
5884	美濃東山温泉		岐阜県	35.29546395383261	137.19838395244955	1969	16.5	mg/kg	8.2	98.16	18.03	12.24	0.521		1.062	4.888	70.17	
5885	(養老町)		岐阜県	35.2891661967022	136.5758299894007	1960	15	mg/kg	6.8	75.63	13.1	7.086	3.541		5.76	12.98	62.18	
5886	柿野鉱泉	鹿之湯	岐阜県	35.274687234007324	137.22342170495466	1953	21.5	mg/kg	8.2	206	41.18	6.772	2.943		15.08	69.41	34.35	
5887	千本松原温泉		岐阜県	35.17683519499538	136.6602342482565	1967	48.8	mg/kg	7.2	7472	1873	576.2	90.88		4213		22.86	
5888	久美浜島替温泉	丹後久美浜温泉	京都府	35.598372904306714	134.8835886422989	1980	39.2	mg/kg	7.99	410	162.2	5.2	2.1		17.5	4.4	388.4	
5889	久美浜カンツリー温泉	久美浜カンツリー温泉・1号	京都府	35.63583378031327	134.88861346442187	1980	42.2	mg/kg	7.89	2400	406.4	258	4.2		819.6	487.4	60	
5890	神野温泉		京都府	35.63835875848083	134.9290130855764	1973	41.2	mg/kg	7.6	2023	455	88.59	82.95		571.4	720	3.539	
5891	丹後鹿野温泉	久美浜鹿野温泉	京都府	35.64111002364773	134.9347179916924	1980	39.5	mg/kg	8.36	1534	406.7	160.6	0.2		453.8	581.6	20.6	
5892	平田温泉		京都府	35.632497972345696	134.94082438908117	1979	42.4	mg/kg	8.5	350	55	20.2	0.1		34.6	162.5	22.4	
5893	久美浜温泉	新源泉	京都府	35.64055741196757	134.93861536986998	1971	54	mg/kg	7.8	4298	704.2	765.4			1961	481.8	16.25	
5894	久美浜温泉	旧源泉	京都府	35.640557182568	134.94417040550556	1952	31.5	mg/kg	7.8	4325	453.69	923.4	51.05		1987	534.9	226.9	
5895	浜詰夕日ヶ浦温泉		京都府	35.65885509494761	134.96482508443546	1977	40.3	mg/kg	8.9	261	88.7	5			32.9	108.3	40.9	
5896	上野温泉		京都府	35.653997379490505	134.9680862196105	1978	39	mg/kg	8.4	260	96.1		6.3		39.5	68.9	102.5	
5897	木津温泉	新源泉	京都府	35.65055506857159	134.9736071000625	1977	40.2	mg/kg	8.47	664	172.7	32.7	0.1		79.5	312.2	38.7	
5898	木津温泉	公共浴場源泉	京都府	35.65028175282212	134.97445811311613	1978	36.1	mg/kg	7.9	403	128.5	13.6	1		62.6	126.4	104.3	
5899	木津温泉	木津館源泉	京都府	35.6505567663844	134.97416894244293	1978	29.2	mg/kg	7.78	448	110.1	14.7	0.3		57.9	107.6	92.1	
5900	木津温泉	蛭子屋源泉	京都府	35.64999871190624	134.9738838843094	1951	31.5	mg/kg	7.4	621.9	146.3	29.7	3.495		62.68	267.5	56.57	
5901	木津温泉	金平楼源泉	京都府	35.650833686151344	134.97389026864627	1951	33.5	mg/kg	7.4	728.45	154.8	45.71	6.116		63.43	288.1	113.2	
5902	久美浜温泉	高温泉源	京都府	35.640832463518166	134.94444173345542	2002	51.2	mg/kg		5386	785.5	862.3	1.1		2307	871.9	0.7	
5903	久美浜温泉	低温泉源	京都府	35.640834627780976	134.94444990323004	2002	32	mg/kg		2247	412	279	6.6		973.6	274.4	85.4	
5904	蛇ヶ原鉱泉		兵庫県	35.58319772317621	134.81910522882865	1954	18	mg/kg		1750.6	651.9	20.72	7.43		864.5	167.2	166.2	
5905	(豊岡市)	日和山2号	兵庫県	35.65636799954233	134.8227441971039	1970	23.3	mg/kg		9624	2120	1223	155.9		5421	563.7	100.2	
5906	(豊岡市)		兵庫県	35.651018008130016	134.82801530225925		11	mg/kg		9967	3316	381.9	185.5		3439	303.1	4434	
5907	(赤穂市)	(御崎西福浦山)	兵庫県	34.72944105660686	134.41109980320385		21	mg/kg		2443	112.2	673.2	24.32		1349	79.01	56.17	
5908	御崎温泉	美咲浜	兵庫県	34.726942800911544	134.40693986343285	1955	19.5	mg/kg		316.5	82.04	7.072	5.177		95.73	12.43	95.52	
5909	周世高雄山温泉	神護寺温泉	兵庫県	34.80567309241547	134.40203022635245	1956	15	mg/kg		104.4	8.6	4.643	0.218		8.51	9.465	18.73	
5910	生野温泉	生野高原	兵庫県	35.16110723855371	134.76609563392236	1968	12.5	mg/kg		129	11.27	4.212	2.921		7.376	0.165	115.6	
5911	(朝来市)	(山東町柴日向山)	兵庫県	35.30361269276763	134.93611723289388	1971	12.8	mg/kg		187	5.379	22.44	6.812		8.958	2.058	168.8	
5912	御津		兵庫県	34.78416511124876	134.55832496528993	1966	16.5	mg/kg		7610	1585	250	278.7		3157	6.925	209.2	
5913	社温泉	宮の下	兵庫県	34.92110796265074	134.98887716454095	1967	20.5	mg/kg		13632	1923	2012	144.6		7075	6.13	61.02	
5914	中村温泉		兵庫県	34.948204485714584	134.71376038597865	1955	15	mg/kg		1409.2	477.6	48.53	3.888		498.2	13.63	609.3	
5915	(香美町)	アガシ湯	兵庫県	35.640000497534174	134.566667878163	1968	26.5	mg/kg		122.8	24.84	3.01	0.365		13.27	20.95	29.35	
5916	城崎温泉		兵庫県	35.62416713133073	134.813057252593	1951	50	mg/kg			1085	199.5	7.76		2425.3	269.5	60.06	
5917	城崎温泉	B-3号泉	兵庫県	35.62527835917116	134.8055572141264		67	mg/kg		5659.9	1384	660.3	3.866		3182		288.1	
5918	城崎温泉	鴻の湯源泉	兵庫県	35.62638959624093	134.8044472376538	1950	54.5	mg/kg		3.942	1090	107.9	0.7		2196.8	82.2		
5919	城崎温泉	中学校泉源13-9号	兵庫県	35.62777449705806	134.80359694033015	1957	72	mg/kg		5689.4	135.1	641.2	3.276		3051	282.7	2.894	
5920	城崎温泉	地蔵湯No.4号	兵庫県	35.626390831420835	134.81000767728077	1957	46	mg/kg		2599.1	727	316.1	2.141		1613	136.4	10.73	
5921	城崎温泉		兵庫県	35.62667242644101	134.81085310665924	1957	30.5	mg/kg		2341.4	656.3	267	0.944		1408	114.4	0.525	
5922	城崎温泉	一の湯3号	兵庫県	35.62583444212309	134.80917171604526	1957	51	mg/kg		4024.5	1006	437.6	2.84		2241	201.2	4.662	
5923	城崎温泉	ゆとうや泉源	兵庫県	35.62555736908692	134.80917302399212	1957	56.5	mg/kg		4428.7	1089	494.2	3.536		2431	168.7	36.1	
5924	城崎温泉	13号泉	兵庫県	35.628329363837196	134.8155426210853	1964	48	mg/kg		271	38.49	26.66	1.289		49.99		163.2	
5925	(豊岡市)	(湯島857)	兵庫県	35.62833334156028	134.81555775474874	1972	72.5	mg/kg		5636	1436	588.5	5.037		3013	281	52.31	
5926	城崎温泉	古さん	兵庫県	35.62499645838054	134.8060977828714	1952	44.5	mg/kg			967.123	309.726	5.951		2108	206.983	66.44	
5927	(佐用町)	(佐用町円光寺)	兵庫県	34.967675803020626	134.33699531551324	1959	22.5	mg/kg			714.7	393.2	0.459		1773	3.045	52.13	
5928	(夢前町)	(塩田中内)	兵庫県	34.945832477011024	134.68666456069198	1969	17.2	mg/kg		200	13.49	30.43	2.065		9.385	6.585	114.7	
5929	塩田新温泉		兵庫県	34.943613293390634	134.68500862413578	1955	15.5	mg/kg		5243	567.5	1219	102.7		1191		3889	
5930	塩田温泉		兵庫県	34.945561612656526	134.6907884578489	1951	16	mg/kg		5496.4	1571.784	190.146	64.108		1188.6		1888.56	
5931	萩野温泉		兵庫県	35.11250017045182	134.62722208980452	1956	18	mg/kg		59.1	3.357	4.211	0.43		5.319	3.539	3.425	
5932	生谷温泉		兵庫県	35.01544938532571	134.5422804188588	1952	10.5	mg/kg			435.447	88.859	8.169		2251.71	21.4	333.208	
5933	湯村温泉	荒湯	兵庫県	35.554441421903476	134.4880475404288	1955	95.3	mg/kg		851.2	296.479	37.496	20.639	0.325	152.47	139.316	549	115.78
5934	湯村温泉	元湯	兵庫県	35.55499953579764	134.48833283082368	1955	91.5	mg/kg		1055	89.97	41.066	2.012	0.32	152.48	124.9	549	105.009
5935	湯村温泉	観光ホテル	兵庫県	35.55472344729181	134.4880626047184	1968	95.1	mg/kg		959.1	262.6	16.42	0.941	0.106	160.8	202.3	282.7	112.057
5936	湯村温泉	いづつや	兵庫県	35.55472228459143	134.488058256009	1955	94.3	mg/kg		1112	216.097	30.354	9.282	0.325	132.97	100.88	375.87	140.013
5937	湯村温泉	いづつや6号	兵庫県	35.55472211219049	134.48805624276238	1958	93.3	mg/kg		1095	274.3	15.1	1.643	0.103	152.9	178.2	340	117.703
5938	湯村温泉	とみや別館	兵庫県	35.554443157743016	134.48832967255595	1958	70	mg/kg		1080	263.2	17.14	2.446	0.151	155.7	170.9	327.1	122.626
5939	湯村温泉	とみや	兵庫県	35.554443728702545	134.4883321753002	1955	72	mg/kg		1234	261.396	30.354	16.926	3.2	145.39	110.49	509.8	88.854
5940	湯村温泉	みよしや	兵庫県	35.55416688186567	134.48888805349407	1955	57	mg/kg		1562	114.9	39.281	25.116	0.12	70.92	100.88	324.189	108.471
5941	湯村温泉	橋本屋	兵庫県	35.555553331846106	134.48804582497792	1958	71	mg/kg		910	248.1	15.39	1.654	0.076	137.6	168	300	111.702
5942	湯村温泉	岡田	兵庫県	35.55472577080618	134.48834685040208	1955	52	mg/kg			177.032	44.995	9.391	0.45	106.38	96.08	369.95	143.244
5943	湯村温泉	八田屋	兵庫県	35.55499775758723	134.48971287237555	1958	76.5	mg/kg		978	240.7	15.04	2.154	0.054	134.9	168	284.2	121.319
5944	湯村温泉	一富士旅館	兵庫県	35.55500084806206	134.48944704732713	1958	77.7	mg/kg		977	243	15.26	2.261	0.112	141	168.2	293.3	117.318
5945	湯村温泉	高山屋	兵庫県	35.55500210773398	134.49000737072905	1962	60.3	mg/kg		800	196.4	24.26	2.687	0.209	116	154.9	230.1	123.473
5946	湯村温泉	伯雲荘	兵庫県	35.55416347220293	134.48970884785385	1964	68.6	mg/kg			255.5	17.11	0.878	0.092	145	177.4	293.7	113.241
5947	湯村温泉	銀扇	兵庫県	35.55361163751652	134.49028063440892	1963	46	mg/kg		355.5	69.37	12.69	5.215	0.137	53.857	58.04	103.2	41.127
5948	湯村温泉	富士鉄	兵庫県	35.55500011659785	134.48861107800593	1964	78	mg/kg		938.4	222.9	4.623	0.727	0.191	133.7	169	210.7	108.657
5949	湯村温泉	河越	兵庫県	35.55555956741804	134.48806950470612	1968	77	mg/kg		915.6	256.8	19.32	1.175	0.188	134.1	179.3	296.7	101.397
5950	湯村温泉	とちせん	兵庫県	35.55444329810561	134.4880531693336	1968	86	mg/kg		991.1	278.4	15.19	0.894	0.133	153.6	188.3	297.5	88.018
5951	湯村温泉	ぎおん	兵庫県	35.555275166954345	134.48860090387237	1968	80.5	mg/kg		959	267	17.42	1.047	0.153	147	187.8	305.2	106.076
5952	湯村温泉	木村	兵庫県	35.55389054766681	134.48806211341056	1968	85.5	mg/kg		860.1	245.3	13.6	0.724	0.207	142	160	230.2	106.153
5953	(温泉町)		兵庫県	35.54527892913814	134.4997246949854	1973	32	mg/kg		244	67.47	8.366	1.353	0.08	13.03	26.38	160.2	12.94
5954	七釜温泉	1号	兵庫県	35.61028045958612	134.47806531228676	1962	46.5	mg/kg		1601.2	106.5	178.2	23.8	1.008	111.7	821.3	89.16	36.901
5955	七釜温泉	2号	兵庫県	35.60974717998908	134.48026335156283	1966	47	mg/kg		1850	34.04	306.1	40.22	0.8	81.84	775.4	109.5	48.274
5956	七釜温泉	3号	兵庫県	35.61027561839218	134.47804608842247	1961	31	mg/kg		1571	282.9	131.6	21.48	1.679	103	805.4	158.8	28.503
5957	二日市温泉		兵庫県	35.61524901708061	134.47564944058567	1964	43.5	mg/kg		2936	460.8	469.2	11.54	2.448	133	1718	172.3	18.9
5958	小代温泉	1号	兵庫県	35.45292954928685	134.53501158029218	1961	26	mg/kg		291.9	47.8	30.95	0.437	2.448	30.49	35.8	131.5	14.201
5959	小代温泉	2号	兵庫県	35.45326362298411	134.53486870974402		29.5	mg/kg		783.3	167.3	49.72	0.786	3.287	76.23	70.66	412	73.907
5960	(香美町)	(村岡)	兵庫県	35.47605323593584	134.587220397165	1973	28	mg/kg		415	145.1	0.335	0.235	0.288	16.6	0.708	335.9	15.666
5961	(香美町)	(大笹)	兵庫県	35.405559030986055	134.56167824009484	1973	27.3	mg/kg		350	168.8	1.447	0.611	0.058	9.567	3.862		81.118
5962	白雲谷温泉	白雲谷温泉ゆぴか	兵庫県	34.82082592493352	134.92554214245877		26	mg/kg		10240	1780	2010	3.88		6020	1.94	99	12
5963	よい温泉		兵庫県	35.05556662514598	134.56677497382196	1988		mg/kg	7.12	884	299	22.4	1.21		385	0.61	177	22.5
5964	湯村温泉	薬師湯	兵庫県	35.555001827243444	134.4883399718971	1989	97.4	mg/kg	7.43		273	13	3		154	180	277	13.5
5965	ハチ北温泉		兵庫県	35.40551914923232	134.5617892560669	2002	26.9	mg/kg	8.98	397.2	138	1.6	9.08		4.83	2.34	325	0.57
5966	湯の瀬温泉		岡山県	34.91441830068907	133.79025827123928	1960	27.4	mg/kg	9.2		48.322	3.146			30.138	14.977	45.873	
5967	弥高山温泉		岡山県	34.73444345986289	133.39749814222768	1960	12.5	mg/kg	3.6		21.124	232.706	14.246		7.801	3336.987		
5968	新本温泉		岡山県	34.667702131178686	133.6290926440049	1960	18	mg/kg	9.3		49.98	12.579	1.485		14.359	2.958	24.083	
5969	井山温泉		岡山県	34.69577537070756	133.7352157480297	1961	8.5	mg/kg	7.1		20.602	18.296	2.045		19.88	28.311	40.925	
5970	朝原温泉		岡山県	34.63111149183994	133.76138899853888	1961	16.6	mg/kg	6.3		6.945	14	2.272		16.656	20.577	12.588	
5971	小津黒温泉		岡山県	35.26462557532924	133.79049311795745	1961	24.2	mg/kg	8.8		16.998	4.304			8.52	16.34	17.554	
5972	総社温泉		岡山県	34.69572593856288	133.7331860186589	1962	16.2	mg/kg	8.1		26.815	18.725	1.835		24.85	19.789	53.122	
5973	(奥津町)	奥津荘鍵湯	岡山県	35.2231732281576	133.92037994684912	1962	43.5	mg/kg	9.2		26.536	4.717			10.65	21.562	33.364	
5974	(奥津町)	東和楼岩風呂	岡山県	35.2236684924422	133.92028961202422	1962	42.6	mg/kg	9.2		26.657	6.146			12.07	24.179	33.364	
5975	足守温泉		岡山県	34.75578583104297	133.799145489777	1962	21.3	mg/kg	9.2		52.435	2.4			52.884	13.996	41.584	
5976	小町温泉		岡山県	34.58971852536427	133.78220769277692	1962	15.4	mg/kg	6.2		8.68	2.805			6.814	7.156	12.588	
5977	川西温泉		岡山県	35.222777301961955	133.919163836119	1962	34.8	mg/kg	8.6		20.004	7.34			12.172	19.914	27.482	
5978	般若寺温泉		岡山県	35.213645799476694	133.91385675928595	1962	38.2	mg/kg	9.2		21.88	6.647			8.928	14.155	33.364	
5979	奥津温泉		岡山県	35.22332991402792	133.92054353830522	1962	39.1	mg/kg	9.1		23.038	6.004			13.941	11.11	34.145	
5980	林野温泉		岡山県	35.01305199800709	134.15026247390497	1975	17.6	mg/kg	8.5		56.08	8.423	0.661		48.12	4.006	81.15	
5981	津黒高原温泉	第2号	岡山県	35.260280592878246	133.794730993644	1975	30.3	mg/kg	9		26.05	1.828	0.015		11.68	15.73	27.3	
5982	千屋温泉		岡山県	35.14767996286054	133.43904550314005	1975	28.3	mg/kg	9		22.5	3.9	0.136		17.89		32.03	
5983	(奥津町)	荒神湯	岡山県	35.22194561174703	133.91861749714832	1976	27.5	mg/kg	9		35.056	3.208			11.378	10.016	63.542	
5984	かしお温泉		岡山県	34.755458000584326	133.79966496923234	1977	20	mg/kg	9.2		85.119	2.804			42.66	20.028	76.357	
5985	佐良山温泉		岡山県	35.04435278785428	133.97191568528507	1977	17.9	mg/kg	9		110.132	1.602			49.046	0.501	174.902	
5986	野谷温泉		岡山県	34.74110667042451	133.89053852378316	1977	15.7	mg/kg	8.6		64.906	6.009			25.598		116.758	
5987	矢掛ラジウム温泉		岡山県	34.62388884813844	133.54388819614647	1978	15.7	mg/kg	8.8		69.103	4.006			23.435	32.048	101.204	
5988	柵原温泉		岡山県	34.9477776868192	134.0666660935711	1978	28.1	mg/kg	7.8		106.116	13.215	1.702		60.467	75.082	101.372	
5989	日淳温泉		岡山県	34.789166653986506	134.0966656447513	1979	16.6	mg/kg		160	32.5	19.6	2.7		11.14	13	120.9	
5990	奥津温泉	酒屋の湯	岡山県	35.22250091440656	133.9194464715724	1980	32.4	mg/kg		120	32	3.2	0.7		10.7	30	50.6	
5991	大井温泉		岡山県	34.735000388632805	133.8002798243753	1981	14	mg/kg		220	19.5	39.2	7.8		15.6	35	140.3	
5992	大釣荘温泉		岡山県	35.213506226956866	133.91533909910999	1982	37.1	mg/kg		130	36	2	0.2		9.9	13	59.8	
5993	(湯原町)	向湯原第2泉	岡山県	35.196392851435625	133.73195930664843	1982	36.6	mg/kg		140	39	4			28.4	3.5	58	
5994	小森温泉		岡山県	34.915860463022334	133.80271584277295	1973	26.1	mg/kg		200	74.7	2			34.1	1.5	87.2	
5995	新八幡温泉	新八幡温泉(1)	岡山県	34.86277570116485	133.90471444413888	1983	29.1	mg/kg		250	87.4	9.6	0.2		95.8	5	75	
5996	新八幡温泉	新八幡温泉(2)	岡山県	34.86332954591631	133.90359703593717	1983	27.1	mg/kg		340	87.4	10.4	0.3		95.8	5	78.1	
5997	鬼ヶ嶽温泉		岡山県	34.70159134748349	133.594469674008	1985	18.5	mg/kg		150	41.8	4	0.9		11.4	2	81.1	
5998	倉見温泉	薬師之湯	岡山県	35.257773829102604	134.0466498168468	1986	13.4	mg/kg		50	5.2	5.8	0.4		5.1	2.8	24.4	
5999	加茂川温泉		岡山県	34.91444312371139	133.78971911045358	1986	15.4	mg/kg		180	42	5.9	2.4		9.9	0.3	97.6	
6000	二上温泉		岡山県	34.98301311624289	133.92648911066027	1986	20.2	mg/kg		130	41.3	0.7	0.1		7.1	8.2	81	
6001	医王寺温泉	薬師之湯	岡山県	34.66277979144773	133.5827841475319	1987	14.5	mg/kg		200	44.8	15	5.4		13.1	9	139	
6002	大中山温泉		岡山県	34.77555598777741	134.1758332548429	1987	19	mg/kg		150	24.2	18.5	0.6		6	12	96.4	
6003	(岡山市)	(岡山市上中野)	岡山県	34.64472086699264	133.90138520090662	1987	19.2	mg/kg		4760	765	515.6	86		2327	181	54.9	
6004	湯郷鷺温泉	第1泉源	岡山県	34.99275850619466	134.134597597091	1987	40	mg/kg		1900	408	228.6	0.1		1047	14.8	26.2	
6005	湯郷鷺温泉	第3泉源	岡山県	34.99279259464463	134.13456345757336	1987	40.2	mg/kg		2120	449	302.8	0.1		1225	12.8	24.4	
6006	蒜山高原温泉		岡山県	35.2996007166116	133.73157493704747	1987	17.3	mg/kg		240	32.4	20.5	8		5.7	6.6	162	
6007	(真庭市)	湯ノ向ボーリング泉	岡山県	35.205555395384586	133.73166375023914	1987	28.8	mg/kg		150	27	0.1	4.3		8.4	5.3	64.2	
6008	(井原市)	(井原市高屋町)	岡山県	34.57833755477438	133.42335117103246	1987	19.2	mg/kg		230	54.5	14	2.7		48	11.6	62.8	
6009	粟井温泉	2号泉	岡山県	34.75574013215215	133.79920587204296	1987	20.2	mg/kg		220	67.6	5	0.4		44.3	9.9	42.7	
6010	高屋温泉		岡山県	34.57888910016576	133.4238888607524	1987	18	mg/kg		290	31.7	30.6	8.3		24.9	35.3	134.2	
6011	奥津温泉	奥津温泉ホテル温泉	岡山県	35.22361293460138	133.9205636696935	1988	40.5	mg/kg		120	30.5	5.3	0.1		7	8.6	35.4	
6012	真肌温泉	第2号泉	岡山県	34.58687618979181	133.97687296014143	1988	5.7	mg/kg		80	8.4	3.1	1.1		3.9	23	9.8	
6013	鴨方温泉	大歳の湯	岡山県	34.55861248459178	133.58639374414994	1988	20.8	mg/kg		200	32.2	3.1	1.1		11	13.5	5.76	
6014	ほくぼう温泉		岡山県	34.907780404851025	133.62834176745002	1988	13.8	mg/kg		100	8.3	8.4	0.8		1.4	16.5	32.9	
6015	中祥温泉		岡山県	34.622500571283275	133.81778034437679	1988	12.2	mg/kg		120	11	8.5	3.7		10.3	15.3	33.6	
6016	龍徳山温泉		岡山県	34.83222748525612	134.13512899025707	1988	22	mg/kg		190	50.5	3.3	0.3		15.3	8.6	97.8	
6017	西方寺温泉		岡山県	34.57389071758538	133.9770679861248	1988	14.7	mg/kg		120	19.1	12.4	2.3		19.5	23	54.9	
6018	百々温泉		岡山県	35.173481126792446	134.0386256237073	1988	21.2	mg/kg		90	23.9	6.8	0.1		5	9.9	42.7	
6019	稲荷山温泉		岡山県	34.705571008857554	133.832178266623	1988	14.7	mg/kg		120	19.8	26.3	2.7		26.6	7.4	82.3	
6020	日淳温泉		岡山県	34.78916797211678	134.09667133204036	1988	17.5	mg/kg		180	26.6	20.3	1.1		7.8	4.9	120.2	
6021	白菊温泉		岡山県	34.77277688670641	133.54916215854254	1988	16.6	mg/kg		240	36.8	25.5	2.8		7.1	10.3	170.01	
6022	新本温泉		岡山県	34.66778216540005	133.62901922129487	1988	16	mg/kg		130	50.8	2	0.1		16.3	8.2	36.5	
6023	稲荷山温泉	第二泉源	岡山県	34.705656398888394	133.8317468225155	1988	19.2	mg/kg		260	18.8	27.3	2.5		7.5	8.1	122	
6024	大福温泉		岡山県	34.62305749574452	133.87583865551753	1988	28	mg/kg		20340	4530	1800	506		11200	704	299	
6025	下湯原温泉		岡山県	35.18652604310243	133.7352336642443	1989	38.4	mg/kg		230	64.4	0.3	0.1		42.6	23	39.7	
6026	郷緑温泉	No.1	岡山県	35.17902196454143	133.71641118786138	1989	34.2	mg/kg		120	31.3	0.5	0.2		8.9	29.3	6.1	
6027	真賀温泉		岡山県	35.13748781470438	133.71584482331073	1989	39.2	mg/kg		130	36.8	0.1	0.1		16.7	17.3		
6028	瀬戸大橋温泉		岡山県	34.64193922017975	133.83248134229703	1989	30	mg/kg		1180	384.5	56.6	0.3		682	8.2	24.4	
6029	長船温泉		岡山県	34.7251307992567	134.10429183540657	1989	24.6	mg/kg		1160	284.5	110.3	0.2		646.7	10.8	12.2	
6030	都温泉		岡山県	34.88638898299477	133.9033331135156	1989	17.1	mg/kg		130	12	18.6	1.1		4.3	19.3	58.6	
6031	(真庭市)	(中和村吉田)	岡山県	35.277501225485736	133.78806152107475	1989	27.3	mg/kg		160	38	6.3	0.2		10	3.3	86.1	
6032	瀬戸由加温泉		岡山県	34.50166382251184	133.84832138779547	1989	17.9	mg/kg		190	20	12.9	2.5		9.9	13.2	94.6	
6033	いなり光温泉		岡山県	34.70527550813928	133.8322119878835	1989	16.3	mg/kg		220	27.6	25.2	3.2		32.7	18.3	85.4	
6034	男山温泉		岡山県	35.10360904519075	133.9333261651651	1989	15.7	mg/kg		790	220	0.6	0.3		13.1	55.2	408.8	
6035	吉川温泉	吉川温泉1	岡山県	34.812498442606	133.73666042133522	1990	18.4	mg/kg		140	43.5	0.9			12.1	1.8	67.7	
6036	吉川温泉	吉川温泉2	岡山県	34.81249686388242	133.73665421229373	1990	18.8	mg/kg		140	43.8	0.9			12.1	2	68.3	
6037	夢二温泉		岡山県	34.697222456542086	134.0222238392172	1990	26.6	mg/kg		210	71.5	0.6			32	2	46.4	
6038	湯免温泉		岡山県	34.88765123619499	134.0585059138817	1990	17.3	mg/kg		170	43	13.2			14.9	15.5	87.8	
6039	(岡山市)	ロイヤルリゾート開発セトウチ	岡山県	34.58639320724681	134.09918359831175	1990	25.5	mg/kg		130	35.2	10.4			9.9	3	92.7	
6040	蒜山高原温泉		岡山県	35.254723281833705	133.62583803999766	1991	27.6	mg/kg		70	20	5.6			7.8	10	34.2	
6041	かみさいばら温泉		岡山県	35.27787873505605	133.9218345574849	1991	31.4	mg/kg		100	38	1			8.5	6.5	46.4	
6042	神郷温泉		岡山県	35.07971561791483	133.34507971819576	1991	27.9	mg/kg		600	188	9.6	2.6		65.3	8.5	402.6	
6043	桃太郎温泉		岡山県	34.735383301945085	133.89712113133766	1991	18.6	mg/kg		180	62	12.4			45.4		68.3	
6044	新見千屋温泉		岡山県	35.16843380722637	133.41096443686078	1991	27.2	mg/kg		300	118.8	1.6			7.1	1.5	253.8	
6045	蒜山八束温泉		岡山県	35.29805504971083	133.7252741523837	1991	31.2	mg/kg		820	312.5	17.6	1		6.4	20	829.6	
6046	空港リゾート温泉		岡山県	34.76052139777313	133.86994226942338	1992	15.4	mg/kg		130	10.1	30.8	1.5		5.7	3.5	119.6	
6047	(真庭市)	足ボーリング泉	岡山県	35.14284912984198	133.7181171224421	1992	35.2	mg/kg		110	35	2			9.9	21	35.4	
6048	能登香温泉		岡山県	35.076857115330114	134.243156704859	1992	25	mg/kg		270	64.5	34.4			81.5	2	129.3	
6049	ナイス大原温泉		岡山県	35.07638929715512	134.26944587599186	1992	38	mg/kg		14780	1120	2280			5396	450	12.2	
6050	遥照山温泉		岡山県	34.57238517115656	133.61182407603067	1992	22.1	mg/kg		70	8	8	0.7		14.9		25.6	
6051	湯の口温泉		岡山県	35.219719150830855	133.91915688307972	1992	30	mg/kg		70	20	4.8			7.1	6	46.4	
6052	神郷カントリークラブ温泉		岡山県	35.08739129853979	133.34942122122735	1992	25.2	mg/kg		260	58	25.6	1.4		20	170.8		
6053	和気鵜飼谷温泉		岡山県	34.81242050669419	134.14450014575124	1993	39.5	mg/kg		400	152	2.2	0.3		195	1.5	6.7	
6054	(奥津町)	美人湯	岡山県	35.22250097795834	133.9191712078853	1994	39.3	mg/kg		90	29	2.4	0.7		9.9	4	52.4	
6055	竜ノ口温泉		岡山県	34.7276947041966	133.98510056593742	1994	38.8	mg/kg		350	120	12			166.9	0.7	40.3	
6056	小森湯所温泉		岡山県	34.91586795978294	133.8025913200387	1994	20.8	mg/kg		120	35	8.2			19.2	5	61	
6057	鴨方ラジウム温泉		岡山県	34.55500009579671	133.60027824570085	1994	18.4	mg/kg		130	17	24.4	2.2		12.8	12	90.3	
6058	遥南療養温泉		岡山県	34.55527821705723	133.60083427537194	1994	19	mg/kg		150	17	24.4	2.7		12.8	16	87.8	
6059	新八幡温泉	新八幡温泉(2)	岡山県	34.86277611167133	133.904159965306	1994	26.3	mg/kg		190	69	10			63.9	6	63.4	
6060	弓削の原温泉		岡山県	34.92277700622623	133.95582908452639	1995	31.3	mg/kg		130	13.2	19.2	4.6		14.9	32.5	53.7	
6061	宮本武蔵温泉		岡山県	35.0954858243106	134.32565851609587	1995	30	mg/kg		1560	410	81.3			728	12	24.4	
6062	月の原温泉		岡山県	34.85444172548443	133.68138138283197	1995	23.3	mg/kg		150	58.4	1.6			14.9	3.2	87.8	
6063	東吉備高原温泉		岡山県	34.87222381283215	134.13250699463688	1995	15.4	mg/kg		60	6	7.2	0.5				31.7	
6064	香花温泉		岡山県	35.01465345765088	133.9341033047441	1996	41.3	mg/kg		660	201	30.8			326.6	20	45.1	
6065	湯原温泉	湯原元湯	岡山県	35.204999669293905	133.73222199717068	1998	48.5	mg/kg		174	42.9	1.8			17.3	7	27.5	
6066	湯原温泉	旧翠明荘泉	岡山県	35.202499071893506	133.73082980861113	1986	49	mg/kg	9.18	166	39.3	2	1.2		21.2	9.5	25.7	
6067	湯原温泉	旧藤井泉源	岡山県	35.20500051017295	133.73222310469941	1998	48.9	mg/kg	9.09	174	42.9	1.8			17.3	7	27.5	
6068	湯原温泉	旧瀬良泉源	岡山県	35.20500183826088	133.73222905995758	1998	48.5	mg/kg	8.86	176	43.1	1.5			17.5	7.2	36.6	
6069	湯原温泉	温泉館下泉	岡山県	35.202272952131736	133.73065330687868	1986	50.1	mg/kg	9.23	193	39.3	1.6	0.7		20.8	11.1	19.4	
6070	岡山桃太郎温泉		岡山県	34.72777005220803	133.98530951633506	1996	40.5	mg/kg	9.3	360		11.6			184.6	1.5	31.7	
6071	岩井温泉	花屋	鳥取県	35.554997176206754	134.3619334611456	1951	47	mg/kg	7.4	1253	139.4	175.4	26.2	4.4	99.64	668.2	123.1	23.233
6072	岩井温泉		鳥取県	35.554725835997225	134.36168097570499	1951	30.5	mg/kg	7.4	1191	95.5	177.9	23.6	1.2	134.04	563	122	9.847
6073	岩井温泉	岩井屋	鳥取県	35.555279461760435	134.3627835820218	1951	50	mg/kg	7.4	199.4	169.7	218.9	89.6	2.4	131.2	1164.5	102.9	24.387
6074	岩井温泉	共同浴場	鳥取県	35.555278348657374	134.36222214812722	1951	50	mg/kg	7.4	1389.6	204.4	173.9	22.54	1	130.2	733.54	115.3	33.541
6075	岩井温泉		鳥取県	35.556109612828834	134.35860622240065	1951	35	mg/kg	7.4	1336.2	183.8	175.4	22.1	1.28	111.53	726.55	114	19.54
6076	岩井温泉	かみの湯	鳥取県	35.55499874077258	134.36332859106764	1951	48	mg/kg	7.4	1489.5	195.7	177.6	20.44	0.84	121.63	750.5	168.65	30.387
6077	岩井温泉	下の湯	鳥取県	35.556668748240305	134.358895492594	1951	35	mg/kg	7.4		202.6	84.7	22.54	1.22	116.34	697.8	114	16.309
6078	岩井温泉	明石屋	鳥取県	35.55500090626929	134.36222440229042	1955	46.9	mg/kg	7.6	1612.5	198.323	325.72	6.989	1.2	177.3	903.15	109.8	35.003
6079	岩井温泉	花屋別館	鳥取県	35.555002365843684	134.36250863952472	1956	42.5	mg/kg	7.4	1348	127.486	265.365	12.56	0.57	141.84	711.865	78.69	38.157
6080	岩井温泉	長者寮	鳥取県	35.55611070849333	134.3627760982617	1965	44.5	mg/kg	7.4	2016	282.9	271.4	7.508	1.267	177.5	1013	62.42	39.878
6081	鳥取温泉	一の湯	鳥取県	35.494444669374126	134.23222530563956	1951	50	mg/kg	7	451.3	1695.9	124.38	19.82	7.14	1761.2	1617.4	120.2	35.157
6082	鳥取温泉	高砂温泉1号	鳥取県	35.49361210695267	134.2355605303604	1951	59	mg/kg	7	4725	1761.1	137.75	16.89	1.12	1673.5	175.4	124.5	27.618
6083	鳥取温泉	白兎荘	鳥取県	35.49389009213133	134.2327815684547	1951	49	mg/kg	7	4965	1891.3	129.21	17.28	2	1409.6	2339.8	182.9	35.08
6084	鳥取温泉	観光ホテル2号	鳥取県	35.49222541930977	134.23306972087477	1951	55	mg/kg	7.4	3984	1772.1	76	13.2	6.65	1409.8	1885.3	64.6	34.08
6085	鳥取温泉	湯の弥	鳥取県	35.49277811682541	134.23361125863175	1951	51	mg/kg	7.2	4769	1454.8	99.78	15.99	10.3	1145.8	1791.4	170.3	42.004
6086	鳥取温泉	永楽ホテル	鳥取県	35.49194492050228	134.23278215271793	1951	54	mg/kg	7.3		1379	54.6	8.73	44.4	1066.1	1676.4	99.8	35.311
6087	鳥取温泉	日本交通	鳥取県	35.49416755649988	134.23194608660077	1951	52	mg/kg	7.3		1567.13	121.1	13.5	6.89	1541.8	1436.2	172.5	29.695
6088	鳥取温泉	宝温泉	鳥取県	35.49166856446693	134.23528581663277	1951	39.5	mg/kg	7.2	3986	1208.4	140.13	19.8	14.36	1145.3	1641.4	168.2	42.158
6089	鳥取温泉	白砂荘	鳥取県	35.49277498266305	134.230822175945	1951	49	mg/kg	7.3		1581.5	128.25	10.64	5.9	1499.7	1653	97	74.314
6090	鳥取温泉	観光温泉	鳥取県	35.493612151871666	134.2316702867624	1951	60	mg/kg	7.3		1457.3	137.75	16.89	1.12	1673.9	1750.4	124.5	27.618
6091	鳥取温泉	観光ホテル	鳥取県	35.493331045989486	134.23110364683774	1951	53.5	mg/kg	7.1	4725	1457.2	137.75	16.89	1.1	1673.9	1754	124.5	27.618
6092	鳥取温泉	元湯(旧)	鳥取県	35.49389007203271	134.23333779257695	1951	52	mg/kg	7.2	4507	1581.5	128.25	10.64	5.9	1499.7	1653	97	74.314
6093	鳥取温泉	鳥取ホテル	鳥取県	35.49305595120763	134.23194340909282	1955	58.2	mg/kg	7.2	4575	1154.42	258.576	17.91	1.85	1028.34	1590.12	189.5	184.632
6094	鳥取温泉	小銭屋2号	鳥取県	35.49221402687789	134.2316376350918	1955	49.5	mg/kg	7.1	3960	1388.48	108.6	9.756	1.493	1028.34	1297.08	77.165	80.777
6095	鳥取温泉	久松閣2号	鳥取県	35.4933342095935	134.2355603564821	1956	47.5	mg/kg	7.1	4396.3	1274.132	161.075	13.106	0.35	922.88	1565.75	251.943	14.021
6096	鳥取温泉	新温泉	鳥取県	35.494442852344115	134.23138479544528	1956	47.3	mg/kg	7	4844	1412.7	173.62	12.86	0.18	1040.7	1592.1	556.48	54.866
6097	鳥取温泉	農協連寮	鳥取県	21.847807027636854	82.62365604658856	1957	45.6	mg/kg	7.7	4738	1398	152.6	23.17	0.179	1024	1652	540.8	94.393
6098	鳥取温泉	高砂旅館	鳥取県	35.49305850591893	134.23389799465198	1957	44.9	mg/kg	7.1	1352	424.2	27.19	7.258	0.347	244.2	423.7	329.6	37.196
6099	鳥取温泉	農業共済連	鳥取県	35.49333261528217	134.22999796409835	1957	47.8	mg/kg	7.1	4681	1363	142.3	45.03	0.845	993.5	1656	518.2	101.471
6100	鳥取温泉		鳥取県	35.49277717730403	134.23221828777187	1958	59	mg/kg	7	4210	1299	129.2	25.94	0.609	906.5	1444	472.9	72.983
6101	鳥取温泉	古南の湯	鳥取県	35.49360913759103	134.23054965455813	1958	48	mg/kg	7.4	4552	1340	141.3	39.64	0.85	1018	1607	491.2	97.932
6102	鳥取温泉	川戸旅館	鳥取県	35.49472327411967	134.22917257845745	1958	22	mg/kg	7.1	3907	1088	125.8	47.16	2.179	849.4	1305	543.5	39.796
6103	鳥取温泉	井崎医院	鳥取県	35.494719804290945	134.23332530694736	1958	47.2	mg/kg	6.9	4698	1288	141.2	45.32	1.284	1001	1585	569.6	37.334
6104	鳥取温泉		鳥取県	35.49472542498021	134.2350136866373	1958	39	mg/kg	6.9	3575	1040	118.9	35.56	0.83	709.8	1246	566.6	46.697
6105	鳥取温泉	県立中央病院	鳥取県	35.49194339528232	134.23388748043664	1959	47.1	mg/kg	7.1	1790	562.2	36.9	5.75	0.387	343.5	465	399.3	40.804
6106	鳥取温泉	中央病院看護婦宿舎	鳥取県	35.49138904534059	134.23388871909424	1960	39.5	mg/kg	7.3	1047.3	362.2	7.936	0.953	0.181	169	264.9	294.1	46.45
6107	鳥取温泉	椎茸会館	鳥取県	35.48972334600408	134.2266719707862	1961	26	mg/kg	7	2936.3	789	123.5	26.63	0.642	751.3	794.5	383.4	40.404
6108	鳥取温泉	丸茂	鳥取県	35.4924998535649	134.2311113612259	1964	51	mg/kg	7	4451	1362	126.3	17.43	0.526	1009	1529	521.3	75.007
6109	鳥取温泉	寿山荘	鳥取県	35.4936092994655	134.23416069768592	1964	28.9	mg/kg	7.5	870.55	263.4	9.588	1.662	0.135	130.5	204.5	279.3	50.628
6110	鳥取温泉	小銭屋3号	鳥取県	35.492498093604645	134.23193740541302	1965	57.8	mg/kg	6.9	4592	1357	137.7	14.6	0.42	999.1	1585	429.3	58.873
6111	鳥取温泉	木島温泉	鳥取県	35.49361016686575	134.23499594283825	1951	51	mg/kg	7.1		1618.7	116.64	17.58	6.4	1499.7	1685	172.8	27.079
6112	吉岡温泉	中の湯(前)	鳥取県	35.483332851045375	134.127776715822	1955	39.5	mg/kg	7.4	433.3	110.283		0.153	0.18	86.552	127.976	106.4	72.314
6113	吉岡温泉	株湯	鳥取県	35.48305220799967	134.12823115471176	1964	49	mg/kg	7.7	400.8	91.01	18.7	0.502	0.105	67.5	88.31	100.8	37.603
6114	吉岡温泉	中の湯	鳥取県	35.483331276223815	134.12832670562204	1964	45.5	mg/kg	7.7	402.9	91.72	19.59	0.831	0.167	70.15	99.58	87.5	32.803
6115	吉岡温泉	共同浴場	鳥取県	35.48388578979855	134.12915565646563	1964	38	mg/kg	7.7	516.5	113.2	26.98	0.778	0.089	90.25	129.8	88.48	36.903
6116	浜村温泉	浜の屋1号	鳥取県	35.50981527025832	134.05190362963404	1951	61.5	mg/kg	7.2	1685	494	278.8	13.92	2.01	873.9	522.6	114.9	64.544
6117	浜村温泉	浜の屋2号	鳥取県	35.50986528689314	134.05191592303828	1951	58	mg/kg	7.3	1896	483	272.3	11.3	0.88	947.7	479.4	98	34.311
6118	浜村温泉	浜の屋3号	鳥取県	35.509841347689246	134.05182946838676	1951	64.5	mg/kg	7.2	2000	582	265.2	7.23	0.68	1005.4	475.7	96.5	65.544
6119	浜村温泉	浜の屋4号	鳥取県	35.50982218400567	134.05195387046513	1951	61.5	mg/kg	7.4	334.6	91.3	53.6	1.94	0.8	168.5	39.9	98.4	68.327
6120	浜村温泉	日野医院	鳥取県	35.50999945760814	134.05284425123662	1954	57	mg/kg	7.2	2670	696.27	296.29	5.35	1.04	983.12	691.25	158.7	
6121	浜村温泉		鳥取県	35.50805428755759	134.05193663615262	1951	69	mg/kg	7.5	1897	461.9	273.6	15.9	1.2	895.1	475.3	43	45.543
6122	浜村温泉	睦荘1号	鳥取県	35.510290516495736	134.0535522574902	1951	39.5	mg/kg	7.5		565.4	220.9	10.7	1.8	947.9	409.8	121.3	66.391
6123	浜村温泉	睦荘2号	鳥取県	35.5100914573633	134.05306102638943	1951	61	mg/kg	7.3	889.9	279.6	85	10.4	0.8	400.14	197.5	114.9	4.539
6124	浜村温泉	小谷旅館1号	鳥取県	35.51063098091416	134.05147130291633	1951	51	mg/kg	7.7	2401	581.9	302.1	0.98	0.72	905.56	670.8	942	30.157
6125	浜村温泉	新泉の湯	鳥取県	35.51055674936916	134.05222304702704	1951	48.5	mg/kg	7.7	1159	405	144.8	12.07	1.2	674.5	252.7	110.4	42.235
6126	浜村温泉	鈴木旅館	鳥取県	35.5114564683415	134.0552614295976	1951	52	mg/kg	7.6	1544	368.7	272.8	12.07	2.4	808.16	467.2	54.8	29.541
6127	浜村温泉	日本交通(旧徳安寮)	鳥取県	35.50999842396174	134.05138472884286	1951	50	mg/kg	7.4		552.6	296.3	9.2	1.28	1179.4	117.4	90.7	30.695
6128	浜村温泉	たばこや2号	鳥取県	35.510473179773626	134.0538168956253	1951	38	mg/kg	7.6	1443	309.8	143.7	1.25	1.62	368.55	458.27	107.4	40.234
6129	浜村温泉	たばこや3号	鳥取県	35.510478990616065	134.05386759686743	1951	64	mg/kg	7.4	1468	540.5	257.2	9.8	1.08	937.17	486.8	61	33.465
6130	浜村温泉	浜の家5号	鳥取県	35.50984667276578	134.0517480940612	1951	40	mg/kg	7.4	1983	593.5	296.777	7.49	0.896	1006.7	399.82	267.93	
6131	浜村温泉	葦の湯1号	鳥取県	35.508613283827984	134.04722867929246	1951	41	mg/kg	7.2	1863	399.39	235.62	0.935	1.936	953.8	287.73	153.52	68.929
6132	浜村温泉	永田旅館	鳥取県	35.51055937833139	134.0527898444492	1962	46.5	mg/kg	7.7	1292	250.7	128.8	3.932	0.38	300.2	435.6	57.36	39.804
6133	浜村温泉	国鉄	鳥取県	35.50889115860613	134.0522300106578	1956	52.5	mg/kg	7.4	1368.6	247.9	151.932	18.467	0.63	297.864	518.49	45.14	65.66
6134	鹿野温泉	湯鼻の湯	鳥取県	35.47249929086555	134.04916430030437	1956	42.5	mg/kg	7.7	710	307.255	50.001	3.167	0.54	232.618	42.88	533.419	80.777
6135	鹿野温泉	走出の湯	鳥取県	35.47166835257167	134.0513944131506	1956	61.7	mg/kg	7.5	887.5	312.25	46.947	13.045	0.844	361.51	184.89	220.889	51.466
6136	鹿野温泉	安久の湯	鳥取県	35.47222371758035	134.05056394256874	1956	60.8	mg/kg	7.6	891.2	267.25	20.472	4.554	0.06	528.7	113.9	93.43	58.759
6137	鹿野温泉	東西波の湯	鳥取県	35.46833488060874	134.0519513040579	1958	55	mg/kg	7.6	876.1	275	26.39	1.721	0.107	323.5	120.2	178.7	48.197
6138	鹿野温泉	上六反田の湯	鳥取県	35.467499891596816	134.05055596218324	1962	57	mg/kg	7.6	749.4	215.7	25.7	0.59	0.107	263.3	103.3	76.94	56.305
6139	鹿野温泉	中筋1号	鳥取県	35.465832109315166	134.05082985867782	1964	67.5	mg/kg	7.9	944.5	271.6	24.89	1.039	0.19	346.1	120.6	87.33	50.405
6140	東郷温泉	共同浴場	鳥取県	35.46931222423667	133.89951298602583	1951	48	mg/kg	7	1981	665	130.62	16.45	6.2	1153.9	189.7	77.8	37.003
6141	東郷温泉		鳥取県	35.46916084549426	133.901633528887	1951	45	mg/kg	7.4	1522	501.5	92.62	13.68	1.7	798.9	166.3	102.01	32.772
6142	東郷温泉	東郷湖畔共同組合	鳥取県	35.46946178288841	133.89822371326198	1951	53	mg/kg	7.2	2302	601.2	127.6	10.94	2.5	986.4	243.6	64.07	44.85
6143	東郷温泉	河本旅館1号	鳥取県	35.46852459622613	133.90117212730064	1951	53	mg/kg	7.3	1996	548.1	140.9	0.82	3	918.6	199.4	76.95	45.85
6144	東郷温泉		鳥取県	35.46971983706195	133.9005490135151	1951	50	mg/kg	7.2	2224	488.1	159.13	2.36	2.5	838.9	224.3	57.83	49.081
6145	東郷温泉		鳥取県	35.46879367946178	133.90084086888908	1951	52	mg/kg	7.3	2121	528.8	130.62	2.86	2.5	879.6	186.7	84.6	41.696
6146	東郷温泉		鳥取県	35.469106043717325	133.90170119739045	1951	41.5	mg/kg	7.3	1406	527	64.1	3.12	3.65	796.5	163.88	83.3	45.619
6147	東郷温泉	鶴の湯1号	鳥取県	35.46985349614372	133.9012589345004	1951	44	mg/kg	7	1846	551.8	114	11.7	4.1	996.3	166.8	86.8	34.542
6148	東郷温泉	谷水旅館(新)	鳥取県	35.46896962231422	133.90038000395967	1951	66	mg/kg	7.4	1138	663.2	130.62	16.41	0.94	1049.8	241.6	158.4	32.849
6149	東郷温泉	寿湯	鳥取県	35.46973891525109	133.9023709487583	1951	49	mg/kg	7	1927	479.9	126.86	5.68	2.5	865.4	193.5	90.64	66.314
6150	東郷温泉	沢の湯1号	鳥取県	35.46914192701106	133.90097197148822	1951	54.5	mg/kg	7.4	1472	473.8	166.8	15.8	3.65	859.8	199.6	149.4	28.31
6151	東郷温泉		鳥取県	35.46861176943293	133.89833529006162	1951	43.5	mg/kg	7.2	2080	591.2	147.7	15.19	4.5	1085.84	154.2	79.1	42.158
6152	東郷温泉	養生館1号	鳥取県	35.468564429536315	133.89382749758414	1951	49	mg/kg	7.6	1450	670.9	49.87	17.01	0.4	996.2	147.7	193.04	51.928
6153	東郷温泉	松の家2号	鳥取県	35.469251190715525	133.9011235946354	1951	49	mg/kg	7	2107	643.32	175.3	13.86	0.584	1208.4	401.27	61.72	72.699
6154	東郷温泉	養生館4号	鳥取県	35.46888776712303	133.89332879375715	1955	55	mg/kg	7.2	1420	482.284	107.502	3.233	1.9	723.93	211.37	164.7	42.312
6155	東郷温泉	忠成館	鳥取県	35.467499592971606	133.89944316940432	1955	50.5	mg/kg	7.2	2201.7	529.652	292.863	4.775	2.706	808.433	436.19	435.241	1.769
6156	東郷温泉	鶴の湯2号	鳥取県	35.46978018506926	133.90127881349082	1955	53.5	mg/kg	7.2	2252	682.803	300.801	6.457	2.678	916.989	530.12	559.04	80.777
6157	東郷温泉		鳥取県	35.46999740725102	133.90221310696765	1956	46	mg/kg	7.1	1430	440.06	92.73	4.956	2.3	463.5	492.1	100.99	43.189
6158	東郷温泉	谷水露天湯	鳥取県	35.46892909629651	133.90035117383857	1956	50	mg/kg	7.1	1372	365.3	108.8	0.903	0.39	527.8	305.7	67.1	53.997
6159	東郷温泉	水明荘	鳥取県	35.46972020583082	133.8991832725239	1957	50.5	mg/kg	7.1	2126	474.8	177.6	33.57	0.374	821.9	424.6	68.04	74.938
6160	東郷温泉	田津美荘	鳥取県	35.46839818115422	133.89935816416116	1958	41	mg/kg	7.6	1230	327.9	77.31	10.03	0.369	435.8	282.9	87.87	35.134
6161	東郷温泉	田津美荘	鳥取県	35.46860996437275	133.9008289753249	1958	46	mg/kg	7.2	1445	351.3	94.41	6.243	0.074	512.1	284.8	65.9	59.536
6162	東郷温泉	養生館3号	鳥取県	35.468443243286494	133.89383474933925	1958	51	mg/kg	7.2	1521	368.1	116.2	3.436	0.163	575.9	248.6	80.85	38.857
6163	東郷温泉	足立の湯	鳥取県	35.47033521746304	133.90254736451166	1958	48.2	mg/kg	6.9	2105	494.8	150	15.75	1.831	791.7	395.2	63.45	60.875
6164	東郷温泉	一藤2号	鳥取県	35.468396900960606	133.90063374037626	1958	66.2	mg/kg	7.9	2267	513.2	159.7	16.65	0.094	808.2	405.3	81.7	93.701
6165	東郷温泉	松の家1号	鳥取県	35.46930269526727	133.90104196222018	1959	53.8	mg/kg	7	1849	472.9	114.3	13.47	0.217	715.7	338	69.56	77.776
6166	東郷温泉	湖南荘	鳥取県	35.46817080437327	133.89909313327334	1959	36.9	mg/kg	7	1488	338.7	77.8	6.837	0.852	482.2	241.6	78.71	53.305
6167	東郷温泉	養生館5号	鳥取県	35.468887575716714	133.89332838785407	1961	68	mg/kg	7.4	1593.6	411.4	91.42	1.149	0.963	596	270.6	31.7	77.238
6168	東郷温泉	湯浅1号	鳥取県	35.46853892957289	133.89955245929724	1962	60	mg/kg	6.9	2238.5	501.2	188	15.58	2.635	751.6	526.9	86.46	114.933
6169	東郷温泉	浮美荘	鳥取県	35.47110974150272	133.90310600977872	1962	45	mg/kg	7.1	2035.3	487.5	181.8	14.6	1	742.1	504.8	71.39	119.626
6170	東郷温泉	片岡共浴	鳥取県	35.47008972694657	133.90213867949257	1963	50.5	mg/kg	7.1		507.8	145.2	4.381	0.101	786.4	355.9	61.43	40.619
6171	東郷温泉	千成旅館	鳥取県	35.46857050741093	133.9010553917568	1963	47.2	mg/kg	7	1604	407.3	110.7	3.65	0.029	582.2	313.8	76.49	36.803
6172	東郷温泉	沢の湯2号	鳥取県	35.46913771065382	133.90092023501117	1963	61	mg/kg	6.8	1998	491.5	144.9	4.137	0.298	769	351.1	57.21	70.706
6173	東郷温泉	湖月の湯	鳥取県	35.470829378094685	133.90304304155015	1963	46.8	mg/kg	7.4	1980	469.3	150.3	6.933	0.522	734.7	373.6	63.84	24.725
6174	東郷温泉	東(1)	鳥取県	35.469043466374615	133.8994749755111	1963	48.9	mg/kg	7.4	1991	478.8	157.1	5.946	0.826	746.3	392.2	66.25	54.705
6175	東郷温泉	松の家3号	鳥取県	35.46938338240635	133.90128876870273	1964	65.4	mg/kg	7.1	2102	533.8	147.4	3.392	0.184	812.3	360.1	75.28	89.623
6176	東郷温泉	一藤3号	鳥取県	35.46833378503457	133.90055819334788	1964	84	mg/kg	7.5	2208	505.7	148.8	2.969	0.102	806.6	344.2	61.5	63.506
6177	東郷温泉	鶴の湯3号	鳥取県	35.469723538384926	133.90139509476435	1964	71.1	mg/kg	7.4	2103	502.7	146.8	2.711	0.106	796	345.5	60.83	91.547
6178	東郷温泉	老人ホーム	鳥取県	35.469444339927165	133.897222949015	1964	53.6	mg/kg	7.4	1355	463.2	145.7	2.711	0.233	744.6	322.9	68.05	57.205
6179	東郷温泉	竜頭島	鳥取県	35.469445549978246	133.8955621040774	1965	46.1	mg/kg	7.3	1410	391.7	70.61	2.707	0.149	526.2	241.5	93.78	38.408
6180	羽合温泉		鳥取県	35.47791971077563	133.88710862664078	1951	57	mg/kg	7.4	1654	550.8	66.45	22.87	13.9	852.24	248.8	107.95	40.227
6181	羽合温泉	望湖楼	鳥取県	35.47722136591165	133.8849978002853	1951	63	mg/kg	7.4		637.99	108.93	15.948	1.68	914.54	289.6	168	
6182	羽合温泉		鳥取県	35.47788038919549	133.88720496223746		56	mg/kg	7.4		593.6	115.86	15.27	28.6	893.84	369.4	89	46.15
6183	羽合温泉		鳥取県	35.47666379248609	133.88387726774116	1951	47	mg/kg	7.4		496.18	99.63	10.39	16.9	799.72	228.99	129	42.158
6184	羽合温泉		鳥取県	35.47749801873223	133.88360337247323	1951	45	mg/kg	7.4		447.78	101.35	10.9	28.5	742.9	228.99	74.2	40.696
6185	羽合温泉	湖中泉	鳥取県	35.477373401536774	133.89097415564814	1958	73	mg/kg	7.4	2184	492	155.9	15.55	0.219	792	393.3	76.7	60.398
6186	羽合温泉		鳥取県	35.47638897692134	133.8836118317765	1962	51	mg/kg	7.4	1533.2	396.3	91.16	22.76	0.645	590.3	262.9	98.85	80.007
6187	関金温泉	温清楼家族湯	鳥取県	35.363333610350146	133.76361359703182	1951	42	mg/kg	7.7	486	102.2	8.66		0.174	102	87.7	68.3	59.928
6188	関金温泉	温清楼上の湯	鳥取県	35.36355278988084	133.7636486238349	1951	40	mg/kg	7.7	495	144.9	10.66		0.285	109	98.7	96.4	67.914
6189	関金温泉	大橋旅館1号	鳥取県	35.363887061056715	133.7627716617838	1951	43	mg/kg	7.5	562	166.4	7.98		0.249	134.3	117.9	97.6	53.42
6190	関金温泉	鳥飼旅館亀の湯	鳥取県	35.36387976567604	133.76330188539413		45	mg/kg	7.5	475	129.4	9.56		0.366	100.6	103.1	88.9	49.043
6191	関金温泉	関の湯	鳥取県	35.3633318403834	133.76416108261066	1957	51.1	mg/kg	7.9	542.6	154.8	13.4	2.784	0.122	120.5	116.4	116.1	56.428
6192	関金温泉	温清楼露天風呂	鳥取県	35.36333696522593	133.76418246912806	1957	44.9	mg/kg	7.9	537.2	152.1	14.13	2.78	0.088	118.5	112.9	118.9	53.797
6193	関金温泉	長門旅館	鳥取県	35.363607781108286	133.7630441440059	1958	48.8	mg/kg	7.9	682.1	181.8	11.21	1.721	0.185	143	148.3	128.2	64.275
6194	関金温泉	青年研修所	鳥取県	35.36500416215712	133.76168262693042	1961	45	mg/kg	7.9	597.25	151	21.22	1.183	0.081	123.4	149.5	88.78	66.021
6195	関金温泉		鳥取県	35.364722239281335	133.76111236203153	1963	43.1	mg/kg	7.9	528.4	136.7	13.05	0.699	0.478	118.1	106.7	96.59	40.658
6196	三朝温泉	中屋2号	鳥取県	35.409837935002656	133.8945004138909	1949	64	mg/kg	7	1051	317.6	19.48	0.477	0.658	373.5	81.6	202.1	54.39
6197	三朝温泉	大橋旅館岩窟の湯	鳥取県	35.41170313629777	133.89097591290079	1951	70	mg/kg	6.9	1555	439.7	37.07	0.298	0.161	617.6	135.6	174.4	114.472
6198	三朝温泉	清流荘(地の恵)	鳥取県	35.411521229379225	133.8918197506141	1951	61	mg/kg		1547	445.3	41.14	4.56	0.401	622.7	120	167.3	84.623
6199	三朝温泉	清流荘(かじか)	鳥取県	35.41163309660018	133.89184482687358	1951	69	mg/kg	7	1524	443.4	36.13	3.156	0.149	604.2	132	178.4	87.239
6200	三朝温泉	有楽(地蔵)	鳥取県	35.40804524318365	133.89622150594954	1951	63	mg/kg	7	1134	342.1	24.17	1.733	0.159	423.5	84	265.6	48.389
6201	三朝温泉	桶屋	鳥取県	35.41202298341445	133.89123002464623	1951	69	mg/kg	6.9	1912	566.3	49.06	1.66	0.178	777.7	150	194.6	105.856
6202	三朝温泉	木屋本館	鳥取県	35.41029113020036	133.89434669381754	1951	71.5	mg/kg	7	1171	361.1	23.79	1.733	0.189	428.8	81.6	217.2	58.082
6203	三朝温泉	花屋	鳥取県	35.409014346666844	133.89602064498578	1952	73	mg/kg	7	1039	274.64	23.63	6.116	0.255	336.3	82.6	207.69	162.63
6204	三朝温泉	中屋1号	鳥取県	35.409787969340066	133.89448773689855	1952	60	mg/kg	7	1007	287.3	34.78	8.737	0.255	360.8	82.6	242.05	128.165
6205	三朝温泉	中湯	鳥取県	35.409926144986294	133.89469228039155	1952	52	mg/kg	7.2	755	192.69	26.65	7.208	0.159	262	46.3	156.16	218.635
6206	三朝温泉	山田共浴	鳥取県	35.41212719428244	133.89157120450253		65	mg/kg	6.4	1137	267.86	37.85	3.058	0.44	402.7	98	93.7	203.557
6207	三朝温泉	御船薬局	鳥取県	35.41012047122369	133.8943830602542	1952	68	mg/kg	6.9	1137	336.55	24.16	3.058	0.26	402.6	84.5	249.86	176.631
6208	三朝温泉	国立三朝病院2号	鳥取県	35.413113726332334	133.88260481222758	1952	36	mg/kg	7.5	867	160.75	20.41	3.495	0.6	172.7	86.6	156.16	113.087
6209	三朝温泉	国立三朝病院3号	鳥取県	35.41330145157294	133.88331803333082	1952	52.5	mg/kg	6.7	1175	536.88	41.2	7.527	0.23	671.4	101.9	374.78	174.477
6210	三朝温泉	岡山大温研2号	鳥取県	35.4084532213657	133.89420741398877	1952	62	mg/kg	7.1	1037	282.26	21.17	1.092	0.19	326.3	71	220.19	159.399
6211	三朝温泉	赤崎屋	鳥取県	35.40847103309701	133.89416141468655	1952	64	mg/kg	7.1	1137	438.51	25.49	1.966	0.23	552	86.4	249.86	159.399
6212	三朝温泉	みささ館月見の湯	鳥取県	35.41231544706945	133.89007751720436	1952	65	mg/kg	6.8	1940	572.92	62.06	9.829	0.56	854.2	158.8	187.39	246.33
6213	三朝温泉	岩崎(川向こう)	鳥取県	35.410276721418946	133.89416270492256	1952	52	mg/kg	7.5	946	263.34	21.36	4.764	0.672	322.4	61.5	201.45	130.319
6214	三朝温泉	西藤館3号	鳥取県	35.41036744356431	133.89393534698794	1952	56	mg/kg	7	1158	251.61	33.46	5.242	0.37	321	74.8	203.01	105.548
6215	三朝温泉	三澗荘1号	鳥取県	35.412644256339306	133.88832993597472	1952	50	mg/kg	6.9		455.89	34.02	5.461	0.26	595.7	101.9	249.86	165.861
6216	三朝温泉	西藤館1号	鳥取県	35.41034228439921	133.89399527382122	1952	58	mg/kg	6.9	953	251.04	22.87	7.527	0.21	324	74.8	178.02	138.936
6217	三朝温泉	橋津屋	鳥取県	35.41007138916033	133.8947338171528	1952	65	mg/kg	6.9	1034	260.02	25.89	13.76	0.364	334.5	74.8	225.43	114.164
6218	三朝温泉	ヒスイの湯1号	鳥取県	35.41230188821364	133.8917896378145	1952	44	mg/kg	6.6	799.9	244.86	17.96	8.3	0.25	309.2	78.7	171.78	119.549
6219	三朝温泉	本油屋1号	鳥取県	35.409469249101335	133.8940897578922		51.5	mg/kg	7	949	227.26	20.42	6.334	0.28	269.7	55.7	203.1	
6220	三朝温泉	本油屋2号	鳥取県	35.409451309190544	133.89422033571543	1952	53	mg/kg	7.1	910	199.57	18.52	9.392	0.23	241.6	46.3	193.64	68.929
6221	三朝温泉	石湯	鳥取県	35.41201653200338	133.89182721921784	1952	46.4	mg/kg	6.4	1338	364.83	21.92	5.679	0.45	476.2	94.2	187.32	114.164
6222	三朝温泉	岩湯本館	鳥取県	35.409811317679946	133.89416263225127	1952	46.5	mg/kg	7.2	1317	196.42	31	14.2	0.3	269.7	51	193.64	70.006
6223	三朝温泉	中国屋	鳥取県	35.40854424197923	133.89389259212447	1952	67	mg/kg	7.3	1510	345.48	27.03	5.898	0.21	421	86.4	257.66	96.932
6224	三朝温泉	本御茶屋	鳥取県	35.40966072373591	133.89494323070602	1952	51.5	mg/kg	7.1	895	210.37	15.12	7.863	0.25	249.9	61.5	187.39	114.164
6225	三朝温泉	株湯1号	鳥取県	35.407795886383255	133.8978448074958	1952	45	mg/kg	7.1	549	201.53	16.64	14.2	0.3	204.8	78.7	257.66	78.662
6226	三朝温泉	木屋(地蔵)	鳥取県	35.41022435173411	133.8943143934354	1952	67.5	mg/kg	7.1	1125	332.61	22.87	15.29	0.36	423.9	82.6	225.43	166.938
6227	三朝温泉	福屋(地蔵)	鳥取県	35.40859728356935	133.89374083680107	1952	52	mg/kg	6.9	1532	272.24	20.41	7.208	0.23	338.6	71.1	200.82	95.701
6228	三朝温泉	浩養園	鳥取県	35.41196030872367	133.89075337805392	1952	62	mg/kg	6.6	1822	551.8	30.05	5.46	0.18	751.2	138.2	200.8	155.091
6229	三朝温泉	木屋(地蔵)旧斉木本館	鳥取県	35.410264368867836	133.89428754161352	1952	71.5	mg/kg	7.3	1148	348.71	17.6	4.8	0.45	408.2	89.3	249.86	82.931
6230	三朝温泉	泉屋(地蔵)	鳥取県	35.40849318122705	133.89407708331225	1952	59	mg/kg	7.1	1128	323.6	20.79	4.589	0.67	396.4	84.5	218.62	93.701
6231	三朝温泉	国立三朝病院1号	鳥取県	35.41328455758806	133.88301014908436	1952	45	mg/kg	7.1	1400	415.6	26.08	8.74	0.65	477.2	111.4	340.43	82.931
6232	三朝温泉	河原の湯	鳥取県	35.410184999830875	133.89425845529055	1952	50	mg/kg	6.9	758	245.06	17.01	4.96	0.36	283.2	74.8	190.8	86.162
6233	三朝温泉	みささ館鶴亀湯	鳥取県	35.412638711050384	133.88965320399842	1952	53	mg/kg	7	1900	570.43	27.97	6.33	0.18	777.7	145.7	195.2	206.788
6234	三朝温泉	岩崎(地下)	鳥取県	35.41104735414104	133.89455945465733	1952	53.5	mg/kg	7.3	534	150.17	7.56	7.52	0.19	162.7	42.6	153.88	80.469
6235	三朝温泉	一陽荘	鳥取県	35.412487413269275	133.89013875893005	1952	50	mg/kg	6.6	813	369.03	10.58	2.84	0.23	544.2	98	32.3	88.316
6236	三朝温泉	岩湯(離れ)	鳥取県	35.40985421531476	133.89417030683728	1952	50	mg/kg	7	1351	222.93	14.74	8.3	0.25	271.4	51	181.15	156.168
6237	三朝温泉	万翠楼岩風呂	鳥取県	35.41166559725857	133.89305095952318	1952	50	mg/kg	7.4	676	157.79	6.42	3.71	0.18	172.7	48.1	131.12	68.929
6238	三朝温泉	木屋別館	鳥取県	35.41023664259975	133.89422638441667	1952	50	mg/kg	7.3	1155	300.56	45.36	7.2	0.28	415.2	71	207.69	
6239	三朝温泉	三澗荘2号	鳥取県	35.412667510733606	133.88826036961015	1952	52.5	mg/kg	6.9	1517	329.06	43.47	3.5	0.37	544.7	101.9	23.64	145.398
6240	三朝温泉	御茶屋	鳥取県	35.40969458428676	133.8948536795713	1952	64.5	mg/kg	7.1	870	216.24	31.54	3.7	0.25	278.4	55.7	184.27	72.16
6241	三朝温泉	神泉寮鷺の湯	鳥取県	35.41192649730099	133.89122607120945	1952	42	mg/kg	6.2	1589	459.14	42.71	4.8	0.249	665.7	113.4	163.97	162.63
6242	三朝温泉	国立三朝病院5号	鳥取県	35.413114585854544	133.88327208645282	1952	60	mg/kg	6.8	1861	551.23	26.65	4.6	0.274	667.2	187.1	296.7	183.093
6243	三朝温泉		鳥取県	35.4083414791473	133.89834527320437	1955	40	mg/kg	7.7	857.5	296.8	28.21	2.107	0.6	248.2	52.84	396.5	26.926
6244	三朝温泉	岩崎(露天)	鳥取県	35.41098973844051	133.89474525461256	1955	50.5	mg/kg	7.1	344	124.72	30.115	0.125	0.1	125.3	81.668	109.8	74.391
6245	三朝温泉	渓泉閣	鳥取県	35.412799342123414	133.88878652898958	1956	45	mg/kg	6.8	906.2	305.435	20.222	2.968	0.11	365.207	108.324	145.835	62.644
6246	三朝温泉	清流荘3号	鳥取県	35.41161569510832	133.89196110374155	1956	40	mg/kg	6.6	785.2	248.8	20.72	0.903	0.26	310.7	90.04	117.7	56.113
6247	三朝温泉	みささ館3号	鳥取県	35.41252481937629	133.88998783116315	1957	61.5	mg/kg	6.4	1685	555.9	28.46	3.286	0.47	695.2	159.5	205.7	111.164
6248	三朝温泉	大橋旅館和泉の湯	鳥取県	35.41187046952873	133.89047830849836	1957	45.8	mg/kg	7.2	1961	544.2	49.65	13.22	0.567	770.1	171	170	124.011
6249	三朝温泉	後楽	鳥取県	35.40984484259641	133.89247230635777	1957	51	mg/kg	7.2	986.2	303.8	28.99	7.379	0.12	367.3	117.2	178.6	73.568
6250	三朝温泉	田中の湯	鳥取県	35.413074107990646	133.88461198239338	1957	49	mg/kg	7.4	775	227.1	19.66	7.986	0.086	273.4	60.95	186.3	48.355
6251	三朝温泉	岩崎(山の湯)	鳥取県	35.4110611000378	133.89475911070977	1957	50.5	mg/kg	7.4	480	124.6	23.23	10.64	0.041	145.8	57.35	146.4	30.28
6252	三朝温泉	グランドホテル	鳥取県	35.413052934983746	133.89276670207278	1958	60.8	mg/kg	6.9	1175	308.8	34.23	16.29	0.236	401.5	109.6	211.9	87.854
6253	三朝温泉	岩湯(別館)	鳥取県	35.40980926151364	133.89426764930477	1958	47.1	mg/kg	7.2	477	112	31.06	3.691	0.098	146.3	57.54	124.4	23.11
6254	三朝温泉	明治荘鶴の湯	鳥取県	35.40959173342444	133.89441970586262	1958	56.1	mg/kg	7	663.5	164.1	29.88	3.641	0.091	205.7	60.28	153.5	32.288
6255	三朝温泉	明治荘亀の湯	鳥取県	35.4096766110891	133.89448290340647	1958	45	mg/kg	7.2	867.1	226.2	34.76	4.347	0.078	271.7	86.17	200.9	35.903
6256	三朝温泉	三朝温泉会館	鳥取県	35.410554012714286	133.89582488818672	1960	44.3	mg/kg	7.3	367.1	75.34	21.37	1.763	0.13	82.17	43.95	94.21	29.303
6257	三朝温泉	永楽庵	鳥取県	35.40916929138342	133.89424772034667	1962	46.6	mg/kg	7	561.2	146.3	22.08	2.915	0.051	173.7	50.31	129	51.355
6258	三朝温泉	万翠楼(湯谷)	鳥取県	35.41221908345229	133.89360018584554	1962	51.2	mg/kg	7.3	887.5	224.1	26.53	4.609	0.239	299.6	64.73	132.6	61.706
6259	三朝温泉	明治荘岩の湯	鳥取県	35.40966649982013	133.89455848260266	1963	40.5	mg/kg	7.9	742.4	226.1	22.65	2.043	0.587	210.8	68.62	264.5	37.126
6260	三朝温泉	町有源泉1号	鳥取県	35.41252511629896	133.8886998512812	1964	71	mg/kg	7.2	1113	303.7	31.12	7.627	0.262	394.3	91.23	195.1	77.622
6261	三朝温泉	斉木別館1号	鳥取県	35.413611738678085	133.89055802522233	1964	64.5	mg/kg	6.8	1846	501.9	56.5	2.188	0.556	713.4	134.7	226.7	99.855
6262	皆生温泉	皆生温泉観光(株)6号	鳥取県	35.4580606696459	133.36307382160763	1951	73.5	mg/kg	7.4	9110	2318	1221	26.8	0.273	5511	524	39	82.084
6263	皆生温泉	皆生温泉観光(株)8号	鳥取県	35.45805498394169	133.3636070935235	1955	85.2	mg/kg	7.4	13135	2735.798	2001.14	32.86	0.46	7340.22	720.6	36.6	96.701
6264	皆生温泉	皆生温泉観光(株)4号	鳥取県	35.458886156296096	133.36276780106948	1957	71	mg/kg	7.1	9648	2568	1044	15.99	0.27	5424	549.7	103.7	80.93
6265	皆生温泉	皆生温泉観光(株)10号	鳥取県	35.45805469148105	133.36249537976235	1957	83	mg/kg	7.2	10230	2685	1108	12.64	0.29	5747	510.1	79.3	111.01
6266	皆生温泉	皆生温泉観光(株)12号	鳥取県	35.45750173395173	133.3647286624004	1963	75.5	mg/kg	7.2	10594	2157	1379	54.46	0.221	5602	595.8	44.57	84.392
6267	皆生温泉	皆生温泉観光(株)16号	鳥取県	35.45777625830962	133.36582637065925	1963	74.4	mg/kg	7.3	9939	1848	1441	45.51	0.212	5244	525.1	36.13	68.806
6268	皆生温泉	皆生温泉観光(株)18号	鳥取県	35.45777977978938	133.36306214795312	1963	85	mg/kg	7.3	9642	1963	1428	50.96	0.096	5432	486.5	43.02	74.107
6269	皆生温泉	皆生温泉観光(株)20号	鳥取県	35.45694588483969	133.35944990373193	1965	72.9	mg/kg	7.5	10522	2173	1299	84.37	0.233	5603	595.8	46.93	73.984
6270	皆生温泉	東光園	鳥取県	35.457224111355956	133.36500685204194	1965	35.8	mg/kg	8.3	603	183.7	2.268	1.577	0.133	220.2	52.08	86.65	37.202
6271	岩井温泉	第二源泉	鳥取県	35.55500230128986	134.3619529501699	1987		mg/kg		1514	219.5	201.4	12.7		131.4	757.8	65.3	
6272	鳥取温泉	吉村	鳥取県	35.4936119356085	134.2341701626042	1957		mg/kg		1352	424.2	27.19	7.258		244.2	423.7	329.6	
6273	鳥取温泉	田中外科内科	鳥取県	35.493056082194535	134.23416573732382	1951		mg/kg		4769	1545.8	99.78	15.99		1145.8	1791.4	170.3	
6274	鳥取温泉	元湯1号線	鳥取県	35.49388876632082	134.233055368291	1951		mg/kg		4507	1581.5	128.25	10.64			1653	97	
6275	鳥取温泉	久松閣	鳥取県	35.493058302233734	134.23584101339188	1974		mg/kg		4132	1272	125.3	21.57		847.6	1531	508.7	
6276	鳥取温泉	井崎医院	鳥取県	35.494441527404035	134.23332405999102	1958		mg/kg		4698	1288	141.2	45.32		1585	569.6		
6277	鳥取温泉	ホープスター鳥取	鳥取県	35.492222074622596	134.2313891514761	1969		mg/kg		3703	1159	114	13.6		876.4	1216	420.3	
6278	鳥取温泉	中国電力鳥取壮	鳥取県	35.49277814119693	134.23055567195158	1996		mg/kg		3740	1107	124.7	14.6		814.3	1238	441.8	
6279	鳥取温泉	ホテルモナーク 鳥取	鳥取県	35.49388668247881	134.23054726387087	1980		mg/kg		4033	1198	122.1	20.5		854.2	1306	517.2	
6280	鳥取温泉	日乃丸温泉	鳥取県	35.49527686493229	134.23166243834282	1996		mg/kg		4275	1365	133.4	15.2		951.8	1522	515.7	
6281	鳥取温泉	対翠閣	鳥取県	35.489722678228745	134.22639132481555	1961		mg/kg		2936.3	789	123.5	26.63		751.3	794.5	383.4	
6282	鳥取温泉	ナカヤ実業	鳥取県	35.49277815712748	134.23111132679287	1988		mg/kg		4305	1262	131	19.3		959.3	1404	432.5	
6283	吉岡温泉	妙見口	鳥取県	35.48250135309094	134.12833801749397	1967		mg/kg		394.7	100.7	10.55	0.227		63.73	78.19	106.1	
6284	吉岡温泉	宮町	鳥取県	35.483053218680446	134.1285996393012	1967		mg/kg		493.6	121.7	18.73	0.302		86.3	112.2	107.1	
6285	吉岡温泉		鳥取県	35.49817093080878	134.13421141606383	1990		mg/kg		542	132.6	29.6	0.5		110	129.5	88.6	
6286	浜村温泉		鳥取県	35.51037688177108	134.05356302822432	1951		mg/kg			271.7	220.9	10.7		947.9	409.8	121.3	
6287	浜村温泉	旧たばこや2号線	鳥取県	35.51029772653938	134.05384691787674	1990		mg/kg		214	51.1	19.7	0.8		80.8	28.5	106.9	
6288	浜村温泉	旧たばこや3号線	鳥取県	35.510446819167896	134.053885662292	1952		mg/kg		1468	540.05	257.2	9.8		937.17	486.8	61	
6289	浜村温泉	旧たばこや5号線	鳥取県	35.51039167110822	134.0538501476007	1990		mg/kg		875	220.2	54.8	1.5		195.1	281.7	79.4	
6290	浜村温泉	旧たばこや6号線	鳥取県	35.51054330890591	134.0538617561804	1990		mg/kg										
6291	浜村温泉	集中管理1号線	鳥取県	35.510144064916794	134.0526750789126	1969		mg/kg		2618	711.2	156.7	10.36		1021	520.9	76.44	
6292	浜村温泉	斉藤医院	鳥取県	35.51008684208249	134.05229130488803	1954		mg/kg		2670	696.27	296.29	5.35		983.12	691.25	158.7	
6293	浜村温泉	浜村共浴温泉	鳥取県	35.50975089627244	134.05293387896776	1969		mg/kg		1228	276.7	98.79	1.698		271.8	444.6	58.53	
6294	浜村温泉	旧鈴木旅館	鳥取県	35.51139311577566	134.0551425616363	1990		mg/kg		1082	260.2	68.3	3		227	406.7	64.1	
6295	浜村温泉	浜乃家1号泉	鳥取県	35.50980382619641	134.05209761804193	1951		mg/kg		1685	494	2788	13.92		873.9	522.6	114.9	
6296	浜村温泉	浜乃家2号泉	鳥取県	35.50980959572399	134.05228366211688	1951		mg/kg		1471	358.5	98.7	3.585		371.6	480.1	60.69	
6297	浜村温泉	浜乃家3号泉	鳥取県	35.50980177836962	134.05216293526297	1991		mg/kg		727	164.1	58.2	2.1		131.3	226.2	861	
6298	浜村温泉	講社の湯	鳥取県	35.508613834748004	134.05084343720446	1952		mg/kg		1125		91.39			233.7	358.2		
6299	浜村温泉	大阪健康保険組合	鳥取県	35.509165181050584	134.05360433386727	1977		mg/kg		1370	209.8	71.21	3.132		196.4	289.7	87.72	
6300	浜村温泉	葦の渇	鳥取県	35.50833471484341	134.0472284152543	1990		mg/kg		1727	266.2	157.6	0.7		280.2	568.3	22.9	
6301	浜村温泉	ビューホテル2号泉	鳥取県	35.510736216062966	134.05146335103805	1966		mg/kg			409.2	128.1	5.534		500.5	494.4	58.4	
6302	鹿野温泉	中筋2号泉	鳥取県	35.46472499596055	134.05029027817835	1969		mg/kg		985.4	294.2	24.86	0.637		372.3	125.3	87.14	
6303	鹿野温泉	中筋3号泉	鳥取県	35.46471973214037	134.0502701744219	1983		mg/kg		969.5	294	24.4	1.7		360.6	132	79.3	
6304	鹿野温泉	上六反田	鳥取県	35.46777726766436	134.05055304147433	1962		mg/kg		749.4	215.7	25.7	0.59		263.3	103.3	76.94	
6305	鹿野温泉	安久2号泉	鳥取県	35.47166462033879	134.05027025626416	1985		mg/kg		640	192	15.3	1.4		225.9	73.8	81.4	
6306	鹿野温泉	樋の詰	鳥取県	35.46916671101292	134.05027684976798	1991		mg/kg		798.5	205.1	19.3	0.1		266.1	103.1	80.9	
6307	鹿野温泉	寺の上	鳥取県	35.46749590918352	134.05248352118664	1994		mg/kg		841	240.1	23.2	0.1		304.1	108.5	85.4	
6308	羽合温泉	管理組合2号泉(旧3号)	鳥取県	35.47764949300046	133.8856973749312	1987		mg/kg		1475	404.6	80.9	5.1		558.8	203	98.8	
6309	羽合温泉	管理組合3号泉(旧6号)	鳥取県	35.47785214434143	133.8871316395593	1987		mg/kg		1077	297.9	38	3.9		377.2	143	109.4	
6310	羽合温泉	管理組合4号泉(旧7号)	鳥取県	35.47638875171862	133.8833325460517	1987		mg/kg		1594	383.8	125.7	6.8		611.1	196.7	129	
6311	羽合温泉	管理組合5号泉(旧8号)	鳥取県	35.4766695030721	133.8838978487183	1992		mg/kg		1413	446.7	56.4	1		553.4	235.3	90	
6312	羽合温泉	温泉公社2号泉	鳥取県	35.48277976790807	133.8808406397083	1993		mg/kg		1558	462.8	86.3	2.4		631.5	289.2	68.7	
6313	羽合温泉	開発事業団	鳥取県	35.476390988361246	133.88334076297505	1987		mg/kg		1667	411.5	127	5.9		630.7	232.9	135.1	
6314	羽合温泉	羽衣	鳥取県	35.47638784593581	133.88332901012663	1987		mg/kg		1410	388.4	73.6	5.1		527.7	201	98.2	
6315	東郷温泉	東郷湖中泉2号泉	鳥取県	35.46888923739566	133.89333421933458	1991		mg/kg		1507	437.6	70.8	1.1		563.9	238.6	90	
6316	東郷温泉	養生館6号泉	鳥取県	35.468887398084	133.89332796105157	1990		mg/kg		555.6	166	16.4	0.2		131.4	103.4	152.6	
6317	東郷温泉		鳥取県	35.468752201471005	133.90086904122566	1951		mg/kg		2121	528.8	130.62	2.86		879.6	186.7	84.6	
6318	東郷温泉	吉井歯科	鳥取県	35.47013125954682	133.90167174968687	1951		mg/kg		1826.8		144.61			667.9	392.4	63.46	
6319	東郷温泉	消費生活(協)	鳥取県	35.469607459588325	133.9016677958461	1952		mg/kg		1981	665	130.62	16.45		1153.9	189.7	77.8	
6320	東郷温泉	松の家(玄関)	鳥取県	35.46930808892767	133.90121888346883	1991		mg/kg		903.6	240.4	44.1	2		266.1	213.8	93.1	
6321	東郷温泉	松の家(百合)	鳥取県	35.46920839714907	133.90112032423627	1959		mg/kg		1849	472.9	114.3	13.47		715.7	338	69.56	
6322	東郷温泉	松の家(新館)	鳥取県	35.46934701577323	133.90113166681752	1991		mg/kg		2124	532.7	130.6	0.8		758.6	417.3	65.6	
6323	東郷温泉	土井医院	鳥取県	35.468173401649665	133.89708826946506	1952		mg/kg		1230	327.9	77.31	10.03		512.1	284.8	65.9	
6324	東郷温泉	水明荘	鳥取県	35.469726819212575	133.89888096131673	1990		mg/kg		1307	342	88.1	1.1		429.5	343.5	67.1	
6325	東郷温泉	湖畔共浴	鳥取県	35.469407158972764	133.8982626693339	1952		mg/kg		2302	601.2	127.6	10.94		986.4	243.6	64.07	
6326	東郷温泉	集中管理1号泉	鳥取県	35.46999891770034	133.90110795082134	1990		mg/kg		1935	487.5	129	0.7		723.3	364	70.2	
6327	東郷温泉	集中管理2号泉	鳥取県	35.46930303009805	133.89891059419685	1990		mg/kg		2214	524.9	173.3	0.4		808.2	443.9	53.4	
6328	東郷温泉	集中管理3号泉	鳥取県	35.46898883206324	133.8993211759889	1992		mg/kg		2071	550	148	0.7		762.1	416.5	58	
6329	東郷温泉	集中管理4号泉	鳥取県	35.46916555642731	133.89555052640938	1990		mg/kg		1720	443.8	93	0.9		641.7	287.5	76.3	
6330	三朝温泉	大瀬共浴1号泉	鳥取県	35.40805868250037	133.8669527476378	1964		mg/kg		977.7	293.1	13.18	1.558		315.8	118.4	187.9	
6331	三朝温泉	大瀬共浴2号泉	鳥取県	35.40805513449413	133.866939908933	1973		mg/kg		727	204.6	8.739	0.645		224.4	89.57	167.5	
6332	三朝温泉	大橋岩窟上	鳥取県	35.41171914691592	133.89087955124026	1988		mg/kg		1373	402.9	35.3	6.1		568.2	108.3	158.7	
6333	三朝温泉	大橋岩窟中下	鳥取県	35.41175144483895	133.89079179744166	1988		mg/kg		1459	416.1	35.5	6.7		585.3	113.5	161.6	
6334	三朝温泉	大橋河原	鳥取県	35.41180074146784	133.8906902684236	1952		mg/kg		674	189.7	25	2.5		230.6	56.5	137.4	
6335	三朝温泉	岩崎川向	鳥取県	35.410274583252104	133.8941540456972	1991		mg/kg		913	282.7	23.4	1.9		330	75.1	172.5	
6336	三朝温泉	岩崎山の湯	鳥取県	35.41112690539866	133.89456902819543	1969		mg/kg		570	167	29	6.1		190.7	56.9	150.2	
6337	三朝温泉	岩崎地下	鳥取県	35.41104427256187	133.89467127591348	1952		mg/kg		534	50.17	7.56	7.52		162.7	42.6	153.88	
6338	三朝温泉	斉木別館2号泉	鳥取県	35.4135671399673	133.89066524126247	1966		mg/kg		1848	556.9	51.79	7.222		778.3	155.4	220	
6339	三朝温泉	万翠桜4号(湯谷)	鳥取県	35.411943395903435	133.89305353686257	1969		mg/kg		485	134.5	25.3	5.8		146.2	55.4	132.6	
6340	三朝温泉	万翠桜岩風呂	鳥取県	35.41173642114642	133.89298675655996	1990		mg/kg		596	164.2	29	5.9		184.4	40.8	180.2	
6341	三朝温泉	国立三朝温泉病院1号	鳥取県	35.41357982353196	133.8831524403206	1980		mg/kg		991	316.9	22.3	4.1		295.8	78.4	291.7	
6342	三朝温泉	国立三朝温泉病院2号	鳥取県	35.41347540712932	133.88276086422724	1980		mg/kg		626	207.8	11.7	1.9		117.9	67.9	285	
6343	三朝温泉	国立三朝温泉病院6号	鳥取県	35.41344454632157	133.88335502541113	1980		mg/kg		1390	416.9	31.3	14.1		481	148.4	245	
6344	三朝温泉	三朝館新	鳥取県	35.41252020726298	133.88986561006382	1957		mg/kg		1685	555.9	28.46	3.286		695.2	159.5	205.7	
6345	三朝温泉	三朝館つるかめ	鳥取県	35.41249920341138	133.88971886129906	1952		mg/kg		1900	570.43	27.97	6.33		777.7	145.7	195.2	
6346	三朝温泉	三朝館月見	鳥取県	35.41226426227686	133.89012023184225	1967		mg/kg		1311	385.3	30.56	2.721		531.6	106	116.7	
6347	三朝温泉	みささ館(旧一陽荘)	鳥取県	35.412413232023084	133.89002356849537	1990		mg/kg		1097	307.7	31.6	3.4		421.8	87.6	136.6	
6348	三朝温泉	三朝町4号泉	鳥取県	35.413892738840985	133.88695828595473	1966		mg/kg		1075	329.4	27.91	4.433		401.2	91.46	212.7	
6349	三朝温泉	三朝町6号泉	鳥取県	35.4138905527172	133.88583978588008	1970		mg/kg		1772	551.8	55.35	3.782		710.5	147.9	262.9	
6350	三朝温泉	渓泉悶 (旧三潤荘)	鳥取県	35.412776785171246	133.88888453009488	1993		mg/kg		998.5	232.8	16.5	1.8		262.6	66.1	173.5	
6351	三朝温泉	岩湯家族風呂	鳥取県	35.409842455283844	133.89424104725913	1952		mg/kg		1317	196.42	31	14.2		269.7	51	193.64	
6352	三朝温泉	岩湯別館	鳥取県	35.410553826262586	133.8924916955469	1952		mg/kg		477	112	31.06	3.691		146.3	57.54	124.4	
6353	三朝温泉	岩湯離れ	鳥取県	35.40986634521724	133.89408283168066	1952		mg/kg		1351	222.93	14.74	8.3		271.4	51	181.15	
6354	三朝温泉	株湯2号	鳥取県	35.40785117223047	133.89805644621538	1966		mg/kg		753.8	236.4	19.13	1.793		215.6	96.5	234.6	
6355	三朝温泉	明治荘地下(鶴ノ湯)	鳥取県	35.40958941794292	133.89448318341405	1992		mg/kg		787.6	257.1	20.3	1.9		279.6	72.3	178.6	
6356	三朝温泉	後楽	鳥取県	35.40986501456242	133.892579377395	1991		mg/kg		1004	299.6	33.7	3.2		370.7	91.4	169.4	
6357	三朝温泉	河原共浴	鳥取県	35.410633979905924	133.89311361172295	1952		mg/kg		893.3	274.5	24.39	2.581		348.6	41.46	159.5	
6358	三朝温泉	河原の湯	鳥取県	35.41062717898678	133.89306762663924	1952		mg/kg		758	245.06	17.01	4.96		283.2	74.8	190.8	
6359	三朝温泉	永楽庵	鳥取県	35.409129319400414	133.89421890495464	1992		mg/kg		639.8	192.8	18.1	1.5		211.2	55.1	157.3	
6360	三朝温泉	福屋	鳥取県	35.408647661836824	133.8937291803198	1952		mg/kg		1532	272.24	20.41	7.208		338.6	71.1	200.82	
6361	三朝温泉	白兎	鳥取県	35.408541321212425	133.89397164124188	1952		mg/kg		1169	357	29.6	1.174		435.5	98.49	206.7	
6362	三朝温泉	中屋	鳥取県	35.40983748251244	133.89452757871808	1992		mg/kg		721.6	226.2	20.4	1.8		259.7	62.9	160.3	
6363	三朝温泉	中屋動力	鳥取県	35.40979533537558	133.89452606490593	1992		mg/kg		1060	340.7	25.2	2		380.9	91.1	217.7	
6364	三朝温泉	泉屋	鳥取県	35.40854973729031	133.8940963302758	1952		mg/kg		1128	323.6	20.79	4.589		396.4	84.5	218.62	
6365	三朝温泉	油屋A	鳥取県	35.40950322574484	133.89421624117804	1952		mg/kg		949	227.26	20.42	0.334		269.7	55.7	203.01	
6366	三朝温泉	油屋B	鳥取県	35.40942006779363	133.89416842208044	1969		mg/kg		609	210.8	14.3	1.4		207.5	47.2	165.9	
6367	三朝温泉	橋津屋	鳥取県	35.41011861622785	133.89471502700033	1992		mg/kg		941.7	300.2	23.7	1.8		337.1	81.2	196.9	
6368	関金温泉	鳥飼露天	鳥取県	35.36360798953005	133.76359933927662	1991		mg/kg		387	103.7	9	0.2		71	67.7	73.3	
6369	関金温泉	町有1号	鳥取県	35.36361454935181	133.76084620575818	1990		mg/kg		449.9	127.6	7.7			90.5	86.1	90.4	
6370	関金温泉	町有4号	鳥取県	35.363887300037874	133.76110565713887	1990		mg/kg		403.5	121.4	10.6	0.5		72.8	67.6	143.6	
6371	関金温泉	町有7号 (川崎)	鳥取県	35.36360878061684	133.76138060039602	1986		mg/kg		681.4	198.9	13.8	2.6		76.7	45	375.7	
6372	関金温泉	町有南	鳥取県	35.363335830351836	133.76362208997668	1969		mg/kg		467	114.8	12.7	0.5		89.3	76.3	100.6	
6373	関金温泉	温清楼露天	鳥取県	35.36333777603894	133.76367528525535	1957		mg/kg		537.2	152.1	14.13	2.78		118.5	112.9	118.9	
6374	関金温泉	温清桜6号泉	鳥取県	35.36327946417129	133.76368188158196	1966		mg/kg		207.3	23.25	33.18	1.258		66.91	40.99	12.67	
6375	皆生温泉	ダイニッカ	鳥取県	35.49520007390896	133.26518845888796	1992		mg/kg		2677	1025	12.1	0.7		1496	11.1	189.1	
6376	湯谷温泉	老人憩の家	鳥取県	35.38388549692132	134.15276567699715	1969		mg/kg		1501	441.6	33.4	4.3		379.6	110.8	544.3	
6377	湯谷温泉		鳥取県	35.38861475272702	134.15334600504764	1984		mg/kg		2553	829.8	53.5	9.4		860.6	92.5	903.7	
6378	(倉吉市)	石井源泉	鳥取県	35.40861371078346	133.7561207099356	1973		mg/kg		1623	206.8	232.9	3.076		184.4	724.6	44.46	
6379	(日吉津村)	日吉津1号泉	鳥取県	35.45472698750138	133.3796361831399	1988		mg/kg		11170	1420	2601	20.2		6250	624.6	16.4	
6380	(伯耆町)	大山ロイヤルホテル1号泉	鳥取県	35.38916480778566	133.4772124828724			mg/kg		398	64.4	22.5	9.6		13.5	14.6	2466	
6381	(鳥取市)	みさき屋	鳥取県	35.52290809158455	134.2162110812693	1991		mg/kg		7373	1842	502.8	231		3901	617.3	197.5	
6382	(鳥取市)	御熊	鳥取県	35.488332866512025	134.09555482769514	1990		mg/kg		206	35.7	15.4	2.5		26.6	5.1	109.8	
6383	大栄温泉		鳥取県	35.47333402682287	133.7361146132997	1995		mg/kg		3800	1206	145.1	14.3		1872	405.9	7.6	
6384	(大山町)	大山レークホテル	鳥取県	35.415561421411496	133.51752027592389	1996		mg/kg		7430	2239	310.8	99.4		2148	1291	2243	
6385	竹内団地温泉		鳥取県	35.51988761265116	133.26022859823811	1995		mg/kg		2580	945.9	33.5	1.3		1457	11.3	88.5	
6386	東郷温泉		鳥取県	35.469445098236015	133.895560620894	1983	82.8	mg/kg	7.52	1.624	422.4	83.8	7.1		618.1	40	68.7	
6387	羽合温泉	羽合温泉1号泉	鳥取県	35.477869891712004	133.88701344584956	1999	52.5		7.7	1543	411.3	113.8	0.6		609.1	221.9	141.7	
6388	羽合温泉	羽合温泉3号泉	鳥取県	35.47694479191872	133.88444700871705	1999	51.5		7.7	953	276.7	39.3	1.4		342.2	115.4	144.2	
6389	羽合温泉	羽合温泉4号泉	鳥取県	35.47665653695248	133.88526069767838	1999	53.2		7.4	1765	442.6	150.5	0.9		705.7	264.1	135.5	
6390	(米子市)	環境プラント源泉	鳥取県	35.45626011009558	133.4343363392393	1999	44.4			245	51.9	17.9	0.1	0.3	72.3	14.1	48.9	
6391	三朝温泉	三朝神泉寮鶴の湯	鳥取県	35.41191786196808	133.89129932438942	1999	82.8		6.8	1796	561.9	49.2	2.6	0.7	806.6	153.4	195.9	
6392	三朝温泉	三朝明治荘亀の湯	鳥取県	35.40963521875906	133.89448992292176	1999	58.5		7.3	837	262.6	24.1	3.7	0.8	303.4	76.1	180.8	
6393	上淀温泉		鳥取県	35.45296296087229	133.4412508415975	2000	34.7		8.4	135	33.6	7.8	0.1		14.8	7.8	64.2	
6394	海潮温泉		島根県	35.325112625183415	133.0015766844862	1956	29.5	mg/kg		595.3	140.5	51.84	15.63		61.32	249.5	19.91	
6395	湯抱温泉		島根県	35.094059996937645	132.5674662447289	1956	20	mg/kg		2217.1	589.5	94.24	24.68		791.9	109.3		
6396	有福温泉		島根県	34.9405551847703	132.20027561045126	1957	38.5	mg/kg		273.8	43.88	5.803	6.067		76.99	20.63	10.91	
6397	湯迫温泉		島根県	35.14118768725926	132.40952900853347	1957	24.5	mg/kg		1866.1	598.1	74.89	24.09		725.5	132	358.7	
6398	三瓶温泉	4号泉	島根県	35.115505142771205	132.62762520617142	1958	39.2	mg/kg	5.6	2272.5	505.8	192.9	58		1015	9.115	598.9	
6399	三瓶温泉	3号泉	島根県	35.11549126869068	132.62772564739765	1958	42	mg/kg	5.4	2468.6	525.6	139.9	6.976		1095	20.6	28.86	
6400	用田湯温泉		島根県	35.1919475427294	132.48983222544382	1957	11.5	mg/kg	6.8	332.9	21.67	46.42	63.11		24.94	70.96		
6401	小屋原温泉		島根県	35.15869900790594	132.59209549564005	1958	38.2	mg/kg	5.8	5497.5	1408	399.3	101.4		2522	264.4	1197	
6402	魚切渓温泉		島根県	34.964247644278494	132.6572712076362	1958	10.8	mg/kg	6	2056.8	455.4	178.7	98.11		510.1	24.47	1346	
6403	湯抱温泉		島根県	35.07555657389935	132.58861306477647	1958	29	mg/kg	5.7	6402.3	1404	214.2	63.77		2747	225.5	1061	
6404	千原温泉		島根県	35.0844393901331	132.6500885696855	1959	34.5	mg/kg	6.6	8906.5	2473	165.5	19.44		3705	286.6	1158	
6405	湯抱温泉		島根県	35.09743702752501	132.56847922497508	1959	28	mg/kg	6	6516.6	1682	223.5	66.31		2808	256.9	1161	
6406	海潮温泉	うしお別荘	島根県	35.32508838836439	133.00148616910906	1959	41.5	mg/kg	7.6	1089.4	266	33.67	3.031		122.4	463.4	12.15	
6407	鷺湯温泉	第3号泉	島根県	35.378889555980464	133.19639085402582	1960	49	mg/kg	7	1587.3	342.1	193.7	6.665		489.2	433.9	14.42	
6408	鷺湯温泉	第5号泉	島根県	35.380530210192376	133.19586106477	1960	59	mg/kg	7.6	1920.9	331.3	196.7	7.875		581.2	497	3.463	
6409	有福温泉		島根県	34.93944583651703	132.20000713112572	1961	48.3	mg/kg	8.63	261.6	71.96	22.01	1.627		70.55	17.05		
6410	川本温泉		島根県	34.991388621972106	132.49888842035446	1961	21	mg/kg	6.4	165.5	22.75	35.88	9.45		19.34		43.84	
6411	川本温泉		島根県	34.96639075427956	132.47264650358994	1961	15.5	mg/kg	6.4	224.3	20.61	21.43	2.959		20.73			
6412	有福温泉		島根県	34.94000237934685	132.2000089663047	1962	38	mg/kg		258.4	52.8	14.54	6.204		69.51	20.96	67.35	
6413	湯村温泉		島根県	35.217498987450774	132.9080530602394	1962	36.5	mg/kg		355.7	95.26	10.82	1.201		68.49	113.1		
6414	大社温泉		島根県	35.393609627478426	132.67610667874334	1963	18	mg/kg		577.8	180.6	12.74	3.452		191.1		130.1	
6415	来待温泉		島根県	35.40792138137507	132.95341587780536	1963	15.9	mg/kg		285.8	91.86	0.858	1.46		18	3.395		
6416	波積本郷温泉		島根県	35.0304972897333	132.32778235690833	1963	25	mg/kg		2957.9	645.1	315.4	82.51		897.2	41.93	1688	
6417	(松江市)	(南田町)	島根県	35.47472428660039	133.06139776310425	1963	16	mg/kg	7	8649.2	1291	174.4	3.803		3908	4.753	1184	
6418	玉造温泉		島根県	35.41578573383283	133.0105189551648	1964	68.5	mg/kg	8.35	1814.7	340.4	98.42	78.59		226.8	928.6		
6419	城山温泉		島根県	35.1988922057326	132.50723383359457	1964	16	mg/kg	6.61	209.85	3.436	8.805	7.108		34.86	17.89		
6420	下谷温泉		島根県	35.02233947612176	132.41990283479632	1964	19.5	mg/kg	6.42	1995.35	11.17	449.9	26.51		50.41	15.04	961.5	
6421	頓原温泉		島根県	35.080836940532755	132.79251538864776	1965	15	mg/kg	6.22	1486	308.5	98.99	42.39		189.9	20.15	943.8	
6422	口羽温泉		島根県	34.86222318605446	132.67194849462868	1965	4	mg/kg	6.5	213.95	10.32	13.4	8.744		15.28	37.08		
6423	三隅温泉		島根県	34.78406806092321	132.03126435339854	1965	10	mg/kg		180.6	12.42	3.474	2.232		19.29	6.325	28.27	
6424	温泉津温泉		島根県	35.07000218197488	132.34806338814306	1968	34.1	mg/kg		4733	1525	346.9	84.59		1616	301.9	2056	
6425	有福温泉		島根県	34.93972271402496	132.2002812582707	1968	35	mg/kg		250.5	76.03	3.36	0.753		60.81	13.52	91.51	
6426	湯ノ平温泉		島根県	35.47361752144593	132.84524612024302	1968	20.5	mg/kg		238	54.81	21.18	0.847		26.9	26.72	122.7	
6427	池田温泉		島根県	35.14419027510673	132.55706844444637	1968	16	mg/kg		5566	1520	236.2	113.5		2679	285.8	1049	
6428	断魚渓温泉		島根県	34.93015080947308	132.47325173826164	1969	16	mg/kg		1587	516.3	148.4	47.8		229.8	35.33	485.7	
6429	打木温泉	上津井温泉	島根県	35.00825702553187	132.30408382437759	1969	15	mg/kg		562.4	124.3	67.68	14.92		170.8	8.712	109.8	
6430	塩ヶ平温泉		島根県	35.1908592593049	132.8205789055184	1969	17.3	mg/kg		4488	1480	2331	52.78		1391	694.8	508.7	
6431	木次温泉		島根県	35.28518574453191	132.90782981707116	1969	13.5	mg/kg		56.54	9.641	3.803	1.361		21.44	1.121	9.671	
6432	平田温泉	口宇賀温泉	島根県	35.43805857249161	132.78528773193753	1969	23.6	mg/kg		148	45	9.04	4.69		15.01	30.6	7.53	
6433	湖陵温泉		島根県	35.31631242401074	132.6744336782502	1969	53	mg/kg		14215	4250	670.08	398.18		7204	1031	11.25	
6434	大田三瓶川ラジウム温泉		島根県	35.170278697792305	132.54381042141128	1969	16.5	mg/kg		5886	1625	252.2	271.2		1967	407.7	1420	
6435	美又温泉		島根県	34.89521548411301	132.23929644731757	1969	40.1	mg/kg		219.2	45	0.94			22.25	14.98	4.482	
6436	加田温泉	赤来温泉	島根県	34.99805538502916	132.71388604168058	1969	13.7	mg/kg		2099	415	201.6	109.6		266	30.7	1712	
6437	加田温泉	来島温泉	島根県	35.050023345133695	132.73490956397927	1969	14.5	mg/kg		3802	850	293.5	138.2		368.5	22.6	3617	
6438	玉造温泉	玉造保性館	島根県	35.41534063209514	133.00952322831117	1970	58.5	mg/kg		1557	297.8	109.8	3.31		188.7	717.7	80.02	
6439	平田温泉		島根県	35.439999723192024	132.7108318298629	1970	25.9	mg/kg		261	44.52	23.51	0.802		27.62	89.01	69.34	
6440	玉造温泉		島根県	35.41579605021063	133.01041639591287	1970	70.5	mg/kg		1804	413.2	110.7	18.93		239.5	836.6	20.3	
6441	布部温泉		島根県	35.303054573621274	133.14832714120436	1970	23.6	mg/kg		173.5	41.32	4.041	1.75		15.81	34.82	112.3	
6442	黒木温泉		島根県	36.10971786280565	133.04026355466496	1971	25.1	mg/kg		411	71.21	51.48	9.161		142.8	18.55	117.5	
6443	比田温泉		島根県	35.250995789051565	133.16143005570515	1971	27.3	mg/kg		138	26.79	11.25	2.018		16.7	17.3	78.96	
6444	立久恵温泉		島根県	35.29402227280694	132.73845374235754	1971	21.8	mg/kg		10134	2760	766.4	40.7		4262	1833	147.1	
6445	酒谷温泉		島根県	35.04802686324537	132.70134936563105	1971	15.2	mg/kg		5069	1460	204.5	70.45		923.2	236.1	2775	
6446	上津井温泉		島根県	35.008329442276846	132.30410669482384	1971	18.8	mg/kg		3638	840	393.7	75.62		1259	161.6	1296	
6447	八雲温泉		島根県	35.373540354715594	133.07258853204388	1972	29.1	mg/kg		1025	148.9	121.9	13.37		82.53	521.5	80.73	
6448	久部温泉		島根県	35.11166560157243	132.61638344833688	1972	32.8	mg/kg		2608	830	81.37	50.41		1248	34.9	594.1	
6449	岩伏温泉		島根県	35.18922413045709	133.17693707786808	1972	23.3	mg/kg	8.9	134.5	40	0.721	0.144		8.099	17.199	45.95	
6450	千原温泉		島根県	35.08439719954453	132.65013143248945	1973	16.5	mg/kg		5319	1741	195.7	83.53		1934	742.6	1992	
6451	松江温泉		島根県	35.46503013714892	133.03896838895383	1973	76.5	mg/kg		2045	524.1	125.3	4.837		515.8	717.3	44.09	
6452	鷺湯温泉		島根県	35.38055720722888	133.19583706985344	1973	51.2	mg/kg		914	149.9	103.2	3.746		295.5	227.8	78.2	
6453	葵温泉		島根県	35.46944490500864	133.05444754806774	1974	22.2	mg/kg		1968	359.4	242.2	28.38		1028	16.04	154	
6454	松北温泉		島根県	35.476663830175426	133.05748791991607	1974	18.6	mg/kg		2596	204.3	442.2	53.52		1149	24.32	119.7	
6455	人麿温泉		島根県	34.98416526928678	132.1922151863888	1974	20.3	mg/kg		323	41.98	28.82	18.39		39.88	32.19	148.2	
6456	八幡温泉		島根県	36.21664065449958	133.33985369074483	1974	24.8	mg/kg		24.59	5511	511.5	769.3		12498	1565	127.3	
6457	岩倉温泉		島根県	35.32166360129142	133.08609862261514	1974	14.5	mg/kg		1298	28.99	277.4	31.33		11.79	651.7	64.45	
6458	海潮温泉		島根県	35.32505612504801	133.00161090546888	1975	49.2	mg/kg		1120	144.9	50.79	2.669		144.8	581.4	97.22	
6459	出雲多伎温泉		島根県	35.279445540285	132.63139497245015	1975	25	mg/kg		2836	678.4	104.5	21.14		736	728.3	158.8	
6460	出雲湯村温泉		島根県	35.217463083962166	132.9080409030456	1975	41.21	mg/kg		387.8	79.97	11.34	1.615		73.04	135.9	29.66	
6461	湯迫温泉		島根県	35.141273729914865	132.40951271279823	1975	29.98	mg/kg		1421	451.4	15.78	4.972		470.1	198.7	291	
6462	須佐温泉		島根県	35.23447514574388	132.7362756317728	1975	17.4	mg/kg		4231	767	225.9	32.8		892.8	1740	216.6	
6463	木田温泉		島根県	34.88614623947823	132.26433478006555	1975	23.6	mg/kg		162	37	2.883	0.35		14.8	14.8	33.47	
6464	新玉造温泉		島根県	35.437454466682546	133.01081547541995	1975	50.3	mg/kg		1971	339.5	174.8	5.241		387.5	850.9	39.19	
6465	新松江温泉		島根県	35.476388961786476	133.05749945470197	1976	18.2	mg/kg		4210	278.9	880.3	24.03		1998	46.37	76.19	
6466	華蔵温泉		島根県	35.28504091612718	132.6526012963654	1976	22.8	mg/kg		1032	239.7	44.44	11.48		298.6	122.2	183.6	
6467	(松江市)	(鹿島町名分)	島根県	35.50890976364258	133.00914998300908	1987	17.2	mg/kg	8.7	380	142	1.8	50	0.2	43.9	1.4	267.8	
6468	ゆのつ元湯温泉		島根県	35.09666879799185	132.35017079020298	1987	49.5	mg/kg	6	7240	1820	560	89.5	3.2	2740	848	208	
6469	有福温泉		島根県	34.94055914860358	132.20056873724678	1989	44.3	mg/kg	9	216	111.5	0.1	0.09	0.3	52		122	
6470	(浜田市)	(瀬戸ヶ島町)	島根県	34.902778936503836	132.06139208905662	1989	18.8	mg/kg	7.2	39730	7680	1124	969	1.6	19200	2430.3	89.4	
6471	海潮温泉		島根県	35.32514855571676	133.00170177488505	1989	39.2	mg/kg	7.9	680	204	8.7	0.8	0.3	75.2	327	91.5	
6472	美又温泉		島根県	34.895215984450914	132.23935295664953	1990	31.1	mg/kg	9.5	157	45	1.7	2	0.1	17.3	14.2	18.3	
6473	(益田市)	(匹見町匹見)	島根県	34.56666307608075	132.02226280084653	1993	20.8	mg/kg	8.1	0.751	210	14.6	3.4	0.1	23.5	0.1	588.7	
6474	(雲南市)	(三刀屋町根波別所)	島根県	35.26194535595851	132.79722778409467	1993	17.8	mg/kg	7.37	0.996	42.9	236.7	11.5	0.4	11.8	506.7	152.4	
6475	(安来市)	(広瀬町東比田1761)	島根県	35.25082952386026	133.1610986013667	1993	27.3	mg/kg	8.6	0.15	30.6	10.2	1		13.4	17	52.5	
6476	(安来市)	(広瀬町東比田1762)	島根県	35.25083399082804	133.16055959740945	1993	24.2	mg/kg	8.37	0.158	24.3	15.1	2.6		14.7	21.1	72.6	
6477	亀嵩温泉		島根県	35.224058476617174	133.08578051341098	1993	22.8	mg/kg	8.55	0.307	87.3	23.4	1.1		33.5	31.5	82.4	
6478	(出雲市)	(湖陵町三部)	島根県	35.31631244786789	132.67454002351613	1993	34.2	mg/kg	8.53	1.409	467.3	16.1	11.2		405	50.7	472	
6479	あさひ温泉		島根県	34.88563190506537	132.26443342099608	1993	27.5	mg/kg	9.7	0.151	49	0.5			15.2	11.1	13.7	
6480	(浜田市)	(広瀬町富田)	島根県	35.35784574358984	133.17727874279603	1993	43	mg/kg	7.84	2.289	558.7	155.8	7.5	0.9	292.3	1000.1	84.1	
6481	湖陵町クアハウス		島根県	35.324036070086606	132.6778282776158	1993	51.5	mg/kg	7.56	14.021	3672.8	781.5	21.3	0.9	6668.5	389.5	147.2	
6482	(出雲市)	(知井宮町)	島根県	35.31663646578492	132.71125705655274	1993	59.8	mg/kg	7.5	7.77	1653.1	106.6	21.4	7.77	1610	3078	359.3	
6483	(美郷町)	(美郷町千原)	島根県	35.08463873744886	132.64979601361566	1993	32.8	mg/kg	6.42	7.558	2479.7	253.5	56.1	10.3	3200	309.3	1789.2	
6484	生湯温泉		島根県	34.927775178673514	132.09193262975904	1993	23.2	mg/kg	7.33	17.437	6359.6	541.8	398.3	6.1	9897.6	1259	111.4	
6485	今田湯屋温泉		島根県	34.856887623096114	132.1703916032198	1993	21.2	mg/kg	8.37	0.131	28.5	9.5	0.04	0.3	12.4	15.3	76.3	
6486	(美郷町)	(美郷町久喜原)	島根県	35.049444315759914	132.51139092243776	1994	15.5	mg/kg	6.32	1.946	487.6	141.1	61.8	3	859.1	66	438.8	
6487	(海士町)	(海士町海士)	島根県	36.10138842966529	133.10666481646737	1995	24.7	mg/kg	8	1.239	169.9	105.9	20	1.1	429.7	8.3	173.8	
6488	(海士町)	(海士町海士)	島根県	36.10138094380525	133.10668088013577	1995	27.3	mg/kg	7.9	1.637	286.7	177.8	32.1	0.2	712.2	9.9	207.2	
6489	松江温泉		島根県	35.467237240379255	133.048001322491	1995	81.5	mg/kg	8.1	2.045	529.2	133.8	0.1	0.06	517.2	723.8	23.8	
6490	(松江市)	(八雲町熊野)	島根県	35.36441914898843	133.07629481937028	1995	44.8	mg/kg	7.7	1.391	217.7	185.3	3.5	0.1	57.2	787.1	36.6	
6491	美又温泉	第4次泉源	島根県	34.89666390989525	132.23915643763638	1996	47.4	mg/kg	9.8	0.231	64	1.3		0.04	20.6	15.2		
6492	池田ラジウム鉱泉	1号泉	島根県	35.14413137750486	132.5570284357265	1996	14	mg/kg	6.2	7.925	2284.7	337.7	139.1	5.1	3476.7	407.3	1442.5	
6493	池田ラジウム泉	2号泉	島根県	35.14410859821817	132.5570721986308	1996	10.7	mg/kg	6.5	8.461	2581.2	362.4	148.9	5.5	3871.7	466.6	1574.9	
6494	池田ラジウム	3号泉	島根県	35.144119844722894	132.55692026445638	1996	15	mg/kg	6.1	8.426	2531.8	357.4	148.9	5.5	3772.8	446.8	1575.1	
6495	池田ラジウム	5号泉	島根県	35.14410591697357	132.55701794712402	1996	11.2	mg/kg	6.7	4.288	1245.6	184.4	74.7	2.7	1993	229.2	754	
6496	池田ラジウム	8号泉	島根県	35.144123614685675	132.55704213570436	1996	11.6	mg/kg	6.2	5.769	1741.5	243.8	104.5	3.8	2686.8	318.4	1080.8	
6497	鷺ノ湯		島根県	35.38048626154223	133.19590447105455	1995	51.6	mg/kg	8.3	1307.7	289.8	149.8	0.8	0.08	388.6	370.6	43.3	
6498	天倫寺温泉		島根県	35.46792040965048	133.03677624526824	2004	63.4	mg/kg	8.3	2080	530	130	0.5		450	730	12.8	
6499	松江しんじ湖温泉		島根県	35.46503986832041	133.03908863679217		76.5	mg/kg			500	130	0.4		500	680	11	
6500	矢野温泉		広島県	34.67138736723308	133.1108276383437		23	mg/kg			27.58	8.817	0.047		9.2	5.226	61.07	
6501	三次温泉		広島県	34.806944849225225	132.836670613979		15.5	mg/kg			17.1	4.1	0.49		11.21	0.8	96.01	
6502	大朝温泉		広島県	34.79057767666787	132.4799495380275		16.5	mg/kg			8.8	5	0.1		5.5	5.9	34.2	
6503	賀茂の里温泉		広島県	34.50349041436781	132.8692749625041		15.4	mg/kg			17.6	17.1	3		14.8	8.6	72	
6504	君田温泉		広島県	34.901071517928884	132.85017654300984		17.9	mg/kg			580.9	226	70.8		405	51	1968	
6505	芸北温泉		広島県	34.72185652052939	132.29718631861869		22.7	mg/kg			28.8	9.1	0.1		4	4.1	63.5	
6506	香遊温泉		広島県	34.61847234112662	133.00491837161348		10.8	mg/kg			12	19	0.6		2.1	4.1	79.3	
6507	西光寺温泉		広島県	34.52777968592818	133.34917321687885		21	mg/kg			80.8	19.7	1.5		148.9	2.8	14.3	
6508	三段峡温泉		広島県	34.59972039389822	132.2086041850036		12.6	mg/kg			8.9	7.6	0.4		6.4	2.2	36.6	
6509	神勝寺温泉		広島県	34.420778796172435	133.30236401802676		18.9	mg/kg			21.9	32.2	4.3		11.2	26.1	129.2	
6510	高尾の湯		広島県	34.999720579972895	133.16582777420734		19.6	mg/kg			12.8	7			7.9	0.5		
6511	田原温泉		広島県	34.73848051761447	132.4301485416655		18.7	mg/kg			20	8.3	0.1		4.6	4.2	37.3	
6512	千代田温泉		広島県	34.66399929827567	132.54721071760335		16.2	mg/kg			17.5	12.1	3.5		14.5	5.4	31	
6513	筒賀温泉		広島県	34.56944268931503	132.26166249999892		23.8	mg/kg			16	6.2	0.04		4.5	8	29	
6514	トルマリン温泉		広島県	34.58343520703822	133.05916868418885		14.3	mg/kg			22.7	4.2	0.2		3.5	8.2	47.6	
6515	東城温泉		広島県	34.92026629474826	133.2634443548623		26.4	mg/kg			206	7.4			230	41.8	22.6	
6516	温井温泉		広島県	34.63756728791891	132.29338435407678		15.8	mg/kg			13	9.4	0.2		5.5	4	41	
6517	比和温泉		広島県	34.98950395016877	132.99497272689723		28.8	mg/kg			413.7	28.1	15.5		211.1	22.8	868.8	
6518	比婆山温泉		広島県	35.02501651882081	133.1181551063274		25.5	mg/kg			35	2.5			22.4	16.7	9.2	
6519	ひばごん郷温泉		広島県	35.050349486341766	133.18734147567864		14	mg/kg			9	15.7	0.5		2.5	8.6	60.2	
6520	美土里温泉		広島県	34.72234250916506	132.62854648329997		16.4	mg/kg			48.4	2.7	0.1		6.1	1.8	58.6	
6521	矢野温泉		広島県	34.67137523520492	133.11096847571278		30	mg/kg			46.6	2.3			8.6	12.7	52.7	
6522	湯の山温泉		広島県	34.695282040083114	133.2186253182941		24.5	mg/kg			23.3	2.1	0.4		9.1	6.6	17.5	
6523	養老温泉		広島県	34.67072444768039	132.5536040788273		13.7	mg/kg			6.8	1	0.5		4.5	1.2	16.7	
6524	竜頭温泉		広島県	34.64696743265827	132.44521596188622		17.5	mg/kg			13.9	10.1	1.5		5.6	4.7	43.4	
6525	湯谷温泉		香川県	34.51972298730793	134.22167078100367	1956	17	mg/kg		2.415	275.763	214.323	56.741		29.15	1436.908		
6526	洲本温泉	古城	兵庫県	34.33971702922621	134.90636904461383	1968	20	mg/kg		601	145.2	0.625	1.945		28.41	9.727	371.9	
6527	菰江温泉	鉱泉水	兵庫県	34.333991967426876	134.91283061808585	1955		mg/kg			5206	509.6	539.7		9449	1183	361.7	
6528	笠岡温泉	真仙湯	岡山県	34.484997801234876	133.53110187264969	1960	15.3	mg/kg	6.2		29.829	26.729			28.702	82.146	6.834	
6529	たまの温泉		岡山県	34.45610048264771	133.9031146853159	1989	26	mg/kg		5340	1220.6	640.6	13		2880	220	30.5	
6530	鷲羽山温泉		岡山県	34.444420909284695	133.79932971125922	1991	20.3	mg/kg		250	32	35.2	9.6		34.8	38	140.3	
6531	倉敷王子が岳温泉		岡山県	34.457139154171934	133.8803370612154	1994	30	mg/kg		3000	430	512			1526	45	26.8	
6532	原田温泉		広島県	34.49652451012788	133.2087757254668		16	mg/kg			12.65	7.6	0.5		6.4	5.185	43.38	
6533	養老温泉		広島県	34.44918280536593	133.19904113873213		13	mg/kg			2.301	9.434	1.473		3.546	3.375	35.17	
6534	本郷温泉		広島県	34.491287151818256	133.24587738138828		11	mg/kg			19.2	21.15	1.33		7.1	50.6	62.16	
6535	仏通寺温泉		広島県	34.45182230903328	133.02128713149992		15.5	mg/kg			6.82	1.7	0.6		0.7	0.05	71.76	
6536	岩倉温泉		広島県	34.371114319086814	132.16112366311148		18	mg/kg			5.97	3.61	0.29		4.18	6	24.28	
6537	羅漢温泉		広島県	34.388096430914594	132.10547920297503		28.5	mg/kg			39.08	7.287	0.023		5.673	4.403	41.43	
6538	湯来温泉		広島県	34.47679115966157	132.24114547030828		28.1	mg/kg			19.48	6.087	0.029		7.1	3.662	36.18	
6539	湯山温泉		広島県	34.497175283057246	132.2833302916556		23.6	mg/kg			25.09	2.359	0.068		7.8	6.09	35.51	
6540	アルカディア温泉		広島県	34.402314016859286	132.30825424076974		14.9	mg/kg			8.1	9.6	1.2		4.3	4.7	39.1	
6541	岩倉温泉		広島県	34.371096649175605	132.1609698701074		14.1	mg/kg			8.6	2.5	0.9		3.6	4.1	21.9	
6542	五日市天然温泉		広島県	34.39750129062341	132.3694487583322		23.1	mg/kg			22.3	6.3	0.1		5.7	7.3	26.8	
6543	音戸ロッジ温泉		広島県	34.19618475715926	132.5435140870586		25.8	mg/kg			375.3	267.8	25		1060.6	110.1	34.2	
6544	きのえ温泉		広島県	34.215738259984015	132.91657174530312		22.5	mg/kg			4100	4440	520		15200	1200	24.4	
6545	県民の浜温泉		広島県	34.16487509391034	132.74718754966614		22	mg/kg			4410	1470	525		10120	1260	67	
6546	シーサイド温泉		広島県	34.22611421354602	132.45087191307448		35	mg/kg			4873	2185	622.1		13120	210.4	44	
6547	SPA羅漢温泉		広島県	34.38809718834237	132.10542709809496		26	mg/kg			39.4	6.6	0.1		4.5	3.4	78.1	
6548	長寿閣温泉		広島県	34.38902219399624	132.93641528772275		15.4	mg/kg			10	7	6		3.6	3.8	38.8	
6549	長者温泉		広島県	34.40169700998666	132.74406378732638		16.7	mg/kg			18.2	37.7	0.7		8	10.9	143	
6550	天然和宏涛の湯		広島県	34.33472021879979	132.90082603133956		25.8	mg/kg			6400	2900	490.4		15700	835.6	82.4	
6551	所山温泉		広島県	34.39474902542434	132.16364363587005		14.3	mg/kg			5.5	3.5	1.3		7.5	2.9	15.7	
6552	鞆の浦温泉		広島県	34.38805846174426	133.3833412008231		17.7	mg/kg			23	13			15.3	38.7	15	
6553	並滝寺温泉		広島県	34.483305571138764	132.7044567590231		15.7	mg/kg			10	4.7	0.4		7.5	2.1	27.5	
6554	能美海上ロッジ温泉		広島県	34.227463938543906	132.44989700889082		35	mg/kg			4873	2185	622.1		13120	210.4	44	
6555	半べえ温泉		広島県	34.37499350366373	132.48819486251173		19.2	mg/kg			11513	1777	639.7		11828	1557	156.8	
6556	本郷温泉		広島県	34.491279216188445	133.2459750148873		11	mg/kg			13.5	20.6	1.9			72.7	26.9	
6557	みはらし温泉		広島県	34.345926670426195	133.07868529086906		45.1	mg/kg			5460	4280	279		15600	1730	27.5	
6558	薬研谷温泉		広島県	34.22824740737323	132.8657197067218		20	mg/kg			10.9	35.6	4.6		9.9	23.6	108.8	
6559	八幡温泉		広島県	34.383336688577536	132.35918173651885		17.3	mg/kg			293.4	38.6	6.6		433.3	58.5	98.1	
6560	湯来温泉		広島県	34.47679906609699	132.24120902376578		29.8	mg/kg			27.5	1.8	0.1		5.7	3.7	12.2	
6561	養老温泉		広島県	34.44919097302692	133.1989098918617		17	mg/kg			2.3	9.4	1.5		3.5	3.4	35.2	
6562	神田山温泉		広島県	34.41972390106565	132.47195117894248	1996	34.5	mg/kg			2338	722.7	261.1		5140	714	48.8	
6563	錦帯橋温泉	観光ホテル2号泉	山口県	34.16794498344138	132.1801975589485	1969	18	mg/kg		2010	584.9	113.2	37		1073	124.4	107	
6564	(周防大島町)	(久賀)	山口県	33.953376295465056	132.27926074221705	1971	23	mg/kg		161.5	20.09	26.23	4.105		20.39	25.44	76.7	
6565	由宇温泉	由宇町有泉	山口県	34.02972562320819	132.16643154938606	1957	17	mg/kg		140	11.25	20	3.162		14.57	12.55	65.77	
6566	寂地温泉		山口県	34.3772210635094	132.0216640095418	1965	20	mg/kg		1180	357.2	57.82	5.892		356.6	7.618	606.6	
6567	平生温泉	生野泉	山口県	33.93972038029303	132.06943772965994	1966	16	mg/kg		896.3	187.6	70.17	46.39		280.5	86.56	382	
6568	(玖珂町)	(太田)	山口県	34.088057832520406	132.08722885973546	1959	16.3	mg/kg		127.4	12.56	11.62	1.677		27.16	7.536	25.88	
6569	由宇温泉		山口県	34.02972043168477	132.16638229581494	1957	17	mg/kg		140	11.25	20	3.162		14.57	12.55	65.77	
6570	(岩国市)	(錦見)	山口県	34.17110990179897	132.19082841783035	1957	17.3	mg/kg		70	8.301	3.545	0.877		7.274	18.57	1.098	
6571	大鳴門温泉		徳島県	34.22611451470037	134.63084650491902	1972	20			29051	6600	2443	993.5		16025	1626	28.74	
6572	小歩危温泉		徳島県	33.89771193694876	133.70676121249562	1973	15	mg/kg		153	14.06	17.22	1.868		5.954	5.184	83.11	
6573	薬王寺温泉		徳島県	33.731167771478134	134.52865677714823	1961	17.5	mg/kg		588.31		80.63	38.38		77.57	187.2	186.34	
6574	祖谷渓温泉		徳島県	33.92097597330047	133.81606458432705	1972	37.4	mg/kg		304.76	69	4.7	1.72		43.61	5.5	58.9	
6575	神山塩水温泉		徳島県	33.96938440133151	134.37198121216485	1972	16.3	mg/kg		5110.81	1525	20.87	53.15		1419.13	12	1959.96	
6576	薬王寺温泉		徳島県	33.73120177985809	134.5286348849958	1968	17	mg/kg		603.3	37.81	48.25	25.92		91.23	6.5	222.3	
6577	広石第二温泉		徳島県	34.02833428019385	134.3519485941012	1970	16.5	mg/kg		1178.96	6.5	156.72	112.08		2.82	827.8		
6578	ふいご温泉		徳島県	34.033608928943856	134.23360191393175	1972	15.4	mg/kg		1688.54	8.75	164.53	142.42		13.81	1210.1		
6579	紅葉川温泉		徳島県	33.79744610753944	134.4459686024308	1976	18	mg/kg		405.8	144.9	0.685	0.21		24.59	2.6	290.1	
6580	薬王師温泉		徳島県	33.73115501332904	134.52869770986902	1968	17	mg/kg		447	37.81	48.25	25.92		91.23	6.5	222.3	
6581	広石温泉		徳島県	34.028332409442065	134.35166441661414	1970	16.5	mg/kg		1178.86	6.5	156.72	112.08		2.82	827.8		
6582	一宇温泉		徳島県	33.95443568491776	134.07041091644214	1975	15	mg/kg		475.5	8.122	125.9	5.584		7.502	229.8	132.1	
6583	美馬温泉		徳島県	34.09720759066273	134.06806434520476	1975	15	mg/kg		291.9	80.18	14.6	1.8		16.8	80.38	108.3	
6584	薬王寺温泉		徳島県	33.731199280794776	134.52865786672658	1968	17	mg/kg		447	87.81	48.25	25.92		91.23	6.5	222.3	
6585	神山塩水温泉	1号井	徳島県	33.96937544829295	134.3719246862224	1972	17.1	mg/kg		1762.4	676	4.88	17.49		495.47	170.96	1038.16	
6586	神山塩水温泉	2号井	徳島県	33.96939344711148	134.37191723614308	1972	16.3	mg/kg		3848.5	1525	20.87	53.16		1419.13	12	1959.96	
6587	祖谷渓温泉	2号井	徳島県	33.92097878196101	133.81600083105886	1972	47.4	mg/kg		257.22	69	4.7	1.72		43.61	5.5	58.9	
6588	祖谷渓温泉	3号井	徳島県	33.920993005076134	133.81600143880937	1973	37.5	mg/kg		215.5	71.02	1.882	0.591		33.71	0.169	112.8	
6589	小歩危温泉		徳島県	33.897704358448735	133.70670921431858	1973	12.5	mg/kg		120.9	14.06	17.22	1.868		5.954	5.184	83.11	
6590	鷲敷保養センタ一		徳島県	33.837240645888315	134.49648657296513	1974	16	mg/kg		176	5.598	20.89	4.699		7.218	37.99	46.72	
6591	祖谷温泉	1号井	徳島県	33.92095282515733	133.81595786588602	1965	38.2	mg/kg		235	69	2.4	0.3		35.5	3.1	58	
6592	祖谷温泉	2号井	徳島県	33.920961634108735	133.81594543656334	1972	47.4	mg/kg		257	69	4.7	1.7		43.6	5.5	58.9	
6593	祖谷温泉	3号井	徳島県	33.9209608046279	133.81601690827728	1973	37.5	mg/kg		216	71	1.9	0.6		33.7	0.2	112.8	
6594	美馬温泉		徳島県	34.09723812064727	134.06809237365349	1975	15	mg/kg		292	80.2	14.6	1.8		16.8	80.4	105.3	
6595	木沢泉源		徳島県	33.86250329496087	134.2511232400214	1980	16.7	mg/kg		344	105.2	1.1			5.1		175.9	
6596	高島泉源		徳島県	34.19971833969937	134.59665249704065	1977	7	mg/kg		55000	11100	236.1	4482		27179	4415	1611	
6597	鳴門海峡温泉郷		徳島県	34.226123172508295	134.63069917490003	1981	16.9	mg/kg		19000	2815	3042	424.7		10160		1231	
6598	一宇温泉保養センター		徳島県	33.954445284872314	134.07046014458948	1975	15	mg/kg		475	8.1	125.9	5.6		7.5	229.8	132.1	
6599	もみじ川温泉		徳島県	33.79743490408485	134.4460560701092	1976	18	mg/kg		406	144.9	0.7	0.2		25.6	2.6	290.1	
6600	土柱温泉		徳島県	34.09109862613378	134.20602772106233	1977	11.7	mg/kg		566	219.8		0.4		4.9	40	447.6	
6601	みさと温泉		徳島県	34.0366691484944	134.30028662669605	1980	15.7	mg/kg		747	5.9	108.1	33.3		6	400.5	36.9	
6602	那佐泉源		徳島県	33.58333270003967	134.32638733097278	1981	15.9	mg/kg		293	12.3	22.6	15.6		5.8	120.2	89.9	
6603	かずら橋温泉		徳島県	33.879448257438355	133.82696157444647	1987	12.5	mg/kg		339	19.4	76.3	5.5		12.1	5.91	242	
6604	清水温泉		徳島県	34.15471953369988	134.15776919294652	1988	18.5	mg/kg		1.534	431.5	3	0.5		51	19.1	915.3	
6605	神山温泉保養センター		徳島県	33.97207499680405	134.36990333572996	1990	16.8	mg/kg		1.38	514.6	2	2		295.8	4.4	762.3	
6606	御所温泉		徳島県	34.12330492482409	134.35351552479946	1991	14.5	mg/kg		0.28	73.3	17.9	1.2		55.3	41.6	108.9	
6607	木綿麻川温泉		徳島県	34.00120727354616	134.0841321033365	1991	19.6	mg/kg		0.846	264.4	5.8	1.3		130.9	0.4	528.7	
6608	マジィリゾートナルト	現 ルネッサンスリゾートナルト	徳島県	34.22027372607327	134.63303877943844	1991	30	mg/kg		3.734	1.321	92.4	6.4		1959	36.6	435.1	
6609	宍喰温泉		徳島県	33.56889147437989	134.3069535232105	1991	29.2	mg/kg		0.893	341.8	1.1	0.2		8.6	0.8	760.1	
6610	鬼ヶ岩屋温泉		徳島県	33.710560891356266	134.44140743863878			mg/kg		337	118.7	5.4			54.4	1.7	250	
6611	紅葉温泉(三野町)		徳島県	34.05778361865667	133.98780015495177			mg/kg		626	242.3	1.1			5.3	85.7	406.5	
6612	紅葉温泉		徳島県	34.05780798386302	133.98787508581324	1991	17.8	mg/kg		626	242.3	1.1	0.2		53	85.7	406.5	
6613	ウィンデック相生温泉		徳島県	33.835278942161956	134.46583661933596	1994	17.8	mg/kg		428	89.9	6.5	1.2		57.7		154	
6614	みのだ温泉		徳島県	34.036670042064465	133.89084523998915	1995	14.7	mg/kg		402	99.8	27.4	7.3		8.1	92.6	241.6	
6615	鴨島温泉	鴨島町一号泉源	徳島県	34.063097937634446	134.36146363078961	1996	31.7	mg/kg		9209	1450	357.5	249.6		3460.4		174.9	
6616	鳴門温泉		徳島県	34.22604405840083	134.6307581321603	1996	31.2	mg/kg		2062	741.8	13.3	1.3		929.6		609.8	
6617	新次郎鉱山第2号鉱		徳島県	33.94277640288972	134.32777142335846	1996	11.9	mg/kg		959	4.4	37.2	47.4		3.5	611.3		
6618	月ヶ谷温泉		徳島県	33.88529343250856	134.418115447058	1996	14.5	mg/kg		300	100.6	2.3			62.7	4.4	95.8	
6619	大歩危温泉		徳島県	33.91175241667968	133.7587683538344	1997	18	mg/kg		237	9.7	56.7	3.4		10.5	35.2	149.5	
6620	庵治温泉		香川県	34.3949674773087	134.1285408337782	1962	16	mg/kg		27.499	8369.618	351.008	1008.63		14779.463	1979.11	610.297	
6621	湯谷温泉		香川県	34.376246873961726	134.12171342046904	1964	13	mg/kg			10.282	128.166	35.96		220.646	149.491	828.358	
6622	塩江温泉		香川県	34.1679745166964	134.08684959190688	1962	18	mg/kg		595.3	180.9	20.2	2.3		233.3	20.6	105.2	
6623	黒川温泉		香川県	34.192177109992635	134.2834251442729	1965	17	mg/kg		0.251	51.7	24.1	2.5		7.6	36.9	96.46	
6624	新塩江温泉		香川県	34.33999867345745	134.04693940902425	1965	16.8	mg/kg			251.536	13.1	1.4		327.71	18	96.999	
6625	瀬戸の湯温泉		香川県	34.316389369856395	133.84305753836063	1966	16.7	mg/kg		7.405	2109	68.9	315.2		3766	319.3	670.95	
6626	上野山温泉		香川県	34.281389188027	134.27389054727678	1969	19.5	mg/kg		0.892	186.51	46.92	39.76		259.5	47.69	124.16	
6627	本大温泉		香川県	34.13528062056312	133.69417714291026	1972		mg/kg			451.32	35.49	7.72		672.64	68.55	98.36	
6628	美霞洞温泉		香川県	34.09708216348384	134.00339569905125	1972	17.8	mg/kg		0.342	87.02	0.17	0.05		9.58	9.32	176.3	
6629	樺川温泉		香川県	34.16984489380349	134.09774557434977	1975	17.4	mg/kg		524.1	216	4.05	8.266		206.9	32.11	292.5	
6630	小浜温泉		香川県	34.287222599977866	134.27444601944816	1971	18.5	mg/kg			4109.4	178.7	39.9		10.6	31.9	82.51	
6631	塩江奥の湯温泉		香川県	34.13054348482059	134.07487391630252	1974	15.5	mg/kg			69.5	1.12	0.03		7.89	30.8	110	
6632	湯の谷温泉		香川県	34.109358362911905	133.79637195062162	1975	19	mg/kg		146.5	13.8	5.564	3.821		9.738	53.45	16.9	
6633	東山温泉		香川県	34.13492384529132	134.07782494755668	1976	17.5	mg/kg		249	80.18	0.46	0.06		9.67	1.55	108.45	
6634	白鳥温泉		香川県	34.19179550755271	134.28394398622405	1977	18.5	mg/kg		489	157.7	0.45	0.07		19.26	2.57	329.7	
6635	こんぴら温泉		香川県	34.18833357569493	133.81861268771618	1976	18	mg/kg		1197	121.3	199.6	43.29		562.9	0.33	182.1	
6636	明神温泉		香川県	34.11119331491599	133.97832814922916	1978	19	mg/kg		0.327	82.5	6.3	0.7		12.5	4.4	203	
6637	五色台温泉		香川県	34.31444200315191	133.93277064434363	2004	20.3	mg/kg			47.9	26.1	3.6		7.9		206.7	
6638	鮎滝龍神温泉		香川県	34.27305565751975	134.03416521135895			mg/kg			274.7	85.8	34.3		593.5	6.5	249.2	
6639	塩江温泉		香川県	34.16907359050843	134.08261147194025			mg/kg			180.9	20.2	2.3		233.3	20.6	105.2	
6640	湯元ことひら温泉	琴参閣	香川県	34.189721204582206	133.81721912967484	1997	39.9	mg/kg			729	197.1	113.6		1531.1	2.1	313.1	
6641	湯元こんぴら温泉	華の湯	香川県	34.19134906988656	133.81718063061535	1997	35	mg/kg	7	5136	1069.3	502.2	208.3		1972.6	0.1	118.9	
6642	小女郎川鉱泉		愛媛県	33.866942863941226	133.2955510592923	1982	15.1	mg/kg		3103	787.5	232.5	21.9		1123	42	1246	
6643	湯の谷鉱泉		愛媛県	33.893223000157334	133.16386252156815	1982	16.6	mg/kg		760	223	37.3	5.6		286.4	4.1	252.3	
6644	道前渓鉱泉	第2号泉	愛媛県	33.855544104377444	133.01184020102573	1982	18.8	mg/kg		5914	1920	29.3	27.5		2832		487.2	
6645	下木地鉱泉		愛媛県	33.99555672616866	133.04889057825827	1982	16.6	mg/kg		140	40.3	5.8	0.5		3.5	9.6	58.4	
6646	桜井鉱泉		愛媛県	33.99387912078349	133.04649822767425	1982	16.6	mg/kg		200	17.8	34.7	6.8		8.5	3.4	154.9	
6647	(今治市)	今治市3号泉源	愛媛県	33.98889239344096	133.05251400458906	1982	15.9	mg/kg		202	17.9	32.6	6.3		6.1	2	152.2	
6648	吉海温泉	井之谷水源No.2	愛媛県	34.13555245901359	133.049152526619	1982	17.8	mg/kg		192	15.3	25.7	5.5		17	31.2	73.9	
6649	吉海温泉	井之谷水源No.3	愛媛県	34.13555774568596	133.04917364674446	1982	19.5	mg/kg		186	16.8	28.7	6.1		22	25.9	91.7	
6650	鹿島鉱泉		愛媛県	33.97370311481446	132.7660140506967	1980	15	mg/kg		6038	808.1	832	256.6		3158	280.3	197	
6651	(松山市)	北条1号泉	愛媛県	33.96305368747087	132.79221246381297	1982	20.1	mg/kg		553	157.5	29.3			263.7	6.2	18.9	
6652	川内鉱泉	1号泉	愛媛県	33.814719858920334	132.90165881253523	1980	15.9	mg/kg		390	105.3	24.2	7.7		6.6	4.4	378.2	
6653	道後温泉	第3号泉	愛媛県	33.850834410446645	132.78639431785842	1981	44.3	mg/kg		222	68.1	3	0.3		25.5	28.9	75.4	
6654	道後温泉	第5号泉	愛媛県	33.851670205775754	132.7858473009598	1981	47.3	mg/kg		228	74.4	2.5	0.5		26.2	25.3	77.6	
6655	道後温泉	第7号泉	愛媛県	33.85222074821198	132.7830511189907	1981	46.2	mg/kg		228	75.9	2.7	0.3		35.9	6.7	83.6	
6656	道後温泉	第8号泉	愛媛県	33.851666282505114	132.78388564417975	1981	49.6	mg/kg		220	72.3	1.8	0.5		23.4	27.6	75.3	
6657	道後温泉	第9号泉	愛媛県	33.85166659584208	132.78388734493842	1981	46.7	mg/kg		228	76.6	2.3	0.3		32.2	6.2	83.3	
6658	道後温泉	第11号泉	愛媛県	33.8475039131931	132.78584844537028	1981	45.4	mg/kg		243	80.1	1.5	0.5		36.6	2.4	79.3	
6659	道後温泉	第14号泉	愛媛県	33.85222055757449	132.7813831921242	1981	47.1	mg/kg		213	70.3	1.4	0.6		23.7	7.5	68.7	
6660	道後温泉	第24号泉	愛媛県	33.85222068035301	132.78110647474503	1981	50.9	mg/kg		223	72.9	2.5	0.6		32.5	5.1	69.3	
6661	道後温泉	第25号泉	愛媛県	33.85027802494075	132.78388929954434	1981	51.4	mg/kg		222	71.3	2.3	0.4		23.5	19.7	67.1	
6662	道後温泉	第26号泉	愛媛県	33.85055440722889	132.78332624331725	1981	51.3	mg/kg		226	75.8	1.4	0.7		34	2.6	73.1	
6663	道後温泉	第28号泉	愛媛県	33.8488902872206	132.78139451959447	1981	54.2	mg/kg		248	85	1.8	0.6		42.8		73	
6664	奥道後温泉	第5-1号泉	愛媛県	33.865280576324494	132.82501024763934	1982	32.7	mg/kg		223	74.5	0.6	0.8		19.1	15.9	78.9	
6665	奥道後温泉	第5-3号泉	愛媛県	33.865275870659445	132.82526868602358	1982	28.2	mg/kg		186	56	2.8	0.6		15.6	20.6	65.3	
6666	奥道後温泉	第7号泉	愛媛県	33.862217423024234	132.81692604285402	1982	22.7	mg/kg		116	22	13	0.6		7.1	4.8	80.7	
6667	奥道後温泉	第8-2号泉	愛媛県	33.86082973439365	132.81526543977466	1982	20.4	mg/kg		200	54.8	10.4	1.5		31.9	17.8	79.6	
6668	奥道後温泉	第11-1号泉	愛媛県	33.86166341433492	132.81637532455312	1982	23.8	mg/kg		259	91	1.4	0.2		35.5	19.2	89.2	
6669	奥道後温泉	第11-2号泉	愛媛県	33.86222009056837	132.81693693349237	1982	23.8	mg/kg		152	40	9.8			17.1	13.4	74.1	
6670	奥道後温泉	第13号泉	愛媛県	33.863331917835275	132.81916398617457	1982	40.3	mg/kg		359	122	2.4	0.2		107.1	13.9	69.6	
6671	水口鉱泉		愛媛県	33.86805434688951	132.8280480465813	1982	26.2	mg/kg		129	23.8	11.6	0.9		6.5	14.4	58.1	
6672	東道後温泉	第3号泉	愛媛県	33.82694459389132	132.80000193692288	1980	25.3	mg/kg		257	89.9	2.5	0.6		32.7	10.3	142.8	
6673	鷹ノ子温泉	第1号泉	愛媛県	33.813792774021834	132.80838557217191	1980	24.7	mg/kg		372	113.1	13.2	1		29.9	42.1	228.8	
6674	鷹ノ子温泉	第2号泉	愛媛県	33.81000158112236	132.81389449795586	1980	38.7	mg/kg		387	140.5	0.2	0.7		51	13.9	195.2	
6675	伊予鉄福音寺温泉		愛媛県	33.82332901529292	132.79304065087973	1980	28.4	mg/kg		557	197	3			204.3		137.4	
6676	(松山市)	松山リハビリテーション病院第1号泉	愛媛県	33.79944323911713	132.8077741183808	1979	29.4	mg/kg		5707	2217	16.2	8.8		2495		1457	
6677	前道後温泉	第2号泉	愛媛県	33.87503777002371	132.75434553407348	1982	19.9	mg/kg		189	62.7	4.8	0.7		9.9	5.8	87.4	
6678	太山寺温泉		愛媛県	33.88471843406606	132.72387351392786	1982	24.8	mg/kg		318	117.5	2.4	0.2		22.7	13.4	167.1	
6679	伊台城温泉	第1号泉	愛媛県	33.87415257228103	132.78401923200272	1982	17.6	mg/kg		242	14.8	39.3	11.7		8.5	3.1	180.6	
6680	武領鉱泉		愛媛県	33.71249835843632	132.7111051966338	1980	16.5	mg/kg		1183	444.4	6.1	1.3		460.5		380.7	
6681	唐川鉱泉		愛媛県	33.71832969015255	132.74637712305255	1980	14.6	mg/kg		183	14.3	38.7	3.2		8.5	16.1	135.4	
6682	面河鉱泉		愛媛県	33.72333380874679	133.10055847259412	1980	12.1	mg/kg		4095	1234	190.9	13.1		1489		158.6	
6683	嵯峨山鉱泉		愛媛県	33.67135051785514	132.96536558247962	1980	11.8	mg/kg		263	101.8	1.8	0.6		6.3		183	
6684	古岩屋温泉		愛媛県	33.66749819960684	132.97304916230667	1980	13.7	mg/kg		149	48	3.6	0.7		6.5	13.4	80.2	
6685	富士鉱泉		愛媛県	33.456899145051516	132.42431472539332	1981	16.9	mg/kg		1086	226	83.7	40.6		382.9	67.2	327.7	
6686	大久喜鉱泉		愛媛県	33.51497661868212	132.66254683754818	1981	18.2	mg/kg		155	39	4.6	0.1		21.4		40.9	
6687	大澄鉱泉		愛媛県	33.517104790055484	132.6679335481296	1981	16.8	mg/kg		233	63.7				12.1		31.9	
6688	古田鉱泉		愛媛県	33.53168461494211	132.65389656282977	1981	17.8	mg/kg		121	24.8	3	0.9		5.5	1	38.4	
6689	小藪鉱泉		愛媛県	33.452625357769634	132.6683240290064	1981	16	mg/kg		236	86.5	0.2	0.6		5.8		143.5	
6690	慈眼堂鉱泉		愛媛県	33.36691016312168	132.63401523703962	1981	18.8	mg/kg		298	86	21.3	2		8.4	0.5	289.1	
6691	成川鉱泉		愛媛県	33.22412796462649	132.62534647638682	1981	11.6	mg/kg		64	9.4	8.2	1.6		10.6	4.3	30	
6692	清水鉱泉		愛媛県	33.31083638632776	132.69306873472698	1981	15.6	mg/kg		382	140	3.1	2.1		17.5	3.8	327.6	
6693	高月鉱泉	第1号泉	愛媛県	33.217321405350255	132.62217702574063	1981	17	mg/kg		301	74	27.7	1.2		134.7		44.4	
6694	高月鉱泉	第2号泉	愛媛県	33.217324479343155	132.62228544468607	1981	17.6	mg/kg		342	92.5	28.7	1.1		173	1.9	30.5	
6695	高月鉱泉	第3号泉	愛媛県	33.2173553436903	132.6220693538345	1981	21.5	mg/kg		143	32.5	14.8	0.4		42.5	2.4	48.5	
6696	宇和島鉱泉		愛媛県	33.21928278081543	132.5492557805021	1981	15.8	mg/kg		778	223.3	16.6	20.3		309.1	44.2	202.5	
6697	野川鉱泉	1号泉	愛媛県	33.218149653080566	132.58539828373307	1981	10.5	mg/kg		136	39.8	5	1.2		6		100.2	
6698	祓川鉱泉		愛媛県	33.079257134759665	132.6546592776517	1981	15.6	mg/kg		296	89.5	13.2	1.5		123.4	8.7	56.4	
6699	保場川温泉		愛媛県	33.07753219845953	132.51916015949902	1981	16.2	mg/kg		416	142	5.2	3.2		52.2		324.1	
6700	菊川鉱泉		愛媛県	33.003887453225545	132.51693883322898	1981	15.1	mg/kg		89	12.4	10.8	1.3		10.1	5.3	48.8	
6701	国鉄前鉱泉		愛媛県	33.841386934675725	132.75165907415177	1986	37.4	mg/kg		3177	951.2	144	50.9		1773		209	
6702	宝泉坊温泉		愛媛県	33.36466612704068	132.79453438618725	1986	16.8	mg/kg		442.1	136.8	13.5	2.6		76.2		283.4	
6703	向陽温泉		愛媛県	33.87388849088284	132.80860973363093	1986	18.3	mg/kg		123	20.6	15.6	1.6		8.6	10.9	75.5	
6704	エイジ鉱泉		愛媛県	33.186942144963105	132.5516606630429	1987	16.9	mg/kg		405.2	142.9	3.4	1.7		14.2	0.3	348.8	
6705	(上島町)	(上島町岩城)	愛媛県	34.242502452606	133.1334456502157	1987	20.8	mg/kg		252	36.8	11.8	6.4		21.3	68.1	19.9	
6706	(今治市)	今治市2号泉源	愛媛県	33.99832822060738	133.04220205445577	1987	19	mg/kg		387.8	88.4	31.2	14.5		73.7	12.6	251.3	
6707	道後温泉	第17号源泉	愛媛県	33.854181806475815	132.78828014242845	1988	32.1	mg/kg		221.2	73.1	2.9	0.2		19.9	24.9	78.8	
6708	奥道後温泉	第11-2号源泉	愛媛県	33.864442582704335	132.82471718270543	1988	23.7	mg/kg		146	36.5	11	0.2		15.6	17.5	66.3	
6709	奥道後温泉	第13号源泉	愛媛県	33.86321433606741	132.81940166901978	1988	40.6	mg/kg		337	117.5	3.5			101.5	19.9	56.8	
6710	(今治市)	今治市1号泉源	愛媛県	33.995332781667365	133.05276421973196	1988	19.2	mg/kg		200.4	22.5	28.1	10.5		4.8	9.2	166.5	
6711	奥道後温泉	第4-3号源泉	愛媛県	33.864639256888886	132.82322304240623	1988	38.4	mg/kg		311.8	104	2.7	0.4		91.3	12.4	60.3	
6712	奥道後温泉	第9号源泉	愛媛県	33.864732310022525	132.82328375022107	1988	41	mg/kg		342.4	128	2.9	0.3		110.3	17.1	59.2	
6713	(上島町)	(弓削豊島)	愛媛県	34.23250076770561	133.25889170703655	1969	16.4	mg/kg		497.6	113.3	20.7	8.8		145.2	67.8	58.6	
6714	(西予市)	(野村町蔵良)	愛媛県	33.39666849132134	132.66611718863703	1969	17.1	mg/kg		162.4	23.5	17.3	7.5		15.6	3.1	105.1	
6715	吉海温泉	井之谷水源No.1	愛媛県	34.1291671825319	133.03583296020557	1989	17.4	mg/kg	6.5	186.6	21.6	20.2	5.1		19.6	30.7	65.2	
6716	国鉄前鉱泉		愛媛県	33.84138907059133	132.75194505456088	1989	32.8	mg/kg	7.8	3967	1135	199.2	69.8		2289		178.5	
6717	東道後温泉	第8号泉	愛媛県	33.81222149162015	132.8049990541392	1989	43.7	mg/kg	9.2	453	175	0.7	0.3		110.3	2.3	190.9	
6718	今治温泉		愛媛県	34.06166689997318	133.0005554802768		29.6	mg/kg	7.4	26720	6244	2868	509.1		14800	1672	29.8	
6719	野村温泉		愛媛県	33.36319462560342	132.63993524456083	1990	16.5	mg/kg	8.2	275.9	87.8	12.5	1.8		10.2	0.4	247.3	
6720	別子鉱泉	第1源泉	愛媛県	33.90779818537522	133.306661147113	1990	18.6	mg/kg	7.4	7115	2015	423.3	107.2		2500		3170	
6721	別子鉱泉	第2源泉	愛媛県	33.90779973886878	133.3067490434016	1990	16.9	mg/kg	7.3	3986	1150	310.2	64.9		1325		2124	
6722	(下難波甲)		愛媛県	33.98944569403069	132.7847286805095	1990	31.8	mg/kg	7.5	18080	3186	3385	55.5		10370	908	27.8	
6723	天神温泉		愛媛県	33.796372456289575	132.91813640691146	1991	18.2	mg/kg	7.6	1510	474.7	61	45.8		560.4	2.5	704.6	
6724	砥部温泉		愛媛県	33.7489120172716	132.79766800770733	1991	27.1	mg/kg	8.4	889.7	346.7	5.1	1.6		191.6	50	525.2	
6725	一本松鉱泉		愛媛県	33.761388254504595	132.7897207066765	1991	19.2	mg/kg	7.9	3391	1200	63	13		1835		350	
6726	(中野町)		愛媛県	33.78083060712977	132.81887903996036	1991	8.3	mg/kg	8.1	775.6	313.1	5.2	2.3		75.2		708.2	
6727	エリエールゴルフクラブ松山温泉		愛媛県	33.92139286929637	132.81418287446394	1991	17.8	mg/kg	9.2	97.9	15.5	16.6	1.2		4.3	1.2	62.2	
6728	玉川温泉		愛媛県	33.997546612292886	132.92009046124872	1992	20.2	mg/kg	8.6	920.7	337.6	6.4	9.3		26.4	29.1	790.7	
6729	上浦温泉		愛媛県	34.25704739388155	133.04869973675397	1992	22.2	mg/kg	8.2	1212	182.3	224.1	1.3		604.4	32.6	90	
6730	石鎚山温泉		愛媛県	33.8033349026137	133.1488966836789	1992	16.1	mg/kg	6.5	17530	5968	370.5	296.4		7644		6178	
6731	中の川	第2温泉	愛媛県	33.932002186479224	133.59619878321047	1992	17.4	mg/kg	7.5	3932	1489	61	15.3		1702		1342	
6732	衝上温泉		愛媛県	33.731942501960425	132.79360639588367	1992	16.3	mg/kg	8	1523	552.8	11.6	9.1		680.9	42.4	349.1	
6733	(砥部町)	砥部町第2号温泉	愛媛県	33.733889128751464	132.79527932459837	1992	19.1	mg/kg	8	5519	2027	25.4	27.1		2935		685.3	
6734	馬の渕温泉		愛媛県	33.10749816817392	132.57499249590023	1992	20.3	mg/kg	8.2	293.1	91.6	14.3	1.4		31.5	0.5	226.2	
6735	薬師温泉		愛媛県	33.19248487487319	132.57289576358772	1993	32.7	mg/kg	9	441	175.4	0.9			7.8		395.6	
6736	伊達温泉		愛媛県	33.21865093804594	132.54859312288534	1993	37.8	mg/kg	8	3408	1320	11.3	4.6		1534		973.6	
6737	文治ヶ駄馬鉱泉		愛媛県	33.35714117219363	132.61498045991917	1993	21.7	mg/kg	8.5	443.6	175.4	3.6	0.5		3.6		440.5	
6738	高月鉱泉	第4号泉	愛媛県	33.21730742762419	132.6221256322749	1993	29.8	mg/kg	8.7	394.6	91.2	43.8	1.2		172.7		65.6	
6739	りんりんパーク温泉		愛媛県	33.87597667628211	133.06420980397075	1993	18.3	mg/kg	8.4	614.4	225.5	5.2	3.9		145.3	42.5	330.8	
6740	(宇和島市)	(伊吹町)	愛媛県	33.23638917160749	132.56777956668026	1993	21.9	mg/kg	6.8	4091	1370	111.2	38.3		1907	1.9	1040	
6741	マテラ第二温泉		愛媛県	33.805556144403354	132.82305639427852	1993	31.2	mg/kg	8.4	1644	645.3	2.9	0.2		14.5	6.2	1700	
6742	別子鉱泉	第3源泉	愛媛県	33.90611372304703	133.30778788104521	1994	15.4	mg/kg	6.4	1990	525.3	154.1	29.6		589.1	17.7	1059	
6743	熱田温泉		愛媛県	33.13967491281227	132.52083632860752	1994	40.6	mg/kg	8	2140	860	2.5	1.1		145.6	3.3	2053	
6744	えぐも温泉		愛媛県	33.79325862441327	132.92002303916547	1994	18	mg/kg	9.4	860.9	363.4	1	0.3		17.2	10.8	683.2	
6745	伊台温泉		愛媛県	33.87693916800619	132.7985931061687	1994	19.7	mg/kg	7.4	173.3	18	33.2	3.3		13.8	13.9	118.1	
6746	清水川原田源泉		愛媛県	33.30373221739616	132.69158304520278	1995	13.8	mg/kg	9.5	422.3	163.3	5.9	0.7		21	6.2	263.1	
6747	グランド温泉		愛媛県	33.839177065729984	132.76831829057883	1995	32.6	mg/kg	9	345.8	126.3	2.7	0.2		95.3	0.3	93.3	
6748	久万ノ台温泉		愛媛県	33.85689915320988	132.74441936939195	1995	28.4	mg/kg	8.3	1530	556.6	55.2	4.5		780		233.2	
6749	山出鉱泉		愛媛県	33.01232927782252	132.60153070111184	1995	18.9	mg/kg	8.9	93.1	26.4	5	0.2		13	1.7	45.1	
6750	余戸温泉	第1源泉	愛媛県	33.81638453647521	132.73809941854333	1995	26.3	mg/kg	7.9	1946	643.1	74.7	13.7		963.3	1.3	226.2	
6751	宝泉坊温泉		愛媛県	33.36469079656943	132.7945960574989	1996	15.3	mg/kg	7.9	308.5	110.3	6.5	1.1		47.4	7.9	217.8	
6752	丸山温泉		愛媛県	34.014445046400674	133.59972761542198	1996	18.1	mg/kg	7.1	381	30.4	52.9	5.7		6.4	52.5	200	
6753	道前渓温泉	第2号泉	愛媛県	33.85556118373825	133.01183980322907	1996	24.6	mg/kg	8.2	6940	2859	25	17.2		4043	1.1	429	
6754	伊予病院温泉		愛媛県	33.783762629688326	132.77063791676707	1997	17.2	mg/kg	8.1	192.3	44.8	16.3	6.6		15.9	8	195.1	
6755	鹿野川温泉		愛媛県	33.44766206753093	132.685190401618	1998	21	mg/kg	10.2	227.4	89.8	0.6			5.1		55	
6756	文治ヶ駄鉱泉	No.2	愛媛県	33.359110156474046	132.61677864806992	1998	22.8	mg/kg	8.3	846.1	314	9.6	1.9		276.5		381.3	
6757	(伊予市)	(三秋)	愛媛県	33.72000043745873	132.6847238200831	1998	38.1	mg/kg	8	7356	2950	5.2	1.9		3010		2767	
6758	(松山市)	(南梅本町乙)	愛媛県	33.80250010180038	132.85277856706895	1998	38.5	mg/kg	8	1491	603.8	2.7	0.5		3.5	0.3	1580	
6759	北方鉱泉	第二号泉	愛媛県	33.804166382167296	132.90194113261583	1999	11.7	mg/kg	7.6	381.1	109.4	27.8	8		4.3	17.7	373.1	
6760	頭王温泉		愛媛県	33.412646820796944	132.63769726035994	1999	16.8	mg/kg	9.8	223.2	87.7	0.9			6.2	0.2	111.7	
6761	湯の華温泉		愛媛県	33.99066829507082	133.5805198336051	1999	20.1	mg/kg	8.5	456.4	169.4	5.8	1.8		6.2	8.5	488.6	
6762	馬立温泉		愛媛県	33.923628085632366	133.6408466678713	1999	16.2	mg/kg	7.3	12240	4551	24.7	17.5		5867	6.4	2228	
6763	平田温泉		愛媛県	33.88555657410312	132.75222434144027	1999	22.6	mg/kg	8.5	149.6	45.9	4.8	0.2		7.7	7.3	110.8	
6764	大瀬温泉		愛媛県	33.589167380017386	132.73028012805185	1999	16.8	mg/kg	8.6	653.8	224.1	12.1	1.2		278	0.2	149.6	
6765	星乃岡温泉	第2源泉	愛媛県	33.81388893416365	132.78166732157894	1999	20.8	mg/kg	8.4	644.6	227.2	8.4	1.6		280.8	0.6	198.7	
6766	古川温泉	第1源泉	愛媛県	33.80888809159574	132.75805300833932	2000	36.1	mg/kg	8.3	2404	844.3	44.8	0.4		1366	0.8	67.7	
6767	(西予市)	(宇和町稲生)	愛媛県	33.35861172704297	132.5272249953855	2000	20.3	mg/kg	7.8	697.6	231.3	24.7	6.1		204	0.1	352.5	
6768	白髭温泉		愛媛県	33.433332897661124	132.58111024599364	2000	18.2	mg/kg	9.4	182.5	54.1	5.9	1.7		6.5	6.6	111.5	
6769	川渡温泉		愛媛県	32.95305612176626	132.62611077662174	2000	21.7	mg/kg	10.1	183	68.6	1.7			30.9	10.4	31.9	
6770	松山温泉		愛媛県	33.84138770389743	132.7536069063164	2000	33.5	mg/kg	9.1	286.6	107	3.5	0.5		45.3	0.2	129.4	
6771	(吉田町)	(吉田町沖村)	愛媛県	33.29083224815697	132.523052747425	2001	19.8	mg/kg	7.7	705.6	210.8	15.4	25.4		131.5	13.1	499.4	
6772	(吉田町)	(吉田町沖村)	愛媛県	33.28610882763892	132.5358236938158	2001	18	mg/kg	8.9	300.8	88.3	11	1.8		49.8	20.3	154.1	
6773	湯ノ浦温泉	第3源泉	愛媛県	33.9947226749519	133.05389144693282	2001		mg/kg	7.8	198.5	19.7	35.2	6.1		58	8.1	150.5	
6774	東道後温泉	第4源泉	愛媛県	33.816668157996666	132.80806141430054	2001	40.7	mg/kg	9.3	329.8	123.4	1.1			23.2	5.6	194.9	
6775	南高井瓶泉	ていれぎの湯	愛媛県	33.78022715775696	132.81905974079174	2001	40.7	mg/kg	7.4	6529	2353	95.7	29.5		3764		422.6	
6776	玉川温泉		愛媛県	33.998889792692204	132.91917067897313	2001	18.7	mg/kg	8.8	530	206.3	2.8	2.5		6.3	18.1	472.6	
6777	奥道後温泉	第13号源泉	愛媛県	33.86444314603897	132.82305398325894	2002	40.2	mg/kg	9.5	334	116	3.4			104.7	5.6	53.9	
6778	難の湯温泉		愛媛県	33.759142581138896	132.7023252715905	2002	32	mg/kg	7.9	955.5	332.2	26.1	8.6		66.8		876.4	
6779	スーパー銭湯キスケ温泉		愛媛県	34.062970645857924	132.99241833716704	2002	32.4	mg/kg	7.6	25090	3968	4735	130.8		14060	1194	14.7	
6780	鈍川鉱泉	第1源泉	愛媛県	33.981344361040634	132.9352733040762	2002	20.2	mg/kg	9.6	181.1	0.3		1.8		4.6	7	69.8	
6781	少彦名温泉		愛媛県	33.50305513623431	132.5494403290714	2002	18.8	mg/kg	8.7	301.6	87.1	15.7	5.3		86.1	6.3	143.1	
6782	面河温泉		愛媛県	33.736670574991145	133.02140315416952	2002	17	mg/kg	8.6	1195	448.5	15.9	4.1		523.3	5.5	348.8	
6783	仙遊寺温泉	(仮称)	愛媛県	34.01326306825478	132.97751521786833	2002	20.2	mg/kg	9.1	499.5	202.8	2.5	0.3		9.6	8.2	272.4	
6784	大門温泉		愛媛県	33.23111142658799	132.7072231153119	2002	19.4	mg/kg	8.6	747.3	295.5	7.9	1.3		119.1	3.7	568.4	
6785	灘の湯温泉		愛媛県	33.75909463420413	132.70254471041562	2002	32.8	mg/kg	7.8	1196	430.5	32	10.3		174.9		965	
6786	(今治市)	清正の湯	愛媛県	34.04168379520618	132.96543099175977	2002	28.4	mg/kg	8.8	1322	523.1	3.7	0.3		511.8	5.9	379.5	
6787	星乃岡温泉	第1源泉	愛媛県	33.81749920070781	132.78610818699252	2002	31.2	mg/kg	8.7	641	247.1	3.1	0.1		239.9	0.4	156.9	
6788	星乃岡温泉	第3源泉	愛媛県	33.81472131463849	132.7877763821513	2002	40.8	mg/kg	8.8	502.8	189.6	3.6			171.8	1.9	152.8	
6789	南道後温泉	第1源泉	愛媛県	33.779724494085265	132.82195375756928	2002	40.8	mg/kg	7.3	7181	2625	105.8	29.9		4064		417.4	
6790	東道後温泉	第2源泉	愛媛県	33.82166873023606	132.80056311037885	2002	33.1	mg/kg	8.3	169.1	36.8	19.3	0.1		7.4	13.8	116.4	
6791	深瀬温泉		愛媛県	33.4483064945797	132.69155368710796	2003	14.4	mg/kg	7.6	235.6	48.4	23.9	3.6		33.7	5	160.3	
6792	愛の森温泉		愛媛県	33.45722019466352	132.6949926533312	2003	18.2	mg/kg	9.7	287.9	108.4	0.6			12.8	5.7	134.7	
6793	道後さや温泉		愛媛県	33.831453715100714	132.72447511434495	2002	27	mg/kg	7.7	2142	701.3	51.3	25.1		1161	6.3	225.9	
6794	石鎚山温泉	第2源泉(仮称)	愛媛県	33.79861101700158	133.15805583131078	2003	14.6	mg/kg	6.2	4135	8676	5992	82.7		1320	4.5	2285	
6795	多々羅温泉	三島の湯	愛媛県	34.25468209575431	133.04607282998256	2003	26	mg/kg	6.7	23210	3333	4608	220.1		13060	991.9	20.9	
6796	大日温泉		愛媛県	33.883446342605346	133.1084471296926	2003	31.3	mg/kg	8.2	362.7	122.1	12.1	2.5		5.7	0.4	343.2	
6797	(松山市)	北条2号源泉	愛媛県	33.96305791265935	132.78750708702984	2003	22.1	mg/kg	9.2	675.7	202.4	47			338.3	25.8	14.9	
6798	北条小山田温泉		愛媛県	33.97466727195228	132.81704294343828	2003	26.3	mg/kg	9.8	156.5	59.7	2			8.6	4.9	34.3	
6799	湯ノ浦温泉	第1源泉	愛媛県	33.99528164189373	133.0527931333866	2003	19.7	mg/kg	7.8	212.5	27.2	30.4	10.1		6.7	7.1	174	
6800	湯ノ浦温泉	第2源泉	愛媛県	33.99500199748	133.05195273853812	2003	19	mg/kg	7.9	349.5	79.3	32.2	13.2		69.7	12.1	217.2	
6801	カトロ温泉	(仮称)	愛媛県	33.195834708935706	132.40792785846926	2003	17.5	mg/kg	8.1	185.3	31.3	21.4	8.5		20.9	4	136.5	
6802	馬立温泉		愛媛県	33.92358448440067	133.64076939554994	2003	17.1	mg/kg	7.7	4503	1749	43.1	10.5		2147	35.4	966.2	
6803	(四国中央市)	(三島中央)	愛媛県	33.98446917005654	133.53982635829584	2004	21.6	mg/kg	7.6	503	149.5	39.1	5.8		2.8	0.5	525.9	
6804	川内温泉		愛媛県	33.80608015957074	132.91670806715183	2004	40.7	mg/kg	8.5	846.7	345.3	3.1	0.8		4		864.8	
6805	マコト温泉	第1号源泉	愛媛県	33.97758625665767	132.77181922663496	2004	22.5	mg/kg	7.4	25430	7034	894.9	789.2		13070	1700	103.7	
6806	(高知市)	(廿代町)	高知県	33.56249958220376	133.53777619293484	1970	11.5	mg/kg	6.7	241	20.9	10.42	7.539		12.77	3.004	155.6	
6807	円行寺温泉		高知県	33.59302470653915	133.50366235424644	1978	17	mg/kg	8.6	58	21	12.65	2.56		6.3	6.256	79.81	
6808	(高知市)	(入明町)	高知県	33.56672322277556	133.5321466109023	1979	18	mg/kg	8.1	470	7.4	0.1	1.7		26.1	21.9	385.6	
6809	(高知市)	(横浜)	高知県	33.52805708587531	133.5544484827624	1989	25.4	mg/kg	7.8	24.55	3750	5120	170.1		15110	288.9	30.5	
6810	(安芸市)	(大野川渓谷)	高知県	33.62273365220034	133.92249096537088	1968	13	mg/kg	7.4	223.6	76	27.78	4.8		17.02	26	244.6	
6811	(安芸市)	(大野)	高知県	33.62271339780356	133.92235923539658	1979	20	mg/kg	8.6	1030	375	1.3			62.6		744.4	
6812	(安芸市)	(大町)	高知県	33.6228729057037	133.92251746929034	1980	16	mg/kg	8.3	420	148	12	1.2		30.5	9.1	299	
6813	(須崎市)	(桑田山)	高知県	33.43122077332306	133.2799568613576	1972	20	mg/kg	8.9	223	72.98	5.165	0.022		7.447	3.786	160.4	
6814	(四万十市)	(栗ノ木山)	高知県	33.00626192595691	132.93615631179668	1971	16	mg/kg	8.6	199	0.876	0.812	0.51		7.518	10.21	160.9	
6815	(四万十市)	(右山)	高知県	32.981113508624475	132.94417656080896	1986	29	mg/kg	8.7	9360	3500	67	135.7		5538	83.6	610.2	
6816	(四万十市)	(安並)	高知県	33.008969207379714	132.9392335753944	1988	21.1	mg/kg	9.2	440	195	0.9	0.7		53.2	18.6	229	
6817	(土佐清水市)	(足摺岬)	高知県	32.72638644393191	133.0069345135323	1990	23.1	mg/kg	8	130	20.5	13	4.7		22.7	9.1	53.4	
6818	(北川村)	(小島)	高知県	33.49822713652121	134.1000577476518	1972	18	mg/kg	8.3	1632	650.4	1.403	1.094		247.7	8.519	1251	
6819	(馬路村)	(馬路)	高知県	33.556263205135	134.0492793876883	1977	14.8	mg/kg	8.3	2453	836	5.121	0.676		357.5	1.605	16619	
6820	(馬路村)	(馬路)	高知県	33.55626303831625	134.0492139528032	1977	15.7	mg/kg	8.3	2146	748	3.34	0.946		312.9	1.564	1459	
6821	(馬路村)	(魚梁瀬)	高知県	33.613610177809775	134.11055258423843	1989	19.3	mg/kg	8.5	520	201.3	7.8	1.7		11.8	45.3	402.8	
6822	(芸西村)	(西分)	高知県	33.52194225674242	133.7855507125895	1988	29.2	mg/kg	8.9	800	280	4.2	0.9		264.4	1	70.2	
6823	(土佐山田町)	(間)	高知県	33.61889007952904	133.72917270567117	1989	26.4	mg/kg	9.4	360	137.5	1.2	0.2		6.9	4.1	70.2	
6824	別府温泉		高知県	33.76440496300956	134.03620389158203	1979	17.5	mg/kg	9	740	250	3.6			184.6	2.1	260.8	
6825	(物部村)	(笹)	高知県	33.74900175905039	133.89802152251033	1987	16.5	mg/kg	8.5	260	101	6.4	1.1		26.8	11	166.3	
6826	(物部村	(別府)	高知県	33.76384034958084	134.0304088567046	1989	20.9	mg/kg	9.2	450	166	1.6	0.5		42.4	7.8	177	
6827	(本山町)	(下関)	高知県	33.80613078026481	133.61704109166922	1989	13.9	mg/kg	8.3	110	14.3	19.2	0.9		4.9	18.9	68.6	
6828	(いの町)	(中追)	高知県	33.607778823499835	133.3797241133219	1976	17.3	mg/kg	8.7	117.5	30.8	6.323	2.593		4.344	11.93	82.37	
6829	(いの町)	(中追)	高知県	33.60555547230994	133.37305286111678	1984	14.5	mg/kg	8.4	120	29.2	2.2	6.5		4.7	9	88.5	
6830	(越知町)	(越知)	高知県	33.527050719786864	133.2490255674513	1990	19.4	mg/kg	9.4	170	51.2	3.6	0.5		7.3	9	36.6	
6831	松葉川温泉		高知県	33.31286885137332	133.07132007986948	1978	11	mg/kg	9.5	192	78.1	1.507	0.522		2.213	1.893	133.5	
6832	(檮原町)	(松原)	高知県	33.31750142067757	132.97111631638103	1974	16.1	mg/kg	8.6	148	30.5		18.01		6.38	5.62	115	
6833	(中土佐町)	(大野見竹原)	高知県	33.33472006825226	133.10665865743596	1971	19.3	mg/kg	8.33	189	60	5.611	0.73		4.26	0.988	150.3	
6834	(中土佐町)	(大野見桑ノ又)	高知県	33.38000039970831	133.1547244238045	1970	17	mg/kg	8.02	124	23.5	9.619	2.918		4.26	4.28	89.88	
6835	(津野町)	(北川札向)	高知県	33.37777700275774	133.0119388494806	1973	18.5	mg/kg	8.7	188.7	57.5	7.207	1.215		9.945	9.506	136.3	
6836	(津野町)	(北川桂谷)	高知県	33.40388815913518	132.99194028516837	1976	14.5	mg/kg	8.9	133.5	32.5	13.95	2.593		4.706	12.43	104.5	
6837	(津野町)	(樺の川)	高知県	33.446108323887664	133.229432330326	1973	17.5	mg/kg	8.7	182	53.21	8.119	1.57		4.97	4.198	139.5	
6838	(津野町)	(姫野々)	高知県	33.43861468719985	133.2169578356815	1970	19	mg/kg	8.3	2110	630	8.8	4.4		641.6	4	429.4	
6839	挙の川鉱泉		高知県	33.13711787902292	133.12506635763071	1969	18	mg/kg	10.3	320	100	0.802	0.686		7.092	7.757	106.8	
6840	(佐賀町)	(野瀬)	高知県	33.16305775229905	133.1397279184649	1973	20	mg/kg	8.7	144	46.5	5.605	1.215		9.602	9.712	106	
6841	(佐賀町)	(鈴)	高知県	33.11333148713225	133.14693742653643	1975	20.9	mg/kg	9.6	145.5	58	0.881	0.458		11.03	4.549	87.32	
6842	(大正町)	(江師)	高知県	33.215279685977684	132.9713956981156	1967	16	mg/kg	8.2	172	8.65	8.818	1.654		7.092	5.144	40.882	
6843	(大方町)	(伊田)	高知県	33.03416840719778	133.07806107934172	1976	25	mg/kg	8.7	531.3	215	1.518	1.711		24.61	47.08	454.8	
6844	(十和村)	(井崎)	高知県	33.2152768607985	132.8305505031802	1977	18.6	mg/kg	9	275	103.4	0.436			7.787	5.658	206.6	
6845	(十和村)	(十川)	高知県	33.23063132771358	132.84697643005154	1980	18.7	mg/kg	8.6	490	176	1.6	1.9		39.1	0.5	383.5	
6846	(四万十市)	(西土佐用井)	高知県	33.171110315561805	132.79443996996318	1979	17.5	mg/kg	8.5	290	94	13.2	5.9		7.1	16.4	289.4	
6847	(津野町)		高知県	33.439170777041134	133.21445874358182	1986	17.8	mg/kg	8.4	1120	505	9.2	4.4		536.1	5.8	421	
6848	佐賀温泉		高知県	33.13725602441757	133.12506560980376	1971	17.3	mg/kg	9.1	241	84.78	0.812	0.532		9.787	9.795	171.9	
6849	(高知市)	(新屋敷)	高知県	33.56530299499356	133.52398800618636	1993		mg/kg		944	398	7.2			483.6	9.1		
6850	(いの町)	(中追)	高知県	33.60555222454379	133.3730970559395	1978	16.3	mg/kg		115	18.4	14.95	4.8		7.73	11.93	91.59	
6851	(梼原町)	(上西ノ川)	高知県	33.381391010254404	132.86389591740974	1979	13	mg/kg		140	26.5	21.6	3.8		7.1	19.3	104.6	
6852	(四万十市)	(佐岡)	高知県	32.99572050931357	132.94303636283416	1979	19.5	mg/kg		420	160	1.6	3.3		102	6.8	274.2	
6853	(安芸市)	(大井甲)	高知県	33.55580420990706	133.93972155498557	1982	18	mg/kg		330	83	12.6	2.1		5.7	6.6	290.7	
6854	(馬路村)	(魚梁瀬)	高知県	33.61333289927701	134.11055492945306	1983	15.7	mg/kg		250	80	1	0.3		3.6	9.8	79.3	
6855	(室戸市)	(元)	高知県	33.30666631356654	134.13083149180224	1984	25.2	mg/kg		1890	760	0.8	1.9		14.9		1532	
6856	(須崎市)	(上分)	高知県	33.39527595314286	133.2099917454477	1986	17.5	mg/kg		140	29	11.7	1.8		1.9	8.2	93.1	
6857	(津野町)	(姫野々)	高知県	33.441110326249444	133.21083042352686	1986	17.8	mg/kg		1120	505	9.2	4.4		536.1	5.8	421	
6858	(本山町)	(上関)	高知県	33.783614662162876	133.6172352657207	1987	11.2	mg/kg		120	24	18.4	1.7		6.3	14	100.7	
6859	(物部村)	(笹2)	高知県	33.748890696555634	133.89817582866246	1987	16.5	mg/kg		260	101	6.4	1.1		26.8	11	166.3	
6860	(芸西村)	(西分甲)	高知県	33.5219451819768	133.78556149514475	1988	29.2	mg/kg		800	280	4.2	0.9		264.4	1	70.2	
6861	馬荷温泉		高知県	33.05944506005214	132.97861492062458	2002	17.4			283	96	2.2	0.1		21.3	8	183	
6862	荒磯温泉		島根県	34.75722008167593	131.88860350747004	1957	17.2	mg/kg	6.9	341.4	45.89	92.54	23.17		118	26.2	12.69	
6863	大谷温泉		島根県	34.64772120031186	131.8741505015298	1959	14.1	mg/kg	2.4	3442.6	6.336	203.1	47.3		116.2	2269		
6864	津和野温泉		島根県	34.457776371488436	131.75749408829577	1961	16.5	mg/kg	6.2	2972.5	695.2	374.9	3.451		893.6	9.884	1219	
6865	津和野温泉		島根県	34.44972035404108	131.76110476693503	1961	16.5	mg/kg	6.37	7235.1	1728	808.6	8163		2821	25.47	1680	
6866	津和野温泉		島根県	34.45833107811051	131.7705475124575	1964	19.5	mg/kg	6.2	1537	328	102	29.55		627.2	16.01	240.9	
6867	竜宮温泉		島根県	34.682989364593695	131.8063095532453	1965	23	mg/kg		235.5	117.5	25.57	4.3		28.33	33.75		
6868	柿木温泉		島根県	34.43582551420927	131.8656840727632	1965	27	mg/kg		4089	766.4	74.94	244.5		1043	19.66	606.7	
6869	柿木温泉木部谷温泉		島根県	34.42916224785933	131.89578590087365	1970	19.5	mg/kg		5253	1315	397.9	50.86		1789	5.4	2288	
6870	(浜田市)	(三隅町岡見)	島根県	34.77166630530479	131.9133307442219	1973	13.1	mg/kg		1516	112.2	101.5	117.9		169.4	743.4		
6871	六日市温泉		島根県	34.35472100745229	131.9369397056576	1975	24.15	mg/kg		651	207.6	35.34	3.132		244.9	8.803	266.8	
6872	津和野温泉	元湯	島根県	34.466111213186004	131.77250099079382	1976	18.7	mg/kg		8430	2386	498.5	155.9		3353	45.88	2982	
6873	六日市温泉		島根県	34.355279029933506	131.93722652059932	1993	23.3	mg/kg	7.97	0.661	195.7	32	1	0.5	238.9	0.2	230	
6874	(吉賀町)	(吉賀町六日市)	島根県	34.356939996053285	131.93804064906067	1995	37	mg/kg	7.7	0.723	227.9	41.6	1.2	0.4	297.8	0.2	225.6	
6875	みろく温泉		島根県	34.35583350214093	131.93694491187355	1995	28.8	mg/kg	7.7	0.69	218.9	34.4	1.1	0.2	262.9	0.4	231.8	
6876	持世寺温泉	杉野泉	山口県	34.0316705026305	131.25862503646692	1991	25.8	mg/kg	7.93	210	49	12.95	0.36		39.05	10.63	97.63	
6877	持世寺温泉	菊泉	山口県	34.03221941802668	131.25971260215462	1991	35	mg/kg	8.89	255	76	5			71.71	5.42	30.51	
6878	持世寺温泉	上の湯	山口県	34.032776372816585	131.25971545235444	1991	40.1	mg/kg	8.91	262	81.5	3.4			75.26	5.42	30.5	
6879	霜降山鉱泉		山口県	34.01351448461769	131.2702845892056		15.1	mg/kg	5.1	66	6.7	1	1		9.8	6.1	4.7	
6880	湯田温泉	市有9号泉	山口県	34.16472456645838	131.45862022533044	1961	28.5	mg/kg	7.4	314.5	82.43	11.81	1.225		64.56	15.36	119.8	
6881	湯田温泉	湯田温泉配給協同組合第7号	山口県	34.16444420326147	131.4508341607127	1967	44.7	mg/kg	9.18	624.9	202.3	10.87	0.53		244.2	17.47	57.29	
6882	宮野温泉	農協3号泉	山口県	34.2207678129666	131.51244855606956	1964	26.6	mg/kg	9.5	210.5	68.01	3.164	0.453		27.63	19.57	81.26	
6883	宮野温泉		山口県	34.17526846831778	131.45304844439593	1973	27	mg/kg	8.12	108.8	11.65	21.06	1.305		9.145	6.143	75.24	
6884	長沢温泉	長沢温泉1号泉	山口県	34.070882966970075	131.4655023750818	1964	17.2	mg/kg	6.1	91.67	14.39	2.928	1.06		107.3	4.827	32.56	
6885	長沢温泉	長沢温泉3号泉	山口県	34.070559395038046	131.4650120711914	1969	18	mg/kg	6.28	95.18	14.17	4.947	0.259		9.846	2.085	37.16	
6886	王司温泉		山口県	34.05222205866741	130.99861095108076	1975	29	mg/kg	7.92	590.3	91.3	93.69	0.031		277.8	22.27	32.51	
6887	湯谷温泉	吉村1号泉	山口県	34.10775773368788	131.09943772932755	1960	20.5	mg/kg	8.6	165.8	39.99	12.69	0.35		35.51	9.238	67.1	
6888	湯谷温泉	吉村2号泉	山口県	34.10777678676647	131.0994396318932	1961	22.5	mg/kg	8.4	157.3	36.37	11.45	0.45		34.02	7.837	63.98	
6889	湯谷温泉	組合泉	山口県	34.10777989887485	131.09861793512107	1962	21	mg/kg	8.5	185.8	43.63	9.672	0.812		43.15	8.704	60.52	
6890	吉見温泉		山口県	34.08249985965052	130.9175003366637	1970	24.5	mg/kg	9.58	168.6	45.73	1.469	0.256		14.44	5.941	82.67	
6891	吉見温泉	松永泉	山口県	34.08222282597408	130.9150042919706	1970	31	mg/kg	9.4	166.3	36.9	2.942	1.875		13.1	19.67	89.65	
6892	持世寺温泉	上の湯4号泉	山口県	34.03333259321026	131.2599978389813	1968	40	mg/kg	8.85	274.4	89.26	5.299	0.247		93.6	3.948	63.43	
6893	持世寺温泉	菊泉ホテル2号泉	山口県	34.03222167725987	131.25972047541754	1969	38.8	mg/kg	9.09	229.4	76.71	6.522	0.376		70.65	2.248	57.18	
6894	鶴の湯温泉	河野泉	山口県	34.4108325784194	131.40110929987773	1959	16.5	mg/kg	6.9	409.1	62.81	42.54	10.46		70.05	43.99	188.8	
6895	萩の井温泉	角屋泉	山口県	34.417222266413596	131.3930577199913	1960	18	mg/kg	8.6	403.6	143.4	2.398	0.088		129.6	22.87	140.1	
6896	楽天地温泉	萩市有泉	山口県	34.444849519261474	131.41541689717027	1961	16.5	mg/kg	7	161.8	20.91	12.63	2.506		30.22	10.67	36.66	
6897	指月温泉	上利泉	山口県	34.414168175474956	131.38028346675145	1969	17	mg/kg	7.4	14661	3846	536.5	589.2		76.85	1890	106.9	
6898	湯野温泉		山口県	34.09166853259769	131.67444988731057	1958	26	mg/kg	9.2	653.3	221.3	29.57	0.344		3273	14.93	42.69	
6899	湯野温泉	市有3号泉	山口県	34.09352338309684	131.67491230814534	1969	32.5	mg/kg	9.08	644.1	219.8	31.83	1.024		342.5	2.411	38.14	
6900	徳山ラジウム温泉	近間泉	山口県	34.05138806005544	131.80694003257062	1964	17.6	mg/kg	6.6	176.3	15.99	20.92	5.086		24.34	5.279	61.93	
6901	丸福温泉	丸福泉	山口県	34.05260207513889	131.8107738929718	1967	18.5	mg/kg	6.97	155.3	17.58	18.14	2.563		26.56	8.367	63.67	
6902	長沢温泉	農協1号泉	山口県	34.07086561103006	131.46545770358972	1964	16.5	mg/kg	5.8	54.49	6.329	2.37	1.105		6.904	4.256	12.4	
6903	江汐温泉	牛丸泉	山口県	34.033334106799465	131.18572084119296	1968	18	mg/kg	7.81	613.9	164.4	41.4	2.081		279	3.333	88.92	
6904	三島温泉	三村泉	山口県	33.98841506978818	131.95567368403255	1960	18	mg/kg	7.5	1600	395.5	125.1	22.64		723.2	124.9	121.8	
6905	俵山温泉	町の湯	山口県	34.29139009205096	131.10139271317232	1958	41.5	mg/kg	9.8	191.3	48.41	1.188	0.692		20.01	18.33	26.77	
6906	俵山温泉		山口県	34.29194070538707	131.10220993246838	1962	38.5	mg/kg	9.7	191.8	52.16	2.033	0.116		15.19	15.58	51.93	
6907	俵山温泉		山口県	34.292781187721644	131.10279008723703	1970	32	mg/kg	9.68	195	46.86	1.678	0.789		10.75	13.78	82.66	
6908	湯本温泉	長門市有2号泉	山口県	34.32666664887821	131.17194245365127	1962	32	mg/kg	9.6	177.3	41.01	5.375	0.328		13.21	15.86	47.33	
6909	青海島温泉	小田2号泉	山口県	34.40416909245931	131.18834126656705	1963	18	mg/kg	7.4	290.5	47.14	40.44	5.014		74.89	19.81	130.1	
6910	宗方楠原温泉	斎藤泉	山口県	34.05291004226683	131.23340196687167	1961	19	mg/kg	8.3		34.78	32.52	1.213		35.89	7.647	103.7	
6911	宗方(舟木)温泉	三藤泉	山口県	34.047774734141775	131.22720878509665	1972	23.5	mg/kg	8.48	186.4	56.59	8.234	0.062		45.55	4.083	75.34	
6912	高佐温泉	天野泉	山口県	34.47453044508675	131.61396276972775	1972	17	mg/kg	7.88	256.8	69.76	19.35	3.745		22.96	13.99	181.5	
6913	湯免温泉	三隅町有3号泉	山口県	34.3595731274978	131.26040991322887	1958	33.5	mg/kg	9.6	272.4	68.01	4.009	0.219		51.96	27.11	11.36	
6914	黄波戸温泉	日置村有泉	山口県	34.39505795019293	131.13782407650422	1971	19.9	mg/kg	9.17	212.5	66.35	5.884	0.089		49.95	19.01	63.95	
6915	寂地(そうづ峡)温泉	錦町有泉	山口県	34.313685300607865	131.98913402144035	1970	21	mg/kg	7.41	503.9	162.5	16.78	3.824		78.26	4.208	356	
6916	三丘温泉	熊毛町有1号泉	山口県	34.03507869696863	131.98782089730662	1956	38.5	mg/kg	8.7	290.4	81.56	11.26	0.534		101	1.624	21.17	
6917	三丘温泉	熊毛町有2号泉	山口県	34.03111165309994	131.99583576547823	1958	18	mg/kg	6.8	135.6	11.11	22.98	2.638		10.53	9.895	89.93	
6918	三丘温泉	熊毛町有3号泉	山口県	34.03508232019715	131.9939529254638	1969	35	mg/kg	8.74	248.4	82.99	12.05	0.541		101.8	3.775	50.86	
6919	呼鶴温泉	藤井泉	山口県	34.04643678263281	131.96914132462683	1968	19	mg/kg	7.6	125.2	23.13	16.48	1.025		14.34	3.218	82.77	
6920	島地温泉	徳地町有泉	山口県	34.15878868518964	131.70348493015018	1958	15	mg/kg	6.6	47.6	5.497	3.304	0.271		6.951	1.777	11.04	
6921	川棚温泉	町有2号泉	山口県	34.137777319113596	130.93777541077574	1963	27.3	mg/kg	7.9	137.2	20.37	8.915	0.987		13.51	14.69	52.21	
6922	大河内温泉	山本2号泉	山口県	34.214166257672545	130.94916401643397	1964	31.3	mg/kg	9.2	180.8	53.39	2.818	0.366		15.47	8.651	93.75	
6923	華山温泉	吉村泉	山口県	34.17561748197305	131.0713142945226	1965	17.3	mg/kg	8.2	1246	468.5	3.159	1.661		31.67	1.057	1188	
6924	華山(一の俣)温泉	組合1号泉	山口県	34.261240450042216	131.05814765710826	1965	27.7	mg/kg	8.8	216	65.32	1.578	1.25		14.93	20.12	117.7	
6925	津波敷温泉	中村泉	山口県	34.265831395562834	130.8966603075756	1969	16	mg/kg	6.66	239.4	30.89	22.41	12.6		48.22	18.19	108	
6926	(下関市)	(滝部)	山口県	34.287941971372604	130.9501992982138	1972	21	mg/kg	9.7	198.1	51.31	2.105	0.044		21.05	12.79	106.6	
6927	(山口市)	(小郡)	山口県	34.09193819961233	131.39332801388906	1964	18	mg/kg	7.8	403	121.9	17.03	3.948		120.2	22.83	150	
6928	吉見温泉		山口県	34.08249860011449	130.91527235489335	1953	30	mg/kg	9.5	150.2	28.41	2.185	0.18		6.664	12.71	53.05	
6929	王司温泉		山口県	34.052187739055114	130.99871129314903	1958	30.3	mg/kg	8.1	696.9	193	71.04	1.16		384	51.46	5.064	
6930	湯谷温泉		山口県	34.108060115976556	131.09890355782665	1961	22.5	mg/kg	8.4	157.3	36.37	11.45	0.45		34.02	7.837	63.98	
6931	湯谷温泉		山口県	34.10798681502573	131.09888233948286	1962	21	mg/kg	8.5	185.8	43.63	9.672	0.812		43.15	8.704	60.53	
6932	湯谷温泉		山口県	34.10776638936126	131.09946393843092	1962	22.5	mg/kg	8.5	152.8	36.23	11.89	0.613		34.03	9.218	60.52	
6933	川棚温泉		山口県	34.13722072478225	130.93805202713574	1953	45	mg/kg	8.3	1689	356.3	384	0.645		1042	49.28	2.044	
6934	川棚温泉		山口県	34.137502392044	130.93834129769158	1953	38	mg/kg	8.4	1799	333.6	272.1	0.18		860.6	46.7	3.484	
6935	川棚温泉		山口県	34.13722193070057	130.93916653462543	1954	34.5	mg/kg	8.5	2351	349.1	341.5	2.831		1071	68.31	8.36	
6936	川棚温泉		山口県	34.13694483116085	130.9388933060594	1957	39.5	mg/kg		1984	356.4	370.2	2.495		983.4	65.55	1.586	
6937	川棚温泉		山口県	34.13721977384688	130.9386016226112	1957	40.8	mg/kg		2017	335.4	357.7	2.597		1026	71.39	2.44	
6938	川棚温泉		山口県	34.13970924015314	130.93698573959776	1963	26	mg/kg	7.2	1974	374.3	320.1	0.792		1072	71.42	18.89	
6939	大河内温泉		山口県	34.21388871764673	130.9491672341625	1955	29	mg/kg	9.3	165.1	48.92	2.659			17.76	14.6	92.08	
6940	湯本温泉		山口県	34.327221016689265	131.16194015874646	1953	26	mg/kg	7.6	212.7	42.62	6.553	0.167		17.04	14.96	77.6	
6941	湯本温泉		山口県	34.32916898298591	131.17250826178386	1956	39.5	mg/kg	9.8	170.3	36.98	2.103	0.315		33.78	20.79	17.09	
6942	湯本温泉		山口県	34.326666544140586	131.17444163303475	1960	28.5	mg/kg	9.5	146.3	36.23	5.984	0.033		14.57	18.69	23.6	
6943	湯本温泉		山口県	34.33055144600916	131.17025866560792	1962	26	mg/kg	9.6	1748	40.99	4.082	0.267		10.65	17.02	51.64	
6944	俵山温泉		山口県	34.28360878694156	131.10693469485366	1955	21.5	mg/kg	9.5	178.3	46.76	2.818	0.318		16.16	18.28	83.63	
6945	青海島温泉		山口県	34.402777238274325	131.185552781382	1963	18	mg/kg	7.4	290.4	47.14	40.44	5.014		74.89	19.81	130.1	
6946	(萩市)	(吉田町)	山口県	34.41333468686614	131.40361734689725	1957	16.4	mg/kg	7.9	190.3	45.91	7390	2.344		51	5.691	68.34	
6947	(萩市)	(土原)	山口県	34.41500279345327	131.40695474779548	1960	18.5	mg/kg	7.1	9091	1844	1034	193.3		4813	463.7	182.1	
6948	(美弥市)	(於福上)	山口県	34.23886543540369	131.20584922179313	1955	25	mg/kg	7.7	80.1	6.255	33.06	5.085		8.783	14.11	73.04	
6949	(山陽小野田市)	(鴨庄)	山口県	34.07555772094079	131.16778372532576	1952	23	mg/kg	7.4	167.6	21.14	5.613	0.503		31.28	29.56	3.356	
6950	宗方楠原温泉		山口県	34.052959884815536	131.2335194060688	1961	19	mg/kg	8.3	190	34.71	32.52	1.213		35.89	7.647	103.7	
6951	(宇部市)	(中山)	山口県	33.984656232679725	131.24397381505423	1958	18	mg/kg	7	217.3	33.01	25.38	0.186		23.97	15.23	139.2	
6952	(山口市)	(宮野上湯本)	山口県	34.22076693053477	131.51231344378422	1952	28	mg/kg	8.4	190.3	45.29	2.89	0.593		26.96	13.61	76.29	
6953	(山口市)	(宮野上岩川)	山口県	34.22083188605607	131.5123951286135	1953	25.5	mg/kg	9.4	187.5	61.49	4.028	0.14		39.09	5.344	52	
6954	(山口市)	(宮野上)	山口県	34.22277853174612	131.5119468320798	1953	21	mg/kg	6.5	68.98	5.177	10.73	0.227		5.252	4.665	28.2	
6955	(山口市)	(宮野上湯本)	山口県	34.22081742851485	131.5124510401198	1954	26	mg/kg	8.4	180.3	47.44	2.496	0.022		14.05	5.588	48.69	
6956	阿知須温泉		山口県	34.01576625572626	131.32293948929296	1954	19.5	mg/kg	8.2	185.3	15.29	27.52	0.438		10.65	11.9	97.02	
6957	(山口市)	(秋穂東筈倉東)	山口県	33.99306073719578	131.4358319222816	1963	16.5	mg/kg	5.5	95.65	14.93	2.606	1.52		22.53	4.407	5.357	
6958	(山口市)	(秋穂東筈倉西)	山口県	33.99305846437481	131.4358418742862	1963	16	mg/kg	6.4	109.8	15.41	5.229	1.823		26.55	4.419	9.958	
6959	(山口市)	(小郡下郷)	山口県	34.09194238151113	131.39332712354087	1964	18	mg/kg	7.8	403	121.9	17.03	3.948		120.2	22.83	150	
6960	(阿東町)	(徳佐中)	山口県	34.39832998349111	131.71748846334495	1961	14	mg/kg	4.7	98.2	10.34	8.156	2.125		35.04	0.163	24.14	
6961	湯野温泉		山口県	34.093523152479314	131.67483570663543	1957	32.6	mg/kg	9.8	110.1	59.45	3.545	0.286		21.86	12.76	26.91	
6962	湯野温泉		山口県	34.093586797531856	131.6748397805444	1958	27.8	mg/kg	9.2	663	27.74	20.6	0.31		345.2	17.39	3.961	
6963	(周南市)	(久米)	山口県	34.040831933006444	131.85055117745364	1960	16.5	mg/kg	7.2	95.16	10.78	15.32	3.682		19.53	3.414	66.68	
6964	火の山	福田泉	山口県	33.96861099409232	130.9622800812822		15.7	mg/kg	6.1		17.3	17.1	2.6		17.5	12.7	58.8	17.7
6965	日の出	吉本県有泉	山口県	33.944992876567554	130.91733453933148		32.5	mg/kg	7.7		132.8	87.4	20.9		182.8	99.4	321.7	14.3
6966	稗田	青木泉	山口県	33.99614361579763	130.92989434059774		17	mg/kg	6.8		43.2	60.5	22.4		67.8	10.7	293.9	25
6967	片倉		山口県	33.97293919567012	131.29884488244522		24											
6968	江の尻	岩崎泉	山口県	33.98447677522244	131.18127025712485		17	mg/kg	7.3		310.3	16.1	1.9		26.9	271.4	515.9	38.7
6969	三島	三村泉	山口県	33.98846914562994	131.9557281483248		18	mg/kg	7.5		395.5	125.1	22.6		723.2	124.9	122.1	26
6970	秋穂		山口県	33.99329996818708	131.43591340602794		16.9	mg/kg	5.9		82.1	3.7	1.9		22.7	6.2	14.5	21.8
6971	寺迫	邦寿泉	福岡県	33.8489396021589	130.9284814886819		16.4	mg/kg	6.6		11.2	17	3.4		14.6	1.6	74.9	46.3
6972	清麿		福岡県	33.849565574865466	130.91147801272294		24	mg/l			36.2	12.7	16.6		15.9	21.6	233.4	145.4
6973	松崎	宏泉	福岡県	33.63600392848526	130.44391426510745		18.3	mg/kg	7.3		315.1	2.8	1.4		85.3	136.4	536.7	34.6
6974	博多	奥博多温泉	福岡県	33.546881129734196	130.43246815895586		48	mg/kg	7		930.5	809	1.2		2690	226.3	30.6	28
6975	福岡	しらさぎの湯	福岡県	33.53802695878541	130.32264709552277		16.7	mg/kg	6		420.1	455.5	52.4		834.6	31.6	1368.1	71.6
6976	椎原	湯の野湯	福岡県	33.471209546529586	130.34933460428778		28.1	mg/kg	9.7		52.6	1.4			11.5	1	96.1	30.6
6977	早良	馬立ての湯	福岡県	33.50445704354033	130.33313018818782		26.2	mg/kg	9.7		51.6	1			18.7	10.5	69.6	36.7
6978	須崎	福春泉	福岡県	33.75123368105381	130.72646041447246		17.6	mg/kg	8.2		295.5	10.1	0.3		203.1	49.8	408.9	29.2
6979	久留米	龍神湯	福岡県	33.30936915279708	130.5301476848877		34.5	mg/kg	9.5		102.5	0.7			7.1	2.1	254.4	26.4
6980	伊川	第2号泉	福岡県	33.64777017938665	130.64639599000554		16.7	mg/kg	6.3		16	7.5	1.6		26.2	1	31.9	41.9
6981	岩屋	第1号泉	福岡県	33.6717341466921	130.81790203955242		28.1	mg/kg	8		88.4	43.4	4		126.3	26.3	138.1	28.5
6982	柳川	第3号泉	福岡県	33.157001472931846	130.3988272631972		49.4	mg/kg	7.8		947	7.7	4.1		1080		823.5	33.4
6983	熊ケ畑	山田市いこいの家	福岡県	33.540983173344216	130.78592286147358		16.5	mg/kg	6.8		10	17.5	6.5		19.9	18.5	61.2	12.7
6984	秋月	こじ足の湯	福岡県	33.47221512745714	130.68912384060883		19.8	mg/kg	6.5		8.5	9	1		10.7	6.6	31.6	18.3
6985	大川	田中整形外科	福岡県	33.20429241757645	130.40428335817472		17.5	mg/kg	7.7		251.2	1.2	5.2		42.4	28.2	616.4	44.8
6986	二日市	清泉閣	福岡県	33.490812202665815	130.51482659381418		48	mg/kg	8.4		245.6	9.6	0.3		243.9	33.1	199.5	44.9
6987	船小屋	第3号泉	福岡県	21.720022958785307	85.42126767821891		19.9	mg/kg	5.5		15	24.7	15.3		29.6	40.8	193.9	34.4
6988	前原	前原町役場	福岡県	33.5068761693601	130.2052756011495		20	mg/kg	7.2			8.4			9.8	4.5		
6989	鶴川	鶴川温泉	福岡県	33.822442859301084	130.51518804493668		20.4	mg/kg	7.2		1226	1460	45.3		4309	313	130.1	15
6990	脇田	脇田湯	福岡県	33.69248865171496	130.59035132852082		27.7	mg/kg	9.3		37	2.2	0.2		10.4	15	56.8	32
6991	大隈	第1号泉	福岡県	33.54359872792095	130.76079498952328		18.2	mg/kg	7.9		22.2	20.9	4.2		10.6	5.7	117.5	0.4
6992	大力		福岡県	33.52323338102729	130.70232652034858		24											
6993	二瀬	日鉄鉱業二瀬坑内湧水	福岡県	33.63802039244544	130.6720336746714		42.4	mg/kg	9.9		86.6	1.9	0.2		77.2	17.4	112.1	43.3
6994	椿	椿の湯	福岡県	33.6185019025071	130.6627846891494		32.5	mg/kg	8.2		697.1	99.8	7.6		29.9	1266	548	30.2
6995	星丸		福岡県	33.37433831367775	130.83330244562674		25.5	mg/l	8.3		195.2	5	0.3		97.6	3.4	305.4	29.5
6996	林田		福岡県	33.363914198923275	130.82767361090154		21.8	mg/kg	8.2		64.8	18	1.3		6.8	2.3	138.3	18.9
6997	原鶴	寿泉	福岡県	33.350944809021314	130.78066690567178		55.2	mg/kg	8.3		300.2	2.4	0.3		183.7	7.3	366.7	44.8
6998	志摩	国民宿舎	福岡県	33.593705059602854	130.10892890011544		16.4	mg/l	6.2		25.4	9.9	3.3		39	0.3	45.8	69.9
6999	吉井	飯田邦	福岡県	33.35152652596305	130.77564378989345		47.3	mg/kg	8.8		273.7				172.7	47.3	364.2	54.5
7000	片の瀬	鯉の湯	福岡県	33.35294792473556	130.6351566893853		35.5	mg/kg	8		383.1	14.7	5.2		397	0.4	411.3	22.5
7001	筑後川	桑の湯	福岡県	33.35893782208907	130.807362101608		34.9	mg/kg	8.8		57.7	1.8	0.2		20.1	9.1	111.2	23.2
7002	日比生	日比生温泉	福岡県	33.33910956945478	130.61808720647238		32.3	mg/kg	7.4		145.7	11	5.1		52.5	0.5	390.8	82.7
7003	日向神	渓仙荘	福岡県	33.176825435151024	130.7659793430298		25	mg/kg	9.1		15.5	6.6	0.3		3.9	5.7	51.3	22
7004	星野	老人福祉センター池ノ山	福岡県	33.25112968308148	130.75675093331253		25.5	mg/kg	9		47.1	2.7	0.8		6.1	11.6	110.2	12.4
7005	柿下	蔵園湯	福岡県	33.65412073971182	130.86147289474252		17.8	mg/kg	6.5		10.3	8.6	1.6		9.7	7	40.8	24
7006	添田		福岡県	33.49061473104989	130.90870804039488		19.8	mg/kg	8.5		228.1	1.6	0.9		9.8	3.2	589.1	38
7007	川崎	田川ラジウムランド真崎	福岡県	33.56686252373272	130.81218043180863		10.4	mg/kg	6.8		10	15	4		11.9	27.8	29.3	24.1
7008	平松	平松鉱泉	佐賀県	33.241241432770146	130.27599412398854		18.2	mg/l										68.6
7009	下野	江嵜源泉	佐賀県	33.34590056645107	130.52830237747372		25.5	mg/l	8.9		130	2.7	0.5		129.7	2.9	115.7	8.8
7010	伊万里	ホテルみなと源泉	佐賀県	33.27456195981556	129.8729183246494		21	mg/l	8.1		841	2.1	1		569	3.7	1250	14.3
7011	波多津	伊万里市源泉	佐賀県	33.317500025180316	129.8583997317709		18	mg/l	8.1		120	19.7	8.2		73.3	17.2	269	26.4
7012	若木	新若木	佐賀県	33.24691977427109	129.97980767373505		28.8	mg/l	8.4		277.1	0.8	0.6		5.7	2.9	691.7	24.3
7013	中野	中野温泉	佐賀県	33.225381129882365	130.03038933944188		19	mg/l	7.2		157.1	4.6	3.1		4.8	3.1	506.1	40
7014	武雄	春慶屋	佐賀県	33.19575266150354	130.01462680868082		49	mg/l	8.7		156	1	0.4		60.9	4.4	344.1	
7015	西川登		佐賀県	33.131628318801035	129.9898482361355		44	mg/l	7		442.6	30.5	2.8		151.2	2.4	1075.7	51.6
7016	鹿島	鹿島鉱泉	佐賀県	33.09879589742272	130.1178834046041		16.5	mg/l	8.2		356	3.1	9.7		106	7.2	763	
7017	浅浦	浅浦温泉	佐賀県	33.091353495988876	130.06749582385643		23	mg/l	8.5		281	0.3	1.4		3.6	2.7	740.6	
7018	平谷	平谷温泉	佐賀県	33.00650896844209	130.0624117902052		28	mg/l	7.3		34.8	16.6	8.5		3.8	6.1	190	
7019	川上峡	大和町第一(町福祉センター)	佐賀県	33.32252401885816	130.27028054719565		21.5	mg/l	7		425.6	317.6	107.5		179.4	4.1	2454.9	98.1
7020	熊の川	熊の川荘	佐賀県	33.366170114044806	130.24084611945725		32	mg/l	8.5		42.1	5.4	1.2		22.4	15.3	66.9	25
7021	古湯	富士町第一	佐賀県	33.372084809940816	130.20824214944395		43	mg/l	9.5		48.4	5.1	1.8		25.1	16.5	86.6	42.5
7022	神崎	61	佐賀県	33.34624765999791	130.37594759305233		22.5	mg/l	8.6		35.8	4.7	0.5		4.9	2.5	92.2	
7023	三瀬	三瀬村1号源泉	佐賀県	33.42274731009009	130.27606419756424		16.5	mg/l	6.9		5.1	6.2	3.1		13.4	4	35	18.6
7024	基山ラジウム	公衆浴場	佐賀県	33.41741088151531	130.5362321335112		16.8	mg/l	6.5		25.8	27.3	6.2		25.3	32.9	121	
7025	北茂安	北茂安町第一源泉	佐賀県	33.34748236742544	130.4658130908473		17.5	mg/l	6.9		18.5	29.6	6.4		21.1	0	157.8	49
7026	中津隈	新生湯	佐賀県	33.32434677893461	130.4413141891562		16.6	mg/l	5.8		34.7	133.2	15.7		11.9	79.8	63.8	52.6
7027	小城	開泉閣源泉	佐賀県	33.30337082685023	130.20424393818556		27.5	mg/l	7.9		21.3	22.4	8.4		10.6	25.9	114.5	22.4
7028	浜玉	浜玉町第二源泉	佐賀県	33.43748298989998	130.0456017836984		20	mg/l	8.1		57.3	1.9	0.6		36	7.5	87.9	47.5
7029	野田	浜玉町第一源泉	佐賀県	20.511907894195517	79.79463691802123		22	mg/l	8.1		26.2	14.4	2.7		18.4	9.4	81.8	40.2
7030	厳木		佐賀県	33.31429018131256	130.06850401251467		26.6	mg/l	9.6		54.6	2	0.9		14.2	14.1	20.5	53.8
7031	相知	相知温泉	佐賀県	33.34734100372398	130.0009002532156		18	mg/l	6.9		513	68.3	26.2		10.2	749	818	
7032	佐里	佐里温泉	佐賀県	33.336437684058126	129.97580363149402		35.5	mg/l	9.1		205	10.3	0.2		136	208	50.6	
7033	北波多	北波多温泉	佐賀県	33.375706583720316	129.94934879799948		16	mg/l	9.2		236	0.8	0.4		44	6.4	522.6	
7034	湯野浦	湯野浦温泉(有)源泉	佐賀県	33.392251873889144	129.87456002266333		26.5	mg/l	7.8		972	81.3	64.9		1580	117	265	14.6
7035	満越	イロハ島国民宿舎源泉	佐賀県	33.40438618397517	129.85442884142793		20	mg/l	7.8		2125	199	90		3985	20	240.2	12.7
7036	寺浦	寺浦温泉ホテル源泉	佐賀県	33.44445243709726	129.84892706794415		29	mg/l	8.2		272.5	12.5	3.2		59.8	0.8	77.7	40.1
7037	高串	高串温泉	佐賀県	33.42237272536482	129.83392445971495		23.9	mg/l	8.9		415	0.5	0.7		43.6	3.4	994.2	
7038	玄海	牟形	佐賀県	33.45405307691536	129.86960642948804		20	mg/l	8		214	21.6	7.2		35.4	13	545.8	
7039	諸浦	諸浦温泉	佐賀県	33.47226001538648	129.872745997141		17.5	mg/l	8.7		56.1	7.7	1.7		23.2	13.7	89.7	
7040	外津		佐賀県	33.504362173576986	129.85115714736324		19.7	mg/l	6.9		969.3	402.4	181		2416.7	263.5	171.7	73.4
7041	尾頭	尾頭温泉	佐賀県	33.5063986889642	129.91989418067442		16	mg/l	8.4		14.8	5.5	2.3		10.3	1.9	47.3	
7042	有田	藤源泉	佐賀県	33.190088522688626	129.86108627201284		17.3	mg/l	9.3		136	0.4	1		16.9	4.8	350.6	8.5
7043	黒髪	天童	佐賀県	33.21249152609447	129.91667260268338		40	mg/l	8.2		276.7	2.4	0.3		10.1	1.6	676.3	29.2
7044	塩田	ホテル88源泉	佐賀県	33.12828130316928	129.9962130414176		29.5	mg/l	8.7		248	1.2	0.4		6.7	11.1	694	26.8
7045	嬉野	大正屋	佐賀県	33.095497536429946	129.9823808905626		90	mg/l	7.8		470	9.2	1.4		232	11.2	908.4	112.3
7046	志佐	久田貢	長崎県	33.29431765502077	129.74995227327705		23.5	mg/kg	8.5		155		0.2		2.4		442.7	11.2
7047	矢上	矢上	長崎県	32.76729316082872	129.9516623311641		19.5		7.2									
7048	東望	東望憩センター	長崎県	32.76722367771467	129.95171163508763		19.5	mg/kg	7.2		3266	1448	1420		10540	1691	78.5	10.9
7049	早岐	品川淳一	長崎県	33.12386438283794	129.80256290462066		22.4	mg/kg	6.8		110.4	201.5	79.7		9	442.5	734.8	26.9
7050	鹿子前	(有)かしまえ荘(サスパ)	長崎県	33.161806387692344	129.68428934692545		19.4	mg/kg	6.9		4280	2140	1060		12310	1399	133.5	21.4
7051	島原	県立島原温泉病院	長崎県	32.76933550887301	130.36760991871932		34	mg/kg	7.2		169.7	57.9	118.7		22.1	5.2	1284	113.8
7052	安中	安中温泉	長崎県	32.7479012037751	130.33420398251496		14.4	mg/l	5.2		10.6	18.4	7.4		4.9		85.6	90.2
7053	松里		長崎県	32.79453125272315	130.09444833376708		30.2	mg/kg	8.8		253.5	7.6	6.7		9.3		756.2	30.6
7054	田ノ浦		長崎県	33.400583119737696	129.52715579572157		16.8	mg/kg	7		23.2	37.7	8.5		56.5	24	112.6	56
7055	高浜	野母崎町長	長崎県	32.60269823381171	129.7780156332602		20.5	mg/kg	6.4		2250	695	481.2		5255	636.5	712	30.5
7056	多良見		長崎県	32.82846139135256	129.98565441118308		19	mg/kg	5.1		9.8	9	15.2		14.2	78.6	73.2	11.5
7057	時津	(株)筑肥観光	長崎県	32.86112594255134	129.81604967643372		29.2	mg/kg	6.9		6448	1120	687.7		14070	739.5	137.8	15.2
7058	大田和	大石海運有限会社	長崎県	33.04125968354942	129.6639898514483		25	mg/kg	7.1		161.8	107.8	39.6		294.2	5	496.6	38.7
7059	外海	外海町長	長崎県	32.83756113063167	129.71308659976503		21	mg/kg	7.4		14.6	22.6	5.1		9.9	14	101.3	21
7060	東彼杵	東彼杵町長	長崎県	33.059704329445104	129.95324876612727		20.5	mg/kg	7.4		49	9.6	6.5		4.2	13.3	167.8	68.7
7061	川棚	大崎温泉	長崎県	33.05479935799975	129.82410134749594		25	mg/kg	7.5		927.2	483.5	133.6		2209	185.4	97.8	31.7
7062	波佐見	波佐見町長	長崎県	33.11515121822806	129.8689986502191		24.5	mg/kg	8.4		360.5	1.5	1.5		13.4	56.8	953.9	18.4
7063	唐比	唐比温泉センター	長崎県	32.7914448127985	130.13650022776096		13	mg/kg	7		1054	230.5	191		2235	305	79.5	50
7064	飯盛		長崎県	32.76888548291166	129.99575102057474		7.3	mg/kg	7.2		15	21.2	15.6		10	4.2	165	42.2
7065	高来	高来町長	長崎県	32.90655274290262	130.10434846363418		26	mg/kg	7.7		60.2	6.5	6.6		7.6		233.4	91
7066	千々石	千々石温泉	長崎県	32.788133760923856	130.2001615723579		28.6	mg/l	8.4		25.1	12	7.2		5.5		140	90.6
7067	小浜	小浜観光ホテル	長崎県	32.72839902373792	130.20718153174556		100.5	mg/kg	8.4		2653	196.1	164.3		4786	360	189.3	73.9
7068	雲仙	雲仙観光ホテル	長崎県	32.737288428619806	130.2615920205809		94	mg/l	1.8		10.2	23.4	7.9		8	1570		287
7069	加津佐	加津佐中学校	長崎県	32.63305036711437	130.16593437318548		20.5	mg/l	6		672.5	317.6	163.3		1912.4	228.8	253.7	33.4
7070	原城	国民宿舎原城荘	長崎県	32.63705280019207	130.25718396781664		34	mg/kg	7.4		41.3	17.5	8.5		7.5	1.8	235	113.5
7071	須川	須川温泉センター	長崎県	32.65478943484363	130.28700462299187		30.6	mg/l	6.7		22	25	5.8		5.6		166.8	80.5
7072	深江	特殊エンジニアリング＆ボーリング(株)	長崎県	32.72803297967102	130.3395138159993		22.5	mg/kg	7		82.5	102.4	94.4		9.1	6	1030	54
7073	一六	一六鉱泉	長崎県	33.3624976528576	129.6244623906766		18	mg/kg	6.4		19	17.6	11.2		29.2	11.1	98.5	15
7074	喜内瀬	福島町長	長崎県	33.37177059414471	129.85233112237836		30.7	mg/kg	6.9		4860	380	530.9		9203	863	457.2	48.9
7075	芳ノ浦		長崎県	33.2216833882103	129.6512689274716		18	mg/kg	6.8		1324	64.5	162.4		1760	869	656.3	4
7076	富江	林田組	長崎県	32.61801308125297	128.76174378110198		24.4	mg/kg	7.1		3510	1640	470		8920	1230	21.4	13.2
7077	荒川	七岳荘	長崎県	32.66729401301406	128.67073273125342		71	mg/l	7.3		793	375	1.5		1690	150	21.1	73.2
7078	寺脇	寺脇	長崎県	32.702265626123356	128.72365521005145		19.3	mg/kg	8.1		22.3	24.4	1.6		13.6	10.7	100	23.5
7079	曽根	新魚目町長	長崎県	33.100732583488686	129.11172214382265		18	mg/kg	7.6		32.2	16.1	4.3		17.6	11.3	54.8	25.2
7080	奈良尾	奈良尾町長	長崎県	32.84297915742523	129.06107267873543		26.3	mg/kg	6.3		1123	1556	118.2		4431	499.2	36.6	1.4
7081	郷ノ浦		長崎県	33.74186387654025	129.68787779096027		30.6	mg/kg	7.2		862.5	1112	972.3		5603	704.7	128.1	55
7082	湯の本	山口旅館	長崎県	33.811892515587765	129.68479099219167		74	mg/kg	6.9		5202	682	278		9800	715	524.8	50.4
7083	熊本		熊本県	32.803062032810324	130.67234205662308		25.7		7.4									
7084	河内	河内温泉	熊本県	32.82975452632782	130.5820409237562		42.8	mg/kg	7.9		580				1260			
7085	菊南	鶴羽田	熊本県	32.86002518078712	130.72788943872703		53.1	mg/kg	7.7		293				257			
7086	日奈久	長州屋	熊本県	32.432593141386505	130.57517921579603		49.1	mg/kg	7.7		285.5	59.6	0.4		413.4	6.5	250.8	34.7
7087	人吉	くまがわ荘	熊本県	32.20851868893156	130.74431926245302		46.7	mg/kg	7.7		176	4.4	1.3		78.5	120	281	106
7088	赤田		熊本県	32.954358156336475	130.49044456726622		19											
7089	湯之児	三笠屋	熊本県	32.23361482208758	130.41754810274972		50.8	mg/kg	7.1						642	30.8	939	
7090	湯堂		熊本県	32.185830428673114	130.37869268000458		41											
7091	湯鶴	あさひ荘	熊本県	32.14870055665777	130.4393160102448		51.6	mg/kg	8.4		244	5.5	0.1		51.1	214	160	47.8
7092	岩崎	玉名温泉(1号;3号)	熊本県	32.93655445048886	130.55774980502088		50.6	mg/kg	8.2		215.5	27.8	0.1		286.1	60.9	54.9	25
7093	立願寺		熊本県	32.938813284226185	130.5549900975426		52											
7094	中		熊本県	32.93094264549752	130.54599201086765		29.5		7.9									
7095	本渡		熊本県	32.49288229773937	130.1927321230883		31.6		8									
7096	山鹿	末広旅館	熊本県	33.01503555185603	130.68986321613824		39.9	mg/l	9.5		52.7	1.6	0.01		7.2	18.1	54.4	38
7097	熊入		熊本県	33.02114030807121	130.68532318260569		41											
7098	牛深	牛深鉱泉	熊本県	32.20127895178785	130.0136214536146		18.4		6									
7099	菊池	望月旅館	熊本県	32.98484786581074	130.81555731761893		45.4	mg/kg	9.3		75.2	1	0.01		12.5	25.9	86.1	45.7
7100	赤瀬	赤瀬	熊本県	32.65364317624531	130.50608131969364		18.6		6.3									
7101	金桁		熊本県	32.62076098860787	130.50358614228938		18		5.8									
7102	小天	小天温泉	熊本県	32.85224201222895	130.58684160416752		35.2	mg/kg	8.2		62.5				82			
7103	平山	平山温泉	熊本県	33.04988363399959	130.6537448145472		47.5	mg/l	10.1		60.5				28			
7104	菊鹿	菊翠苑	熊本県	33.021969182286014	130.77923198121425		52	mg/l	9.4		82.9	1.1			12.5	49.9	57.4	54.2
7105	来民		熊本県	33.00356517040036	130.7377675708529		24											
7106	宝田		熊本県	32.93516807825005	130.72928350836338		38.6		7.5									
7107	宮原		熊本県	32.97387038559453	130.71501430903336		14.2		7.1									
7108	植木	植木温泉	熊本県	32.95665237882147	130.72741537973874		50.2	mg/kg	8.6		281.4	1.8	0.1		137.1	5.5	488.1	46.2
7109	林原植木	七城林原	熊本県	32.962125686240014	130.75008040172798		31.3		8.7									
7110	栄	栄	熊本県	32.90334134655981	130.7676147856309		27.8		8									
7111	古城		熊本県	32.95262670230867	131.09405263869326		25.6		7.8									
7112	手野	温泉センター2号	熊本県	32.97449116417072	131.12896627965014		35.8	mg/kg	8.1		180	9.2	2.3		1.8	21.9	462	82.2
7113	中通	大盛阿蘇第1	熊本県	32.97662267711998	131.11541616348708		35.2	mg/kg	8.4		82.5	13.9	7.1		17.4	53.2	184.9	59.2
7114	赤水	阿蘇白雲山荘	熊本県	32.91590781131516	130.9895882576974		30.2	mg/kg	7.2		2995.7	156.6	91.1		184.4	929.3	209.7	59.5
7115	内牧	旅館入船	熊本県	32.978019625569004	131.04286916456317		46.4	mg/kg	7.2		323	134	103		166	982	331	75.1
7116	坊中		熊本県	32.936470871525685	131.07887033299247		19.2	mg/kg	5.8		59.3	107.8	56		82.8	498.9	15.3	72.9
7117	湯田		熊本県	33.072910420216445	131.0314625721009		41											
7118	瀬の本	雀地獄	熊本県	33.08041470706348	131.16456187416395		73.1	mg/kg	2.6		6.5	18	13.4		2.6	87.5	0	876.9
7119	田原	地獄大朗館	熊本県	33.08066710976091	131.12720143669236		60.8	mg/l	7.3		234	49.3	27.8		229	226	326	
7120	黒川	富士屋	熊本県	33.07739932308505	131.14250630531066		98	mg/l	3.4		321	46.3	9.3		436	310		180
7121	満願寺	静泉荘	熊本県	33.07506238320191	131.0962786503718		45.9	mg/l	6.7		138	36.8	25.2		150	1	288	152
7122	小田	泉の里	熊本県	33.07282330090487	131.1280495618105		62.5	mg/l	7.9		289	63.3	43.1		301	237	464	194
7123	小国	小国鉱山	熊本県	33.13570233703058	131.12831942501788		31.6	mg/l	3.8		18.8				7			
7124	杖立	泉屋	熊本県	33.182920390262375	131.03259142722735		98	mg/l	8.8		557	42.2	0.1		813	119	6.1	210
7125	岳の湯	岳の湯	熊本県	33.15534213317414	131.13669463930705		45.7	mg/kg	5.5		21.2	11.3	0.5		14.2	10.9	61.2	22.1
7126	はげの湯	はげの湯共同	熊本県	33.15333827831329	131.14108263427877		97.1	mg/l	8.2		68.8	49.8	0.1		15.2	244	47.1	136
7127	山川	山川荘	熊本県	33.14420950930736	131.1168614077155		50.7	mg/l	5.4		114	156	3.1		81.4	505	28.7	54.2
7128	奴留湯	奴留湯	熊本県	33.14099805368712	131.10026504274364		35.9	mg/l	5.9		70.8	97.1	2.4		30.8	316	61.1	89.2
7129	寺尾野	寺尾野	熊本県	33.12253712828307	131.12058461644466		48.5	mg/kg	6.3		64.1	397.9	0.6		24.8	933.8	192	45.1
7130	白水	村営白水温泉	熊本県	32.834917711931936	131.06931772689288		29.6	mg/kg	7.7		56.8	22.7	16.9		20.4	86.4	193	54.4
7131	久木野	No.1	熊本県	32.84315720080133	131.00330495334273		30.4	mg/kg	7.7		69.3	21.2	22		21.4	77.4	254	63.5
7132	栃木戸下	小山旅館たで湯No.1	熊本県	32.87096853856839	130.9920842440884		45.6	mg/kg	6.6		232	133	97.1		117	718	451	103
7133	地獄垂玉	清風荘元湯	熊本県	32.860462824709664	131.03631308778483		92	mg/kg	1.9		26.9	63.9	28.4		3.2	1144.4	0	483.8
7134	湯の谷	阿蘇観光ホテル蘇峰館	熊本県	32.88099349257469	131.03408425781802		64.6	mg/kg	6.5		24	19.4	7.7		3.7	89.3	50	198
7135	通潤		熊本県	32.679850754642125	130.99222579615244		24											
7136	内大臣		熊本県	32.640660440261335	130.98839118040567		24											
7137	鶴の湯		熊本県	32.40317263348408	130.6510239474945		28.7		7.1									
7138	宮原		熊本県	32.54864971971069	130.67177770562787		22.2		8									
7139	鶴木山		熊本県	32.308260651371654	130.47326653166698		40.3		7.3									
7140	湯浦	新綿屋(女湯)	熊本県	32.27274775262548	130.5021457255695		42.9	mg/kg	7.4		147.2	8.6	0.6		85.8	19.7	251	40.9
7141	吉尾		熊本県	32.329281020178215	130.59523570724167		40.4		8.2									
7142	高原		熊本県	32.23635783050071	130.82224301847336		41											
7143	一勝地		熊本県	32.241778013997	130.64639544606501		25.3		9.2									
7144	湯山	湯山	熊本県	32.31823505713493	131.04289267053485		34.3		9.1									
7145	弓ケ浜		熊本県	32.59610074918866	130.40595641922837		34		7									
7146	松島		熊本県	32.51777377442666	130.42676101279864		29.9		7.9									
7147	富岡		熊本県	32.522259595790736	130.02948401953327		23		7.6									
7148	下田		熊本県	32.42493934097213	130.01173705872924		55.4		7.4									
7149	八幡		大分県	33.23959662245363	131.56453066687894		44	mg/l	8.1		110	0.7	0.01		7	10.7	293	121
7150	大分	大分キャセイホテル	大分県	33.212730754409264	131.57433911194914		55	mg/l	7.6		1150	148	303		2020	25.1	2040	139
7151	塚野	塚野鉱泉	大分県	33.16657278461045	131.55577365072466		16.9	mg/l	6.4		2680	226	266		3890		2890	77.6
7152	別府/亀川	公衆浴場浜田泉源	大分県	33.33068360417914	131.4938271408305		60.1	mg/kg	7.1		298		20.8		384	151	198.4	130
7153	別府/柴石	野田原温泉	大分県	33.325663768805036	131.47317678661292		100	mg/kg	3.1		840	51.6	18.3		1260	559.5		400.1
7154	別府/鉄輪	国東荘	大分県	33.31486812280327	131.47785972427084		100.4	mg/kg	3.8		1180	33.1	4.9		1690	429.2		
7155	別府/城島	西日本後楽園	大分県	33.26550310697152	131.42848567422575		65.5	mg/l	8.1		188	6.4	0.9		44.9	90.2	361.1	127.6
7156	別府/堀田	堀田温泉	大分県	33.28914847888529	131.45976110414765		66	mg/l	5.8		58	18.7	9		43.9	172	126	70.1
7157	別府/観海寺		大分県	33.283578294203714	131.47388503345726		97.2	mg/l	9.1		676	26.2	0.1		1020	116	160	342
7158	別府/明礬	山田屋旅館	大分県	33.31802773308392	131.45304079369873		67.5	mg/kg	1.7		24.1	26	10.2		5.7	2800		316.2
7159	別府/別府	天満温泉	大分県	33.28639684934219	131.49543626451296		98	mg/l	8.8		338	1.1	0.2		219	95.1	468	227
7160	別府/浜脇	旅館二幸荘	大分県	33.26987723626714	131.50807284001195		59.3	mg/kg	8		160	7.1	4		62.8	68.7	293.3	124.6
7161	日田	3号	大分県	33.31294502573381	130.93072525895388		38	mg/kg	7.8		28.8	9.6	2		6.8	3.3	100.8	20.8
7162	佐伯		大分県	32.97142903732166	131.90366037581248		22.9	mg/kg	6.9		2510	206.4	280.7		3976	228.6	1926.6	25.8
7163	六ケ迫鉱泉	六ケ迫鉱泉	大分県	33.17233501472214	131.7781571685088		14.8	mg/l	5.7		1070	140	45.4		1415	10.3	1198	53.9
7164	竹田	竹田観光開発	大分県	32.95906653548704	131.37453675257214		31.5	mg/kg	8.6		400	31.6	0.3		656	0.1	53.7	17.4
7165	十角	十角温泉	大分県	32.93549700805389	131.40249934400342		23	mg/kg	6.2		11.7	5.4	2.6		4.2	6.1	79.8	25.8
7166	豊後高田	草地温泉	大分県	33.58457383859045	131.4693439378991		31.9	mg/l	6.7		244	54.6	41.7		380	1.2	493	127
7167	杵築		大分県	33.40577056130651	131.61482450350036		43.5	mg/l	7.7		63.1	2.9	3.5		15.9	2.6	168	148
7168	宇佐	28(長洲)	大分県	33.57279581595286	131.3712383132849		38.2	mg/l	7.8		380	25.3	55.3		361	1.6	808	107
7169	大田	1	大分県	33.50136422112807	131.55007031358778		28.2	mg/l	7.9		81.3	10.4	2.4		9.6	1.2	237	
7170	大岩屋	5	大分県	33.589415046250025	131.5232207303585		40.3	mg/l			257	45.4	18.9		115	40	669	
7171	城前	真玉温泉	大分県	33.59325992283262	131.5094865890997		41	mg/l	6.7		342	48.4	32.4		224	52	833	157
7172	真玉	7	大分県	33.61793285906831	131.4764845151442		40.3	mg/l	6.4		5670	1180	1170		12030	1500	1330	
7173	香ヶ地	夷谷温泉	大分県	33.60613566078224	131.56328396261367		53.5	mg/l	7.5		567	307	20.9		10.8	1870	170.4	36.2
7174	赤根	渓泉	大分県	33.60649472347197	131.58580801150674		33.8	mg/l	7.4		460	313	5.2		17.4	720	75.6	47
7175	櫛来	櫛来温泉	大分県	33.67999794616167	131.605341677513		21.2	mg/l	7		8200	300	1440		16100	1660	378	33.8
7176	姫島	姫島鉱泉	大分県	33.73550093230909	131.68358766849798		26.7	mg/l	6.2		114	299	248		175	187	1860	105
7177	日出	28	大分県	33.362043165132725	131.5917176214708		47.9	mg/l	7.5		702	42.8	36		1200	1	426	
7178	赤松	赤松温泉	大分県	33.40514771807175	131.54646694515802		48.3	mg/l	9.2		179.2	0.6			14.8	2.6	464.2	15.4
7179	槙ノ木	真那井温泉	大分県	33.3726347685065	131.59940775623446		49	mg/kg	6.6		1370	70.2	145		1550	1	2210	150
7180	向野	11	大分県	33.50142850213865	131.4455569354923		15.6	mg/l	7.4		15.5	33.1	7.8		11.1	17.7	159	
7181	山香	12	大分県	33.44941331862704	131.5099867699933		31.8	mg/l	6.9		10900	329	296		16500	1.9	6710	
7182	久木野尾	アグリカルチャーパーク	大分県	33.42628707076803	131.4340121724966		40	mg/l	6.6		55.4	4.8	3.6		6.5	3.9	172.1	68.4
7183	廻栖野	廻栖野温泉	大分県	33.16201005323684	131.54552715839304		19	mg/l	6.5		657	44.8	56.4		843.6	3.9	925	
7184	辻原	妙見泉	大分県	33.150736054515015	131.52573774435828		11.6	mg/l	6.2		4760	405	91.3		6030	1	4120	
7185	酒野鉱泉	酒野温泉	大分県	33.175807005226986	131.4927574849257		25.1	mg/l	6.1		380	43.7	35.2		424	3.2	638	
7186	海老毛	海老毛温泉	大分県	33.203947206881786	131.50405706255637		39.8	mg/l	6.6		3800	441	387		6020	24	3170	115
7187	挟間	篠原温泉	大分県	33.19351012603171	131.4846038975444		45.3	mg/l	8.5		420	11.5	0.2		214	358	402.9	104
7188	庄内	住宅公社	大分県	33.180446710659886	131.43849093289998		57.6	mg/kg	7.3		1650	197	3.7		417	3590	140	163.1
7189	白水	銘水の郷	大分県	33.11930882295642	131.3130493879676		44.5	mg/l	7.5		554	11.1	16.9		9	101	1508	136.9
7190	塚原	由原屋旅館	大分県	33.313130742258316	131.4224759519815		67.1	mg/l	1.6		20	72.1	23.7		11.4	5140		227
7191	湯布院		大分県	33.256862865512076	131.35795813160533		97	mg/l	8.9		300	6.4	0.2		280	83	330	
7192	奥江	栗谷温泉井	大分県	33.21450937017206	131.3021850781443		76.1	mg/l	8.3		259	34.9	2.7		270	135	185	69.5
7193	湯平	金湯(大湯)	大分県	33.191996120083616	131.32525497257362		88.4	mg/l	7.4		395	40.5	2.5		467	138	312	141
7194	宇目	藤河内鉱泉	大分県	32.787017692028975	131.55518397271513		22.9	mg/kg	8		88.5	8.4	0.7		28.9	5.5	214.5	24.2
7195	直川鉱泉		大分県	32.87203746222132	131.78487075495704		17	mg/kg	8		13.8	18.5	1.9		0.3	9.9	99.4	15.2
7196	野津		大分県	33.04704656504812	131.6839600869945		15.5	mg/kg	6.6		12.7	10.2	7.7		5.7	1	155	53.6
7197	菅生	菅生源泉	大分県	33.01359880293847	131.6185444690807		17	mg/l	7.3		14.2	30	6.6		12.5	11.6	183.6	18.4
7198	七里田	大船荘	大分県	33.07006507081498	131.32998602581017		38.4	mg/l	6.7		350	201	203		317	547	1500	139
7199	湯河内	湯河内	大分県	33.02794689412605	131.29725146839388		27	mg/l	6.5		106	151	109		29.1	208	972	100
7200	法華院	法華院1号	大分県	33.09663856484571	131.25491478407207		42.8	mg/l	6		77.3	79.8	37.8		62.5	398	152	188
7201	赤川	赤川荘	大分県	33.06679222701396	131.23272001744925		25	mg/l	6.4		49.1	286	45		24	754	218	101
7202	久住	レゾネイトクラブくじゅう	大分県	33.06652405562842	131.27785683881785		34.6	mg/l	6.5		163.9	163.6	146.5		26.6	473	1138.3	87
7203	長湯	榎田温泉	大分県	33.06837839683373	131.37827512585602		50.2	mg/l	6.9		493	283	303		230	481	2764	
7204	善応寺	善応寺	大分県	33.2563588337133	131.17674158077864		46.4	mg/l	8		462	9.3	0.8		544	49	260	84.7
7205	竜門	竜門山渓館	大分県	33.273383837359525	131.20893847724204		60	mg/l	9		55.6	0.3			25.6	4.9	81.6	120
7206	壁湯	福元屋	大分県	33.204912205580996	131.16970736634988		37.2	mg/l	7.7		62.3	9.2	1.7		87.2	7.4	58.1	76.2
7207	生竜		大分県	33.19823177945508	131.16847618296663		34	mg/kg	7.8		67	8.4	0.1		89.3	20.6	65.3	96.4
7208	宝泉寺	山の湯	大分県	33.194145648394255	131.1684339459499		93	mg/l	7.2		138	9.2	0.2		190	16.1	66.6	116
7209	川底	螢川荘	大分県	33.18679459679504	131.14690184557492		87.7	mg/l	6.7		245	15.5	2.1		395	29.6	95.5	251
7210	串野		大分県	33.18617615499631	131.16267547697552		61.5	mg/kg	7.1		176.6	13.7	0.4		230.7	21.6	118.2	138
7211	水分		大分県	33.2523918628415	131.28611948159062		87	mg/l	8.9		410	28.9			471	213	42.7	116.2
7212	野矢		大分県	33.2384175153614	131.26187761854885		34.2	mg/l	9.2		45	0.1	0.1		2.6	11	121	47.1
7213	野上	ドリーム九重温泉	大分県	33.227933742534645	131.2225661690634		60.7	mg/l	8.7		385	7.2			147	218	435	87.8
7214	筌ノ口	筌口共同浴場	大分県	33.164117148102676	131.22581797969195		48	mg/l	6.5		300	180	110		240	320	1200	200
7215	長者原		大分県	33.1190825174691	131.23007491999516		57.6	mg/l	6.1		278.9	65.3	53.5		226.7	177.7	685	168.4
7216	中村	九重温泉	大分県	33.16281927979487	131.22169730151433		36.9	mg/kg	8.5		127	2.9	0.1		20.3	29.3	263.9	98.5
7217	筋湯	ゆのもと荘	大分県	33.114615329182165	131.18661863130205		57	mg/kg	3.5		181.7	9.8	2.5		263.5	106.7		49.6
7218	玖珠		大分県	33.28308630285931	131.1613068615521		44	mg/kg	8		93.1	10.4	2.9		30.7	11	249	52.8
7219	古後	裏耶馬温泉	大分県	33.3557996544764	131.09911285821514		40.8	mg/l	7.9		70	8.2	4.3		7.7	5.5	275.7	128
7220	津江	老人福祉センター	大分県	33.132995925421994	130.96301548141756		38.7	mg/kg	8.9		113	393	0.1		11.8	1155	18.3	19.4
7221	高迫	高迫源泉	大分県	33.151482319025085	130.89966070574758		19.4	mg/l	8.1		55.3	79.4	2.2		2.2	245	33	7
7222	湯の釣	山荘内湯	大分県	33.261189073281294	131.0539092473607		59	mg/kg	8.1		203.4	9.6	12.6		172.8	27	371.5	70.2
7223	天瀬	赤岩2号井	大分県	33.25513841082303	131.02788975849535		99	mg/l	8.8		441	7	0.7		495	96.5	224	
7224	合田	天瀬恵の湯	大分県	33.258443568965866	131.0121018382384		44.6	mg/l	8.2		49.6	2.1	0.6		4.6	5.3	143.6	70.8
7225	上深水	26	大分県	33.49319644972628	131.2617305259453		15.9	mg/l	6.9		100	51.5	90.2		8.3	0.7	872	83.4
7226	西谷		大分県	33.40799931253421	131.1981609074315		49.6	mg/kg	7.9		422	4.7	0.4		231	143	588.4	113.9
7227	鴫良	耶馬溪観光ホテル	大分県	33.38467043844783	131.167252889373		47	mg/l	8		131	7.4	1.7		48.1	2.1	336	116
7228	深耶馬	レストハウス洞門	大分県	33.371228451264244	131.16476451806983		39.8	mg/l	7.5		53.7	2.3	1.6		22.4	2.7	145	120
7229	金吉	9	大分県	33.37455255826652	131.1222934127172		32.2	mg/l	7.5		18	5.2	4.4		3.7	4.3	89.1	88
7230	守実	5	大分県	33.40019076248515	131.04456514322655		32.4	mg/l	7.5		29.6	15.4	4.2		9.3	0.4	153	98.4
7231	宇曽	1	大分県	33.40293680414797	131.0561459740058		31.2	mg/l	7.2		48.4	6.9	2.2		8.5	1.4	172	88
7232	院内	30	大分県	33.37771151885699	131.3081846934982		48.1	mg/l	7.8		150	15.2	5.5		103	1.2	352	97
7233	安心院	温泉センター	大分県	33.44435821926441	131.34937178018336		43.3	mg/l	7.4		620	63.1	26.8		1040	5.5	208	88.9
7234	佐田	佐田地区福祉温泉センター	大分県	33.45097020007099	131.39217408421922		43	mg/l	7.6		733.5	16.1	4.2		733.8	0.5	800.4	40.2
7235	深見	深見地区福祉温泉	大分県	33.39012359772717	131.34071232996197		43.2	mg/l	8.2		138	8	2.7		33.9	2.8	365.4	43.6
7236	新別府	一ツ葉浜丸金温泉	宮崎県	31.926420464852427	131.46685943661265		89	mg/kg	7.6		1976.2	209.8	253.9		4625	683.6	128.1	22
7237	福島		宮崎県	31.911347894559295	131.40248786863188		25.8	mg/kg	7.6		9245	346.2	196.2		15090	0.6	193.7	2.4
7238	池内		宮崎県	31.959389073911563	131.40898380285887		19	mg/kg	6.3		15.4	249.3	93.1		13.3	637.4	355.8	16.4
7239	鏡洲		宮崎県	31.828948252848104	131.40361860743917		16.6	mg/kg	7.9		55.1	12.7	10.2		7.3	62	194.5	
7240	曽山寺	ホテル日本橋	宮崎県	31.812915009803522	131.43801481410705		30.2	mg/kg	8.5		1058	1.9	0.8		354.1	1.4	1990.1	26.4
7241	青島	国民宿舎青島	宮崎県	31.800233690948644	131.46936018566652		27.5	mg/kg	9.4		176.2				16.3	0.2	489.9	17.4
7242	湯穴		宮崎県	31.829096198812756	130.91536072348669		23	mg/kg	6.4		53.4	385.1	50.9		18.4	1.4	1456	74.4
7243	掘切	掘切温泉	宮崎県	31.808211385935774	131.0874262187895		17.2	mg/l	6.2		9.6	15	3.9		12.4	13.7	51.9	58
7244	宇都谷		宮崎県	31.64469338950798	131.0663038648107		15	mg/kg	6.1		4.2	2.2	1.7		3.9	5.5	18.3	13.4
7245	一万城	山仲温泉	宮崎県	31.72018006542608	131.08977468728034		17	mg/kg	6.1		10.9	8.4	2.7		17.7	8	63	11.4
7246	安久		宮崎県	31.674338536392938	131.0897266575379		15.6	mg/kg	6.2		6.3	9.5	2.6		6.3	8	33.6	29.5
7247	丸谷		宮崎県	31.812385374953863	131.08240196608213		16	mg/kg	6.4		1.1	11.9	1.8		5.5	2.9	34.3	50
7248	平田	杖捨冷泉	宮崎県	32.58005754542041	131.6035648117234		18.5	mg/kg	7.6		78.2	14.4	4.5		102	10.7	78.8	22.8
7249	赤水		宮崎県	32.51353422372849	131.70196969826466		19	mg/kg	2.7		15.7	4.4	4.2		19	1346.7		24.4
7250	桜馬場		宮崎県	31.615730069642314	131.3062095340891		41											
7251	益安	益安温泉	宮崎県	31.618003928812712	131.39652637260116		20.9	mg/l	8.1		315.3	13.1	6.4		262.5	0.9	549.8	14
7252	宮浦		宮崎県	31.671330163925877	131.44823820507733		41											
7253	東弁分	貝嶋炭鉱4号井	宮崎県	31.628611759372998	131.3976595127432		36.7	mg/kg	7.2		4296	42.8	30.8		5063		3187	25.6
7254	生駒		宮崎県	31.980031088576194	130.91439944594185		52											
7255	小林	阿母ケ平温泉	宮崎県	31.953743372595603	131.02233972486306		20.3	mg/kg	6.4		3.1	71.1	64.6		98	137	602.8	71.7
7256	真方泉	陰陽石	宮崎県	32.01619235913217	131.0066460108415		33.5	mg/l	8.1		134.7	6.7	1.2		5.7	0.5	343.9	12.5
7257	市木		宮崎県	31.45100932938226	131.36778870278937		25	mg/kg	6.9		5442	235.1	57.9		6389	1.4	3833.7	35
7258	三納		宮崎県	32.11304312246964	131.35686755725877		24											
7259	都於郡	高屋温泉	宮崎県	32.06632070909747	131.37774491239497		13.8	mg/kg	7.4		3930	217.8	38.8		6233.1	183.8	529.3	19.9
7260	山田		宮崎県	32.03305903717053	131.3466463258492		18.8	mg/kg	7.5		537.8	5.5	2.6		492.1	1.8	435.7	29.4
7261	加久藤		宮崎県	32.020874264625895	130.8154630701792			mg/kg	8.5		83.8	1.1	0.4		11.5	3.2	219.4	108.6
7262	吉田	鹿の湯	宮崎県	32.0679939463544	130.765181288853		43.8	mg/kg	6.7		337	55	49.4		239	195	798	50
7263	京町	やたけ荘	宮崎県	32.04877517919954	130.76674012207621		53.1	mg/kg	7.8		51.1	4.2	1.2		19.6	14.6	148	134
7264	白鳥	白鳥温泉泉源	宮崎県	31.97943781814648	130.83052980586046		98.5	mg/l	3.7		3.7	6.4	3.4		5.9	80	4.5	63.4
7265	えびの高原	えびの高原荘	宮崎県	31.94638999103226	130.84266856277395		98	mg/kg	5.6		434.1	526.9	237.2		1984	624.6	13.6	287.2
7266	仮屋		宮崎県	31.85562372658449	131.2875778686146		15.6	mg/kg	9.2		405.9	1	0.3		121.9	2.2	814.1	11.3
7267	塩水		宮崎県	31.830848885735772	131.25551936293212		11.2	mg/kg	7.8		1589	9.6	12.6		967.3	2.6	2709.3	27.3
7268	下田島		宮崎県	32.0409207331878	131.46550478478255		36		7.6									
7269	下那珂		宮崎県	31.993645265948714	131.47498721190817		42.6	mg/kg	7.5		11020	540.2	264.1		19580	0.2	200	85.6
7270	大藤	北郷温泉	宮崎県	31.656984656808653	131.3860905318163		50.7	mg/l	7.2		3338	57.7	14.5		3465	2.8	2579	80.5
7271	勝岡		宮崎県	31.749348080445255	131.12023445110464		24		6.1									
7272	長田峡	せせらぎ荘	宮崎県	31.73456412891848	131.1863518932765		17.8	mg/kg	9.7		172.9	2.6	0.7		32.7	6.3	1094.6	14.4
7273	野々宇都		宮崎県	31.780121790902843	131.1835162340989		17.8		7.5									
7274	青井岳		宮崎県	31.829973903675718	131.22487670002224		17.8	mg/kg	8.1		396.2	1.9	0.9		5.3	14	563.3	16.5
7275	高城		宮崎県	31.881338202724457	131.14396128135562		9.6	mg/kg	8.4		651.2	4.6	2.4		215.1	0.2	1245.1	21.4
7276	杉倉	杉倉温泉	宮崎県	31.906789152340227	131.06376920586803		19.1	mg/l	6.4		8.5	11.9	4.7		12.1	12.9	54.9	34
7277	龍ケ山	龍ケ山温泉	宮崎県	31.79635780050675	131.04334513971483		18	mg/l	6.4		7.5	8.6	2.2		9.6	11.2	25.6	59
7278	常盤	常磐荘	宮崎県	31.79507121668018	131.04183421625274		18.8	mg/l	6.8		7.6	9.6	2.3		8.9	11.3	24.4	33.5
7279	蓮太郎		宮崎県	31.94893596985122	131.01501345152846		28.5	mg/kg	6.5		233.2	132.9	147.5		142.7	174.1	1423	87.5
7280	蒲牟田		宮崎県	31.895971573015963	130.98991562909757		29.2	mg/kg	6.7		731.8	203.6	240.1		44.2	2.6	3156.2	73.2
7281	猿瀬	五色	宮崎県	31.958684074026966	131.07545437412222		19.6	mg/l	6.4		25.7	8.7	4.1		12.4	4.7	76.3	37.5
7282	野尻		宮崎県	31.957102749314416	131.11390251464846		25.6	mg/kg	7.1		56.5	18.6	4.2		7.3	2.1	191.6	71
7283	須木		宮崎県	32.081716448535964	131.067804298751		10	mg/kg	6.7		4.5	12.3	1.8		5.5	9.7	130.6	21.8
7284	小山田		宮崎県	31.93471499736256	131.31695349933992		12.2	mg/kg	8.8		562.1	4.8	1.3		333.7	3	971	36.4
7285	湯の谷		宮崎県	31.926563648080585	131.32118819093947		20.4	mg/kg	8.2		371.4	1.6	1.5		67.9	5.7	898.7	17.8
7286	楠見		宮崎県	31.943478481325936	131.28762637285845		16.7	mg/kg	7.9		406.8	4.6	1.7		186.1	6.6	774	25.7
7287	浦之名	フェニックス国際観光K.K	宮崎県	31.95154586421084	131.26771407023793		18.6	mg/kg	8.2		2443	9.6	3		3205	1	1184.9	20.3
7288	亀の甲		宮崎県	32.015463067762745	131.38862380496008		21.6	mg/kg	6.5		10.2	8.4	4.4		12.6	1.4	113.9	11
7289	金磯	金磯鉱泉第2号泉	宮崎県	32.472286083669154	131.68399500218945		24	mg/kg	0.9		69.6	496.9	26.7		17	27849.9		80.9
7290	日之影	飯干温泉	宮崎県	32.744969406995665	131.4207660083681		25.2	mg/kg	8.6		52.7	10.2			3.3	9.3	103.6	25
7291	高千穂		宮崎県	32.74800039291745	131.35770093535763		15	mg/kg	6.8		23.5	14.4	5.1		7	16.5	152.6	22
7292	鹿児島	竹迫温泉	鹿児島県	19.296213956745653	79.79463992843316		47.8	mg/kg	7.6		949		11.9		1423	215	265	10
7293	谷山		鹿児島県	31.526439916736145	130.51874738225527		41.5	mg/kg	8.1		647.9	18.9	5		1014	15.1	111.7	26.1
7294	河頭	河頭温泉2号	鹿児島県	31.6521225370701	130.5113705278096		32.3	mg/l	6.9						21			
7295	古里	古里観光ホテル1号	鹿児島県	31.552046327428016	130.65740385542853		48.8	mg/kg	6.8		1034	109.3	112.9		1700	432.5	320.3	202
7296	東桜島	桜島荘	鹿児島県	31.553874890027004	130.6774398673556		52.5	mg/kg	7		3632	245.2	369.2		6233	1360	308.1	209.4
7297	川内市街地	川内市内	鹿児島県	31.81418801646123	130.3100328596573		25.2	mg/kg	7.1		49.6	30.7	16.1		140.8	20.3	67.5	77
7298	川内	川内共同浴場	鹿児島県	31.915480627178333	130.25662460262706		54	mg/kg	9.1		75.6	1.4			18.1	30.5	134	54.6
7299	草道	草道温泉	鹿児島県	31.838038081693163	130.23434288619814		31.5	mg/kg	6.2		1954	436	57.1		3556		892.8	37.6
7300	鹿屋		鹿児島県	31.3943071505799	130.82275803464697		41											
7301	枕埼		鹿児島県	31.27136388368722	130.29910072177685		48.5											
7302	冠岳		鹿児島県	31.742386324134163	130.354078205932		41											
7303	羽島		鹿児島県	31.75839213017073	130.20449695524496		41											
7304	阿久根	中村病院	鹿児島県	32.0148060901701	130.1957859145145		45	mg/kg	6.7		9768	1080	930.8		18438	2403	254.4	75.4
7305	米ノ津		鹿児島県	32.12239774776125	130.33976517076476		41											
7306	田之頭		鹿児島県	32.0830843802853	130.38716247664067		41											
7307	折尾野		鹿児島県	32.0614228016705	130.3735328204745		24											
7308	湯川内	かじか荘	鹿児島県	32.03663580515539	130.35497058178217		38.4	mg/kg	9.4		37.8	3	0.2		6.2	15.5	62.2	40.2
7309	白木川内	旭屋	鹿児島県	32.056862161973434	130.45557324351165		43.1	mg/kg	9.1		101	1.5	0.2		25.8	25	184	50
7310	大口	ナーシングセンター	鹿児島県	32.057184158301794	130.63366116894184		46.8	mg/kg	7.8		344	4	3.3		95.5	131	641	104
7311	指宿/潟山	レクリエーションセンター	鹿児島県	31.25246396493999	130.6533933408467		57	mg/kg	6.8		5080	906.2	131.8		9513	1066	115.2	324.4
7312	指宿/南迫田		鹿児島県	31.24809386217008	130.62614224748685		72	mg/l	7.1		6.4	6	2.5		8	7	31	11
7313	指宿/柴立	柴立温泉	鹿児島県	31.27337360386226	130.6112204621504			mg/kg	7.2			49.5	8.1		510.6			
7314	指宿/池底	池底	鹿児島県	31.23480932131255	130.59874392174035		22	mg/l	7.2		9.2	11	3.5		10	8	56	88
7315	指宿/弥次ケ湯	弥次ケ湯	鹿児島県	31.248910554186157	130.63818770230586		51.5	mg/kg	7.1		730.7	191.2	24.5		1561	143.9	243	68.2
7316	指宿/摺ケ浜	白菊温泉	鹿児島県	31.22846447067423	130.65310338524125		96.5	mg/kg	8.1		5216	122.5	27.5		7945	153.8	528.4	398.7
7317	国分	塩川クリニック	鹿児島県	31.76065959406357	130.7585540968202		54.8	mg/l	7.3		8.6	9.9	4.3		5.5	7	68.9	75
7318	海潟	江之島荘2号	鹿児島県	31.523611900341468	130.69874476495343		47.3	mg/kg	8.2		2340	189.1	433		5304	802.6	111	95.5
7319	猿ケ城	猿ケ城温泉	鹿児島県	31.481081498241345	130.7595614394356		25.3	mg/kg	9.3		17.9	6.7	0.9		8.7	18.4	30.9	53.6
7320	垂水	垂水温泉	鹿児島県	31.488648020325925	130.6918959571756		44.5	mg/kg	9.7		75.3	9	2.1		47.9	13	158.4	53.8
7321	鰻	うなぎ湖畔	鹿児島県	31.22826647674869	130.6111646450017		85	mg/l	9.2		13.2	30.1	11.4		5	129		56.2
7322	長崎鼻	(35)Okachogamizu(2)	鹿児島県	31.169833361270108	130.5750484144312		67.3	mg/l	7.5		9200	877	78.9		17600	1710		123.9
7323	伏目児ケ水	薩摩養鰻業	鹿児島県	31.184834188674046	130.59731697471227		98.3	mg/l	7.3		5050	760	3.5		9410	47	28.2	199
7324	成川	かめや	鹿児島県	31.207995216569504	130.62836414307608		52	mg/l	7.3		1350	234	47.9		2800	120	113	146
7325	十町	唐船峡	鹿児島県	31.220783126781228	130.54231135002655		55	mg/l	6.8		10	12	4.5		10	15	49	70
7326	川尻		鹿児島県	31.177139556738723	130.56338079688004		46	mg/l	7.2		700	179	20.8		1162	250	285	306
7327	助代		鹿児島県	31.492654115479407	130.38146736422357		59											
7328	市来		鹿児島県	31.694580543447692	130.2884718149282		41											
7329	湯之元	水明館	鹿児島県	31.671552333057278	130.33607280070666		84.1	mg/kg	8.8		144	5.5	0.2		145	128	91.5	109
7330	伊集院	太田鉱泉	鹿児島県	31.628256717722095	130.38117073898675		19.4	mg/l	6.6						5			
7331	川田		鹿児島県	31.67057858527022	130.50624168130972		59											
7332	日置		鹿児島県	31.595873673143238	130.3442137259674		59											
7333	吹上	大正湯B(配湯)	鹿児島県	31.502120064642224	130.36487501893066		55.1	mg/kg	9.2		90.6	4.3	0.6		41.4	30	92.7	69.2
7334	倉野	倉野温泉	鹿児島県	31.854536173673946	130.39720080678313		36.6		7.9									
7335	市比野	平野源泉	鹿児島県	31.7899089660934	130.40436875542153		58.9	mg/kg	9.3		78.1	1.7	0.04		61.4	13.5	92.7	49
7336	入来	15号	鹿児島県	31.82276623594872	130.43757611002854			mg/kg	6.5		889	77.4	10.8		1183	266	528	114
7337	諏訪	諏訪温泉	鹿児島県	31.81097879145811	130.4417201950989		46.2	mg/kg	6.6		1024	124	32.6		1284	356	755	71.8
7338	副田	柴垣湯	鹿児島県	31.823511088151346	130.4370057518663		56.5		6									
7339	東郷		鹿児島県	31.85984103718904	130.35729800772097		41											
7340	時吉		鹿児島県	31.916359285798272	130.47155896304017		59											
7341	宮之城	相良荘	鹿児島県	31.946224478983375	130.4640007207683		52.5	mg/kg	8.9		95.5	1.4	0.1		12.6	24.6	220.6	33.7
7342	紫尾	紫尾共同浴場	鹿児島県	31.974172566374573	130.43010388378792		50.5	mg/kg	9.1		97.8	3.5	0.3		22.7	45	155	56.2
7343	柏原	もと部落湯	鹿児島県	31.929127048840574	130.4709514715272		46											
7344	藺牟田	砂石温泉広田源泉	鹿児島県	31.802346045875755	130.48121409615345		60.1	mg/kg	8.4		128	8.6	0.2		240	15	61	86.2
7345	野田		鹿児島県	32.070423033322946	130.26385032397366		41											
7346	菱刈鉱山	菱刈鉱山	鹿児島県	32.012369776273886	130.69307379118598		65.9	mg/l	6.6		610	78.5	15.3		467	77	1115.6	112
7347	徳辺	長寿温泉	鹿児島県	32.00901425291825	130.65855588021614		39	mg/l	8.3		83.3	5.8	0.2		49.7	33.1	124.3	50
7348	湯之尾	菱刈温泉	鹿児島県	31.984847106396682	130.66009044619022		55.5	mg/l	7.5		406	12.3	0.7		295	97.8	519.3	52
7349	岩戸	岩戸鉱泉	鹿児島県	31.97879040753138	130.6250065991526		16.6	mg/l	6		5.3	2.5	0.7		4.2	1.6	21	65.6
7350	永池	永池鉱泉	鹿児島県	31.950675303606197	130.65768354365224		16.3	mg/l	7.1		4.9	6.5	2.3		3.1	1.9	41.3	42.8
7351	加治木	加治木町有1号	鹿児島県	31.749815826806387	130.66356791470596		37.5	mg/kg	8.2		766	31.1	4.2		712	478.3	459.9	47.4
7352	姶良南部	姶良町老人福祉センター	鹿児島県	31.717302483961994	130.62103537915502		59.8	mg/l	8.1		1500	409	1.7		2790	357	24.4	42
7353	渓谷苑		鹿児島県	31.72043174919305	130.57187193863635		70											
7354	姶良北部	姶良町三叉コミュニティセンター	鹿児島県	31.75859438537874	130.60258325894705		46.7	mg/l	8.6		239	3.6	0.5		191	20	333.3	75
7355	鍋倉	姶良温泉センター	鹿児島県	31.73990725313383	130.6345916740555		82.2	mg/l	6.8		4810	1320	152		9220	1109	149	53
7356	蒲生	蒲生谷迫湯	鹿児島県	31.75767021479267	130.56928522269524		40.5	mg/kg	8		201.4	6.8	0.9		170.6	9.3	278.9	103.4
7357	栗野岳	栗野岳地獄	鹿児島県	31.9554592721696	130.78122772834016		95.2	mg/kg	3.1		6.7	13.8	7.2		32.3	217	0	118
7358	川東	前田湯2号	鹿児島県	32.02750813731882	130.74246344060123		60.5	mg/kg	7.6		22.4	16	5.9		5	9	136.9	81
7359	川西	般若寺農園	鹿児島県	32.034320671996376	130.73815259569847		69.4	mg/l	7.3		126	12.5	3		26	5	370.8	60.4
7360	山城	山城蔵前2号	鹿児島県	31.914311181586246	130.82978883211646		83	mg/kg	2.4		25.7	66.1	22.8		8.4	1187.8		285.6
7361	内野々		鹿児島県	31.900472953516367	130.79259486647175		59											
7362	横瀬	轟温泉	鹿児島県	31.867084410539213	130.7891824923348		56	mg/l	7.6		182	68.1	72.5		156	52	836.3	164
7363	犬飼		鹿児島県	31.824262573905568	130.76537612732702		45		7.2									
7364	太良	太良湯	鹿児島県	31.92204972432282	130.78495485042		44.5	mg/l	2.7		15.5	17.2	6.4		3.8	249		91
7365	間手原	間手原ラムネ	鹿児島県	31.846429949980983	130.75335759622237		47.5	mg/kg	6.5		190.1	272.4	96.2		172.2	164.1	1386.3	172
7366	塩浸	温泉センター2号	鹿児島県	31.835752247311078	130.74398504149204		52.2	mg/kg	6.5		179.5	161.9	84.8		168.5	100.6	1049.3	188
7367	ラムネ	ラムネ2号	鹿児島県	31.831904117310554	130.73759383808385		34.6	mg/kg	6.2		160.1	160.1	80.2		138.5	85.3		140.8
7368	新川	新川旅館	鹿児島県	31.82146189269989	130.74859174044084		54.1	mg/l	6.3		187	123	71.1		156	7	992	149
7369	安楽	安栖(重)旅館	鹿児島県	31.820125945979274	130.7566283760806		52.8	mg/kg	6.5		146.2	204.1	112.4		140.1	79	1289	189.1
7370	妙見		鹿児島県	31.81241781401718	130.75727203708988		57.3	mg/kg	6.4		212.2	210.1	91.3		166.3	80.9	1265.7	176.9
7371	銀湯	銀湯	鹿児島県	31.930548537949566	130.79955072420435		84	mg/l	2.9		8	20.4	16		2.1	627	0	207
7372	白水越	白水越	鹿児島県	31.918243377681918	130.8095778504051		90.1	mg/kg	2.4		2.5	9.3	5		56.6	360	0	112
7373	金湯	金湯	鹿児島県	31.917190154152745	130.7985803828941		77	mg/l	6.8		30.8	59.8	6.6		7.9	37.7	247	98.5
7374	野之湯	野之湯	鹿児島県	31.917893646244572	130.7976446836142		70.9	mg/l	7.5		42.4	36.8	10.2		5.7	27.2	244	132
7375	手洗	手洗温泉自然湧出熱水	鹿児島県	31.912487825568228	130.8138396327434		97.2	mg/l	2.3		17.7	136	68.7		31.2	1252		318
7376	鉾投	鉾投	鹿児島県	31.909587949153728	130.80684629731005		79	mg/l	4.8			19.5	4.1		3.3	37.9	2.4	
7377	関平	関平湯	鹿児島県	31.902947476546537	130.8120883357209		51	mg/l	7.7		68.5	27.3	12.3		5.4	65.4	251	208
7378	新湯	新湯温泉	鹿児島県	31.903187017066056	130.85503529811007		46.5	mg/kg	3.2		5.5	17.3	2.7		21.2	105	0	52
7379	栄之尾	林田温泉10号井	鹿児島県	31.903277242922183	130.8387638697181		98.3	mg/l	3.3		459	66.2	13.3		658	625		203
7380	硫黄谷	山林復興源泉	鹿児島県	31.8974971197526	130.83717090124978		96.8	mg/l	7.8		628	53.6	0.03		1020	94.7	25.8	354
7381	丸尾	さつま荘	鹿児島県	31.89505922435069	130.8288012902876		98.2	mg/l	9.3		316	4.4	0.05		394	80	183.2	258
7382	湯之谷	湯ノ谷山荘	鹿児島県	31.88781160454947	130.8376936310195		47.4	mg/l	5.8		65.9	28.7	5.1		12.6	164	177	104
7383	湯之野	湯之野(霧島町)	鹿児島県	31.89027972172932	130.8619259064793		71	mg/kg	6.1		5.8	31	6.3		2.3	74.1	68.7	44.2
7384	小鹿野		鹿児島県	31.799355371409128	130.77593457636775		43.3		6.7									
7385	日当山	大観2号	鹿児島県	31.76373906525434	130.75332596371092		49.5	mg/kg	7.6		238.1	8.3	7.5		114.9	13.7	538.4	71.2
7386	隼人南部	松下病院	鹿児島県	31.73013272564454	130.73249680180928		47.3	mg/l	7		7030	1470	477		13800	1579	62.2	81
7387	隼人中部	だるま温泉	鹿児島県	31.752524873164415	130.73015946113807		41.1	mg/l	7.8						17			
7388	姫城	ホテル天降川	鹿児島県	31.76343253607975	130.75580979309254		56	mg/kg	7.4		320	4.3	2.8		92.4	5.6	747.9	142.7
7389	日之出	山の湯荘	鹿児島県	31.820912249399075	130.75164085120048		58.2	mg/l	6.7		214	142	83.7		179	81	1130	151
7390	新川南部	ホテル渓谷	鹿児島県	31.78974394140776	130.74655467502984		46.6	mg/l	7		427	135	68.9		211	44	1512.4	117
7391	福山		鹿児島県	31.646779130657002	130.83636551848718		25.7											
7392	内之浦	内之浦温泉	鹿児島県	31.282242124051443	131.07373086380213		27	mg/kg	9.6		22	3	0.2		3.4	13.4	68.1	17.7
7393	高山	湯の谷鉱泉	鹿児島県	31.26331486393504	130.94823649868866		21	mg/l	7						1.5			
7394	吾平		鹿児島県	31.279231560809663	130.88008669244428		16		6.1									
7395	熊野温泉	種子島	鹿児島県	30.46506347041488	130.9592818806562	1972	25	mg/l		1090	295	6.3	4.1		49.7	136	567	14
7396	熊野温泉	種子島	鹿児島県	30.465132509549733	130.9592391812436			mg/l			213	6.7	3.4		41.5	96.6	353	17.3
7397	河内温泉	河内	鹿児島県	30.4067714817125	130.91891688283297	1971	26.5	mg/l		701	179	16.1	0.6		22.3	19.3	439	16.8
7398	河内温泉	河内	鹿児島県	30.40675690356271	130.91895986434258	1972	27	mg/l			171	2.3	0.7		22.3	43.2	302	16.7
7399	平山温泉	平山	鹿児島県	30.431955379219232	130.97600020328758		21.2	mg/l		876	166	35.1	22.9		356	33	183	21
7400	平山温泉	えびの湯	鹿児島県	30.431956687602376	130.97600604459925			mg/l			83.5	16.1	14.9		145	36.8	60	23.3
7401	平山温泉	浜田	鹿児島県	30.442309863963484	130.97219461156484			mg/l			143	41.5	27.3		276	64.2	95	24.6
7402	楠川温泉	華の恵	鹿児島県	30.40500263235626	130.60608961372816	1972	30	mg/l		185	36	3.1			10.4	9.6	61.1	47.3
7403	尾之間温泉	湯之峯荘	鹿児島県	30.240677262028125	130.5486908795096	1971	45.5	mg/l		194	45.4	1.3			6.4	8.6	52.9	56.4
7404	尾之間温泉	尾之間区1号	鹿児島県	30.240668939032687	130.54863594873322	1972	49.2	mg/l		199	48.1	1.4			5.3	21.8	43.7	27.3
7405	尾之間温泉	尾之間区2号	鹿児島県	30.240660111857757	130.54870111348933	1972	49.5	mg/l		204	47.6	1.3			5.2	21.7	43.8	59.3
7406	尾之間温泉	屋久島交通	鹿児島県	30.240652858799663	130.54868151779792		33	mg/l		210	45.9	0.6	0.6		10.1	20.3	78.6	35.5
7407	平内温泉	平内	鹿児島県	30.230556129015667	130.48333280502982	1972	46.8	mg/l		356	81.8	6.6	3.2		98.3	28.4	68.2	45.9
7408	平内温泉	(A)	鹿児島県	30.23055608361774	130.4833314293758	1972	46.5	mg/l		287	77.5	4.7	0.4		97.5	13.2	31.9	35.5
7409	平内温泉	(B)	鹿児島県	30.23055685011109	130.4833359197995	1972	41.5	mg/l		1442	400	21.3	38.1		684	93	58.8	35.5
7410	湯泊温泉	(A)	鹿児島県	30.234224733993074	130.47764547473886	1972	40	mg/l		243	51.5	12.2	1.5		62.1	13.6	62.1	20.5
7411	湯泊温泉	(B)	鹿児島県	30.23421321356767	130.47763247642493	1972	37.5	mg/l		1010	283	16.2	25.8		473	70	38.1	27
7412	北平温泉	北平	鹿児島県	30.797499926038444	130.3049989899263	1961	79.2	mg/kg	1.1		800	680	175		1156	14250		304.643
7413	北平温泉	北平下海岸	鹿児島県	30.80694295926046	130.3033296056065	1962	70	mg/kg	1.3		545	222	115		2450	9216		253.869
7414	東温泉	No.9	鹿児島県	30.781500935108784	130.29789466311894	1961	53.3	mg/kg	1.64		555	193	91.5		1390	6000		235.406
7415	東温泉	No.9	鹿児島県	30.781509483773576	130.29789814180057	1962	51.5	mg/kg	1.7		320	168	59		804	5232		231.559
7416	東温泉	No.9	鹿児島県	30.781506312177672	130.29785290387485	1958	55	mg/kg	1.6						1440	6182		
7417	長浜温泉	長浜	鹿児島県	30.781666671749434	130.2774992620361	1961	46.2	mg/kg	4.6		3085	326	348		4875	2544		152.321
7418	坂本温泉	坂本	鹿児島県	30.80246730063925	130.29127647304577	1962	49.5	mg/kg	6.3		4180	272	602		8040	1220	100	91.547
7419	新硫黄島温泉		鹿児島県	30.803609332253775	130.3402704718736	1962	55	mg/kg	5.4		10200	396	1240		17250	2736	72.6	91.547
7420	ウタン浜温泉	大谷	鹿児島県	30.806389740147534	130.3002809298646	1963	64.9	mg/kg	2.11						8187	2352		
7421	東温泉	No.9	鹿児島県	30.781483508355826	130.2979052121628	1988	57	mg/l		7940	287	151	34.8		1130	5060		241
7422	東温泉	No.9	鹿児島県	30.78150075093712	130.29789457357057	1993	51.6	mg/l		4820	258	135	34.3		670	3110		221
7423	ウタン浜温泉	大谷	鹿児島県	30.80666693638303	130.30055728011072	1993	59.6	mg/l		26510	7040	348	878		13110	2030		141
7424	坂本温泉	坂本	鹿児島県	30.80248573447009	130.2912637828046	1988	58	mg/l		9970	2460	173	302		4690	792	158	174
7425	西の湯	西の湯	鹿児島県	30.472596937621876	130.19604296968248	1987	64	mg/l		4330	1130	217	27.4		2010	354	181	184
7426	西の湯	西の湯	鹿児島県	30.472596007686132	130.19600231886002	1993	63.3	mg/l		4440	1130	216	25.9		2100	305	176	163
7427	向江浜温泉	向江浜	鹿児島県	30.45527684764224	130.1944378427467	1993	47.3	mg/l		6500	1870	161	195		3040	176	298	115
7428	寝待温泉	寝待	鹿児島県	30.467912911781585	130.2334515509311	1987	50	mg/l		4590	1020	284	49.4		2030	674		82
7429	湯向温泉	湯向	鹿児島県	30.454367690053925	130.2474613812645	1987	50	mg/l		3000	682	201	41		1370	339	24	110
7430	瀬良馬温泉	瀬良馬	鹿児島県	29.95561803580619	129.92694609609958	1971	70	mg/l		1910	124	258	92		90.7	890	308	172
7431	瀬良馬温泉	セランマA	鹿児島県	29.95561802562883	129.92692995238428	1988	69.4	mg/l		1770	110	263	73.9		76.2	845	294	161
7432	瀬良馬温泉	セランマB	鹿児島県	29.9556184797621	129.92694296052682	1988	60.2	mg/l		1780	110	279	77		77.2	812	304	173
7433	瀬良馬温泉	セランマ	鹿児島県	29.955607698554093	129.92694605781352	1993	66.8	mg/l		2020	123	245	91		107	796	343	187
7434	戸尻温泉	戸尻	鹿児島県	29.955633913402163	129.92694705158092	1993	40	mg/l		2870	537	251	103		850	444	665	118
7435	里村温泉	東区第1	鹿児島県	29.834989717913704	129.8529541660522	1953	61	mg/l		5600	1130	436	153		1920	1230	582	187
7436	里村温泉	東区第2	鹿児島県	29.834982901055643	129.8529667349783	1953	67	mg/l		6150	1360	520	195		2610	1290	394	67.4
7437	里村温泉	東区	鹿児島県	29.83498107953109	129.85295864404156	1988	68.2	mg/l		5900	1180	484	156		2050	1400	319	47.8
7438	里村温泉	西区	鹿児島県	29.83888817592153	129.85166544949624	1953	81	mg/l		3390	596	340	89.8		1180	770	459	62.4
7439	里村温泉	西区	鹿児島県	29.838889691712723	129.85166915449108	1988	87.8	mg/l		3370	753	216	57.6		1190	863	162	49.6
7440	里村温泉	西区	鹿児島県	29.838888545765364	129.85166476173987	1993	86	mg/l		3350	792	169	63.1		1240	736	167	79.7
7441	里村温泉	雨止り	鹿児島県	29.84144080879081	129.85045582675843	1953	49	mg/l			37.6	223	40.2		92.1	306	446	107
7442	里村温泉	雨止り	鹿児島県	29.841461047784602	129.85048014323252	1988	53.4	mg/l		1140	71	191	45.3		79.1	433	267	164
7443	里村温泉	掘削井	鹿児島県	29.837499890530868	129.8527785868384	1988	57.7	mg/l		8350	1840	590	179		3180	1580	296	44
7444	里村温泉	掘削井	鹿児島県	29.837501339802728	129.8527838130721	1993	57.7	mg/l		8160	1820	529	201		3330	1380	256	60
7445	御岳	御岳噴気孔	鹿児島県	29.860278721837	129.85972469649707	1988	70.4	mg/l		14100	9.62	15.3	6.1		612	3870		187
7446	御岳	御岳火口湖	鹿児島県	29.859443090566657	129.85944016458734	1988	12.2	mg/l		619	3.88	0.49	0.4		30.3	129		18.8
7447	山田温泉	ラマダルネッサンスリゾート沖縄	沖縄県	26.43554356125308	127.78769266047613	1988	23.4	mg/kg	7.6	821	168	101.5	36		261	70.1	399.7	
7448	ちゅらーゆ	ちゃたん恵み温泉美浜の湯	沖縄県	26.312775760552597	127.7557005652854	2003	42.1	mg/kg	8.4	1200	486.6	1.6	0.8		31.7	5.9	1116	
7449	JAアロマ温泉	JA宜野湾市天然温泉	沖縄県	26.288317879918456	127.74607311957665	1996	41.2	mg/kg	8	5998	2112	35.2	11.2		3149	0.4	391.7	
7450	りっかりっか湯	那覇天然温泉美人湯	沖縄県	26.21833323216657	127.68861214828088	1997	26.6	mg/kg		1800	574	61.8	20.4		777	128	240.9	
7451	ロワジール那覇温泉	ロワジールホテル三重城温泉	沖縄県	26.213611512479012	127.6661128682789	2004	40.5	mg/kg	7.5	19850	7062	433.6	54.7		11850		91.1	
7452	西表島温泉		沖縄県	24.378687829768733	123.90632256010895	1989	35.8	mg/kg			628	491			315.1		134.2	
