# Nevada Bureau of Mines and Geology, AASG state geothermal data (aqSpringChemistry)
# source:    https://web2.nbmg.unr.edu/ArcGIS/rest/services/
# taken:     2026-09-11
# sha256:    40a3ce8bd49cab02a7e3fd3cc45f85949dfd936eb460fdbc7cc0e2dffd60edbb
# licence:   US state geological survey data, public domain.
# generated: scripts/fetch-nbmg.mjs -- do not edit by hand
#
# A SNAPSHOT, NOT A PINNED DERIVATION. The upstream is a query service
# with no published archive, so there is nothing to hash but this file.
# data:build is reproducible from it; the fetch is not.
#
# Chemistry only. This service also publishes FluidTemperature_C and it is
# NOT read: it yields twelve springs against the atlas and that seam is
# closed, not deferred.
#
# rows:      6319 across 1411 sampling sites (NV:5405, CO:914)
# values:    calcium 3976, magnesium 1929, sodium 3699, potassium 3569, silica 3668, chloride 4168, sulfate 3902, bicarbonate 1323, iron 1438, ph 1947
# complete:  every service answered
site	name	state	lat	lng	measuredAt	calcium	magnesium	sodium	potassium	silica	chloride	sulfate	bicarbonate	iron	ph
http://resources.usgin.org/uri-gin/cogs/thermalspring/cogs:38.51583-106.51611/	Gunnison County Lower Waunita Hot Springs	CO	38.51583	-106.51611	1993										7.8
http://resources.usgin.org/uri-gin/cogs/thermalspring/cogs:38.73278-106.17417/	Chaffee County Mt. Princeton Hot Springs	CO	38.73278	-106.17417	1993										8.6
http://resources.usgin.org/uri-gin/cogs/thermalspring/cogs:38.81278-106.2225/	Chaffee County Cottonwood	CO	38.81278	-106.2225	1975										6
http://resources.usgin.org/uri-gin/cogs/thermalspring/cogs:38.81278-106.2225/	Chaffee County Cottonwood	CO	38.81278	-106.2225	1976										8.2
http://resources.usgin.org/uri-gin/cogs/thermalspring/cogs:38.81278-106.2225/	Chaffee County Cottonwood	CO	38.81278	-106.2225	1976										8.5
http://resources.usgin.org/uri-gin/cogs/thermalspring/cogs:39.54944-107.32167/	Garfield County Glenwood Springs	CO	39.54944	-107.32167	1974										7
http://resources.usgin.org/uri-gin/cogs/thermalspring/cogs:39.54944-107.32167/	Garfield County Glenwood Springs	CO	39.54944	-107.32167	1975										6.3
http://resources.usgin.org/uri-gin/cogs/thermalspring/cogs:39.54944-107.32167/	Garfield County Glenwood Springs	CO	39.54944	-107.32167	1975										6.3
http://resources.usgin.org/uri-gin/cogs/thermalspring/cogs:39.54944-107.32167/	Garfield County Glenwood Springs	CO	39.54944	-107.32167	1975										6.5
http://resources.usgin.org/uri-gin/cogs/thermalspring/cogs:39.54944-107.32167/	Garfield County Glenwood Springs	CO	39.54944	-107.32167	1976										6.4
http://resources.usgin.org/uri-gin/cogs/thermalspring/cogs:39.54944-107.32167/	Garfield County Glenwood Springs	CO	39.54944	-107.32167	1976										6.4
http://resources.usgin.org/uri-gin/cogs/thermalspring/cogs:40.07472-106.11111/	Grand County Hot Sulphur Springs	CO	40.07472	-106.11111	1975										6.8
http://resources.usgin.org/uri-gin/cogs/thermalspring/cogs:40.07472-106.11111/	Grand County Hot Sulphur Springs	CO	40.07472	-106.11111	1975										7.1
http://resources.usgin.org/uri-gin/cogs/thermalspring/cogs:40.07472-106.11111/	Grand County Hot Sulphur Springs	CO	40.07472	-106.11111	1975										7.1
http://resources.usgin.org/uri-gin/cogs/thermalspring/cogs:40.07472-106.11111/	Grand County Hot Sulphur Springs	CO	40.07472	-106.11111	1993										6.8
http://resources.usgin.org/uri-gin/cogs/thermalspring/cogs:40.07472-106.11111/	Grand County Hot Sulphur Springs	CO	40.07472	-106.11111	1993										7
http://resources.usgin.org/uri-gin/cogs/thermalspring/cogs:40.07472-106.11111/	Grand County Hot Sulphur Springs	CO	40.07472	-106.11111	2010										6.76
http://resources.usgin.org/uri-gin/cogs/thermalspring/cogs:40.07472-106.11111/	Grand County Hot Sulphur Springs	CO	40.07472	-106.11111	2010										6.76
http://resources.usgin.org/uri-gin/cogs/thermalspring/cogs:40.07472-106.11111/	Grand County Hot Sulphur Springs	CO	40.07472	-106.11111	2010										7.03
http://resources.usgin.org/uri-gin/cogs/thermalspring/cogs:40.07472-106.11111/	Grand County Hot Sulphur Springs	CO	40.07472	-106.11111	2010										8.49
http://resources.usgin.org/uri-gin/cogs/thermalspring/COHS_ 16_6/	Chaffee County Cottonwood	CO	38.81278	-106.2225	1975	6.4		110	2.6	58	28	110	73		
http://resources.usgin.org/uri-gin/cogs/thermalspring/COHS_ 16_7/	Chaffee County Cottonwood	CO	38.81278	-106.2225	1975	5.6		110	2.7	54	30	110	76		
http://resources.usgin.org/uri-gin/cogs/thermalspring/COHS_ 16_8/	Chaffee County Cottonwood	CO	38.81278	-106.2225	1976	5.9		110	2.7	58	30	110	74		
http://resources.usgin.org/uri-gin/cogs/thermalspring/COHS_ 16_9/	Chaffee County Cottonwood	CO	38.81278	-106.2225	1976	5.8		100	2.7	13	32	110	56		
http://resources.usgin.org/uri-gin/cogs/thermalspring/COHS_ 34_1/	Garfield County Glenwood Springs	CO	39.54944	-107.32167	1920	430		6950	460	37	11025	1194	437		
http://resources.usgin.org/uri-gin/cogs/thermalspring/COHS_ 34_2/	Garfield County Glenwood Springs	CO	39.54944	-107.32167	1975	510		6900	180	32	11000	1100	773		
http://resources.usgin.org/uri-gin/cogs/thermalspring/COHS_ 34_3/	Garfield County Glenwood Springs	CO	39.54944	-107.32167	1978	430		7400	150	30	11000	1100	760		
http://resources.usgin.org/uri-gin/cogs/thermalspring/COHS_ 34_4/	Garfield County Glenwood Springs	CO	39.54944	-107.32167	1920	507		5480	2187	36	10290	1180	736		
http://resources.usgin.org/uri-gin/cogs/thermalspring/COHS_ 34_5/	Garfield County Glenwood Springs	CO	39.54944	-107.32167	1975	510		7000	180	32	11000	1100	778		
http://resources.usgin.org/uri-gin/cogs/thermalspring/COHS_ 34_6/	Garfield County Glenwood Springs	CO	39.54944	-107.32167	1975	530		6900	170	29	11000	1100	777		
http://resources.usgin.org/uri-gin/cogs/thermalspring/COHS_ 34_7/	Garfield County Glenwood Springs	CO	39.54944	-107.32167	1976	500		7000	380	30	11000	1100	773		
http://resources.usgin.org/uri-gin/cogs/thermalspring/COHS_ 34_8/	Garfield County Glenwood Springs	CO	39.54944	-107.32167	1976	480		6600	180	30	10000	1100	772		
http://resources.usgin.org/uri-gin/cogs/thermalspring/COHS_ 40_10/	Grand County Hot Sulphur Springs	CO	40.07472	-106.11111	1975	15		430	22	31	140	130	828		
http://resources.usgin.org/uri-gin/cogs/thermalspring/COHS_ 40_12/	Grand County Hot Sulphur Springs	CO	40.07472	-106.11111	1975	16		430	23	30	140	150	790		
http://resources.usgin.org/uri-gin/cogs/thermalspring/COHS_ 40_14/	Grand County Hot Sulphur Springs	CO	40.07472	-106.11111	2010	15		450	22	33	130	110			
http://resources.usgin.org/uri-gin/cogs/thermalspring/COHS_ 40_15/	Grand County Hot Sulphur Springs	CO	40.07472	-106.11111	2010	14		450	22	33	140	100			
http://resources.usgin.org/uri-gin/cogs/thermalspring/COHS_ 40_16/	Grand County Hot Sulphur Springs	CO	40.07472	-106.11111	2010	13		440	21	32	140	110			
http://resources.usgin.org/uri-gin/cogs/thermalspring/COHS_ 40_17/	Grand County Hot Sulphur Springs	CO	40.07472	-106.11111	2010	10		460	22	33	150	120			
http://resources.usgin.org/uri-gin/cogs/thermalspring/COHS_ 40_9/	Grand County Hot Sulphur Springs	CO	40.07472	-106.11111	1975	15		440	25	35	140	140	814		
http://resources.usgin.org/uri-gin/cogs/thermalspring/COHS_ 55_18/	Chaffee County Mt. Princeton Hot Springs	CO	38.73278	-106.17417	1975	6.4		84	2.8	72	8.3	92	75		
http://resources.usgin.org/uri-gin/cogs/thermalspring/COHS_ 55_19/	Chaffee County Mt. Princeton Hot Springs	CO	38.73278	-106.17417	1993	4.15		91.85	2.41	102	13	101			
http://resources.usgin.org/uri-gin/cogs/thermalspring/COHS_ 55_22/	Chaffee County Mt. Princeton Hot Springs	CO	38.73222	-106.175	1975	5.8		73	2.5	68	6.4	81	72		
http://resources.usgin.org/uri-gin/cogs/thermalspring/COHS_ 55_23/	Chaffee County Mt. Princeton Hot Springs	CO	38.73222	-106.17556	1975	8.5		60	2.3	71	3.9	67	72		
http://resources.usgin.org/uri-gin/cogs/thermalspring/COHS_01-1/	Mineral County Antelope Warm Spring	CO	37.74333	-107.03722	1975	1.7	0.6	43	0.3	39	3.5	3.2			
http://resources.usgin.org/uri-gin/cogs/thermalspring/COHS_01-1/	Mineral County Antelope Warm Spring	CO	37.74333	-107.03722	1975	1.7		43	0.3	39	3.5	3.2	77		
http://resources.usgin.org/uri-gin/cogs/thermalspring/COHS_01-1/	Mineral County Antelope Warm Spring	CO	37.74333	-107.03722	1975	4	0.3	44	0.1	41	2.8	2.2			
http://resources.usgin.org/uri-gin/cogs/thermalspring/COHS_01-1/	Mineral County Antelope Warm Spring	CO	37.74333	-107.03722	1975	4		44	0.1	41	2.8	2.2	110		
http://resources.usgin.org/uri-gin/cogs/thermalspring/COHS_01-1/	Mineral County Antelope Warm Spring	CO	37.74333	-107.03722	1975										8.9
http://resources.usgin.org/uri-gin/cogs/thermalspring/COHS_01-1/	Mineral County Antelope Warm Spring	CO	37.74333	-107.03722	1993										9.1
http://resources.usgin.org/uri-gin/cogs/thermalspring/COHS_02-1/	Moffat County Axial	CO	40.30028	-107.78417	1975	140	140	71	14	18	17	530			
http://resources.usgin.org/uri-gin/cogs/thermalspring/COHS_02-1/	Moffat County Axial	CO	40.30028	-107.78417	1975	140		71	14	18	17	530	630		
http://resources.usgin.org/uri-gin/cogs/thermalspring/COHS_02-1/	Moffat County Axial	CO	40.30028	-107.78417	1975										7.1
http://resources.usgin.org/uri-gin/cogs/thermalspring/COHS_03-1/	Mineral County Birdsie Warm Spring	CO	37.72833	-107.05361	1975										8.6
http://resources.usgin.org/uri-gin/cogs/thermalspring/COHS_03-1/	Mineral County Birdsie Warm Spring	CO	37.72833	-107.05361	1993										9.2
http://resources.usgin.org/uri-gin/cogs/thermalspring/COHS_04-1/	Jackson County Brands Ranch 	CO	40.70444	-106.53444	1975										6
http://resources.usgin.org/uri-gin/cogs/thermalspring/COHS_04-1/	Jackson County Brands Ranch	CO	40.70444	-106.53444	1993										6.4
http://resources.usgin.org/uri-gin/cogs/thermalspring/COHS_05-1/	Chaffee County Browns Canyon Warm Spring	CO	38.65361	-106.05306	1975	9		170	2.4	28					
http://resources.usgin.org/uri-gin/cogs/thermalspring/COHS_05-1/	Chaffee County Browns Canyon Warm Spring	CO	38.65361	-106.05306	1975	9		170	2.4	28					
http://resources.usgin.org/uri-gin/cogs/thermalspring/COHS_05-1/	Chaffee County Browns Canyon Warm Spring	CO	38.65361	-106.05306	1975										8
http://resources.usgin.org/uri-gin/cogs/thermalspring/COHS_05-2/	Chaffee County Browns Canyon	CO	38.64444	-106.07806	1975	7		170	2.7	47					
http://resources.usgin.org/uri-gin/cogs/thermalspring/COHS_05-2/	Chaffee County Browns Canyon	CO	38.64444	-106.07806	1975	7		170	2.7	47					
http://resources.usgin.org/uri-gin/cogs/thermalspring/COHS_05-3/	Chaffee County Browns Grotto Warm Spring	CO	38.63694	-106.07389	1975	18		180	3.4	46					
http://resources.usgin.org/uri-gin/cogs/thermalspring/COHS_05-3/	Chaffee County Browns Grotto Warm Spring	CO	38.63694	-106.07389	1975	18		180	3.4	46					
http://resources.usgin.org/uri-gin/cogs/thermalspring/COHS_05-3/	Chaffee County Browns Grotto Warm Spring	CO	38.63694	-106.07389	1975										7
http://resources.usgin.org/uri-gin/cogs/thermalspring/COHS_06-1/	Fremont County Canon City Hot Springs	CO	38.43222	-105.26139	1920	169.4	53.58	160.8	33.2	26.1	184.1	112			
http://resources.usgin.org/uri-gin/cogs/thermalspring/COHS_06-1/	Fremont County Canon City Hot Springs	CO	38.43222	-105.26139	1920	169.4		160.8	33.2	26.1	184.1	112	804		
http://resources.usgin.org/uri-gin/cogs/thermalspring/COHS_06-1/	Fremont County Canon City Hot Springs	CO	38.43222	-105.26139	1975	190	62	190	15	22	180	130			
http://resources.usgin.org/uri-gin/cogs/thermalspring/COHS_06-1/	Fremont County Canon City Hot Springs	CO	38.43222	-105.26139	1975	190		190	15	22	180	130	887		
http://resources.usgin.org/uri-gin/cogs/thermalspring/COHS_06-1/	Fremont County Canon City Hot Springs	CO	38.43222	-105.26139	1975										6.3
http://resources.usgin.org/uri-gin/cogs/thermalspring/COHS_06-1/	Fremont County Canon City Hot Springs	CO	38.43222	-105.26139	1976	170	61	190	15	21	190	120			
http://resources.usgin.org/uri-gin/cogs/thermalspring/COHS_06-1/	Fremont County Canon City Hot Springs	CO	38.43222	-105.26139	1976	170		190	15	21	190	120	888		
http://resources.usgin.org/uri-gin/cogs/thermalspring/COHS_06-1/	Fremont County Canon City Hot Springs	CO	38.43222	-105.26139	1976	190	55	180	16	21	190	130			
http://resources.usgin.org/uri-gin/cogs/thermalspring/COHS_06-1/	Fremont County Canon City Hot Springs	CO	38.43222	-105.26139	1976	190		180	16	21	190	130	888		
http://resources.usgin.org/uri-gin/cogs/thermalspring/COHS_06-1/	Fremont County Canon City Hot Springs	CO	38.43222	-105.26139	1976										6.1
http://resources.usgin.org/uri-gin/cogs/thermalspring/COHS_06-1/	Fremont County Canon City Hot Springs	CO	38.43222	-105.26139	1976										6.2
http://resources.usgin.org/uri-gin/cogs/thermalspring/COHS_07-1/	La Plata County Carson #1 Well	CO	37.25694	-107.69917	1984	2.7	0.3	310	2.8	23	14	0.7			
http://resources.usgin.org/uri-gin/cogs/thermalspring/COHS_07-1/	La Plata County Carson #1 Well	CO	37.25694	-107.69917	1984	2.7		310	2.8	23	14	0.7			
http://resources.usgin.org/uri-gin/cogs/thermalspring/COHS_07-1/	La Plata County Carson #1 Well	CO	37.25694	-107.69917	1984										8.2
http://resources.usgin.org/uri-gin/cogs/thermalspring/COHS_08-1/	Gunnison County Cebolla A, (Powderhorn)	CO	38.27389	-107.09833	1920	133.7	50.5	289.5	77.5	78	123.1	123			
http://resources.usgin.org/uri-gin/cogs/thermalspring/COHS_08-1/	Gunnison County Cebolla A, (Powderhorn)	CO	38.27389	-107.09833	1920	133.7		289.5	77.5	78	123.1	123	1189		
http://resources.usgin.org/uri-gin/cogs/thermalspring/COHS_08-1/	Gunnison County Cebolla	CO	38.27389	-107.09833	1975	120	47	310	64	66	120	120			
http://resources.usgin.org/uri-gin/cogs/thermalspring/COHS_08-1/	Gunnison County Cebolla	CO	38.27389	-107.09833	1975	120	50	310	64	77	120	130			
http://resources.usgin.org/uri-gin/cogs/thermalspring/COHS_08-1/	Gunnison County Cebolla	CO	38.27389	-107.09833	1975	120		310	64	66	120	120	1180		
http://resources.usgin.org/uri-gin/cogs/thermalspring/COHS_08-1/	Gunnison County Cebolla	CO	38.27389	-107.09833	1975	120		310	64	77	120	130	1180		
http://resources.usgin.org/uri-gin/cogs/thermalspring/COHS_08-1/	Gunnison County Cebolla	CO	38.27389	-107.09833	1975	130	51	300	63	79	120	130			
http://resources.usgin.org/uri-gin/cogs/thermalspring/COHS_08-1/	Gunnison County Cebolla	CO	38.27389	-107.09833	1975	130		300	63	79	120	130	1170		
http://resources.usgin.org/uri-gin/cogs/thermalspring/COHS_08-1/	Gunnison County Cebolla	CO	38.27389	-107.09833	1975										6.8
http://resources.usgin.org/uri-gin/cogs/thermalspring/COHS_08-1/	Gunnison County Cebolla A, (Powderhorn)	CO	38.27389	-107.09833	1975	120	50	310	63	74	120	130			
http://resources.usgin.org/uri-gin/cogs/thermalspring/COHS_08-1/	Gunnison County Cebolla A, (Powderhorn)	CO	38.27389	-107.09833	1975	120		310	63	74	120	130	1170		
http://resources.usgin.org/uri-gin/cogs/thermalspring/COHS_08-1/	Gunnison County Cebolla	CO	38.27389	-107.09833	1976	120	48	330	58	85	120	130			
http://resources.usgin.org/uri-gin/cogs/thermalspring/COHS_08-1/	Gunnison County Cebolla	CO	38.27389	-107.09833	1976	120	51	310	66	92	120	120			
http://resources.usgin.org/uri-gin/cogs/thermalspring/COHS_08-1/	Gunnison County Cebolla	CO	38.27389	-107.09833	1976	120		310	66	92	120	120	1180		
http://resources.usgin.org/uri-gin/cogs/thermalspring/COHS_08-1/	Gunnison County Cebolla	CO	38.27389	-107.09833	1976	120		330	58	85	120	130	1170		
http://resources.usgin.org/uri-gin/cogs/thermalspring/COHS_08-1/	Gunnison County Cebolla	CO	38.27389	-107.09833	1976										6.4
http://resources.usgin.org/uri-gin/cogs/thermalspring/COHS_08-1/	Gunnison County Cebolla	CO	38.27389	-107.09833	1976										6.9
http://resources.usgin.org/uri-gin/cogs/thermalspring/COHS_08-1/	Gunnison County Cebolla	CO	38.27389	-107.09833	1993										6.8
http://resources.usgin.org/uri-gin/cogs/thermalspring/COHS_09-2/	Gunnison County Cement Creek Warm Spring	CO	38.835	-106.82611	1920	79.2	22.7	30	8	34.8	13.7	80.1			
http://resources.usgin.org/uri-gin/cogs/thermalspring/COHS_09-2/	Gunnison County Cement Creek Warm Spring	CO	38.835	-106.82611	1920	79.2		30	8	34.8	13.7	80.1	251		
http://resources.usgin.org/uri-gin/cogs/thermalspring/COHS_09-2/	Gunnison County Cement Creek Warm Spring	CO	38.835	-106.82611	1975	69	18	41	6	17	10	74			
http://resources.usgin.org/uri-gin/cogs/thermalspring/COHS_09-2/	Gunnison County Cement Creek Warm Spring	CO	38.835	-106.82611	1975	69		41	6	17	10	74	308		
http://resources.usgin.org/uri-gin/cogs/thermalspring/COHS_09-2/	Gunnison County Cement Creek Warm Spring	CO	38.835	-106.82611	1975	75	22	36	5.8	19	11	81			
http://resources.usgin.org/uri-gin/cogs/thermalspring/COHS_09-2/	Gunnison County Cement Creek Warm Spring	CO	38.835	-106.82611	1975	75		36	5.8	19	11	81	302		
http://resources.usgin.org/uri-gin/cogs/thermalspring/COHS_09-2/	Gunnison County Cement Creek Warm Spring	CO	38.835	-106.82611	1975										7.2
http://resources.usgin.org/uri-gin/cogs/thermalspring/COHS_09-2/	Gunnison County Cement Creek Warm Spring	CO	38.835	-106.82611	1976	68	20	36	6.4	18	11	69			
http://resources.usgin.org/uri-gin/cogs/thermalspring/COHS_09-2/	Gunnison County Cement Creek Warm Spring	CO	38.835	-106.82611	1976	68		36	6.4	18	11	69	306		
http://resources.usgin.org/uri-gin/cogs/thermalspring/COHS_09-2/	Gunnison County Cement Creek Warm Spring	CO	38.835	-106.82611	1976	73	18	40	6	17	11	80			
http://resources.usgin.org/uri-gin/cogs/thermalspring/COHS_09-2/	Gunnison County Cement Creek Warm Spring	CO	38.835	-106.82611	1976	73		40	6	17	11	80	305		
http://resources.usgin.org/uri-gin/cogs/thermalspring/COHS_09-2/	Gunnison County Cement Creek Warm Spring	CO	38.835	-106.82611	1976										7
http://resources.usgin.org/uri-gin/cogs/thermalspring/COHS_09-2/	Gunnison County Cement Creek Warm Spring	CO	38.835	-106.82611	1976										7.2
http://resources.usgin.org/uri-gin/cogs/thermalspring/COHS_10-1/	Las Animas County Chinaman Canyon 	CO	37.23333	-104.71667	1981	66	16	41	1.6	11	7.3	64			
http://resources.usgin.org/uri-gin/cogs/thermalspring/COHS_10-1/	Las Animas County Chinaman Canyon 	CO	37.23333	-104.71667	1981	66		41	1.6	11	7.3	64			
http://resources.usgin.org/uri-gin/cogs/thermalspring/COHS_10-1/	Las Animas County Chinaman Canyon 	CO	37.23333	-104.71667	1981										8.5
http://resources.usgin.org/uri-gin/cogs/thermalspring/COHS_11-1/	Pueblo County Clark Spring 	CO	38.25806	-104.60972	1975	75	45	250	18	11	28	620			
http://resources.usgin.org/uri-gin/cogs/thermalspring/COHS_11-1/	Pueblo County Clark Spring 	CO	38.25806	-104.60972	1975	75		250	18	11	28	620	323		
http://resources.usgin.org/uri-gin/cogs/thermalspring/COHS_11-1/	Pueblo County Clark Spring 	CO	38.25806	-104.60972	1975										6.8
http://resources.usgin.org/uri-gin/cogs/thermalspring/COHS_12-1/	Las Animas County Cokedale	CO	37.13972	-104.6125	1981	68	29	190	7.1	12	16	390			
http://resources.usgin.org/uri-gin/cogs/thermalspring/COHS_12-1/	Las Animas County Cokedale	CO	37.13972	-104.6125	1981	68		190	7.1	12	16	390			
http://resources.usgin.org/uri-gin/cogs/thermalspring/COHS_12-1/	Las Animas County Cokedale	CO	37.13972	-104.6125	1981										8.4
http://resources.usgin.org/uri-gin/cogs/thermalspring/COHS_13-1/	Delta County Colonel Chinn	CO	38.83944	-107.63417	1975	110	34	610	36	25	370	58			
http://resources.usgin.org/uri-gin/cogs/thermalspring/COHS_13-1/	Delta County Colonel Chinn	CO	38.83944	-107.63417	1975	110		610	36	25	370	58	1540		
http://resources.usgin.org/uri-gin/cogs/thermalspring/COHS_13-1/	Delta County Colonel Chinn	CO	38.83944	-107.63417	1975										6.6
http://resources.usgin.org/uri-gin/cogs/thermalspring/COHS_13-1/	Delta County Colonel Chinn	CO	38.83944	-107.63417	1976	110	32	570	41	25	400				
http://resources.usgin.org/uri-gin/cogs/thermalspring/COHS_13-1/	Delta County Colonel Chinn	CO	38.83944	-107.63417	1976	110		570	41	25	400		764		
http://resources.usgin.org/uri-gin/cogs/thermalspring/COHS_13-1/	Delta County Colonel Chinn	CO	38.83944	-107.63417	1976										6.5
http://resources.usgin.org/uri-gin/cogs/thermalspring/COHS_13-1/	Delta County Colonel Chinn	CO	38.83944	-107.63417	1978	130	35	620	44	25	380	110			
http://resources.usgin.org/uri-gin/cogs/thermalspring/COHS_13-1/	Delta County Colonel Chinn	CO	38.83944	-107.63417	1978	130		620	44	25	380	110	1520		
http://resources.usgin.org/uri-gin/cogs/thermalspring/COHS_13-1/	Delta County Colonel Chinn	CO	38.83944	-107.63417	1978										6.4
http://resources.usgin.org/uri-gin/cogs/thermalspring/COHS_14-1/	Pitkin County Conundrum Hot Springs	CO	39.01194	-106.89083	1920	626.7	8.6	40.3	9	44	6.8	1521			
http://resources.usgin.org/uri-gin/cogs/thermalspring/COHS_14-1/	Pitkin County Conundrum Hot Springs	CO	39.01194	-106.89083	1920	626.7		40.3	9	44	6.8	1521			
http://resources.usgin.org/uri-gin/cogs/thermalspring/COHS_14-1/	Pitkin County Conundrum Hot Springs	CO	39.01194	-106.89083	1975	500	1.4	44	3.4	38	8.6	1300			
http://resources.usgin.org/uri-gin/cogs/thermalspring/COHS_14-1/	Pitkin County Conundrum Hot Springs	CO	39.01194	-106.89083	1975	500		44	3.4	38	8.6	1300	18		
http://resources.usgin.org/uri-gin/cogs/thermalspring/COHS_15-1/	Delta County Cottonwood Spring	CO	38.66889	-108.34389	1977	35	13	6.4	1.7	15	1.5	4			
http://resources.usgin.org/uri-gin/cogs/thermalspring/COHS_15-1/	Delta County Cottonwood Spring	CO	38.66889	-108.34389	1977	35		6.4	1.7	15	1.5	4	180		
http://resources.usgin.org/uri-gin/cogs/thermalspring/COHS_15-1/	Delta County Cottonwood Spring	CO	38.66889	-108.34389	1977										9
http://resources.usgin.org/uri-gin/cogs/thermalspring/COHS_16-1/	Chaffee County Cottonwood Hot Springs	CO	38.81278	-106.22583	1920	4.65	2.72	81	34.2	61.2	28.4	108			
http://resources.usgin.org/uri-gin/cogs/thermalspring/COHS_16-1/	Chaffee County Cottonwood Hot Springs	CO	38.81278	-106.22583	1920	4.65		81	34.2	61.2	28.4	108	79.2		
http://resources.usgin.org/uri-gin/cogs/thermalspring/COHS_16-1/	Chaffee County Cottonwood Hot Springs	CO	38.81278	-106.22583	1972	6.3	0.1	110	3	60	27	110			
http://resources.usgin.org/uri-gin/cogs/thermalspring/COHS_16-1/	Chaffee County Cottonwood Hot Springs	CO	38.81278	-106.22583	1972	6.3		110	3	60	27	110	45		
http://resources.usgin.org/uri-gin/cogs/thermalspring/COHS_16-1/	Chaffee County Cottonwood Hot Springs	CO	38.81278	-106.22583	1972										8.4
http://resources.usgin.org/uri-gin/cogs/thermalspring/COHS_16-1/	Chaffee County Cottonwood Hot Springs	CO	38.81278	-106.22583	1975	6.2	0.5	110	2.8	60	30	110			
http://resources.usgin.org/uri-gin/cogs/thermalspring/COHS_16-1/	Chaffee County Cottonwood Hot Springs	CO	38.81278	-106.22583	1975	6.2		110	2.8	60	30	110	73		
http://resources.usgin.org/uri-gin/cogs/thermalspring/COHS_16-1/	Chaffee County Cottonwood Hot Springs	CO	38.81278	-106.22583	1976	7		115	2	55					
http://resources.usgin.org/uri-gin/cogs/thermalspring/COHS_16-1/	Chaffee County Cottonwood Hot Springs	CO	38.81278	-106.22583	1976	7		115	2	55					
http://resources.usgin.org/uri-gin/cogs/thermalspring/COHS_16-1/	Chaffee County Cottonwood Hot Springs	CO	38.81278	-106.22583		6.3	0.3	98	2.5	52	26	98			
http://resources.usgin.org/uri-gin/cogs/thermalspring/COHS_16-1/	Chaffee County Cottonwood Hot Springs	CO	38.81278	-106.22583		6.3		98	2.5	52	26	98	55		
http://resources.usgin.org/uri-gin/cogs/thermalspring/COHS_16-1/	Chaffee County Cottonwood Hot Springs	CO	38.81278	-106.22583											8.9
http://resources.usgin.org/uri-gin/cogs/thermalspring/COHS_16-Jump_Steady-6/	Chaffee County Cottonwood	CO	38.81278	-106.2225	1975	5.6	0.3	110	2.7	54	30	110			
http://resources.usgin.org/uri-gin/cogs/thermalspring/COHS_16-Jump_Steady-6/	Chaffee County Cottonwood	CO	38.81278	-106.2225	1975	6.4	0.6	110	2.6	58	28	110			
http://resources.usgin.org/uri-gin/cogs/thermalspring/COHS_16-Jump_Steady-6/	Chaffee County Cottonwood	CO	38.81278	-106.2225	1976	5.8	0	100	2.7	13	32	110			
http://resources.usgin.org/uri-gin/cogs/thermalspring/COHS_16-Jump_Steady-6/	Chaffee County Cottonwood	CO	38.81278	-106.2225	1976	5.9	0.3	110	2.7	58	30	110			
http://resources.usgin.org/uri-gin/cogs/thermalspring/COHS_16-Merrifield_Well-10-2/	Chaffee County Cottonwood	CO	38.80972	-106.2225	1974										8.4
http://resources.usgin.org/uri-gin/cogs/thermalspring/COHS_16-Merrifield_Well-10-2/	Chaffee County Cottonwood	CO	38.80972	-106.2225	1975	9.5	0.8	81	2.5	48	23	87			
http://resources.usgin.org/uri-gin/cogs/thermalspring/COHS_16-Merrifield_Well-10-2/	Chaffee County Cottonwood	CO	38.80972	-106.2225	1975	9.5		81	2.5	48	23	87	71		
http://resources.usgin.org/uri-gin/cogs/thermalspring/COHS_16-Merrifield_Well-10-2/	Chaffee County Cottonwood	CO	38.80972	-106.2225	1975										8.8
http://resources.usgin.org/uri-gin/cogs/thermalspring/COHS_16-Merrifield_Well-10-2/	Chaffee County Cottonwood	CO	38.80972	-106.2225	1993										8.8
http://resources.usgin.org/uri-gin/cogs/thermalspring/COHS_17-1/	Moffat County Craig Warm Water Well	CO	40.48639	-107.60083	1976	5.8	0.9	360	4.1	19	4.1	6.7			
http://resources.usgin.org/uri-gin/cogs/thermalspring/COHS_17-1/	Moffat County Craig Warm Water Well	CO	40.48639	-107.60083	1976	5.8		360	4.1	19	4.1	6.7	998		
http://resources.usgin.org/uri-gin/cogs/thermalspring/COHS_17-1/	Moffat County Craig Warm Water Well	CO	40.48639	-107.60083	1976										8.2
http://resources.usgin.org/uri-gin/cogs/thermalspring/COHS_17-1/	Moffat County Craig Warm Water Well	CO	40.48639	-107.60083	1992	4.31	0.4	347	3.68	80.8	4.9				
http://resources.usgin.org/uri-gin/cogs/thermalspring/COHS_17-1/	Moffat County Craig Warm Water Well	CO	40.48639	-107.60083	1992	4.31		347	3.68	80.8	4.9		996		
http://resources.usgin.org/uri-gin/cogs/thermalspring/COHS_17-1/	Moffat County Craig Warm Water Well	CO	40.48639	-107.60083	1992										8.2
http://resources.usgin.org/uri-gin/cogs/thermalspring/COHS_18-1/	Archuleta County Crowley Ranch Reserve	CO	37.01944	-106.80278	1993										6.8
http://resources.usgin.org/uri-gin/cogs/thermalspring/COHS_19-1/	Ouray County Dallas Creek	CO	38.16667	-107.78333	1981	600	44	350	20	29	100	1900			
http://resources.usgin.org/uri-gin/cogs/thermalspring/COHS_19-1/	Ouray County Dallas Creek	CO	38.16667	-107.78333	1981	600		350	20	29	100	1900			
http://resources.usgin.org/uri-gin/cogs/thermalspring/COHS_19-1/	Ouray County Dallas Creek	CO	38.16667	-107.78333	1981										7.7
http://resources.usgin.org/uri-gin/cogs/thermalspring/COHS_20-1/	Routt County Deganahl	CO	40.13583	-106.96194	1978	51	13	27	1.3	17	1.5	23			
http://resources.usgin.org/uri-gin/cogs/thermalspring/COHS_20-1/	Routt County Deganahl	CO	40.13583	-106.96194	1978	51		27	1.3	17	1.5	23	260		
http://resources.usgin.org/uri-gin/cogs/thermalspring/COHS_20-1/	Routt County Deganahl	CO	40.13583	-106.96194	1978										7.3
http://resources.usgin.org/uri-gin/cogs/thermalspring/COHS_20-1/	Routt County Deganahl	CO	40.13583	-106.96194	1980	52	14.6	29.8	2.8		12	31.3			
http://resources.usgin.org/uri-gin/cogs/thermalspring/COHS_20-1/	Routt County Deganahl	CO	40.13583	-106.96194	1980	52		29.8	2.8		12	31.3	253.8		
http://resources.usgin.org/uri-gin/cogs/thermalspring/COHS_20-1/	Routt County Deganahl	CO	40.13583	-106.96194	1980										7.2
http://resources.usgin.org/uri-gin/cogs/thermalspring/COHS_20-1/	Routt County Deganahl	CO	40.13583	-106.96194	1993										7.1
http://resources.usgin.org/uri-gin/cogs/thermalspring/COHS_20-4/	Routt County Deganahl-Watson Creek	CO	40.14583	-106.95556	1981	51	14	27	2.8		10	22			
http://resources.usgin.org/uri-gin/cogs/thermalspring/COHS_20-4/	Routt County Deganahl-Watson Creek	CO	40.14583	-106.95556	1981	51		27	2.8		10	22			
http://resources.usgin.org/uri-gin/cogs/thermalspring/COHS_20-4/	Routt County Deganahl-Watson Creek	CO	40.14583	-106.95556	1981										8.2
http://resources.usgin.org/uri-gin/cogs/thermalspring/COHS_21-1/	Fremont County Desert Reef	CO	38.36917	-105.04861	1972	160	70	280	33	34	130	230			
http://resources.usgin.org/uri-gin/cogs/thermalspring/COHS_21-1/	Fremont County Desert Reef	CO	38.36917	-105.04861	1972	160		280	33	34	130	230	1170		
http://resources.usgin.org/uri-gin/cogs/thermalspring/COHS_21-1/	Fremont County Desert Reef	CO	38.36917	-105.04861	1972										6.8
http://resources.usgin.org/uri-gin/cogs/thermalspring/COHS_21-1/	Fremont County Desert Reef	CO	38.36917	-105.04861	1993	158.7	70.7	282.8	27.8	32	126	226			
http://resources.usgin.org/uri-gin/cogs/thermalspring/COHS_21-1/	Fremont County Desert Reef	CO	38.36917	-105.04861	1993	158.7		282.8	27.8	32	126	226	1140		
http://resources.usgin.org/uri-gin/cogs/thermalspring/COHS_21-1/	Fremont County Desert Reef	CO	38.36917	-105.04861	1993										6.2
http://resources.usgin.org/uri-gin/cogs/thermalspring/COHS_22-1/	Conejos County Dexter Spring	CO	37.29472	-105.785	1976										7.9
http://resources.usgin.org/uri-gin/cogs/thermalspring/COHS_23-1/	Pueblo County Don K Ranch	CO	38.17028	-105.01333	1975	160	66	400	50	40	150	64			
http://resources.usgin.org/uri-gin/cogs/thermalspring/COHS_23-1/	Pueblo County Don K Ranch	CO	38.17028	-105.01333	1975	160		400	50	40	150	64	1580		
http://resources.usgin.org/uri-gin/cogs/thermalspring/COHS_23-1/	Pueblo County Don K Ranch	CO	38.17028	-105.01333	1975										6.5
http://resources.usgin.org/uri-gin/cogs/thermalspring/COHS_24-2/	Eagle County Dotsero Warm Springs	CO	39.63056	-107.10139	1920		67			21.4		495			
http://resources.usgin.org/uri-gin/cogs/thermalspring/COHS_24-2/	Eagle County Dotsero Warm Springs	CO	39.63056	-107.10139	1920					21.4		495	449		
http://resources.usgin.org/uri-gin/cogs/thermalspring/COHS_24-2/	Eagle County Dotsero Warm Springs	CO	39.63056	-107.10139	1974										6.8
http://resources.usgin.org/uri-gin/cogs/thermalspring/COHS_24-2/	Eagle County Dotsero Warm Springs	CO	39.63056	-107.10139	1975	230	62	3500	44		5400	420			
http://resources.usgin.org/uri-gin/cogs/thermalspring/COHS_24-2/	Eagle County Dotsero Warm Springs	CO	39.63056	-107.10139	1975	230		3500	44		5400	420	454		
http://resources.usgin.org/uri-gin/cogs/thermalspring/COHS_24-2/	Eagle County Dotsero Warm Springs	CO	39.63056	-107.10139	1976	240	65	3500	44	13	5400	450			
http://resources.usgin.org/uri-gin/cogs/thermalspring/COHS_24-2/	Eagle County Dotsero Warm Springs	CO	39.63056	-107.10139	1976	240		3500	44	13	5400	450	454		
http://resources.usgin.org/uri-gin/cogs/thermalspring/COHS_24-2/	Eagle County Dotsero Warm Springs	CO	39.63056	-107.10139	1976	260	79	3500	95	13	5800	430			
http://resources.usgin.org/uri-gin/cogs/thermalspring/COHS_24-2/	Eagle County Dotsero Warm Springs	CO	39.63056	-107.10139	1976	260		3500	95	13	5800	430	451		
http://resources.usgin.org/uri-gin/cogs/thermalspring/COHS_24-2/	Eagle County Dotsero Warm Springs	CO	39.63056	-107.10139	1976										7
http://resources.usgin.org/uri-gin/cogs/thermalspring/COHS_24-2/	Eagle County Dotsero Warm Springs	CO	39.63056	-107.10139	1976										7.2
http://resources.usgin.org/uri-gin/cogs/thermalspring/COHS_24-South-6/	Eagle County Dotsero Warm Springs	CO	39.62528	-107.09944	1975	250	54	3100	37	13	4900	480			
http://resources.usgin.org/uri-gin/cogs/thermalspring/COHS_24-South-6/	Eagle County Dotsero Warm Springs	CO	39.62528	-107.09944	1975	250		3100	37	13	4900	480	421		
http://resources.usgin.org/uri-gin/cogs/thermalspring/COHS_24-South-6/	Eagle County Dotsero Warm Springs	CO	39.62528	-107.09944	1975										7
http://resources.usgin.org/uri-gin/cogs/thermalspring/COHS_24-South-6/	Eagle County Dotsero Warm Springs	CO	39.62528	-107.09944	1993	252.9	55.3	3027.9	33.9	11.8	4712	480			
http://resources.usgin.org/uri-gin/cogs/thermalspring/COHS_24-South-6/	Eagle County Dotsero Warm Springs	CO	39.62528	-107.09944	1993	252.9		3027.9	33.9	11.8	4712	480	375		
http://resources.usgin.org/uri-gin/cogs/thermalspring/COHS_24-South-6/	Eagle County Dotsero Warm Springs	CO	39.62528	-107.09944	1993										6.7
http://resources.usgin.org/uri-gin/cogs/thermalspring/COHS_25-1/	La Plata County Dry Creek Well	CO	37.15667	-107.60861	1974	6	0.9	140	0.5	8.2	14	41			
http://resources.usgin.org/uri-gin/cogs/thermalspring/COHS_25-1/	La Plata County Dry Creek Well	CO	37.15667	-107.60861	1974	6		140	0.5	8.2	14	41	310		
http://resources.usgin.org/uri-gin/cogs/thermalspring/COHS_25-1/	La Plata County Dry Creek Well	CO	37.15667	-107.60861	1974										8.5
http://resources.usgin.org/uri-gin/cogs/thermalspring/COHS_26-1/	Dolores County Dunton Hot Spring	CO	37.77139	-108.0925	1975	330	45	35	19	34	6.6	350			
http://resources.usgin.org/uri-gin/cogs/thermalspring/COHS_26-1/	Dolores County Dunton Hot Spring	CO	37.77139	-108.0925	1975	330		35	19	34	6.6	350	877		
http://resources.usgin.org/uri-gin/cogs/thermalspring/COHS_26-1/	Dolores County Dunton Hot Spring	CO	37.77139	-108.0925	1976	340	45	34	21	33	7	310			
http://resources.usgin.org/uri-gin/cogs/thermalspring/COHS_26-1/	Dolores County Dunton Hot Spring	CO	37.77139	-108.0925	1976	340		34	21	33	7	310	1020		
http://resources.usgin.org/uri-gin/cogs/thermalspring/COHS_26-1/	Dolores County Dunton Hot Spring	CO	37.77139	-108.0925	1976	360	43	34	21	32	6.3	340			
http://resources.usgin.org/uri-gin/cogs/thermalspring/COHS_26-1/	Dolores County Dunton Hot Spring	CO	37.77139	-108.0925	1976	360		34	21	32	6.3	340	1010		
http://resources.usgin.org/uri-gin/cogs/thermalspring/COHS_26-1/	Dolores County Dunton Hot Spring	CO	37.77139	-108.0925	1976										6.4
http://resources.usgin.org/uri-gin/cogs/thermalspring/COHS_26-1/	Dolores County Dunton Hot Spring	CO	37.77139	-108.0925	1976										7
http://resources.usgin.org/uri-gin/cogs/thermalspring/COHS_26-1/	Dolores County Dunton Hot Spring	CO	37.77139	-108.0925	1993										6
http://resources.usgin.org/uri-gin/cogs/thermalspring/COHS_27-1/	Archuleta County Dutch Crowley	CO	36.99889	-106.77194	1973	310	24	21	9.3	33	7.5	780			
http://resources.usgin.org/uri-gin/cogs/thermalspring/COHS_27-1/	Archuleta County Dutch Crowley	CO	36.99889	-106.77194	1973	310		21	9.3	33	7.5	780	170		
http://resources.usgin.org/uri-gin/cogs/thermalspring/COHS_27-1/	Archuleta County Dutch Crowley	CO	36.99889	-106.77194	1973										6.9
http://resources.usgin.org/uri-gin/cogs/thermalspring/COHS_27-1/	Archuleta County Dutch Crowley	CO	36.99889	-106.77194	1976										7
http://resources.usgin.org/uri-gin/cogs/thermalspring/COHS_27-1/	Archuleta County Dutch Crowley	CO	36.99889	-106.77194	1993										6.7
http://resources.usgin.org/uri-gin/cogs/thermalspring/COHS_28-1/	Garfield County East Willow Creek	CO	39.64722	-108.28944	1975	5	6.3	390	1.1	11	100	8.8			
http://resources.usgin.org/uri-gin/cogs/thermalspring/COHS_28-1/	Garfield County East Willow Creek	CO	39.64722	-108.28944	1975	5		390	1.1	11	100	8.8	880		
http://resources.usgin.org/uri-gin/cogs/thermalspring/COHS_28-1/	Garfield County East Willow Creek	CO	39.64722	-108.28944	1975										7.9
http://resources.usgin.org/uri-gin/cogs/thermalspring/COHS_29-A-1/	Boulder County Eldorado Springs	CO	39.93222	-105.27972	1920	10.2	4.4	17	1.2	16.6	6.8	38			
http://resources.usgin.org/uri-gin/cogs/thermalspring/COHS_29-A-1/	Boulder County Eldorado Springs	CO	39.93222	-105.27972	1920	10.2		17	1.2	16.6	6.8	38	46		
http://resources.usgin.org/uri-gin/cogs/thermalspring/COHS_29-A-1/	Boulder County Eldorado Springs	CO	39.93222	-105.27972	1975	12	2.9	6.3	3.1	15	0.8	16			
http://resources.usgin.org/uri-gin/cogs/thermalspring/COHS_29-A-1/	Boulder County Eldorado Springs	CO	39.93222	-105.27972	1975	12		6.3	3.1	15	0.8	16	43		
http://resources.usgin.org/uri-gin/cogs/thermalspring/COHS_29-A-1/	Boulder County Eldorado Springs	CO	39.93222	-105.27972	1975	15	4.8	6.9	3.2	16	1	20			
http://resources.usgin.org/uri-gin/cogs/thermalspring/COHS_29-A-1/	Boulder County Eldorado Springs	CO	39.93222	-105.27972	1975	15		6.9	3.2	16	1	20	63		
http://resources.usgin.org/uri-gin/cogs/thermalspring/COHS_29-A-1/	Boulder County Eldorado Springs	CO	39.93222	-105.27972	1975										6.6
http://resources.usgin.org/uri-gin/cogs/thermalspring/COHS_29-A-1/	Boulder County Eldorado Springs	CO	39.93222	-105.27972	1975										6.9
http://resources.usgin.org/uri-gin/cogs/thermalspring/COHS_29-A-1/	Boulder County Eldorado Springs	CO	39.93222	-105.27972	1976	11	3	6.7	3	15	0.8	19			
http://resources.usgin.org/uri-gin/cogs/thermalspring/COHS_29-A-1/	Boulder County Eldorado Springs	CO	39.93222	-105.27972	1976	11	3.3	7.3	3.3	15	1.5	23			
http://resources.usgin.org/uri-gin/cogs/thermalspring/COHS_29-A-1/	Boulder County Eldorado Springs	CO	39.93222	-105.27972	1976	11		6.7	3	15	0.8	19	43		
http://resources.usgin.org/uri-gin/cogs/thermalspring/COHS_29-A-1/	Boulder County Eldorado Springs	CO	39.93222	-105.27972	1976	11		7.3	3.3	15	1.5	23	46		
http://resources.usgin.org/uri-gin/cogs/thermalspring/COHS_29-A-1/	Boulder County Eldorado Springs	CO	39.93222	-105.27972	1976										6.6
http://resources.usgin.org/uri-gin/cogs/thermalspring/COHS_29-A-1/	Boulder County Eldorado Springs	CO	39.93222	-105.27972	1976										6.7
http://resources.usgin.org/uri-gin/cogs/thermalspring/COHS_30-1/	Archuleta County Eoff	CO	37.19111	-106.99528	1976										7
http://resources.usgin.org/uri-gin/cogs/thermalspring/COHS_31-1/	Fremont County Florence	CO	38.41472	-105.04528	1975	180	78	270	32	21	98	210			
http://resources.usgin.org/uri-gin/cogs/thermalspring/COHS_31-1/	Fremont County Florence	CO	38.41472	-105.04528	1975	180		270	32	21	98	210	1200		
http://resources.usgin.org/uri-gin/cogs/thermalspring/COHS_31-1/	Fremont County Florence	CO	38.41472	-105.04528	1975										6.3
http://resources.usgin.org/uri-gin/cogs/thermalspring/COHS_32-1/	Fremont County Fremont Natatorium	CO	38.46028	-105.19583	1920	151	65.2	172	79.7	42.6	35.4	584			
http://resources.usgin.org/uri-gin/cogs/thermalspring/COHS_32-1/	Fremont County Fremont Natatorium	CO	38.46028	-105.19583	1920	151		172	79.7	42.6	35.4	584	564		
http://resources.usgin.org/uri-gin/cogs/thermalspring/COHS_32-1/	Fremont County Fremont Natatorium	CO	38.46028	-105.19583	1975	150	70	220	13	16	36	550			
http://resources.usgin.org/uri-gin/cogs/thermalspring/COHS_32-1/	Fremont County Fremont Natatorium	CO	38.46028	-105.19583	1975	150		220	13	16	36	550	628		
http://resources.usgin.org/uri-gin/cogs/thermalspring/COHS_32-1/	Fremont County Fremont Natatorium	CO	38.46028	-105.19583	1975										6.9
http://resources.usgin.org/uri-gin/cogs/thermalspring/COHS_32-1/	Fremont County Fremont Natatorium	CO	38.46028	-105.19583	1976	140	67	210	12	15	30	540			
http://resources.usgin.org/uri-gin/cogs/thermalspring/COHS_32-1/	Fremont County Fremont Natatorium	CO	38.46028	-105.19583	1976	140	67	210	13	15	30	510			
http://resources.usgin.org/uri-gin/cogs/thermalspring/COHS_32-1/	Fremont County Fremont Natatorium	CO	38.46028	-105.19583	1976	140		210	12	15	30	540	633		
http://resources.usgin.org/uri-gin/cogs/thermalspring/COHS_32-1/	Fremont County Fremont Natatorium	CO	38.46028	-105.19583	1976	140		210	13	15	30	510	633		
http://resources.usgin.org/uri-gin/cogs/thermalspring/COHS_32-1/	Fremont County Fremont Natatorium	CO	38.46028	-105.19583	1976										6.7
http://resources.usgin.org/uri-gin/cogs/thermalspring/COHS_32-1/	Fremont County Fremont Natatorium	CO	38.46028	-105.19583	1976										6.8
http://resources.usgin.org/uri-gin/cogs/thermalspring/COHS_32-1/	Fremont County Fremont Natatorium	CO	38.46028	-105.19583	1993										6.7
http://resources.usgin.org/uri-gin/cogs/thermalspring/COHS_33-1/	Dolores County Geyser	CO	37.74667	-108.11694	1975	170	40	400	29	37	2.4	68			
http://resources.usgin.org/uri-gin/cogs/thermalspring/COHS_33-1/	Dolores County Geyser	CO	37.74667	-108.11694	1975	170		400	29	37	2.4	68	1770		
http://resources.usgin.org/uri-gin/cogs/thermalspring/COHS_34-A-12/	Garfield County Glenwood Springs	CO	39.54944	-107.31944	1975	410	88	6000	160	30	9600	980			
http://resources.usgin.org/uri-gin/cogs/thermalspring/COHS_34-A-12/	Garfield County Glenwood Springs	CO	39.54944	-107.31944	1975	410		6000	160	30	9600	980	736		
http://resources.usgin.org/uri-gin/cogs/thermalspring/COHS_34-A-12/	Garfield County Glenwood Springs	CO	39.54944	-107.31944	1975										6.3
http://resources.usgin.org/uri-gin/cogs/thermalspring/COHS_34-B-13/	Garfield County Glenwood Springs	CO	39.55056	-107.31778	1975	450	86	6300	170	30	9900	1000			
http://resources.usgin.org/uri-gin/cogs/thermalspring/COHS_34-B-13/	Garfield County Glenwood Springs	CO	39.55056	-107.31778	1975	450		6300	170	30	9900	1000	747		
http://resources.usgin.org/uri-gin/cogs/thermalspring/COHS_34-B-13/	Garfield County Glenwood Springs	CO	39.55056	-107.31778	1975	490	79	6400	160	27	9800	1100			
http://resources.usgin.org/uri-gin/cogs/thermalspring/COHS_34-B-13/	Garfield County Glenwood Springs	CO	39.55056	-107.31778	1975	490		6400	160	27	9800	1100	752		
http://resources.usgin.org/uri-gin/cogs/thermalspring/COHS_34-B-13/	Garfield County Glenwood Springs	CO	39.55056	-107.31778	1975										6.5
http://resources.usgin.org/uri-gin/cogs/thermalspring/COHS_34-B-13/	Garfield County Glenwood Springs	CO	39.55056	-107.31778	1975										7
http://resources.usgin.org/uri-gin/cogs/thermalspring/COHS_34-B-13/	Garfield County Glenwood Springs	CO	39.55056	-107.31778	1976	360	86	6300	170	28	9500	990			
http://resources.usgin.org/uri-gin/cogs/thermalspring/COHS_34-B-13/	Garfield County Glenwood Springs	CO	39.55056	-107.31778	1976	360		6300	170	28	9500	990	746		
http://resources.usgin.org/uri-gin/cogs/thermalspring/COHS_34-B-13/	Garfield County Glenwood Springs	CO	39.55056	-107.31778	1976	490	76	6500	190	28	9500	1000			
http://resources.usgin.org/uri-gin/cogs/thermalspring/COHS_34-B-13/	Garfield County Glenwood Springs	CO	39.55056	-107.31778	1976	490		6500	190	28	9500	1000	749		
http://resources.usgin.org/uri-gin/cogs/thermalspring/COHS_34-B-13/	Garfield County Glenwood Springs	CO	39.55056	-107.31778	1976										6.7
http://resources.usgin.org/uri-gin/cogs/thermalspring/COHS_34-B-13/	Garfield County Glenwood Springs	CO	39.55056	-107.31778	1976										7
http://resources.usgin.org/uri-gin/cogs/thermalspring/COHS_34-Big_Spring-1/	Garfield County Glenwood Springs	CO	39.54944	-107.32167	1920	430	91	6950	460	37	11025	1194			
http://resources.usgin.org/uri-gin/cogs/thermalspring/COHS_34-Big_Spring-1/	Garfield County Glenwood Springs	CO	39.54944	-107.32167	1920	507	88	5480	2187	36	10290	1180			
http://resources.usgin.org/uri-gin/cogs/thermalspring/COHS_34-Big_Spring-1/	Garfield County Glenwood Springs	CO	39.54944	-107.32167	1975	510	90	7000	180	32	11000	1100			
http://resources.usgin.org/uri-gin/cogs/thermalspring/COHS_34-Big_Spring-1/	Garfield County Glenwood Springs	CO	39.54944	-107.32167	1975	510	91	6900	180	32	11000	1100			
http://resources.usgin.org/uri-gin/cogs/thermalspring/COHS_34-Big_Spring-1/	Garfield County Glenwood Springs	CO	39.54944	-107.32167	1975	530	88	6900	170	29	11000	1100			
http://resources.usgin.org/uri-gin/cogs/thermalspring/COHS_34-Big_Spring-1/	Garfield County Glenwood Springs	CO	39.54944	-107.32167	1976	480	15	6600	180	30	10000	1100			
http://resources.usgin.org/uri-gin/cogs/thermalspring/COHS_34-Big_Spring-1/	Garfield County Glenwood Springs	CO	39.54944	-107.32167	1976	500	82	7000	380	30	11000	1100			
http://resources.usgin.org/uri-gin/cogs/thermalspring/COHS_34-Big_Spring-1/	Garfield County Glenwood Springs	CO	39.54944	-107.32167	1978	430	94	7400	150	30	11000	1100			
http://resources.usgin.org/uri-gin/cogs/thermalspring/COHS_34-C-17/	Garfield County Glenwood Springs	CO	39.55111	-107.31667	1975	450	82	89	160	30	9800	1000			
http://resources.usgin.org/uri-gin/cogs/thermalspring/COHS_34-C-17/	Garfield County Glenwood Springs	CO	39.55111	-107.31667	1975	450		89	160	30	9800	1000	745		
http://resources.usgin.org/uri-gin/cogs/thermalspring/COHS_34-C-17/	Garfield County Glenwood Springs	CO	39.55111	-107.31667	1975										6.4
http://resources.usgin.org/uri-gin/cogs/thermalspring/COHS_34-Graves_Spring-11/	Garfield County Glenwood Springs	CO	39.555	-107.33528	1975	770	150	7000	180	32	11000	2000			
http://resources.usgin.org/uri-gin/cogs/thermalspring/COHS_34-Graves_Spring-11/	Garfield County Glenwood Springs	CO	39.555	-107.33528	1975	770		7000	180	32	11000	2000	744		
http://resources.usgin.org/uri-gin/cogs/thermalspring/COHS_34-Graves_Spring-11/	Garfield County Glenwood Springs	CO	39.555	-107.33528	1975										7
http://resources.usgin.org/uri-gin/cogs/thermalspring/COHS_34-Railroad_Spring-19/	Garfield County Glenwood Springs	CO	39.55444	-107.31417	1976	460	80	6100	200	29	10000	1100			
http://resources.usgin.org/uri-gin/cogs/thermalspring/COHS_34-Railroad_Spring-19/	Garfield County Glenwood Springs	CO	39.55444	-107.31417	1976	460	86	6200	180	29	10000	880			
http://resources.usgin.org/uri-gin/cogs/thermalspring/COHS_34-Railroad_Spring-19/	Garfield County Glenwood Springs	CO	39.55444	-107.31417	1976	460		6100	200	29	10000	1100	775		
http://resources.usgin.org/uri-gin/cogs/thermalspring/COHS_34-Railroad_Spring-19/	Garfield County Glenwood Springs	CO	39.55444	-107.31417	1976	460		6200	180	29	10000	880	764		
http://resources.usgin.org/uri-gin/cogs/thermalspring/COHS_34-Railroad_Spring-19/	Garfield County Glenwood Springs	CO	39.55444	-107.31417	1976										6.5
http://resources.usgin.org/uri-gin/cogs/thermalspring/COHS_34-Railroad_Spring-19/	Garfield County Glenwood Springs	CO	39.55444	-107.31417	1976										7.1
http://resources.usgin.org/uri-gin/cogs/thermalspring/COHS_34-Vapor_Cave-9/	Garfield County Glenwood Springs	CO	39.55083	-107.31972	1975	440	40	6300	150	28	9600	1100			
http://resources.usgin.org/uri-gin/cogs/thermalspring/COHS_34-Vapor_Cave-9/	Garfield County Glenwood Springs	CO	39.55083	-107.31972	1975	440		6300	150	28	9600	1100	744		
http://resources.usgin.org/uri-gin/cogs/thermalspring/COHS_34-Vapor_Cave-9/	Garfield County Glenwood Springs	CO	39.55083	-107.31972	1975										6.7
http://resources.usgin.org/uri-gin/cogs/thermalspring/COHS_34-Vapor_Cave-9/	Garfield County Glenwood Springs	CO	39.55083	-107.31972	1991	413	96	6600	159		9000	1800			
http://resources.usgin.org/uri-gin/cogs/thermalspring/COHS_34-Vapor_Cave-9/	Garfield County Glenwood Springs	CO	39.55083	-107.31972	1991	413		6600	159		9000	1800			
http://resources.usgin.org/uri-gin/cogs/thermalspring/COHS_34-Vapor_Cave-9/	Garfield County Glenwood Springs	CO	39.55083	-107.31972	1991										6.8
http://resources.usgin.org/uri-gin/cogs/thermalspring/COHS_35-1/	Routt County Grassy Creek	CO	40.4425	-107.13361	1975	200	77	31	4.1	14	21	420			
http://resources.usgin.org/uri-gin/cogs/thermalspring/COHS_35-1/	Routt County Grassy Creek	CO	40.4425	-107.13361	1975	200		31	4.1	14	21	420	560		
http://resources.usgin.org/uri-gin/cogs/thermalspring/COHS_35-1/	Routt County Grassy Creek	CO	40.4425	-107.13361	1975										7.5
http://resources.usgin.org/uri-gin/cogs/thermalspring/COHS_36-B-3/	Park County Hartsel	CO	39.01806	-105.79444	1920	99	29	613	24	45.8	801	333			
http://resources.usgin.org/uri-gin/cogs/thermalspring/COHS_36-B-3/	Park County Hartsel	CO	39.01806	-105.79444	1920	99		613	24	45.8	801	333	310		
http://resources.usgin.org/uri-gin/cogs/thermalspring/COHS_36-B-3/	Park County Hartsel	CO	39.01806	-105.79444	1975	110	20	670	33	35	820	320			
http://resources.usgin.org/uri-gin/cogs/thermalspring/COHS_36-B-3/	Park County Hartsel	CO	39.01806	-105.79444	1975	110		670	33	35	820	320	503		
http://resources.usgin.org/uri-gin/cogs/thermalspring/COHS_36-B-3/	Park County Hartsel	CO	39.01806	-105.79444	1975	120	20	650	32	38	780	260			
http://resources.usgin.org/uri-gin/cogs/thermalspring/COHS_36-B-3/	Park County Hartsel	CO	39.01806	-105.79444	1975	120	20	680	33	41	820	320			
http://resources.usgin.org/uri-gin/cogs/thermalspring/COHS_36-B-3/	Park County Hartsel	CO	39.01806	-105.79444	1975	120		650	32	38	780	260	484		
http://resources.usgin.org/uri-gin/cogs/thermalspring/COHS_36-B-3/	Park County Hartsel	CO	39.01806	-105.79444	1975	120		680	33	41	820	320	479		
http://resources.usgin.org/uri-gin/cogs/thermalspring/COHS_36-B-3/	Park County Hartsel	CO	39.01806	-105.79444	1975										7
http://resources.usgin.org/uri-gin/cogs/thermalspring/COHS_36-B-3/	Park County Hartsel	CO	39.01806	-105.79444	1976	120	19	710	34	36	820	320			
http://resources.usgin.org/uri-gin/cogs/thermalspring/COHS_36-B-3/	Park County Hartsel	CO	39.01806	-105.79444	1976	120	21	670	33	37	820	380			
http://resources.usgin.org/uri-gin/cogs/thermalspring/COHS_36-B-3/	Park County Hartsel	CO	39.01806	-105.79444	1976	120		670	33	37	820	380	491		
http://resources.usgin.org/uri-gin/cogs/thermalspring/COHS_36-B-3/	Park County Hartsel	CO	39.01806	-105.79444	1976	120		710	34	36	820	320	500		
http://resources.usgin.org/uri-gin/cogs/thermalspring/COHS_36-B-3/	Park County Hartsel	CO	39.01806	-105.79444	1976										6.6
http://resources.usgin.org/uri-gin/cogs/thermalspring/COHS_36-B-3/	Park County Hartsel	CO	39.01806	-105.79444	1976										6.6
http://resources.usgin.org/uri-gin/cogs/thermalspring/COHS_37-1/	Boulder County Haystack Butte	CO	40.10028	-105.23889	1975	2.5	0.7	510	1.3	29	30	7.9			
http://resources.usgin.org/uri-gin/cogs/thermalspring/COHS_37-1/	Boulder County Haystack Butte	CO	40.10028	-105.23889	1975	2.5		510	1.3	29	30	7.9	1250		
http://resources.usgin.org/uri-gin/cogs/thermalspring/COHS_37-1/	Boulder County Haystack Butte	CO	40.10028	-105.23889	1975										8
http://resources.usgin.org/uri-gin/cogs/thermalspring/COHS_37-1/	Boulder County Haystack Butte	CO	40.10028	-105.23889	1993										7.8
http://resources.usgin.org/uri-gin/cogs/thermalspring/COHS_38-1/	Alamosa County Hooper Aquaculture Well	CO	37.70611	-105.87222	1993										8.8
http://resources.usgin.org/uri-gin/cogs/thermalspring/COHS_39-1/	Montezuma County Horse Mountain Spring	CO	37.26944	-108.78944	1982	160	62	31	1.2	10	6.1	540			
http://resources.usgin.org/uri-gin/cogs/thermalspring/COHS_39-1/	Montezuma County Horse Mountain Spring	CO	37.26944	-108.78944	1982	160		31	1.2	10	6.1	540			
http://resources.usgin.org/uri-gin/cogs/thermalspring/COHS_39-1/	Montezuma County Horse Mountain Spring	CO	37.26944	-108.78944	1982										8.2
http://resources.usgin.org/uri-gin/cogs/thermalspring/COHS_40-B-7/	Grand County Hot Sulphur Springs	CO	40.07472	-106.11139	1920	15.9	1.9	380	77	32	147	122			
http://resources.usgin.org/uri-gin/cogs/thermalspring/COHS_40-B-7/	Grand County Hot Sulphur Springs	CO	40.07472	-106.11139	1920	15.9		380	77	32	147	122	789		
http://resources.usgin.org/uri-gin/cogs/thermalspring/COHS_40-B-7/	Grand County Hot Sulphur Springs	CO	40.07472	-106.11139	1975	14	3.7	430	25	35	140	140			
http://resources.usgin.org/uri-gin/cogs/thermalspring/COHS_40-B-7/	Grand County Hot Sulphur Springs	CO	40.07472	-106.11139	1975	14		430	25	35	140	140	813		
http://resources.usgin.org/uri-gin/cogs/thermalspring/COHS_40-B-7/	Grand County Hot Sulphur Springs	CO	40.07472	-106.11139	1975	15	3.1	430	24	35	140	140			
http://resources.usgin.org/uri-gin/cogs/thermalspring/COHS_40-B-7/	Grand County Hot Sulphur Springs	CO	40.07472	-106.11139	1975	15	3.6	440	23	31	140	140			
http://resources.usgin.org/uri-gin/cogs/thermalspring/COHS_40-B-7/	Grand County Hot Sulphur Springs	CO	40.07472	-106.11139	1975	15		430	24	35	140	140	817		
http://resources.usgin.org/uri-gin/cogs/thermalspring/COHS_40-B-7/	Grand County Hot Sulphur Springs	CO	40.07472	-106.11139	1975	15		440	23	31	140	140	815		
http://resources.usgin.org/uri-gin/cogs/thermalspring/COHS_40-B-7/	Grand County Hot Sulphur Springs	CO	40.07472	-106.11139	1975										6.6
http://resources.usgin.org/uri-gin/cogs/thermalspring/COHS_40-B-7/	Grand County Hot Sulphur Springs	CO	40.07472	-106.11139	1975										6.7
http://resources.usgin.org/uri-gin/cogs/thermalspring/COHS_40-B-7/	Grand County Hot Sulphur Springs	CO	40.07472	-106.11139	1975										7.1
http://resources.usgin.org/uri-gin/cogs/thermalspring/COHS_40-B-7/	Grand County Hot Sulphur Springs	CO	40.07472	-106.11139	1976	15	3.2	450	23	31	140	130			
http://resources.usgin.org/uri-gin/cogs/thermalspring/COHS_40-B-7/	Grand County Hot Sulphur Springs	CO	40.07472	-106.11139	1976	15	3.9	420	23	33	120	120			
http://resources.usgin.org/uri-gin/cogs/thermalspring/COHS_40-B-7/	Grand County Hot Sulphur Springs	CO	40.07472	-106.11139	1976	15		420	23	33	120	120	840		
http://resources.usgin.org/uri-gin/cogs/thermalspring/COHS_40-B-7/	Grand County Hot Sulphur Springs	CO	40.07472	-106.11139	1976	15		450	23	31	140	130	829		
http://resources.usgin.org/uri-gin/cogs/thermalspring/COHS_40-B-7/	Grand County Hot Sulphur Springs	CO	40.07472	-106.11139	1976										6.9
http://resources.usgin.org/uri-gin/cogs/thermalspring/COHS_40-B-7/	Grand County Hot Sulphur Springs	CO	40.07472	-106.11139	1976										6.9
http://resources.usgin.org/uri-gin/cogs/thermalspring/COHS_40-B-7/	Grand County Hot Sulphur Springs	CO	40.07472	-106.11139	1993										6.8
http://resources.usgin.org/uri-gin/cogs/thermalspring/COHS_40-B-7/	Grand County Hot Sulphur Springs	CO	40.07472	-106.11139	1993										6.9
http://resources.usgin.org/uri-gin/cogs/thermalspring/COHS_40-C-9/	Grand County Hot Sulphur Springs	CO	40.07472	-106.11111	1975	15	3.2	430	22	31	140	130			
http://resources.usgin.org/uri-gin/cogs/thermalspring/COHS_40-C-9/	Grand County Hot Sulphur Springs	CO	40.07472	-106.11111	1975	15	3.5	440	25	35	140	140			
http://resources.usgin.org/uri-gin/cogs/thermalspring/COHS_40-C-9/	Grand County Hot Sulphur Springs	CO	40.07472	-106.11111	1975	16	3	430	23	30	140	150			
http://resources.usgin.org/uri-gin/cogs/thermalspring/COHS_40-C-9/	Grand County Hot Sulphur Springs	CO	40.07472	-106.11111	2010	10		460	22	33	150	120			
http://resources.usgin.org/uri-gin/cogs/thermalspring/COHS_40-C-9/	Grand County Hot Sulphur Springs	CO	40.07472	-106.11111	2010	13		440	21	32	140	110			
http://resources.usgin.org/uri-gin/cogs/thermalspring/COHS_40-C-9/	Grand County Hot Sulphur Springs	CO	40.07472	-106.11111	2010	14		450	22	33	140	100			
http://resources.usgin.org/uri-gin/cogs/thermalspring/COHS_40-C-9/	Grand County Hot Sulphur Springs	CO	40.07472	-106.11111	2010	15		450	22	33	130	110			
http://resources.usgin.org/uri-gin/cogs/thermalspring/COHS_41-A-1/	Clear Creek County Idaho Springs	CO	39.73889	-105.51194	1975	140	36	500	80	68	66	380			
http://resources.usgin.org/uri-gin/cogs/thermalspring/COHS_41-A-1/	Clear Creek County Idaho Springs	CO	39.73889	-105.51194	1975	140		500	80	68	66	380	1510		
http://resources.usgin.org/uri-gin/cogs/thermalspring/COHS_41-A-1/	Clear Creek County Idaho Springs	CO	39.73889	-105.51194	1975	150	40	530	84	58	66	430			
http://resources.usgin.org/uri-gin/cogs/thermalspring/COHS_41-A-1/	Clear Creek County Idaho Springs	CO	39.73889	-105.51194	1975	150		530	84	58	66	430	1520		
http://resources.usgin.org/uri-gin/cogs/thermalspring/COHS_41-A-1/	Clear Creek County Idaho Springs	CO	39.73889	-105.51194	1975										6.5
http://resources.usgin.org/uri-gin/cogs/thermalspring/COHS_41-A-1/	Clear Creek County Idaho Springs	CO	39.73889	-105.51194	1975										6.9
http://resources.usgin.org/uri-gin/cogs/thermalspring/COHS_41-A-1/	Clear Creek County Idaho Springs	CO	39.73889	-105.51194	1976	130	34	490	71	74	64	400			
http://resources.usgin.org/uri-gin/cogs/thermalspring/COHS_41-A-1/	Clear Creek County Idaho Springs	CO	39.73889	-105.51194	1976	130	36	500	76	60	66	380			
http://resources.usgin.org/uri-gin/cogs/thermalspring/COHS_41-A-1/	Clear Creek County Idaho Springs	CO	39.73889	-105.51194	1976	130		490	71	74	64	400	1390		
http://resources.usgin.org/uri-gin/cogs/thermalspring/COHS_41-A-1/	Clear Creek County Idaho Springs	CO	39.73889	-105.51194	1976	130		500	76	60	66	380	1390		
http://resources.usgin.org/uri-gin/cogs/thermalspring/COHS_41-A-1/	Clear Creek County Idaho Springs	CO	39.73889	-105.51194	1976										6.7
http://resources.usgin.org/uri-gin/cogs/thermalspring/COHS_41-A-1/	Clear Creek County Idaho Springs	CO	39.73889	-105.51194	1976										6.9
http://resources.usgin.org/uri-gin/cogs/thermalspring/COHS_41-B-6/	Clear Creek County Idaho Springs	CO	39.73917	-105.51194	1975	130	50	520	82	68	69	400			
http://resources.usgin.org/uri-gin/cogs/thermalspring/COHS_41-B-6/	Clear Creek County Idaho Springs	CO	39.73917	-105.51194	1975	130		520	82	68	69	400	1520		
http://resources.usgin.org/uri-gin/cogs/thermalspring/COHS_41-C-7/	Clear Creek County Idaho Springs	CO	39.73861	-105.51222	1975	77	23	260	44	45	36	210			
http://resources.usgin.org/uri-gin/cogs/thermalspring/COHS_41-C-7/	Clear Creek County Idaho Springs	CO	39.73861	-105.51222	1975	77		260	44	45	36	210	759		
http://resources.usgin.org/uri-gin/cogs/thermalspring/COHS_41-Lodge_Well-8/	Clear Creek County Idaho Springs	CO	39.73944	-105.51194	1975	150	38	520	82	58	66	420			
http://resources.usgin.org/uri-gin/cogs/thermalspring/COHS_41-Lodge_Well-8/	Clear Creek County Idaho Springs	CO	39.73944	-105.51194	1975	150		520	82	58	66	420	1490		
http://resources.usgin.org/uri-gin/cogs/thermalspring/COHS_41-Lodge_Well-8/	Clear Creek County Idaho Springs	CO	39.73944	-105.51194	1975										6.9
http://resources.usgin.org/uri-gin/cogs/thermalspring/COHS_42-1/	Las Animas County Jacks Mine	CO	37.19444	-104.71444	1981	7.6	9.8	720	7	3.1	21	390			
http://resources.usgin.org/uri-gin/cogs/thermalspring/COHS_42-1/	Las Animas County Jacks Mine	CO	37.19444	-104.71444	1981	7.6		720	7	3.1	21	390			
http://resources.usgin.org/uri-gin/cogs/thermalspring/COHS_42-1/	Las Animas County Jacks Mine	CO	37.19444	-104.71444	1981										9.2
http://resources.usgin.org/uri-gin/cogs/thermalspring/COHS_43-1/	Moffat County Juniper Hot Springs	CO	40.46694	-107.95278	1920	5.2	5.4	328	50	37	76	28			
http://resources.usgin.org/uri-gin/cogs/thermalspring/COHS_43-1/	Moffat County Juniper Hot Springs	CO	40.46694	-107.95278	1920	5.2		328	50	37	76	28	833		
http://resources.usgin.org/uri-gin/cogs/thermalspring/COHS_43-1/	Moffat County Juniper Hot Springs	CO	40.46694	-107.95278	1975	2.9	0.4	480	2	29	93	8.3			
http://resources.usgin.org/uri-gin/cogs/thermalspring/COHS_43-1/	Moffat County Juniper Hot Springs	CO	40.46694	-107.95278	1975	2.9		480	2	29	93	8.3	1090		
http://resources.usgin.org/uri-gin/cogs/thermalspring/COHS_43-1/	Moffat County Juniper Hot Springs	CO	40.46694	-107.95278	1975	3.7	0.8	460	2.3	33	94	12			
http://resources.usgin.org/uri-gin/cogs/thermalspring/COHS_43-1/	Moffat County Juniper Hot Springs	CO	40.46694	-107.95278	1975	3.7		460	2.3	33	94	12	1100		
http://resources.usgin.org/uri-gin/cogs/thermalspring/COHS_43-1/	Moffat County Juniper Hot Springs	CO	40.46694	-107.95278	1975										7.8
http://resources.usgin.org/uri-gin/cogs/thermalspring/COHS_43-1/	Moffat County Juniper Hot Springs	CO	40.46694	-107.95278	1975										8
http://resources.usgin.org/uri-gin/cogs/thermalspring/COHS_43-1/	Moffat County Juniper Hot Springs	CO	40.46694	-107.95278	1976	3.3	0.3	460	2.1	32	90	13			
http://resources.usgin.org/uri-gin/cogs/thermalspring/COHS_43-1/	Moffat County Juniper Hot Springs	CO	40.46694	-107.95278	1976	3.3		460	2.1	32	90	13	1100		
http://resources.usgin.org/uri-gin/cogs/thermalspring/COHS_43-1/	Moffat County Juniper Hot Springs	CO	40.46694	-107.95278	1976	3.9	0.3	470	2.2	31	89	20			
http://resources.usgin.org/uri-gin/cogs/thermalspring/COHS_43-1/	Moffat County Juniper Hot Springs	CO	40.46694	-107.95278	1976	3.9		470	2.2	31	89	20	1090		
http://resources.usgin.org/uri-gin/cogs/thermalspring/COHS_43-1/	Moffat County Juniper Hot Springs	CO	40.46694	-107.95278	1976										7.9
http://resources.usgin.org/uri-gin/cogs/thermalspring/COHS_43-1/	Moffat County Juniper Hot Springs	CO	40.46694	-107.95278	1976										8.2
http://resources.usgin.org/uri-gin/cogs/thermalspring/COHS_43-1/	Moffat County Juniper Hot Springs	CO	40.46694	-107.95278	1992	2.56		387	2.6	71.6	79	14	934		
http://resources.usgin.org/uri-gin/cogs/thermalspring/COHS_43-1/	Moffat County Juniper Hot Springs	CO	40.46694	-107.95278	1992	2.56		387	2.6	71.6	79	14			
http://resources.usgin.org/uri-gin/cogs/thermalspring/COHS_43-1/	Moffat County Juniper Hot Springs	CO	40.46694	-107.95278	1992										8.26
http://resources.usgin.org/uri-gin/cogs/thermalspring/COHS_44-1/	Hinsdale County Lake City Airstrip	CO	38.07639	-107.29722	1981	290	33	300	29	34	76	720			
http://resources.usgin.org/uri-gin/cogs/thermalspring/COHS_44-1/	Hinsdale County Lake City Airstrip	CO	38.07639	-107.29722	1981	290		300	29	34	76	720			
http://resources.usgin.org/uri-gin/cogs/thermalspring/COHS_44-1/	Hinsdale County Lake City Airstrip	CO	38.07639	-107.29722	1981										7.6
http://resources.usgin.org/uri-gin/cogs/thermalspring/COHS_45-1/	Hinsdale County Lake San Cristobal	CO	37.98333	-107.29444	1981	180	36	360	36	32	87	970			
http://resources.usgin.org/uri-gin/cogs/thermalspring/COHS_45-1/	Hinsdale County Lake San Cristobal	CO	37.98333	-107.29444	1981	180		360	36	32	87	970			
http://resources.usgin.org/uri-gin/cogs/thermalspring/COHS_45-1/	Hinsdale County Lake San Cristobal	CO	37.98333	-107.29444	1981										7.7
http://resources.usgin.org/uri-gin/cogs/thermalspring/COHS_46-Geyser-1/	San Miguel County Lemon	CO	38.01528	-108.05306	1920	157	13	677	130	99	260	879			
http://resources.usgin.org/uri-gin/cogs/thermalspring/COHS_46-Geyser-1/	San Miguel County Lemon	CO	38.01528	-108.05306	1920	157		677	130	99	260	879	1005		
http://resources.usgin.org/uri-gin/cogs/thermalspring/COHS_46-Geyser-1/	San Miguel County Lemon	CO	38.01528	-108.05306	1955	154	9.7	764	77	100	261	886			
http://resources.usgin.org/uri-gin/cogs/thermalspring/COHS_46-Geyser-1/	San Miguel County Lemon	CO	38.01528	-108.05306	1955	154		764	77	100	261	886	1100		
http://resources.usgin.org/uri-gin/cogs/thermalspring/COHS_46-Geyser-1/	San Miguel County Lemon	CO	38.01528	-108.05306	1955										6.5
http://resources.usgin.org/uri-gin/cogs/thermalspring/COHS_46-Geyser-1/	San Miguel County Lemon 	CO	38.01528	-108.05306	1975	140	11	730	84	95	260	880			
http://resources.usgin.org/uri-gin/cogs/thermalspring/COHS_46-Geyser-1/	San Miguel County Lemon 	CO	38.01528	-108.05306	1975	140		730	84	95	260	880	1100		
http://resources.usgin.org/uri-gin/cogs/thermalspring/COHS_46-Geyser-1/	San Miguel County Lemon 	CO	38.01528	-108.05306	1976	150	10	780	80	100	280	860			
http://resources.usgin.org/uri-gin/cogs/thermalspring/COHS_46-Geyser-1/	San Miguel County Lemon 	CO	38.01528	-108.05306	1976	150	11	760	84	94	270	810			
http://resources.usgin.org/uri-gin/cogs/thermalspring/COHS_46-Geyser-1/	San Miguel County Lemon 	CO	38.01528	-108.05306	1976	150		760	84	94	270	810	1110		
http://resources.usgin.org/uri-gin/cogs/thermalspring/COHS_46-Geyser-1/	San Miguel County Lemon 	CO	38.01528	-108.05306	1976	150		780	80	100	280	860	1100		
http://resources.usgin.org/uri-gin/cogs/thermalspring/COHS_46-Geyser-1/	San Miguel County Lemon 	CO	38.01528	-108.05306	1976										6.2
http://resources.usgin.org/uri-gin/cogs/thermalspring/COHS_46-Geyser-1/	San Miguel County Lemon 	CO	38.01528	-108.05306	1976										6.5
http://resources.usgin.org/uri-gin/cogs/thermalspring/COHS_46-Geyser-1/	San Miguel County Lemon 	CO	38.01528	-108.05306	1978	150	11	16	83	99	270	840			
http://resources.usgin.org/uri-gin/cogs/thermalspring/COHS_46-Geyser-1/	San Miguel County Lemon 	CO	38.01528	-108.05306	1978	150		16	83	99	270	840	1090		
http://resources.usgin.org/uri-gin/cogs/thermalspring/COHS_46-Geyser-1/	San Miguel County Lemon 	CO	38.01528	-108.05306	1978										7.2
http://resources.usgin.org/uri-gin/cogs/thermalspring/COHS_47-1/	Adams County Lost Creek	CO	39.84028	-104.48917	1980	8.3	1.4	110	1.6	10	8.6	84			
http://resources.usgin.org/uri-gin/cogs/thermalspring/COHS_47-1/	Adams County Lost Creek	CO	39.84028	-104.48917	1980	8.3		110	1.6	10	8.6	84			
http://resources.usgin.org/uri-gin/cogs/thermalspring/COHS_47-1/	Adams County Lost Creek	CO	39.84028	-104.48917	1980										7.8
http://resources.usgin.org/uri-gin/cogs/thermalspring/COHS_48-1/	Teller County Marigold	CO	38.66306	-105.21861	1981	500	30	120	5.2	61	55	1200			
http://resources.usgin.org/uri-gin/cogs/thermalspring/COHS_48-1/	Teller County Marigold	CO	38.66306	-105.21861	1981	500		120	5.2	61	55	1200			
http://resources.usgin.org/uri-gin/cogs/thermalspring/COHS_48-1/	Teller County Marigold	CO	38.66306	-105.21861	1981										7
http://resources.usgin.org/uri-gin/cogs/thermalspring/COHS_49-1/	Crowley County Maurer Ranch	CO	38.13556	-103.64472	1978	25	18	430	10	12	32	750			
http://resources.usgin.org/uri-gin/cogs/thermalspring/COHS_49-1/	Crowley County Maurer Ranch	CO	38.13556	-103.64472	1978	25		430	10	12	32	750	310		
http://resources.usgin.org/uri-gin/cogs/thermalspring/COHS_49-1/	Crowley County Maurer Ranch	CO	38.13556	-103.64472	1978										7.2
http://resources.usgin.org/uri-gin/cogs/thermalspring/COHS_50-1/	Conejos County McIntire Warm Springs	CO	37.28056	-105.81833	1981	20	2.7	11	4.1						
http://resources.usgin.org/uri-gin/cogs/thermalspring/COHS_50-1/	Conejos County McIntire Warm Springs	CO	37.28056	-105.81833	1981	20		11	4.1						
http://resources.usgin.org/uri-gin/cogs/thermalspring/COHS_50-1/	Conejos County McIntire Warm Springs	CO	37.28056	-105.81833	1981										8.2
http://resources.usgin.org/uri-gin/cogs/thermalspring/COHS_51-1/	Las Animas County Mineral Hot Springs 	CO	37.13361	-104.80861	1975	57	14	130	14	48	39	170			
http://resources.usgin.org/uri-gin/cogs/thermalspring/COHS_51-1/	Las Animas County Mineral Hot Springs 	CO	37.13361	-104.80861	1975	57		130	14	48	39	170	335		
http://resources.usgin.org/uri-gin/cogs/thermalspring/COHS_51-1/	Las Animas County Mineral Hot Springs 	CO	37.13361	-104.80861	1975	60	13	140	14	45	41	180			
http://resources.usgin.org/uri-gin/cogs/thermalspring/COHS_51-1/	Las Animas County Mineral Hot Springs 	CO	37.13361	-104.80861	1975	60		140	14	45	41	180	335		
http://resources.usgin.org/uri-gin/cogs/thermalspring/COHS_51-1/	Las Animas County Mineral Hot Springs 	CO	37.13361	-104.80861	1975										6.5
http://resources.usgin.org/uri-gin/cogs/thermalspring/COHS_51-1/	Las Animas County Mineral Hot Springs 	CO	37.13361	-104.80861	1976	57	13	140	15	47	39	170			
http://resources.usgin.org/uri-gin/cogs/thermalspring/COHS_51-1/	Las Animas County Mineral Hot Springs 	CO	37.13361	-104.80861	1976	57		140	15	47	39	170	351		
http://resources.usgin.org/uri-gin/cogs/thermalspring/COHS_51-1/	Las Animas County Mineral Hot Springs 	CO	37.13361	-104.80861	1976	59	13	140	14	47	37	150			
http://resources.usgin.org/uri-gin/cogs/thermalspring/COHS_51-1/	Las Animas County Mineral Hot Springs 	CO	37.13361	-104.80861	1976	59		140	14	47	37	150	352		
http://resources.usgin.org/uri-gin/cogs/thermalspring/COHS_51-1/	Las Animas County Mineral Hot Springs 	CO	37.13361	-104.80861	1976										6.8
http://resources.usgin.org/uri-gin/cogs/thermalspring/COHS_51-1/	Las Animas County Mineral Hot Springs 	CO	37.13361	-104.80861	1976										7
http://resources.usgin.org/uri-gin/cogs/thermalspring/COHS_51-1/	Las Animas County MGP Well	CO	37.13361	-104.80861	1981	3.6	0.1	480	1.5	17	21	1			
http://resources.usgin.org/uri-gin/cogs/thermalspring/COHS_51-1/	Las Animas County MGP Well	CO	37.13361	-104.80861	1981	3.6		480	1.5	17	21	1			
http://resources.usgin.org/uri-gin/cogs/thermalspring/COHS_51-1/	Las Animas County MGP Well	CO	37.13361	-104.80861	1981										7.6
http://resources.usgin.org/uri-gin/cogs/thermalspring/COHS_52-C-6/	Saguache County Mineral Hot Springs 	CO	38.16833	-105.91972	1975	60	14	150	14	50	43	190			
http://resources.usgin.org/uri-gin/cogs/thermalspring/COHS_52-C-6/	Saguache County Mineral Hot Springs 	CO	38.16833	-105.91972	1975	60		150	14	50	43	190	341		
http://resources.usgin.org/uri-gin/cogs/thermalspring/COHS_52-D-7/	Saguache County Mineral Hot Springs 	CO	38.16778	-105.92222	1975	55	13	140	14	48	39	170			
http://resources.usgin.org/uri-gin/cogs/thermalspring/COHS_52-D-7/	Saguache County Mineral Hot Springs 	CO	38.16778	-105.92222	1975	55		140	14	48	39	170	349		
http://resources.usgin.org/uri-gin/cogs/thermalspring/COHS_52-D-7/	Saguache County Mineral Hot Springs 	CO	38.16778	-105.92222	1975	59	13	150	14	45	40	190			
http://resources.usgin.org/uri-gin/cogs/thermalspring/COHS_52-D-7/	Saguache County Mineral Hot Springs 	CO	38.16778	-105.92222	1975	59		150	14	45	40	190	354		
http://resources.usgin.org/uri-gin/cogs/thermalspring/COHS_52-D-7/	Saguache County Mineral Hot Springs 	CO	38.16778	-105.92222	1975										6.5
http://resources.usgin.org/uri-gin/cogs/thermalspring/COHS_52-D-7/	Saguache County Mineral Hot Springs 	CO	38.16778	-105.92222	1976	56	13	140	14	46	40	170			
http://resources.usgin.org/uri-gin/cogs/thermalspring/COHS_52-D-7/	Saguache County Mineral Hot Springs 	CO	38.16778	-105.92222	1976	56		140	14	46	40	170	352		
http://resources.usgin.org/uri-gin/cogs/thermalspring/COHS_52-D-7/	Saguache County Mineral Hot Springs 	CO	38.16778	-105.92222	1976	58	13	140	14	47	38	160			
http://resources.usgin.org/uri-gin/cogs/thermalspring/COHS_52-D-7/	Saguache County Mineral Hot Springs 	CO	38.16778	-105.92222	1976	58		140	14	47	38	160	351		
http://resources.usgin.org/uri-gin/cogs/thermalspring/COHS_52-D-7/	Saguache County Mineral Hot Springs 	CO	38.16778	-105.92222	1976										6.5
http://resources.usgin.org/uri-gin/cogs/thermalspring/COHS_52-D-7/	Saguache County Mineral Hot Springs 	CO	38.16778	-105.92222	1976										7.3
http://resources.usgin.org/uri-gin/cogs/thermalspring/COHS_53-1/	Alamosa County Mosca West	CO	37.66139	-105.92722	1980	2.8	0.2	62	2.1	70	7.8	36			
http://resources.usgin.org/uri-gin/cogs/thermalspring/COHS_53-1/	Alamosa County Mosca West	CO	37.66139	-105.92722	1980	2.8		62	2.1	70	7.8	36	110		
http://resources.usgin.org/uri-gin/cogs/thermalspring/COHS_53-1/	Alamosa County Mosca West	CO	37.66139	-105.92722	1980										8.8
http://resources.usgin.org/uri-gin/cogs/thermalspring/COHS_54-1/	Saguache County Moffat	CO	37.98389	-105.90139	1980	5.9	0.1	55	0.5	27	3.9	18			
http://resources.usgin.org/uri-gin/cogs/thermalspring/COHS_54-1/	Saguache County Moffat	CO	37.98389	-105.90139	1980	5.9		55	0.5	27	3.9	18	120		
http://resources.usgin.org/uri-gin/cogs/thermalspring/COHS_54-1/	Saguache County Moffat	CO	37.98389	-105.90139	1980										8.2
http://resources.usgin.org/uri-gin/cogs/thermalspring/COHS_55-B-7/	Chaffee County Mt. Princeton Hot Springs	CO	38.73222	-106.175	1975	5.8	0.3	73	2.5	68	6.4	81			
http://resources.usgin.org/uri-gin/cogs/thermalspring/COHS_55-B-7/	Chaffee County Mt. Princeton Hot Springs	CO	38.73222	-106.17556	1975	8.5	0.3	60	2.3	71	3.9	67			
http://resources.usgin.org/uri-gin/cogs/thermalspring/COHS_55-B-7/	Chaffee County Mt. Princeton Hot Springs	CO	38.73278	-106.16139	1975	10	0.2	58	2.1	58	5.3	69			
http://resources.usgin.org/uri-gin/cogs/thermalspring/COHS_55-B-7/	Chaffee County Mt. Princeton Hot Springs	CO	38.73278	-106.16139	1975	10		58	2.1	58	5.3	69	67		
http://resources.usgin.org/uri-gin/cogs/thermalspring/COHS_55-B-7/	Chaffee County Mt. Princeton Hot Springs	CO	38.73278	-106.16139	1975	11	0.5	57	2.1	60	4.4	65			
http://resources.usgin.org/uri-gin/cogs/thermalspring/COHS_55-B-7/	Chaffee County Mt. Princeton Hot Springs	CO	38.73278	-106.16139	1975	11		57	2.1	60	4.4	65	71		
http://resources.usgin.org/uri-gin/cogs/thermalspring/COHS_55-B-7/	Chaffee County Mt. Princeton Hot Springs	CO	38.73278	-106.16139	1975	12	0.5	50	1.9	57	3.8	58			
http://resources.usgin.org/uri-gin/cogs/thermalspring/COHS_55-B-7/	Chaffee County Mt. Princeton Hot Springs	CO	38.73278	-106.16139	1975	12		50	1.9	57	3.8	58	73		
http://resources.usgin.org/uri-gin/cogs/thermalspring/COHS_55-B-7/	Chaffee County Mt. Princeton Hot Springs	CO	38.73278	-106.16139	1975										8.6
http://resources.usgin.org/uri-gin/cogs/thermalspring/COHS_55-B-7/	Chaffee County Mt. Princeton Hot Springs	CO	38.73278	-106.16139	1976	10	0.8	58	2.2	59	5.2	64			
http://resources.usgin.org/uri-gin/cogs/thermalspring/COHS_55-B-7/	Chaffee County Mt. Princeton Hot Springs	CO	38.73278	-106.16139	1976	10		58	2.2	59	5.2	64	76		
http://resources.usgin.org/uri-gin/cogs/thermalspring/COHS_55-B-7/	Chaffee County Mt. Princeton Hot Springs	CO	38.73278	-106.16139	1976	11	0.9	57	2.2	56	5.3	64			
http://resources.usgin.org/uri-gin/cogs/thermalspring/COHS_55-B-7/	Chaffee County Mt. Princeton Hot Springs	CO	38.73278	-106.16139	1976	11		57	2.2	56	5.3	64	75		
http://resources.usgin.org/uri-gin/cogs/thermalspring/COHS_55-B-7/	Chaffee County Mt. Princeton Hot Springs	CO	38.73278	-106.16139	1976	11		59	2.1	55					
http://resources.usgin.org/uri-gin/cogs/thermalspring/COHS_55-B-7/	Chaffee County Mt. Princeton Hot Springs	CO	38.73278	-106.16139	1976	11		59	2.1	55					
http://resources.usgin.org/uri-gin/cogs/thermalspring/COHS_55-B-7/	Chaffee County Mt. Princeton Hot Springs	CO	38.73278	-106.16139	1976										7.8
http://resources.usgin.org/uri-gin/cogs/thermalspring/COHS_55-B-7/	Chaffee County Mt. Princeton Hot Springs	CO	38.73278	-106.16139	1976										7.9
http://resources.usgin.org/uri-gin/cogs/thermalspring/COHS_55-B-7/	Chaffee County Mt. Princeton Hot Springs	CO	38.73278	-106.16139	1993										8.3
http://resources.usgin.org/uri-gin/cogs/thermalspring/COHS_55-Hortense-11/	Chaffee County Mt. Princeton Hot Springs	CO	38.7325	-106.175	1920	4.4		94.2	1.5	76	17.7	103	104		
http://resources.usgin.org/uri-gin/cogs/thermalspring/COHS_55-Hortense-11/	Chaffee County Mt. Princeton Hot Springs	CO	38.7325	-106.175	1920	4.4		94.2	1.5	76	17.7	103			
http://resources.usgin.org/uri-gin/cogs/thermalspring/COHS_55-Hortense-11/	Chaffee County Mt. Princeton Hot Springs	CO	38.7325	-106.175	1975	4.4	0.1	94	3.1	68	10	100			
http://resources.usgin.org/uri-gin/cogs/thermalspring/COHS_55-Hortense-11/	Chaffee County Mt. Princeton Hot Springs	CO	38.7325	-106.175	1975	4.4		94	3.1	68	10	100	17		
http://resources.usgin.org/uri-gin/cogs/thermalspring/COHS_55-Hortense-11/	Chaffee County Mt. Princeton Hot Springs	CO	38.7325	-106.175	1975	4.5	0.5	93	3.2	72	9.8	97			
http://resources.usgin.org/uri-gin/cogs/thermalspring/COHS_55-Hortense-11/	Chaffee County Mt. Princeton Hot Springs	CO	38.7325	-106.175	1975	4.5		93	3.2	72	9.8	97	83		
http://resources.usgin.org/uri-gin/cogs/thermalspring/COHS_55-Hortense-11/	Chaffee County Mt. Princeton Hot Springs	CO	38.7325	-106.175	1975										8.5
http://resources.usgin.org/uri-gin/cogs/thermalspring/COHS_55-Hortense-11/	Chaffee County Mt. Princeton Hot Springs	CO	38.7325	-106.175	1976	4		100	3.1	74	11	99	82		
http://resources.usgin.org/uri-gin/cogs/thermalspring/COHS_55-Hortense-11/	Chaffee County Mt. Princeton Hot Springs	CO	38.7325	-106.175	1976	4		100	3.1	74	11	99			
http://resources.usgin.org/uri-gin/cogs/thermalspring/COHS_55-Hortense-11/	Chaffee County Mt. Princeton Hot Springs	CO	38.7325	-106.175	1976	4.7		94	3.2	88	10	98	86		
http://resources.usgin.org/uri-gin/cogs/thermalspring/COHS_55-Hortense-11/	Chaffee County Mt. Princeton Hot Springs	CO	38.7325	-106.175	1976	4.7		94	3.2	88	10	98			
http://resources.usgin.org/uri-gin/cogs/thermalspring/COHS_55-Hortense-11/	Chaffee County Mt. Princeton Hot Springs	CO	38.7325	-106.175	1976	5		100	2.1	70					
http://resources.usgin.org/uri-gin/cogs/thermalspring/COHS_55-Hortense-11/	Chaffee County Mt. Princeton Hot Springs	CO	38.7325	-106.175	1976	5		100	2.1	70					
http://resources.usgin.org/uri-gin/cogs/thermalspring/COHS_55-Hortense-11/	Chaffee County Mt. Princeton Hot Springs	CO	38.7325	-106.175	1976										7
http://resources.usgin.org/uri-gin/cogs/thermalspring/COHS_55-Hortense-11/	Chaffee County Mt. Princeton Hot Springs	CO	38.7325	-106.175	1976										8.2
http://resources.usgin.org/uri-gin/cogs/thermalspring/COHS_55-Hortense-11/	Chaffee County Mt. Princeton Hot Springs	CO	38.7325	-106.175	1976										8.2
http://resources.usgin.org/uri-gin/cogs/thermalspring/COHS_55-Hortense-11/	Chaffee County Mt. Princeton Hot Springs	CO	38.7325	-106.175		3.4		94	2.9	72	9.5	101			
http://resources.usgin.org/uri-gin/cogs/thermalspring/COHS_55-Hortense-11/	Chaffee County Mt. Princeton Hot Springs	CO	38.7325	-106.175		3.4		94	2.9	72	9.5	101			
http://resources.usgin.org/uri-gin/cogs/thermalspring/COHS_55-Hortense-11/	Chaffee County Mt. Princeton Hot Springs	CO	38.7325	-106.175											8.9
http://resources.usgin.org/uri-gin/cogs/thermalspring/COHS_55-Hortesnse_Well-18/	Chaffee County Mt. Princeton Hot Springs	CO	38.73278	-106.17417	1975	6.4	0.1	84	2.8	72	8.3	92			
http://resources.usgin.org/uri-gin/cogs/thermalspring/COHS_55-Hortesnse_Well-18/	Chaffee County Mt. Princeton Hot Springs	CO	38.73278	-106.17417	1993	4.15		91.85	2.41	102	13	101			
http://resources.usgin.org/uri-gin/cogs/thermalspring/COHS_55-Woolmington-20/	Chaffee County Mt. Princeton Hot Springs	CO	38.72333	-106.17722	1975	11	0.6	40	1.7	1	3.9	47			
http://resources.usgin.org/uri-gin/cogs/thermalspring/COHS_55-Woolmington-20/	Chaffee County Mt. Princeton Hot Springs	CO	38.72333	-106.17722	1975	11		40	1.7	1	3.9	47	75		
http://resources.usgin.org/uri-gin/cogs/thermalspring/COHS_55-Wright_Well_east-21/	Chaffee County Mt. Princeton Hot Springs	CO	38.73222	-106.16611	1975	8.3	0.3	61	2.1	53	4.9	60			
http://resources.usgin.org/uri-gin/cogs/thermalspring/COHS_55-Wright_Well_east-21/	Chaffee County Mt. Princeton Hot Springs	CO	38.73222	-106.16611	1975	8.3		61	2.1	53	4.9	60	68		
http://resources.usgin.org/uri-gin/cogs/thermalspring/COHS_56-1/	Park County Mullenville Warm Springs 	CO	39.16361	-106.06611	1920	36.4	23	10	5	12	44.3	17.5			
http://resources.usgin.org/uri-gin/cogs/thermalspring/COHS_56-1/	Park County Mullenville Warm Springs 	CO	39.16361	-106.06611	1920	36.4		10	5	12	44.3	17.5	163		
http://resources.usgin.org/uri-gin/cogs/thermalspring/COHS_56-1/	Park County Mullenville Warm Springs 	CO	39.16361	-106.06611	1975	32	19	8.6	1.2	12	4.1	16			
http://resources.usgin.org/uri-gin/cogs/thermalspring/COHS_56-1/	Park County Mullenville Warm Springs 	CO	39.16361	-106.06611	1975	32		8.6	1.2	12	4.1	16	202		
http://resources.usgin.org/uri-gin/cogs/thermalspring/COHS_56-1/	Park County Mullenville Warm Springs 	CO	39.16361	-106.06611	1975	33	21	5.5	1	11	1.8	14			
http://resources.usgin.org/uri-gin/cogs/thermalspring/COHS_56-1/	Park County Mullenville Warm Springs 	CO	39.16361	-106.06611	1975	33		5.5	1	11	1.8	14	197		
http://resources.usgin.org/uri-gin/cogs/thermalspring/COHS_56-1/	Park County Mullenville Warm Springs 	CO	39.16361	-106.06611	1975										6.5
http://resources.usgin.org/uri-gin/cogs/thermalspring/COHS_56-1/	Park County Mullenville Warm Springs 	CO	39.16361	-106.06611	1975										8.2
http://resources.usgin.org/uri-gin/cogs/thermalspring/COHS_56-1/	Park County Mullenville Warm Springs 	CO	39.16361	-106.06611	1993										7.8
http://resources.usgin.org/uri-gin/cogs/thermalspring/COHS_57-1/	Mesa County Orchard Mesa	CO	39.04861	-108.52	1981	2	0.3	190	1.1	14	6.7	43			
http://resources.usgin.org/uri-gin/cogs/thermalspring/COHS_57-1/	Mesa County Orchard Mesa	CO	39.04861	-108.52	1981	2		190	1.1	14	6.7	43			
http://resources.usgin.org/uri-gin/cogs/thermalspring/COHS_57-1/	Mesa County Orchard Mesa	CO	39.04861	-108.52	1981										9
http://resources.usgin.org/uri-gin/cogs/thermalspring/COHS_58-1/	Ouray County Orvis Hot Springs	CO	38.13333	-107.73389	1920	274	20.6	374	102	58	103	1287			
http://resources.usgin.org/uri-gin/cogs/thermalspring/COHS_58-1/	Ouray County Orvis Hot Springs	CO	38.13333	-107.73389	1920	274		374	102	58	103	1287	277		
http://resources.usgin.org/uri-gin/cogs/thermalspring/COHS_58-1/	Ouray County Orvis Hot Springs	CO	38.13333	-107.73389	1975	260	19	420	28	51	85	1200			
http://resources.usgin.org/uri-gin/cogs/thermalspring/COHS_58-1/	Ouray County Orvis Hot Springs	CO	38.13333	-107.73389	1975	260		420	28	51	85	1200	409		
http://resources.usgin.org/uri-gin/cogs/thermalspring/COHS_58-1/	Ouray County Orvis Hot Springs	CO	38.13333	-107.73389	1976	280	19	390	30	53	86	1200			
http://resources.usgin.org/uri-gin/cogs/thermalspring/COHS_58-1/	Ouray County Orvis Hot Springs	CO	38.13333	-107.73389	1976	280		390	30	53	86	1200	424		
http://resources.usgin.org/uri-gin/cogs/thermalspring/COHS_58-1/	Ouray County Orvis Hot Springs	CO	38.13333	-107.73389	1976	290	18	460	33	60	88	1400			
http://resources.usgin.org/uri-gin/cogs/thermalspring/COHS_58-1/	Ouray County Orvis Hot Springs	CO	38.13333	-107.73389	1976	290		460	33	60	88	1400	277		
http://resources.usgin.org/uri-gin/cogs/thermalspring/COHS_58-1/	Ouray County Orvis Hot Springs	CO	38.13333	-107.73389	1976										6.5
http://resources.usgin.org/uri-gin/cogs/thermalspring/COHS_58-1/	Ouray County Orvis Hot Springs	CO	38.13333	-107.73389	1976										6.6
http://resources.usgin.org/uri-gin/cogs/thermalspring/COHS_58-1/	Ouray County Orvis Hot Springs	CO	38.13333	-107.73389	1988										6.3
http://resources.usgin.org/uri-gin/cogs/thermalspring/COHS_58-1/	Ouray County Orvis Hot Springs	CO	38.13333	-107.73389	1993	281	25	475	35.2	50	88	1300			
http://resources.usgin.org/uri-gin/cogs/thermalspring/COHS_58-1/	Ouray County Orvis Hot Springs	CO	38.13333	-107.73389	1993	281		475	35.2	50	88	1300	358		
http://resources.usgin.org/uri-gin/cogs/thermalspring/COHS_58-1/	Ouray County Orvis Hot Springs	CO	38.13333	-107.73389	1993										6.7
http://resources.usgin.org/uri-gin/cogs/thermalspring/COHS_58-1/	Ouray County Orvis Hot Springs	CO	38.13333	-107.73389	1993										7.1
http://resources.usgin.org/uri-gin/cogs/thermalspring/COHS_59-A-1/	Ouray County Ouray	CO	38.02111	-107.6675	1975	150	8.3	53	5	29	14	340			
http://resources.usgin.org/uri-gin/cogs/thermalspring/COHS_59-A-1/	Ouray County Ouray	CO	38.02111	-107.6675	1975	150		53	5	29	14	340	189		
http://resources.usgin.org/uri-gin/cogs/thermalspring/COHS_59-A-1/	Ouray County Ouray	CO	38.02111	-107.6675	1975	300	8.8	110	8.9	39	30	780			
http://resources.usgin.org/uri-gin/cogs/thermalspring/COHS_59-A-1/	Ouray County Ouray	CO	38.02111	-107.6675	1975	300		110	8.9	39	30	780	194		
http://resources.usgin.org/uri-gin/cogs/thermalspring/COHS_59-A-1/	Ouray County Ouray	CO	38.02111	-107.6675	1975	350	8	120	11	40	31	910			
http://resources.usgin.org/uri-gin/cogs/thermalspring/COHS_59-A-1/	Ouray County Ouray	CO	38.02111	-107.6675	1975	350		120	11	40	31	910	213		
http://resources.usgin.org/uri-gin/cogs/thermalspring/COHS_59-A-1/	Ouray County Ouray	CO	38.02111	-107.6675	1976	310	8.5	110	9.1	39	32	820			
http://resources.usgin.org/uri-gin/cogs/thermalspring/COHS_59-A-1/	Ouray County Ouray	CO	38.02111	-107.6675	1976	310	8.9	110	9.4	39	34	780			
http://resources.usgin.org/uri-gin/cogs/thermalspring/COHS_59-A-1/	Ouray County Ouray	CO	38.02111	-107.6675	1976	310		110	9.1	39	32	820	194		
http://resources.usgin.org/uri-gin/cogs/thermalspring/COHS_59-A-1/	Ouray County Ouray	CO	38.02111	-107.6675	1976	310		110	9.4	39	34	780	192		
http://resources.usgin.org/uri-gin/cogs/thermalspring/COHS_59-A-1/	Ouray County Ouray	CO	38.02111	-107.6675	1976										7.1
http://resources.usgin.org/uri-gin/cogs/thermalspring/COHS_59-A-1/	Ouray County Ouray	CO	38.02111	-107.6675	1991	385	14	121	9.8	53.2	45	963			
http://resources.usgin.org/uri-gin/cogs/thermalspring/COHS_59-A-1/	Ouray County Ouray	CO	38.02111	-107.6675	1991	385		121	9.8	53.2	45	963	184		
http://resources.usgin.org/uri-gin/cogs/thermalspring/COHS_59-A-1/	Ouray County Ouray	CO	38.02111	-107.6675	1991										6.6
http://resources.usgin.org/uri-gin/cogs/thermalspring/COHS_59-City_Park_OX-2-21/	Ouray County Ouray	CO	38.02778	-107.67083	1990	311	14	37	8.2	52.3	41	772			
http://resources.usgin.org/uri-gin/cogs/thermalspring/COHS_59-City_Park_OX-2-21/	Ouray County Ouray	CO	38.02778	-107.67083	1990	311		37	8.2	52.3	41	772	178		
http://resources.usgin.org/uri-gin/cogs/thermalspring/COHS_59-City_Park_OX-2-21/	Ouray County Ouray	CO	38.02778	-107.67083	1990										6.7
http://resources.usgin.org/uri-gin/cogs/thermalspring/COHS_59-City_Park_OX-2-21/	Ouray County Ouray	CO	38.02778	-107.67083	1991	308	13	141	9.6	58.8	35	925			
http://resources.usgin.org/uri-gin/cogs/thermalspring/COHS_59-City_Park_OX-2-21/	Ouray County Ouray	CO	38.02778	-107.67083	1991	308		141	9.6	58.8	35	925	166		
http://resources.usgin.org/uri-gin/cogs/thermalspring/COHS_59-City_Park_OX-2-21/	Ouray County Ouray	CO	38.02778	-107.67083	1991										6.7
http://resources.usgin.org/uri-gin/cogs/thermalspring/COHS_59-Fellin_Spring-13/	Ouray County Ouray	CO	38.02278	-107.66583	1990	52	10	67	1	22.8	18	4			
http://resources.usgin.org/uri-gin/cogs/thermalspring/COHS_59-Fellin_Spring-13/	Ouray County Ouray	CO	38.02278	-107.66583	1990	52		67	1	22.8	18	4	198		
http://resources.usgin.org/uri-gin/cogs/thermalspring/COHS_59-Fellin_Spring-13/	Ouray County Ouray	CO	38.02278	-107.66583	1990										7.2
http://resources.usgin.org/uri-gin/cogs/thermalspring/COHS_59-Fellin_Spring-13/	Ouray County Ouray	CO	38.02278	-107.66583	1991	43	10	24	1.9	21.2	6	12			
http://resources.usgin.org/uri-gin/cogs/thermalspring/COHS_59-Fellin_Spring-13/	Ouray County Ouray	CO	38.02278	-107.66583	1991	43		24	1.9	21.2	6	12	185		
http://resources.usgin.org/uri-gin/cogs/thermalspring/COHS_59-Fellin_Spring-13/	Ouray County Ouray	CO	38.02278	-107.66583	1991										7.4
http://resources.usgin.org/uri-gin/cogs/thermalspring/COHS_59-Manganese_Mine-17/	Ouray County Ouray	CO	38.01917	-107.67528	1990	400	11	115	8.9	52	47	1037			
http://resources.usgin.org/uri-gin/cogs/thermalspring/COHS_59-Manganese_Mine-17/	Ouray County Ouray	CO	38.01917	-107.67528	1990	400		115	8.9	52	47	1037	127		
http://resources.usgin.org/uri-gin/cogs/thermalspring/COHS_59-Manganese_Mine-17/	Ouray County Ouray	CO	38.01917	-107.67528	1990										7.4
http://resources.usgin.org/uri-gin/cogs/thermalspring/COHS_59-Manganese_Mine-17/	Ouray County Ouray	CO	38.01917	-107.67528	1991	363	12	161	9.5	52.8	52	1100			
http://resources.usgin.org/uri-gin/cogs/thermalspring/COHS_59-Manganese_Mine-17/	Ouray County Ouray	CO	38.01917	-107.67528	1991	363		161	9.5	52.8	52	1100	117		
http://resources.usgin.org/uri-gin/cogs/thermalspring/COHS_59-Manganese_Mine-17/	Ouray County Ouray	CO	38.01917	-107.67528	1991										7
http://resources.usgin.org/uri-gin/cogs/thermalspring/COHS_59-Manganese_Mine-17/	Ouray County Ouray	CO	38.01917	-107.67528	1993										7.3
http://resources.usgin.org/uri-gin/cogs/thermalspring/COHS_59-Pool_or_Box_Canyon-8/	Ouray County Ouray	CO	38.01833	-107.67806	1975	370	8.9	110	9.2	47	41	990			
http://resources.usgin.org/uri-gin/cogs/thermalspring/COHS_59-Pool_or_Box_Canyon-8/	Ouray County Ouray	CO	38.01833	-107.67806	1975	370		110	9.2	47	41	990	129		
http://resources.usgin.org/uri-gin/cogs/thermalspring/COHS_59-Pool_or_Box_Canyon-8/	Ouray County Ouray	CO	38.01833	-107.67806	1975										6.7
http://resources.usgin.org/uri-gin/cogs/thermalspring/COHS_59-Pool_or_Box_Canyon-8/	Ouray County Ouray	CO	38.01833	-107.67806	1976	360	8.5	120	8.8	49	44	1000			
http://resources.usgin.org/uri-gin/cogs/thermalspring/COHS_59-Pool_or_Box_Canyon-8/	Ouray County Ouray	CO	38.01833	-107.67806	1976	360	8.8	110	9.4	49	44	990			
http://resources.usgin.org/uri-gin/cogs/thermalspring/COHS_59-Pool_or_Box_Canyon-8/	Ouray County Ouray	CO	38.01833	-107.67806	1976	360		110	9.4	49	44	990	132		
http://resources.usgin.org/uri-gin/cogs/thermalspring/COHS_59-Pool_or_Box_Canyon-8/	Ouray County Ouray	CO	38.01833	-107.67806	1976	360		120	8.8	49	44	1000	131		
http://resources.usgin.org/uri-gin/cogs/thermalspring/COHS_59-Pool_or_Box_Canyon-8/	Ouray County Ouray	CO	38.01833	-107.67806	1976										6.5
http://resources.usgin.org/uri-gin/cogs/thermalspring/COHS_59-Pool_or_Box_Canyon-8/	Ouray County Ouray	CO	38.01833	-107.67806	1976										7.3
http://resources.usgin.org/uri-gin/cogs/thermalspring/COHS_59-Pool_or_Box_Canyon-8/	Ouray County Ouray	CO	38.01833	-107.67806	1990	393	8	41.4	9.2	52.1	38	863			
http://resources.usgin.org/uri-gin/cogs/thermalspring/COHS_59-Pool_or_Box_Canyon-8/	Ouray County Ouray	CO	38.01833	-107.67806	1990	393		41.4	9.2	52.1	38	863	128		
http://resources.usgin.org/uri-gin/cogs/thermalspring/COHS_59-Pool_or_Box_Canyon-8/	Ouray County Ouray	CO	38.01833	-107.67806	1990										6.8
http://resources.usgin.org/uri-gin/cogs/thermalspring/COHS_59-Pool_or_Box_Canyon-8/	Ouray County Ouray	CO	38.01833	-107.67806	1993	380	10.4	122.45	10.4	49.4	45	1030			
http://resources.usgin.org/uri-gin/cogs/thermalspring/COHS_59-Pool_or_Box_Canyon-8/	Ouray County Ouray	CO	38.01833	-107.67806	1993	380		122.45	10.4	49.4	45	1030	125		
http://resources.usgin.org/uri-gin/cogs/thermalspring/COHS_59-Pool_or_Box_Canyon-8/	Ouray County Ouray	CO	38.01833	-107.67806	1993										6.6
http://resources.usgin.org/uri-gin/cogs/thermalspring/COHS_59-Uncompaghgre_Spring-20/	Ouray County Ouray	CO	38.02361	-107.67417	1976	350	9.2	110	9.4	44	42	930			
http://resources.usgin.org/uri-gin/cogs/thermalspring/COHS_59-Uncompaghgre_Spring-20/	Ouray County Ouray	CO	38.02361	-107.67417	1976	350		110	9.4	44	42	930	138		
http://resources.usgin.org/uri-gin/cogs/thermalspring/COHS_59-Uncompaghgre_Spring-20/	Ouray County Ouray	CO	38.02361	-107.67417	1976										7.7
http://resources.usgin.org/uri-gin/cogs/thermalspring/COHS_59-Vinegar_Hill-15/	Ouray County Ouray	CO	38.02056	-107.66778	1991	70	5	14	1.9	11.3	11	93			
http://resources.usgin.org/uri-gin/cogs/thermalspring/COHS_59-Vinegar_Hill-15/	Ouray County Ouray	CO	38.02056	-107.66778	1991	70		14	1.9	11.3	11	93	136		
http://resources.usgin.org/uri-gin/cogs/thermalspring/COHS_59-Vinegar_Hill-15/	Ouray County Ouray	CO	38.02056	-107.66778	1991										7
http://resources.usgin.org/uri-gin/cogs/thermalspring/COHS_59-Vinegar_Hill-15/	Ouray County Ouray	CO	38.02056	-107.66778	1993										7.6
http://resources.usgin.org/uri-gin/cogs/thermalspring/COHS_60-1/	La Plata County Oxford Well	CO	37.15917	-107.67806	1975	22	1.2	320	4.3		2.1	26			
http://resources.usgin.org/uri-gin/cogs/thermalspring/COHS_60-1/	La Plata County Oxford Well	CO	37.15917	-107.67806	1975	22		320	4.3		2.1	26	660		
http://resources.usgin.org/uri-gin/cogs/thermalspring/COHS_60-1/	La Plata County Oxford Well	CO	37.15917	-107.67806	1975										7.9
http://resources.usgin.org/uri-gin/cogs/thermalspring/COHS_61_Spa_Motel_Well-9/	Archuleta County Pagosa Springs	CO	37.26528	-107.00972	1975	230	24	780	91	51	160	1600			
http://resources.usgin.org/uri-gin/cogs/thermalspring/COHS_61_Spa_Motel_Well-9/	Archuleta County Pagosa Springs	CO	37.26528	-107.00972	1975	230		780	91	51	160	1600	753		
http://resources.usgin.org/uri-gin/cogs/thermalspring/COHS_61_Spa_Motel_Well-9/	Archuleta County Pagosa Springs	CO	37.26528	-107.00972	1975										6.5
http://resources.usgin.org/uri-gin/cogs/thermalspring/COHS_61-Big_Spring-1/	Archuleta County Pagosa Springs	CO	37.26444	-107.01028	1920	247.1	16.8	525	370	69	180	1504			
http://resources.usgin.org/uri-gin/cogs/thermalspring/COHS_61-Big_Spring-1/	Archuleta County Pagosa Springs	CO	37.26444	-107.01028	1920	247.1		525	370	69	180	1504	636		
http://resources.usgin.org/uri-gin/cogs/thermalspring/COHS_61-Big_Spring-1/	Archuleta County Pagosa Springs	CO	37.26444	-107.01028	1975	210	23	780	87		180	1500			
http://resources.usgin.org/uri-gin/cogs/thermalspring/COHS_61-Big_Spring-1/	Archuleta County Pagosa Springs	CO	37.26444	-107.01028	1975	210		780	87		180	1500	859		
http://resources.usgin.org/uri-gin/cogs/thermalspring/COHS_61-Big_Spring-1/	Archuleta County Pagosa Springs	CO	37.26444	-107.01028	1975	230	25	790	90	54	180	1400			
http://resources.usgin.org/uri-gin/cogs/thermalspring/COHS_61-Big_Spring-1/	Archuleta County Pagosa Springs	CO	37.26444	-107.01028	1975	230		790	90	54	180	1400	855		
http://resources.usgin.org/uri-gin/cogs/thermalspring/COHS_61-Big_Spring-1/	Archuleta County Pagosa Springs	CO	37.26444	-107.01028	1975										6.5
http://resources.usgin.org/uri-gin/cogs/thermalspring/COHS_61-Big_Spring-1/	Archuleta County Pagosa Springs	CO	37.26444	-107.01028	1975										6.9
http://resources.usgin.org/uri-gin/cogs/thermalspring/COHS_61-Big_Spring-1/	Archuleta County Pagosa Springs	CO	37.26444	-107.01028	1976	230	24	730	85	59	180	1300			
http://resources.usgin.org/uri-gin/cogs/thermalspring/COHS_61-Big_Spring-1/	Archuleta County Pagosa Springs	CO	37.26444	-107.01028	1976	230		730	85	59	180	1300	856		
http://resources.usgin.org/uri-gin/cogs/thermalspring/COHS_61-Big_Spring-1/	Archuleta County Pagosa Springs	CO	37.26444	-107.01028	1976	240	2.6	800	87	58	190	1500			
http://resources.usgin.org/uri-gin/cogs/thermalspring/COHS_61-Big_Spring-1/	Archuleta County Pagosa Springs	CO	37.26444	-107.01028	1976	240		800	87	58	190	1500	862		
http://resources.usgin.org/uri-gin/cogs/thermalspring/COHS_61-Big_Spring-1/	Archuleta County Pagosa Springs	CO	37.26444	-107.01028	1976										6.5
http://resources.usgin.org/uri-gin/cogs/thermalspring/COHS_61-Big_Spring-1/	Archuleta County Pagosa Springs	CO	37.26444	-107.01028	1976										6.6
http://resources.usgin.org/uri-gin/cogs/thermalspring/COHS_61-Big_Spring-1/	Archuleta County Pagosa Springs	CO	37.26444	-107.01028	1993	378	42	574	67	83.3	175	1570			
http://resources.usgin.org/uri-gin/cogs/thermalspring/COHS_61-Big_Spring-1/	Archuleta County Pagosa Springs	CO	37.26444	-107.01028	1993	378		574	67	83.3	175	1570	771		
http://resources.usgin.org/uri-gin/cogs/thermalspring/COHS_61-Big_Spring-1/	Archuleta County Pagosa Springs	CO	37.26444	-107.01028	1993										6.6
http://resources.usgin.org/uri-gin/cogs/thermalspring/COHS_61-Courthouse_Well-7/	Archuleta County Pagosa Springs	CO	37.26611	-107.01056	1975	250	25	780	89	52	170	1500			
http://resources.usgin.org/uri-gin/cogs/thermalspring/COHS_61-Courthouse_Well-7/	Archuleta County Pagosa Springs	CO	37.26611	-107.01056	1975	250		780	89	52	170	1500	858		
http://resources.usgin.org/uri-gin/cogs/thermalspring/COHS_61-Courthouse_Well-7/	Archuleta County Pagosa Springs	CO	37.26611	-107.01056	1975										6.5
http://resources.usgin.org/uri-gin/cogs/thermalspring/COHS_61-Courthouse_Well-7/	Archuleta County Pagosa Springs	CO	37.26611	-107.01056	1993										6.6
http://resources.usgin.org/uri-gin/cogs/thermalspring/COHS_62-1/	El Paso County Papeton	CO	38.87889	-104.79611	1977	140	21	55	2	19	18	290			
http://resources.usgin.org/uri-gin/cogs/thermalspring/COHS_62-1/	El Paso County Papeton	CO	38.87889	-104.79611	1977	140		55	2	19	18	290	280		
http://resources.usgin.org/uri-gin/cogs/thermalspring/COHS_62-1/	El Paso County Papeton	CO	38.87889	-104.79611	1977										6.7
http://resources.usgin.org/uri-gin/cogs/thermalspring/COHS_63-1/	Dolores County Paradise Hot Spring	CO	37.75417	-108.13167	1975	160	27	1800	360	150	3100	140			
http://resources.usgin.org/uri-gin/cogs/thermalspring/COHS_63-1/	Dolores County Paradise Hot Spring	CO	37.75417	-108.13167	1975	160		1800	360	150	3100	140	628		
http://resources.usgin.org/uri-gin/cogs/thermalspring/COHS_63-1/	Dolores County Paradise Hot Spring	CO	37.75417	-108.13167	1976	170	28	1900	370	150	3100	110			
http://resources.usgin.org/uri-gin/cogs/thermalspring/COHS_63-1/	Dolores County Paradise Hot Spring	CO	37.75417	-108.13167	1976	170		1900	370	150	3100	110	697		
http://resources.usgin.org/uri-gin/cogs/thermalspring/COHS_63-1/	Dolores County Paradise Hot Spring	CO	37.75417	-108.13167	1976	240	30	1900	380	200	3300	140			
http://resources.usgin.org/uri-gin/cogs/thermalspring/COHS_63-1/	Dolores County Paradise Hot Spring	CO	37.75417	-108.13167	1976	240		1900	380	200	3300	140	685		
http://resources.usgin.org/uri-gin/cogs/thermalspring/COHS_63-1/	Dolores County Paradise Hot Spring	CO	37.75417	-108.13167	1976										6.8
http://resources.usgin.org/uri-gin/cogs/thermalspring/COHS_63-1/	Dolores County Paradise Hot Spring	CO	37.75417	-108.13167	1976										6.9
http://resources.usgin.org/uri-gin/cogs/thermalspring/COHS_64_Granges_Spring-5/	Pitkin County Penny Hot Springs	CO	39.23056	-107.22611	1976	440	55	400	38	81	260	1400			
http://resources.usgin.org/uri-gin/cogs/thermalspring/COHS_64_Granges_Spring-5/	Pitkin County Penny Hot Springs	CO	39.23056	-107.22611	1976	440		400	38	81	260	1400	565		
http://resources.usgin.org/uri-gin/cogs/thermalspring/COHS_64_Granges_Spring-5/	Pitkin County Penny Hot Springs	CO	39.23056	-107.22611	1976										9.2
http://resources.usgin.org/uri-gin/cogs/thermalspring/COHS_64-1/	Pitkin County Penny Hot Springs	CO	39.22583	-107.22472	1975	410	50	400	38	96	240	1300			
http://resources.usgin.org/uri-gin/cogs/thermalspring/COHS_64-1/	Pitkin County Penny Hot Springs	CO	39.22583	-107.22472	1975	410		400	38	96	240	1300	570		
http://resources.usgin.org/uri-gin/cogs/thermalspring/COHS_64-1/	Pitkin County Penny Hot Springs	CO	39.22583	-107.22472	1976	390	53	380	38	150	240	1200			
http://resources.usgin.org/uri-gin/cogs/thermalspring/COHS_64-1/	Pitkin County Penny Hot Springs	CO	39.22583	-107.22472	1976	390		380	38	150	240	1200	599		
http://resources.usgin.org/uri-gin/cogs/thermalspring/COHS_64-1/	Pitkin County Penny Hot Springs	CO	39.22583	-107.22472	1976	420	51	390	36	74	250	1300			
http://resources.usgin.org/uri-gin/cogs/thermalspring/COHS_64-1/	Pitkin County Penny Hot Springs	CO	39.22583	-107.22472	1976	420		390	36	74	250	1300	593		
http://resources.usgin.org/uri-gin/cogs/thermalspring/COHS_64-1/	Pitkin County Penny Hot Springs	CO	39.22583	-107.22472	1976										6.3
http://resources.usgin.org/uri-gin/cogs/thermalspring/COHS_64-1/	Pitkin County Penny Hot Springs	CO	39.22583	-107.22472	1976										6.3
http://resources.usgin.org/uri-gin/cogs/thermalspring/COHS_65_Little_Mound_Spring-9/	La Plata County Pinkerton	CO	37.4525	-107.80583	1975										7
http://resources.usgin.org/uri-gin/cogs/thermalspring/COHS_65_Mound_Spring-6/	La Plata County Pinkerton	CO	37.45194	-107.80556	1975	550	74	730	120	29	1000	620			
http://resources.usgin.org/uri-gin/cogs/thermalspring/COHS_65_Mound_Spring-6/	La Plata County Pinkerton	CO	37.45194	-107.80556	1975	550		730	120	29	1000	620	1630		
http://resources.usgin.org/uri-gin/cogs/thermalspring/COHS_65_Mound_Spring-6/	La Plata County Pinkerton	CO	37.45194	-107.80556	1976	550	68	710	120	28	1000	600			
http://resources.usgin.org/uri-gin/cogs/thermalspring/COHS_65_Mound_Spring-6/	La Plata County Pinkerton	CO	37.45194	-107.80556	1976	550	72	710	120	28	1000	650			
http://resources.usgin.org/uri-gin/cogs/thermalspring/COHS_65_Mound_Spring-6/	La Plata County Pinkerton	CO	37.45194	-107.80556	1976	550		710	120	28	1000	600	1610		
http://resources.usgin.org/uri-gin/cogs/thermalspring/COHS_65_Mound_Spring-6/	La Plata County Pinkerton	CO	37.45194	-107.80556	1976	550		710	120	28	1000	650	1620		
http://resources.usgin.org/uri-gin/cogs/thermalspring/COHS_65_Mound_Spring-6/	La Plata County Pinkerton	CO	37.45194	-107.80556	1976										6.4
http://resources.usgin.org/uri-gin/cogs/thermalspring/COHS_65_Mound_Spring-6/	La Plata County Pinkerton	CO	37.45194	-107.80556	1976										6.5
http://resources.usgin.org/uri-gin/cogs/thermalspring/COHS_65-A-1/	La Plata County Pinkerton	CO	37.44722	-107.80472	1975	510	79	750	120	28	1000	690			
http://resources.usgin.org/uri-gin/cogs/thermalspring/COHS_65-A-1/	La Plata County Pinkerton	CO	37.44722	-107.80472	1975	510		750	120	28	1000	690	1630		
http://resources.usgin.org/uri-gin/cogs/thermalspring/COHS_65-A-1/	La Plata County Pinkerton	CO	37.44722	-107.80472	1976	530	72	720	120	29	1000	540			
http://resources.usgin.org/uri-gin/cogs/thermalspring/COHS_65-A-1/	La Plata County Pinkerton	CO	37.44722	-107.80472	1976	530		720	120	29	1000	540	1520		
http://resources.usgin.org/uri-gin/cogs/thermalspring/COHS_65-A-1/	La Plata County Pinkerton	CO	37.44722	-107.80472	1976	560	69	690	110	28	1000	610			
http://resources.usgin.org/uri-gin/cogs/thermalspring/COHS_65-A-1/	La Plata County Pinkerton	CO	37.44722	-107.80472	1976	560		690	110	28	1000	610	1620		
http://resources.usgin.org/uri-gin/cogs/thermalspring/COHS_65-A-1/	La Plata County Pinkerton	CO	37.44722	-107.80472	1976										6.4
http://resources.usgin.org/uri-gin/cogs/thermalspring/COHS_65-A-1/	La Plata County Pinkerton	CO	37.44722	-107.80472	1976										6.5
http://resources.usgin.org/uri-gin/cogs/thermalspring/COHS_65-A-1/	La Plata County Pinkerton	CO	37.44722	-107.80472	1993										6
http://resources.usgin.org/uri-gin/cogs/thermalspring/COHS_65-B-5/	La Plata County Pinkerton	CO	37.44833	-107.805	1975	530	71	720	120		990	610			
http://resources.usgin.org/uri-gin/cogs/thermalspring/COHS_65-B-5/	La Plata County Pinkerton	CO	37.44833	-107.805	1975	530		720	120		990	610	1640		
http://resources.usgin.org/uri-gin/cogs/thermalspring/COHS_66-1/	Chaffee County Poncha Springs	CO	38.49694	-106.07694	1974										7.1
http://resources.usgin.org/uri-gin/cogs/thermalspring/COHS_66-1/	Chaffee County Poncha Springs	CO	38.49694	-106.07694	1975	17	0.5	200	8.1	71	50	220			
http://resources.usgin.org/uri-gin/cogs/thermalspring/COHS_66-1/	Chaffee County Poncha Springs	CO	38.49694	-106.07694	1975	17		200	8.1	71	50	220	202		
http://resources.usgin.org/uri-gin/cogs/thermalspring/COHS_66-1/	Chaffee County Poncha Springs	CO	38.49694	-106.07694	1975	18	0.5	190	7.8	83	48	190			
http://resources.usgin.org/uri-gin/cogs/thermalspring/COHS_66-1/	Chaffee County Poncha Springs	CO	38.49694	-106.07694	1975	18		190	7.8	83	48	190	214		
http://resources.usgin.org/uri-gin/cogs/thermalspring/COHS_66-1/	Chaffee County Poncha Springs	CO	38.49694	-106.07694	1975	20	0.7	190	8	81	49	200			
http://resources.usgin.org/uri-gin/cogs/thermalspring/COHS_66-1/	Chaffee County Poncha Springs	CO	38.49694	-106.07694	1975	20		190	8	81	49	200	216		
http://resources.usgin.org/uri-gin/cogs/thermalspring/COHS_66-1/	Chaffee County Poncha Springs	CO	38.49694	-106.07694	1975										8
http://resources.usgin.org/uri-gin/cogs/thermalspring/COHS_66-1/	Chaffee County Poncha Springs	CO	38.49694	-106.07694	1976	17	0.2	190	8.7	77	49	190			
http://resources.usgin.org/uri-gin/cogs/thermalspring/COHS_66-1/	Chaffee County Poncha Springs	CO	38.49694	-106.07694	1976	17	0.2	200	8.3	100	51	200			
http://resources.usgin.org/uri-gin/cogs/thermalspring/COHS_66-1/	Chaffee County Poncha Springs	CO	38.49694	-106.07694	1976	17		190	8.7	77	49	190	219		
http://resources.usgin.org/uri-gin/cogs/thermalspring/COHS_66-1/	Chaffee County Poncha Springs	CO	38.49694	-106.07694	1976	17		200	8.3	100	51	200	219		
http://resources.usgin.org/uri-gin/cogs/thermalspring/COHS_66-1/	Chaffee County Poncha Springs	CO	38.49694	-106.07694	1976										7.5
http://resources.usgin.org/uri-gin/cogs/thermalspring/COHS_66-1/	Chaffee County Poncha Springs	CO	38.49694	-106.07694	1976										7.7
http://resources.usgin.org/uri-gin/cogs/thermalspring/COHS_66-1/	Chaffee County Poncha Springs	CO	38.49694	-106.07694	1993										7.5
http://resources.usgin.org/uri-gin/cogs/thermalspring/COHS_66-1/	Chaffee County Poncha Springs	CO	38.49694	-106.07694	1993										7.7
http://resources.usgin.org/uri-gin/cogs/thermalspring/COHS_66-C-9/	Chaffee County Poncha Springs	CO	38.49806	-106.07611	1975	17	0.4	190	8.1	71	50	190			
http://resources.usgin.org/uri-gin/cogs/thermalspring/COHS_66-C-9/	Chaffee County Poncha Springs	CO	38.49806	-106.07611	1975	17		190	8.1	71	50	190	212		
http://resources.usgin.org/uri-gin/cogs/thermalspring/COHS_66-C-9/	Chaffee County Poncha Springs	CO	38.49806	-106.07611	1975	24	0.8	190	8.3	81	49	190			
http://resources.usgin.org/uri-gin/cogs/thermalspring/COHS_66-C-9/	Chaffee County Poncha Springs	CO	38.49806	-106.07611	1975	24		190	8.3	81	49	190	214		
http://resources.usgin.org/uri-gin/cogs/thermalspring/COHS_66-C-9/	Chaffee County Poncha Springs	CO	38.49806	-106.07611	1975										8
http://resources.usgin.org/uri-gin/cogs/thermalspring/COHS_66-C-9/	Chaffee County Poncha Springs	CO	38.49806	-106.07611	1976	17	0.3	200	8.3	88	52	200			
http://resources.usgin.org/uri-gin/cogs/thermalspring/COHS_66-C-9/	Chaffee County Poncha Springs	CO	38.49806	-106.07611	1976	17	0.4	190	8.3	79	49	190			
http://resources.usgin.org/uri-gin/cogs/thermalspring/COHS_66-C-9/	Chaffee County Poncha Springs	CO	38.49806	-106.07611	1976	17		190	8.3	79	49	190	219		
http://resources.usgin.org/uri-gin/cogs/thermalspring/COHS_66-C-9/	Chaffee County Poncha Springs	CO	38.49806	-106.07611	1976	17		200	8.3	88	52	200	218		
http://resources.usgin.org/uri-gin/cogs/thermalspring/COHS_66-C-9/	Chaffee County Poncha Springs	CO	38.49806	-106.07611	1976										7.5
http://resources.usgin.org/uri-gin/cogs/thermalspring/COHS_66-C-9/	Chaffee County Poncha Springs	CO	38.49806	-106.07611	1976										7.5
http://resources.usgin.org/uri-gin/cogs/thermalspring/COHS_67-1/	Mineral County Rainbow	CO	37.50917	-106.87444	1975	2.1	0.2	45	0.2	39	0.7	30			
http://resources.usgin.org/uri-gin/cogs/thermalspring/COHS_67-1/	Mineral County Rainbow	CO	37.50917	-106.87444	1975	2.1		45	0.2	39	0.7	30	85		
http://resources.usgin.org/uri-gin/cogs/thermalspring/COHS_68-1/	Gunnison County Ranger	CO	38.81306	-106.87444	1975	70	20	61	7.7	18	18	90			
http://resources.usgin.org/uri-gin/cogs/thermalspring/COHS_68-1/	Gunnison County Ranger	CO	38.81306	-106.87444	1975	70		61	7.7	18	18	90	363		
http://resources.usgin.org/uri-gin/cogs/thermalspring/COHS_68-1/	Gunnison County Ranger	CO	38.81306	-106.87444	1975	73	22	59	7.2	20	17	89			
http://resources.usgin.org/uri-gin/cogs/thermalspring/COHS_68-1/	Gunnison County Ranger	CO	38.81306	-106.87444	1975	73		59	7.2	20	17	89	347		
http://resources.usgin.org/uri-gin/cogs/thermalspring/COHS_68-1/	Gunnison County Ranger	CO	38.81306	-106.87444	1975										7.1
http://resources.usgin.org/uri-gin/cogs/thermalspring/COHS_68-1/	Gunnison County Ranger	CO	38.81306	-106.87444	1976	71	23	63	8.2	19	19	89			
http://resources.usgin.org/uri-gin/cogs/thermalspring/COHS_68-1/	Gunnison County Ranger	CO	38.81306	-106.87444	1976	71		63	8.2	19	19	89	363		
http://resources.usgin.org/uri-gin/cogs/thermalspring/COHS_68-1/	Gunnison County Ranger	CO	38.81306	-106.87444	1976	72	20	62	8.1	19	19	100			
http://resources.usgin.org/uri-gin/cogs/thermalspring/COHS_68-1/	Gunnison County Ranger	CO	38.81306	-106.87444	1976	72		62	8.1	19	19	100	332		
http://resources.usgin.org/uri-gin/cogs/thermalspring/COHS_68-1/	Gunnison County Ranger	CO	38.81306	-106.87444	1976										6.9
http://resources.usgin.org/uri-gin/cogs/thermalspring/COHS_68-1/	Gunnison County Ranger	CO	38.81306	-106.87444	1976										7.1
http://resources.usgin.org/uri-gin/cogs/thermalspring/COHS_69_Big_Geyser_Warm_Spring-2/	Dolores County Rico	CO	37.7	-108.02889	1975	680	98	78	30	110	4.1	900			
http://resources.usgin.org/uri-gin/cogs/thermalspring/COHS_69_Big_Geyser_Warm_Spring-2/	Dolores County Rico	CO	37.7	-108.02889	1975	680		78	30	110	4.1	900	1700		
http://resources.usgin.org/uri-gin/cogs/thermalspring/COHS_69_Big_Geyser_Warm_Spring-2/	Dolores County Rico	CO	37.7	-108.02889	1976	690	93	67	31	140	4.3	920			
http://resources.usgin.org/uri-gin/cogs/thermalspring/COHS_69_Big_Geyser_Warm_Spring-2/	Dolores County Rico	CO	37.7	-108.02889	1976	690		67	31	140	4.3	920	1650		
http://resources.usgin.org/uri-gin/cogs/thermalspring/COHS_69_Big_Geyser_Warm_Spring-2/	Dolores County Rico	CO	37.7	-108.02889	1976										6.8
http://resources.usgin.org/uri-gin/cogs/thermalspring/COHS_69_Diamond_Drill_Hole-1/	Dolores County Rico	CO	37.70139	-108.02917	1976	590	82	66	28	120	2.4	810			
http://resources.usgin.org/uri-gin/cogs/thermalspring/COHS_69_Diamond_Drill_Hole-1/	Dolores County Rico	CO	37.70139	-108.02917	1976	590		66	28	120	2.4	810	1120		
http://resources.usgin.org/uri-gin/cogs/thermalspring/COHS_69_Diamond_Drill_Hole-1/	Dolores County Rico	CO	37.70139	-108.02917	1976										7
http://resources.usgin.org/uri-gin/cogs/thermalspring/COHS_69_Geyser_Warm_Spring-4/	Dolores County Rico	CO	37.70056	-108.02889	1975	680	100	80	32	110	3.9	920			
http://resources.usgin.org/uri-gin/cogs/thermalspring/COHS_69_Geyser_Warm_Spring-4/	Dolores County Rico	CO	37.70056	-108.02889	1975	680		80	32	110	3.9	920	1730		
http://resources.usgin.org/uri-gin/cogs/thermalspring/COHS_69_Geyser_Warm_Spring-4/	Dolores County Rico	CO	37.70056	-108.02889	1993										6.3
http://resources.usgin.org/uri-gin/cogs/thermalspring/COHS_69-6/	Dolores County Rico	CO	37.70111	-108.02889	1975	620	110	76	5.6	120	2.3	1000			
http://resources.usgin.org/uri-gin/cogs/thermalspring/COHS_69-6/	Dolores County Rico	CO	37.70111	-108.02889	1975	620		76	5.6	120	2.3	1000	1710		
http://resources.usgin.org/uri-gin/cogs/thermalspring/COHS_69-6/	Dolores County Rico	CO	37.70111	-108.02889	1976	690	92	77	32	120	3	960			
http://resources.usgin.org/uri-gin/cogs/thermalspring/COHS_69-6/	Dolores County Rico	CO	37.70111	-108.02889	1976	690		77	32	120	3	960	1450		
http://resources.usgin.org/uri-gin/cogs/thermalspring/COHS_69-6/	Dolores County Rico	CO	37.70111	-108.02889	1976										7
http://resources.usgin.org/uri-gin/cogs/thermalspring/COHS_70-1/	Delta County Roatcap Creek	CO	38.91861	-107.64917	1982	9	3.2	1300	13	16	180	11			
http://resources.usgin.org/uri-gin/cogs/thermalspring/COHS_70-1/	Delta County Roatcap Creek	CO	38.91861	-107.64917	1982	9		1300	13	16	180	11			
http://resources.usgin.org/uri-gin/cogs/thermalspring/COHS_70-1/	Delta County Roatcap Creek	CO	38.91861	-107.64917	1982										7.5
http://resources.usgin.org/uri-gin/cogs/thermalspring/COHS_70-2/	Delta County Roatcap Creek	CO	38.9275	-107.63056	1982	12	3.1	650	23	8.7	130	43			
http://resources.usgin.org/uri-gin/cogs/thermalspring/COHS_70-2/	Delta County Roatcap Creek	CO	38.9275	-107.63056	1982	12		650	23	8.7	130	43			
http://resources.usgin.org/uri-gin/cogs/thermalspring/COHS_70-2/	Delta County Roatcap Creek	CO	38.9275	-107.63056	1982										8.3
http://resources.usgin.org/uri-gin/cogs/thermalspring/COHS_71-2/	Routt County Routt	CO	40.55944	-106.85	1974										7.5
http://resources.usgin.org/uri-gin/cogs/thermalspring/COHS_71-2/	Routt County Routt	CO	40.55944	-106.85	1975	13	0.4	160	9	97	140	47			
http://resources.usgin.org/uri-gin/cogs/thermalspring/COHS_71-2/	Routt County Routt	CO	40.55944	-106.85	1975	13		160	9	97	140	47	136		
http://resources.usgin.org/uri-gin/cogs/thermalspring/COHS_71-2/	Routt County Routt	CO	40.55944	-106.85	1975	7.3	0.2	160	8.3	80	130	49			
http://resources.usgin.org/uri-gin/cogs/thermalspring/COHS_71-2/	Routt County Routt	CO	40.55944	-106.85	1975	7.3		160	8.3	80	130	49	138		
http://resources.usgin.org/uri-gin/cogs/thermalspring/COHS_71-2/	Routt County Routt	CO	40.55944	-106.85	1975										6.5
http://resources.usgin.org/uri-gin/cogs/thermalspring/COHS_71-2/	Routt County Routt	CO	40.55944	-106.85	1975										7.6
http://resources.usgin.org/uri-gin/cogs/thermalspring/COHS_71-2/	Routt County Routt	CO	40.55944	-106.85	1976	7.7	0.1	160	8.5	86	120	54			
http://resources.usgin.org/uri-gin/cogs/thermalspring/COHS_71-2/	Routt County Routt	CO	40.55944	-106.85	1976	7.7	0.1	160	8.8	89	130	45			
http://resources.usgin.org/uri-gin/cogs/thermalspring/COHS_71-2/	Routt County Routt	CO	40.55944	-106.85	1976	7.7		160	8.5	86	120	54	139		
http://resources.usgin.org/uri-gin/cogs/thermalspring/COHS_71-2/	Routt County Routt	CO	40.55944	-106.85	1976	7.7		160	8.8	89	130	45	139		
http://resources.usgin.org/uri-gin/cogs/thermalspring/COHS_71-2/	Routt County Routt	CO	40.55944	-106.85	1976	7.8	0.5	160	9.1	98	130	49			
http://resources.usgin.org/uri-gin/cogs/thermalspring/COHS_71-2/	Routt County Routt	CO	40.55944	-106.85	1976	7.8		160	9.1	98	130	49	135		
http://resources.usgin.org/uri-gin/cogs/thermalspring/COHS_71-2/	Routt County Routt	CO	40.55944	-106.85	1976										7.1
http://resources.usgin.org/uri-gin/cogs/thermalspring/COHS_71-2/	Routt County Routt	CO	40.55944	-106.85	1976										7.8
http://resources.usgin.org/uri-gin/cogs/thermalspring/COHS_71-2/	Routt County Routt	CO	40.55944	-106.85	1976										9.3
http://resources.usgin.org/uri-gin/cogs/thermalspring/COHS_71-2/	Routt County Routt	CO	40.55944	-106.85	1992	6.74		146	7.4	467.3	114	41	119		
http://resources.usgin.org/uri-gin/cogs/thermalspring/COHS_71-2/	Routt County Routt	CO	40.55944	-106.85	1992	6.74		146	7.4	467.3	114	41			
http://resources.usgin.org/uri-gin/cogs/thermalspring/COHS_71-2/	Routt County Routt	CO	40.55944	-106.85	1992										8
http://resources.usgin.org/uri-gin/cogs/thermalspring/COHS_72-1/	Saguache County Sand Dunes Pool Well	CO	37.77833	-105.85556	1975	3.2	0.4	81	8.6	120	4.7	23			
http://resources.usgin.org/uri-gin/cogs/thermalspring/COHS_72-1/	Saguache County Sand Dunes Pool Well	CO	37.77833	-105.85556	1975	3.2		81	8.6	120	4.7	23	176		
http://resources.usgin.org/uri-gin/cogs/thermalspring/COHS_72-1/	Saguache County Sand Dunes Pool Well	CO	37.77833	-105.85556	1975										8.3
http://resources.usgin.org/uri-gin/cogs/thermalspring/COHS_72-1/	Saguache County Sand Dunes Pool Well	CO	37.77833	-105.85556	1993										8.8
http://resources.usgin.org/uri-gin/cogs/thermalspring/COHS_73-1/	Las Animas County Sarcillo Canyon Well	CO	37.16111	-104.78222	1981	55	18	1.7	2.1	11	9.2	100			
http://resources.usgin.org/uri-gin/cogs/thermalspring/COHS_73-1/	Las Animas County Sarcillo Canyon Well	CO	37.16111	-104.78222	1981	55		1.7	2.1	11	9.2	100			
http://resources.usgin.org/uri-gin/cogs/thermalspring/COHS_73-1/	Las Animas County Sarcillo Canyon Well	CO	37.16111	-104.78222	1981										8
http://resources.usgin.org/uri-gin/cogs/thermalspring/COHS_74-1/	Saguache County Shaws	CO	37.75028	-106.31694	1975	0.5	0.3	130	1.4	73	7.2	53			
http://resources.usgin.org/uri-gin/cogs/thermalspring/COHS_74-1/	Saguache County Shaws	CO	37.75028	-106.31694	1975	0.5		130	1.4	73	7.2	53	114		
http://resources.usgin.org/uri-gin/cogs/thermalspring/COHS_74-1/	Saguache County Shaws	CO	37.75028	-106.31694	1975	0.9	0.6	130	1.5	83	7.5	50			
http://resources.usgin.org/uri-gin/cogs/thermalspring/COHS_74-1/	Saguache County Shaws	CO	37.75028	-106.31694	1975	0.9		130	1.5	83	7.5	50	121		
http://resources.usgin.org/uri-gin/cogs/thermalspring/COHS_74-1/	Saguache County Shaws	CO	37.75028	-106.31694	1975										9.3
http://resources.usgin.org/uri-gin/cogs/thermalspring/COHS_74-1/	Saguache County Shaws	CO	37.75028	-106.31694	1975										9.3
http://resources.usgin.org/uri-gin/cogs/thermalspring/COHS_74-1/	Saguache County Shaws	CO	37.75028	-106.31694	1976	0.9	0.1	130	1.5	76	7	46			
http://resources.usgin.org/uri-gin/cogs/thermalspring/COHS_74-1/	Saguache County Shaws	CO	37.75028	-106.31694	1976	0.9		130	1.5	76	7	46	127		
http://resources.usgin.org/uri-gin/cogs/thermalspring/COHS_74-1/	Saguache County Shaws	CO	37.75028	-106.31694	1976	2.7	0.7	130	1.5	100	7.3	46			
http://resources.usgin.org/uri-gin/cogs/thermalspring/COHS_74-1/	Saguache County Shaws	CO	37.75028	-106.31694	1976	2.7		130	1.5	100	7.3	46	154		
http://resources.usgin.org/uri-gin/cogs/thermalspring/COHS_74-1/	Saguache County Shaws	CO	37.75028	-106.31694	1976										8.9
http://resources.usgin.org/uri-gin/cogs/thermalspring/COHS_74-1/	Saguache County Shaws	CO	37.75028	-106.31694	1976										9
http://resources.usgin.org/uri-gin/cogs/thermalspring/COHS_74-1/	Saguache County Shaws	CO	37.75028	-106.31694	1993										9.5
http://resources.usgin.org/uri-gin/cogs/thermalspring/COHS_75-1/	Las Animas County Smith Canyon Spring	CO	37.17222	-104.75194	1981	54	20	33	1.9	10	13	37			
http://resources.usgin.org/uri-gin/cogs/thermalspring/COHS_75-1/	Las Animas County Smith Canyon Spring	CO	37.17222	-104.75194	1981	54		33	1.9	10	13	37			
http://resources.usgin.org/uri-gin/cogs/thermalspring/COHS_75-1/	Las Animas County Smith Canyon Spring	CO	37.17222	-104.75194	1981										7.5
http://resources.usgin.org/uri-gin/cogs/thermalspring/COHS_76-1/	Garfield County Smith Canyon Spring	CO	39.55306	-107.41111	1975	7	1	280	8.2	44	190	110			
http://resources.usgin.org/uri-gin/cogs/thermalspring/COHS_76-1/	Garfield County Smith Canyon Spring	CO	39.55306	-107.41111	1975	7		280	8.2	44	190	110	302		
http://resources.usgin.org/uri-gin/cogs/thermalspring/COHS_76-1/	Garfield County Smith Canyon Spring	CO	39.55306	-107.41111	1975	7.1	0.9	260	7.8	43	190	100			
http://resources.usgin.org/uri-gin/cogs/thermalspring/COHS_76-1/	Garfield County Smith Canyon Spring	CO	39.55306	-107.41111	1975	7.1		260	7.8	43	190	100	291		
http://resources.usgin.org/uri-gin/cogs/thermalspring/COHS_76-1/	Garfield County Smith Canyon Spring	CO	39.55306	-107.41111	1975	7.7	1.4	280	8	39	210	100			
http://resources.usgin.org/uri-gin/cogs/thermalspring/COHS_76-1/	Garfield County Smith Canyon Spring	CO	39.55306	-107.41111	1975	7.7		280	8	39	210	100	303		
http://resources.usgin.org/uri-gin/cogs/thermalspring/COHS_76-1/	Garfield County Smith Canyon Spring	CO	39.55306	-107.41111	1975										7.1
http://resources.usgin.org/uri-gin/cogs/thermalspring/COHS_76-1/	Garfield County Smith Canyon Spring	CO	39.55306	-107.41111	1975										7.1
http://resources.usgin.org/uri-gin/cogs/thermalspring/COHS_76-1/	Garfield County Smith Canyon Spring	CO	39.55306	-107.41111	1975										7.6
http://resources.usgin.org/uri-gin/cogs/thermalspring/COHS_76-1/	Garfield County Smith Canyon Spring	CO	39.55306	-107.41111	1976	7.8	0.9	270	8.2	41	190	100			
http://resources.usgin.org/uri-gin/cogs/thermalspring/COHS_76-1/	Garfield County Smith Canyon Spring	CO	39.55306	-107.41111	1976	7.8		270	8.2	41	190	100	305		
http://resources.usgin.org/uri-gin/cogs/thermalspring/COHS_76-1/	Garfield County Smith Canyon Spring	CO	39.55306	-107.41111	1976	7.9	2.2	270	8.2	45	200	94			
http://resources.usgin.org/uri-gin/cogs/thermalspring/COHS_76-1/	Garfield County Smith Canyon Spring	CO	39.55306	-107.41111	1976	7.9		270	8.2	45	200	94	306		
http://resources.usgin.org/uri-gin/cogs/thermalspring/COHS_76-1/	Garfield County Smith Canyon Spring	CO	39.55306	-107.41111	1976										7.3
http://resources.usgin.org/uri-gin/cogs/thermalspring/COHS_76-1/	Garfield County Smith Canyon Spring	CO	39.55306	-107.41111	1993										7.1
http://resources.usgin.org/uri-gin/cogs/thermalspring/COHS_76-1/	Garfield County Smith Canyon Spring	CO	39.55306	-107.41111	1993										7.1
http://resources.usgin.org/uri-gin/cogs/thermalspring/COHS_77-1/	Alamosa County Splashland	CO	37.48861	-105.85861	1975	4.1	0.4	72	9.9	110	6.4	29			
http://resources.usgin.org/uri-gin/cogs/thermalspring/COHS_77-1/	Alamosa County Splashland	CO	37.48861	-105.85861	1975	4.1		72	9.9	110	6.4	29	151		
http://resources.usgin.org/uri-gin/cogs/thermalspring/COHS_77-1/	Alamosa County Splashland	CO	37.48861	-105.85861	1975										8.3
http://resources.usgin.org/uri-gin/cogs/thermalspring/COHS_77-1/	Alamosa County Splashland	CO	37.48861	-105.85861	1993										8.9
http://resources.usgin.org/uri-gin/cogs/thermalspring/COHS_78-1/	Routt County Steamboat Springs	CO	40.48278	-106.82694	1920	21		300	16.4	48	324	141	100		
http://resources.usgin.org/uri-gin/cogs/thermalspring/COHS_78-1/	Routt County Steamboat Springs	CO	40.48278	-106.82694	1920	21		300	16.4	48	324	141			
http://resources.usgin.org/uri-gin/cogs/thermalspring/COHS_78-1/	Routt County Steamboat Springs	CO	40.48278	-106.82694	1974										7.8
http://resources.usgin.org/uri-gin/cogs/thermalspring/COHS_78-1/	Routt County Steamboat Springs	CO	40.48278	-106.82694	1976	18	1	300	11	49	320	150			
http://resources.usgin.org/uri-gin/cogs/thermalspring/COHS_78-1/	Routt County Steamboat Springs	CO	40.48278	-106.82694	1976	18		300	11	49	320	150	103		
http://resources.usgin.org/uri-gin/cogs/thermalspring/COHS_78-1/	Routt County Steamboat Springs	CO	40.48278	-106.82694	1976										8
http://resources.usgin.org/uri-gin/cogs/thermalspring/COHS_78-1/	Routt County Steamboat Springs	CO	40.48278	-106.82694	1992	16.01	0.53	278	6.4	126	312	141			
http://resources.usgin.org/uri-gin/cogs/thermalspring/COHS_78-1/	Routt County Steamboat Springs	CO	40.48278	-106.82694	1992	16.01		278	6.4	126	312	141	107		
http://resources.usgin.org/uri-gin/cogs/thermalspring/COHS_78-1/	Routt County Steamboat Springs	CO	40.48278	-106.82694	1992										8.2
http://resources.usgin.org/uri-gin/cogs/thermalspring/COHS_78-5/	Routt County Steamboat Springs	CO	40.48417	-106.83944	1976	90	24	1600	110	18	1000	490			
http://resources.usgin.org/uri-gin/cogs/thermalspring/COHS_78-5/	Routt County Steamboat Springs	CO	40.48417	-106.83944	1976	90		1600	110	18	1000	490	2420		
http://resources.usgin.org/uri-gin/cogs/thermalspring/COHS_78-5/	Routt County Steamboat Springs	CO	40.48417	-106.83944	1976										6.5
http://resources.usgin.org/uri-gin/cogs/thermalspring/COHS_78-6/	Routt County Steamboat Springs	CO	40.48889	-106.84056	1976	110	31	2200	140	21	1400	590			
http://resources.usgin.org/uri-gin/cogs/thermalspring/COHS_78-6/	Routt County Steamboat Springs	CO	40.48889	-106.84056	1976	110		2200	140	21	1400	590	3390		
http://resources.usgin.org/uri-gin/cogs/thermalspring/COHS_78-6/	Routt County Steamboat Springs	CO	40.48889	-106.84056	1976										6.7
http://resources.usgin.org/uri-gin/cogs/thermalspring/COHS_79-1/	Archuleta County Stinking Springs	CO	37.035	-106.80778	1975	210	27	20	12	24	7.3	470			
http://resources.usgin.org/uri-gin/cogs/thermalspring/COHS_79-1/	Archuleta County Stinking Springs	CO	37.035	-106.80778	1975	210		20	12	24	7.3	470	258		
http://resources.usgin.org/uri-gin/cogs/thermalspring/COHS_79-1/	Archuleta County Stinking Springs	CO	37.035	-106.80778	1993										7
http://resources.usgin.org/uri-gin/cogs/thermalspring/COHS_80-1/	Fremont County Swissvale	CO	38.48056	-105.89056	1975										7
http://resources.usgin.org/uri-gin/cogs/thermalspring/COHS_80-1/	Fremont County Swissvale	CO	38.48056	-105.89056	1975										7
http://resources.usgin.org/uri-gin/cogs/thermalspring/COHS_80-1/	Fremont County Swissvale	CO	38.48056	-105.89056	1993										7.3
http://resources.usgin.org/uri-gin/cogs/thermalspring/COHS_80-1/	Fremont County Swissvale	CO	38.48056	-105.89056	1993										7.3
http://resources.usgin.org/uri-gin/cogs/thermalspring/COHS_81-1/	Gunnison County Sylvester Gulch Warm Spring	CO	38.91333	-107.43944	1978	48	20	66	1.9	9	2.9	50			
http://resources.usgin.org/uri-gin/cogs/thermalspring/COHS_81-1/	Gunnison County Sylvester Gulch Warm Spring	CO	38.91333	-107.43944	1978	48		66	1.9	9	2.9	50	350		
http://resources.usgin.org/uri-gin/cogs/thermalspring/COHS_81-1/	Gunnison County Sylvester Gulch Warm Spring	CO	38.91333	-107.43944	1978										7.1
http://resources.usgin.org/uri-gin/cogs/thermalspring/COHS_82-1/	Rio Blanco County Texas Camp	CO	40.10389	-108.87417	1973	900	120	11000	330	33	18000	590			
http://resources.usgin.org/uri-gin/cogs/thermalspring/COHS_82-1/	Rio Blanco County Texas Camp	CO	40.10389	-108.87417	1973	900		11000	330	33	18000	590	440		
http://resources.usgin.org/uri-gin/cogs/thermalspring/COHS_82-1/	Rio Blanco County Texas Camp	CO	40.10389	-108.87417	1973										7.4
http://resources.usgin.org/uri-gin/cogs/thermalspring/COHS_83-1/	La Plata County Trimble Hot Springs	CO	37.39083	-107.84778	1920	332	28	37	12	28		611			
http://resources.usgin.org/uri-gin/cogs/thermalspring/COHS_83-1/	La Plata County Trimble Hot Springs	CO	37.39083	-107.84778	1920	332		37	12	28		611	498		
http://resources.usgin.org/uri-gin/cogs/thermalspring/COHS_83-1/	La Plata County Trimble Hot Springs	CO	37.39083	-107.84778	1975	470	41	500	47	69	220	1400			
http://resources.usgin.org/uri-gin/cogs/thermalspring/COHS_83-1/	La Plata County Trimble Hot Springs	CO	37.39083	-107.84778	1975	470		500	47	69	220	1400	988		
http://resources.usgin.org/uri-gin/cogs/thermalspring/COHS_83-1/	La Plata County Trimble Hot Springs	CO	37.39083	-107.84778	1975	510	42	510	47	72	220	1400			
http://resources.usgin.org/uri-gin/cogs/thermalspring/COHS_83-1/	La Plata County Trimble Hot Springs	CO	37.39083	-107.84778	1975	510		510	47	72	220	1400	1090		
http://resources.usgin.org/uri-gin/cogs/thermalspring/COHS_83-1/	La Plata County Trimble Hot Springs	CO	37.39083	-107.84778	1993										6.4
http://resources.usgin.org/uri-gin/cogs/thermalspring/COHS_84-1/	La Plata County Tripp	CO	37.40278	-107.84556	1920	558	42	396	165	97	254	1312			
http://resources.usgin.org/uri-gin/cogs/thermalspring/COHS_84-1/	La Plata County Tripp	CO	37.40278	-107.84556	1920	558		396	165	97	254	1312	1121		
http://resources.usgin.org/uri-gin/cogs/thermalspring/COHS_84-1/	La Plata County Tripp	CO	37.40278	-107.84556	1975	470	41	69	47	69	220	1400			
http://resources.usgin.org/uri-gin/cogs/thermalspring/COHS_84-1/	La Plata County Tripp	CO	37.40278	-107.84556	1975	470		69	47	69	220	1400	988		
http://resources.usgin.org/uri-gin/cogs/thermalspring/COHS_84-1/	La Plata County Tripp	CO	37.40278	-107.84556	1993										6.2
http://resources.usgin.org/uri-gin/cogs/thermalspring/COHS_85-1/	Montezuma County Towaoc Spring	CO	37.18528	-108.72722	1950	78	42	110		19	20	300			
http://resources.usgin.org/uri-gin/cogs/thermalspring/COHS_85-1/	Montezuma County Towaoc Spring	CO	37.18528	-108.72722	1950	78		110		19	20	300	340		
http://resources.usgin.org/uri-gin/cogs/thermalspring/COHS_86-1/	Alamosa County Two Mile Road	CO	37.54639	-105.84806	1981	6.2	0.6	130	3.7						
http://resources.usgin.org/uri-gin/cogs/thermalspring/COHS_86-1/	Alamosa County Two Mile Road	CO	37.54639	-105.84806	1981										7.5
http://resources.usgin.org/uri-gin/cogs/thermalspring/COHS_87-1/	Montrose County Uravan Well	CO	38.37472	-108.73917	1978	22	13	46	22	4.1	18	13			
http://resources.usgin.org/uri-gin/cogs/thermalspring/COHS_87-1/	Montrose County Uravan Well	CO	38.37472	-108.73917	1978	22		46	22	4.1	18	13	230		
http://resources.usgin.org/uri-gin/cogs/thermalspring/COHS_87-1/	Montrose County Uravan Well	CO	38.37472	-108.73917	1978										7.6
http://resources.usgin.org/uri-gin/cogs/thermalspring/COHS_88-1/	Saguache County Valley View Hot Springs	CO	38.19222	-105.81361	1975	50	14	3.7	2.6	20	1.5	95			
http://resources.usgin.org/uri-gin/cogs/thermalspring/COHS_88-1/	Saguache County Valley View Hot Springs	CO	38.19222	-105.81361	1975	50		3.7	2.6	20	1.5	95	124		
http://resources.usgin.org/uri-gin/cogs/thermalspring/COHS_88-1/	Saguache County Valley View Hot Springs	CO	38.19222	-105.81361	1975	51	15	3.5	2.5	21	0.8	96			
http://resources.usgin.org/uri-gin/cogs/thermalspring/COHS_88-1/	Saguache County Valley View Hot Springs	CO	38.19222	-105.81361	1975	51		3.5	2.5	21	0.8	96	120		
http://resources.usgin.org/uri-gin/cogs/thermalspring/COHS_88-1/	Saguache County Valley View Hot Springs	CO	38.19222	-105.81361	1975										6.5
http://resources.usgin.org/uri-gin/cogs/thermalspring/COHS_88-1/	Saguache County Valley View Hot Springs	CO	38.19222	-105.81361	1976	50	14	3.3	2.8	20	0.9	80			
http://resources.usgin.org/uri-gin/cogs/thermalspring/COHS_88-1/	Saguache County Valley View Hot Springs	CO	38.19222	-105.81361	1976	50	14	3.9	2.7	20	1.1	89			
http://resources.usgin.org/uri-gin/cogs/thermalspring/COHS_88-1/	Saguache County Valley View Hot Springs	CO	38.19222	-105.81361	1976	50		3.3	2.8	20	0.9	80	125		
http://resources.usgin.org/uri-gin/cogs/thermalspring/COHS_88-1/	Saguache County Valley View Hot Springs	CO	38.19222	-105.81361	1976	50		3.9	2.7	20	1.1	89	124		
http://resources.usgin.org/uri-gin/cogs/thermalspring/COHS_88-1/	Saguache County Valley View Hot Springs	CO	38.19222	-105.81361	1976										6.8
http://resources.usgin.org/uri-gin/cogs/thermalspring/COHS_88-1/	Saguache County Valley View Hot Springs	CO	38.19222	-105.81361	1976										7.5
http://resources.usgin.org/uri-gin/cogs/thermalspring/COHS_88-1/	Saguache County Valley View Hot Springs	CO	38.19222	-105.81361	1993										7.8
http://resources.usgin.org/uri-gin/cogs/thermalspring/COHS_88-6/	Saguache County Valley View Hot Springs	CO	38.19194	-105.81389	1975	46	14	3.7	2.2	19	2.6	82			
http://resources.usgin.org/uri-gin/cogs/thermalspring/COHS_88-6/	Saguache County Valley View Hot Springs	CO	38.19194	-105.81389	1975	46		3.7	2.2	19	2.6	82	128		
http://resources.usgin.org/uri-gin/cogs/thermalspring/COHS_88-6/	Saguache County Valley View Hot Springs	CO	38.19194	-105.81389	1975	49	12	3.2	2.4	17	1.8	82			
http://resources.usgin.org/uri-gin/cogs/thermalspring/COHS_88-6/	Saguache County Valley View Hot Springs	CO	38.19194	-105.81389	1975	49		3.2	2.4	17	1.8	82	122		
http://resources.usgin.org/uri-gin/cogs/thermalspring/COHS_88-6/	Saguache County Valley View Hot Springs	CO	38.19194	-105.81389	1975										6
http://resources.usgin.org/uri-gin/cogs/thermalspring/COHS_88-6/	Saguache County Valley View Hot Springs	CO	38.19194	-105.81389	1993										8.2
http://resources.usgin.org/uri-gin/cogs/thermalspring/COHS_88-9/	Saguache County Valley View Hot Springs	CO	38.19111	-105.80917	1976	50	13	2.6	2.5	18	0.6	73			
http://resources.usgin.org/uri-gin/cogs/thermalspring/COHS_88-9/	Saguache County Valley View Hot Springs	CO	38.19111	-105.80917	1976	50		2.6	2.5	18	0.6	73	125		
http://resources.usgin.org/uri-gin/cogs/thermalspring/COHS_88-9/	Saguache County Valley View Hot Springs	CO	38.19111	-105.80917	1976	51	13	4.3	2.8	18	2.5	93			
http://resources.usgin.org/uri-gin/cogs/thermalspring/COHS_88-9/	Saguache County Valley View Hot Springs	CO	38.19111	-105.80917	1976	51		4.3	2.8	18	2.5	93	124		
http://resources.usgin.org/uri-gin/cogs/thermalspring/COHS_88-9/	Saguache County Valley View Hot Springs	CO	38.19111	-105.80917	1976										6.5
http://resources.usgin.org/uri-gin/cogs/thermalspring/COHS_88-9/	Saguache County Valley View Hot Springs	CO	38.19111	-105.80917	1976										7.5
http://resources.usgin.org/uri-gin/cogs/thermalspring/COHS_88-9/	Saguache County Valley View Hot Springs	CO	38.19111	-105.80917	1993										7.8
http://resources.usgin.org/uri-gin/cogs/thermalspring/COHS_89-1/	Mineral County Wagon Wheel Gap	CO	37.74861	-106.83111	1974										6.8
http://resources.usgin.org/uri-gin/cogs/thermalspring/COHS_89-1/	Mineral County Wagon Wheel Gap	CO	37.74861	-106.83111	1975	61	15	480	51	81	200	170			
http://resources.usgin.org/uri-gin/cogs/thermalspring/COHS_89-1/	Mineral County Wagon Wheel Gap	CO	37.74861	-106.83111	1975	61		480	51	81	200	170	1040		
http://resources.usgin.org/uri-gin/cogs/thermalspring/COHS_89-1/	Mineral County Wagon Wheel Gap	CO	37.74861	-106.83111	1975										7
http://resources.usgin.org/uri-gin/cogs/thermalspring/COHS_89-1/	Mineral County Wagon Wheel Gap	CO	37.74861	-106.83111	1976	60	14	460	48	90	200	170			
http://resources.usgin.org/uri-gin/cogs/thermalspring/COHS_89-1/	Mineral County Wagon Wheel Gap	CO	37.74861	-106.83111	1976	60		460	48	90	200	170	1010		
http://resources.usgin.org/uri-gin/cogs/thermalspring/COHS_89-1/	Mineral County Wagon Wheel Gap	CO	37.74861	-106.83111	1976	66	15	490	48	84	200	200			
http://resources.usgin.org/uri-gin/cogs/thermalspring/COHS_89-1/	Mineral County Wagon Wheel Gap	CO	37.74861	-106.83111	1976	66		490	48	84	200	200	1020		
http://resources.usgin.org/uri-gin/cogs/thermalspring/COHS_89-1/	Mineral County Wagon Wheel Gap	CO	37.74861	-106.83111	1976										6.7
http://resources.usgin.org/uri-gin/cogs/thermalspring/COHS_89-1/	Mineral County Wagon Wheel Gap	CO	37.74861	-106.83111	1976										7
http://resources.usgin.org/uri-gin/cogs/thermalspring/COHS_89-1/	Mineral County Wagon Wheel Gap	CO	37.74861	-106.83111	1993										6.8
http://resources.usgin.org/uri-gin/cogs/thermalspring/COHS_89-6/	Mineral County Wagon Wheel Gap	CO	37.74833	-106.83056	1975	67	16	450	48	74	200	140			
http://resources.usgin.org/uri-gin/cogs/thermalspring/COHS_89-6/	Mineral County Wagon Wheel Gap	CO	37.74833	-106.83056	1975	67		450	48	74	200	140	1020		
http://resources.usgin.org/uri-gin/cogs/thermalspring/COHS_89-6/	Mineral County Wagon Wheel Gap	CO	37.74833	-106.83056	1975	68	15	460	47	68	200	150			
http://resources.usgin.org/uri-gin/cogs/thermalspring/COHS_89-6/	Mineral County Wagon Wheel Gap	CO	37.74833	-106.83056	1975	68		460	47	68	200	150	1020		
http://resources.usgin.org/uri-gin/cogs/thermalspring/COHS_89-6/	Mineral County Wagon Wheel Gap	CO	37.74833	-106.83056	1975										6.4
http://resources.usgin.org/uri-gin/cogs/thermalspring/COHS_89-6/	Mineral County Wagon Wheel Gap	CO	37.74833	-106.83056	1976	66	15	450	46	88	200	160			
http://resources.usgin.org/uri-gin/cogs/thermalspring/COHS_89-6/	Mineral County Wagon Wheel Gap	CO	37.74833	-106.83056	1976	66		450	46	88	200	160	1020		
http://resources.usgin.org/uri-gin/cogs/thermalspring/COHS_89-6/	Mineral County Wagon Wheel Gap	CO	37.74833	-106.83056	1976	68	15	430	46	67	190	130			
http://resources.usgin.org/uri-gin/cogs/thermalspring/COHS_89-6/	Mineral County Wagon Wheel Gap	CO	37.74833	-106.83056	1976	68		430	46	67	190	130	1030		
http://resources.usgin.org/uri-gin/cogs/thermalspring/COHS_89-6/	Mineral County Wagon Wheel Gap	CO	37.74833	-106.83056	1976										6.4
http://resources.usgin.org/uri-gin/cogs/thermalspring/COHS_89-6/	Mineral County Wagon Wheel Gap	CO	37.74833	-106.83056	1976										6.5
http://resources.usgin.org/uri-gin/cogs/thermalspring/COHS_90-1/	Gunnison County Waunita Hot Springs	CO	38.51389	-106.5075	1974										7.7
http://resources.usgin.org/uri-gin/cogs/thermalspring/COHS_90-1/	Gunnison County Waunita Hot Springs	CO	38.51389	-106.5075	1975	11	0.2	150	10	110	15	180			
http://resources.usgin.org/uri-gin/cogs/thermalspring/COHS_90-1/	Gunnison County Waunita Hot Springs	CO	38.51389	-106.5075	1975	11		150	10	110	15	180	129		
http://resources.usgin.org/uri-gin/cogs/thermalspring/COHS_90-1/	Gunnison County Waunita Hot Springs	CO	38.51389	-106.5075	1975	5.9		160	10	110	15	190	119		
http://resources.usgin.org/uri-gin/cogs/thermalspring/COHS_90-1/	Gunnison County Waunita Hot Springs	CO	38.51389	-106.5075	1975	5.9		160	10	110	15	190			
http://resources.usgin.org/uri-gin/cogs/thermalspring/COHS_90-1/	Gunnison County Waunita Hot Springs	CO	38.51389	-106.5075	1975	6		160	10	130	15	190	132		
http://resources.usgin.org/uri-gin/cogs/thermalspring/COHS_90-1/	Gunnison County Waunita Hot Springs	CO	38.51389	-106.5075	1975	6		160	10	130	15	190			
http://resources.usgin.org/uri-gin/cogs/thermalspring/COHS_90-1/	Gunnison County Waunita Hot Springs	CO	38.51389	-106.5075	1975										8.4
http://resources.usgin.org/uri-gin/cogs/thermalspring/COHS_90-1/	Gunnison County Waunita Hot Springs	CO	38.51389	-106.5075	1976	11	0.3	160	9.8	140	15	190			
http://resources.usgin.org/uri-gin/cogs/thermalspring/COHS_90-1/	Gunnison County Waunita Hot Springs	CO	38.51389	-106.5075	1976	11		160	9.8	140	15	190	119		
http://resources.usgin.org/uri-gin/cogs/thermalspring/COHS_90-1/	Gunnison County Waunita Hot Springs	CO	38.51389	-106.5075	1976	5.8	7.3	150	10	120	16	180			
http://resources.usgin.org/uri-gin/cogs/thermalspring/COHS_90-1/	Gunnison County Waunita Hot Springs	CO	38.51389	-106.5075	1976	5.8		150	10	120	16	180	133		
http://resources.usgin.org/uri-gin/cogs/thermalspring/COHS_90-1/	Gunnison County Waunita Hot Springs	CO	38.51389	-106.5075	1976										7.9
http://resources.usgin.org/uri-gin/cogs/thermalspring/COHS_90-1/	Gunnison County Waunita Hot Springs	CO	38.51389	-106.5075	1976										8.5
http://resources.usgin.org/uri-gin/cogs/thermalspring/COHS_90-1/	Gunnison County Waunita Hot Springs	CO	38.51389	-106.5075	1993	6.28		155.45	9.3	129.58	31	180	131		
http://resources.usgin.org/uri-gin/cogs/thermalspring/COHS_90-1/	Gunnison County Waunita Hot Springs	CO	38.51389	-106.5075	1993	6.28		155.45	9.3	129.58	31	180			
http://resources.usgin.org/uri-gin/cogs/thermalspring/COHS_90-1/	Gunnison County Waunita Hot Springs	CO	38.51389	-106.5075	1993										8.3
http://resources.usgin.org/uri-gin/cogs/thermalspring/COHS_90-1/	Gunnison County Waunita Hot Springs	CO	38.51389	-106.5075	1993										8.3
http://resources.usgin.org/uri-gin/cogs/thermalspring/COHS_91-1/	Gunnison County Lower Waunita Hot Springs	CO	38.51583	-106.51556	1975	7.8	0.7	150	9.9	88	15	180			
http://resources.usgin.org/uri-gin/cogs/thermalspring/COHS_91-1/	Gunnison County Lower Waunita Hot Springs	CO	38.51583	-106.51556	1975	7.8		150	9.9	88	15	180	152		
http://resources.usgin.org/uri-gin/cogs/thermalspring/COHS_91-1/	Gunnison County Lower Waunita Hot Springs	CO	38.51583	-106.51556	1975	8.6	0.4	160	10	77	16	180			
http://resources.usgin.org/uri-gin/cogs/thermalspring/COHS_91-1/	Gunnison County Lower Waunita Hot Springs	CO	38.51583	-106.51556	1975	8.6		160	10	77	16	180	165		
http://resources.usgin.org/uri-gin/cogs/thermalspring/COHS_91-1/	Gunnison County Lower Waunita Hot Springs	CO	38.51583	-106.51556	1975										8
http://resources.usgin.org/uri-gin/cogs/thermalspring/COHS_91-1/	Gunnison County Lower Waunita Hot Springs	CO	38.51583	-106.51556	1976	8.5	1	150	10	86	15	160			
http://resources.usgin.org/uri-gin/cogs/thermalspring/COHS_91-1/	Gunnison County Lower Waunita Hot Springs	CO	38.51583	-106.51556	1976	8.5		150	10	86	15	160	165		
http://resources.usgin.org/uri-gin/cogs/thermalspring/COHS_91-1/	Gunnison County Lower Waunita Hot Springs	CO	38.51583	-106.51556	1976										7.7
http://resources.usgin.org/uri-gin/cogs/thermalspring/COHS_91-1/	Gunnison County Lower Waunita Hot Springs	CO	38.51583	-106.51556	1993										7.8
http://resources.usgin.org/uri-gin/cogs/thermalspring/COHS_91-1/	Gunnison County Lower Waunita Hot Springs	CO	38.51583	-106.51556	1993										7.9
http://resources.usgin.org/uri-gin/cogs/thermalspring/COHS_91-9/	Gunnison County Lower Waunita Hot Springs	CO	38.51639	-106.51667	1975	6.9	0.5	150	10	86	15	170			
http://resources.usgin.org/uri-gin/cogs/thermalspring/COHS_91-9/	Gunnison County Lower Waunita Hot Springs	CO	38.51639	-106.51667	1975	6.9		150	10	86	15	170	153		
http://resources.usgin.org/uri-gin/cogs/thermalspring/COHS_91-9/	Gunnison County Lower Waunita Hot Springs	CO	38.51639	-106.51667	1993										7.8
http://resources.usgin.org/uri-gin/cogs/thermalspring/COHS_92-1/	Fremont County Wellsville	CO	38.48611	-105.9125	1920	12	2.7	150	3.5	10.5	20	182			
http://resources.usgin.org/uri-gin/cogs/thermalspring/COHS_92-1/	Fremont County Wellsville	CO	38.48611	-105.9125	1920	12		150	3.5	10.5	20	182	162		
http://resources.usgin.org/uri-gin/cogs/thermalspring/COHS_92-1/	Fremont County Wellsville	CO	38.48611	-105.9125	1974										7
http://resources.usgin.org/uri-gin/cogs/thermalspring/COHS_92-1/	Fremont County Wellsville	CO	38.48611	-105.9125	1975	76	27	50	6.1	30	62	72			
http://resources.usgin.org/uri-gin/cogs/thermalspring/COHS_92-1/	Fremont County Wellsville	CO	38.48611	-105.9125	1975	76		50	6.1	30	62	72	322		
http://resources.usgin.org/uri-gin/cogs/thermalspring/COHS_92-1/	Fremont County Wellsville	CO	38.48611	-105.9125	1975	79	24	51	6.2	32	61	65			
http://resources.usgin.org/uri-gin/cogs/thermalspring/COHS_92-1/	Fremont County Wellsville	CO	38.48611	-105.9125	1975	79		51	6.2	32	61	65	304		
http://resources.usgin.org/uri-gin/cogs/thermalspring/COHS_92-1/	Fremont County Wellsville	CO	38.48611	-105.9125	1975										7
http://resources.usgin.org/uri-gin/cogs/thermalspring/COHS_92-1/	Fremont County Wellsville	CO	38.48611	-105.9125	1976	76	26	52	6.3	31	62	65			
http://resources.usgin.org/uri-gin/cogs/thermalspring/COHS_92-1/	Fremont County Wellsville	CO	38.48611	-105.9125	1976	76		52	6.3	31	62	65	328		
http://resources.usgin.org/uri-gin/cogs/thermalspring/COHS_92-1/	Fremont County Wellsville	CO	38.48611	-105.9125	1976	81	25	49	6.3	31	63	63			
http://resources.usgin.org/uri-gin/cogs/thermalspring/COHS_92-1/	Fremont County Wellsville	CO	38.48611	-105.9125	1976	81		49	6.3	31	63	63	328		
http://resources.usgin.org/uri-gin/cogs/thermalspring/COHS_92-1/	Fremont County Wellsville	CO	38.48611	-105.9125	1976										7.1
http://resources.usgin.org/uri-gin/cogs/thermalspring/COHS_92-1/	Fremont County Wellsville	CO	38.48611	-105.9125	1976										7.2
http://resources.usgin.org/uri-gin/cogs/thermalspring/COHS_92-1/	Fremont County Wellsville	CO	38.48611	-105.9125	1993										7.3
http://resources.usgin.org/uri-gin/cogs/thermalspring/COHS_93-1/	Las Animas County Wet Canyon	CO	37.23472	-104.89194	1981	99	23	52	2.2	11	12	200			
http://resources.usgin.org/uri-gin/cogs/thermalspring/COHS_93-1/	Las Animas County Wet Canyon	CO	37.23472	-104.89194	1981	99		52	2.2	11	12	200			
http://resources.usgin.org/uri-gin/cogs/thermalspring/COHS_93-1/	Las Animas County Wet Canyon	CO	37.23472	-104.89194	1981										8.2
http://resources.usgin.org/uri-gin/nbmg/thermalspring/NBMG: 1011/	King Spring / Point of Rocks Spring / Indian Rock Spring	NV	36.40136	-116.27287	1963	48	21	67	7	22	21	76			
http://resources.usgin.org/uri-gin/nbmg/thermalspring/NBMG: 1011/	King Spring / Point of Rocks Spring / Indian Rock Spring	NV	36.40136	-116.27287	1963	48		67	7	22	21	76	304	-9999999	
http://resources.usgin.org/uri-gin/nbmg/thermalspring/NBMG: 1027/	Crystal Springs	NV	37.53143	-115.23365	1950	52	24			35	11	86			
http://resources.usgin.org/uri-gin/nbmg/thermalspring/NBMG: 1027/	Crystal Springs	NV	37.53143	-115.23365	1950	52				35	11	86	272	-9999999	
http://resources.usgin.org/uri-gin/nbmg/thermalspring/NBMG: 1053/	Indian Rock Spring / Point of Rocks Spring / King Spring	NV	36.40008	-116.27147	1966	46	21	68	7.4	22	21	78			
http://resources.usgin.org/uri-gin/nbmg/thermalspring/NBMG: 1053/	Indian Rock Spring / Point of Rocks Spring / King Spring	NV	36.40008	-116.27147	1966	46		68	7.4	22	21	78	304	1.5	
http://resources.usgin.org/uri-gin/nbmg/thermalspring/NBMG: 1086/	Orifice 30 - Leach Hot Springs / Nelson Hot Springs / Guthrie Hot Springs / Pleasant Valley Hot Springs	NV	40.59771	-117.6528		3		181	11	175	30			0.052	
http://resources.usgin.org/uri-gin/nbmg/thermalspring/NBMG: 1086/	Orifice 30 - Leach Hot Springs / Nelson Hot Springs / Guthrie Hot Springs / Pleasant Valley Hot Springs	NV	40.59771	-117.6528		3		181	11	175	30				
http://resources.usgin.org/uri-gin/nbmg/thermalspring/NBMG: 1101/	Soda Springs / Sodaville Springs	NV	38.34166	-118.10435	1962	44	4	295	17	43	69	574			
http://resources.usgin.org/uri-gin/nbmg/thermalspring/NBMG: 1101/	Soda Springs / Sodaville Springs	NV	38.34166	-118.10435	1962	44		295	17	43	69	574	124	0.2	
http://resources.usgin.org/uri-gin/nbmg/thermalspring/NBMG: 1150/	Moorman Spring / Morman Spring	NV	38.59452	-115.13915	1970	63	22				9	46			
http://resources.usgin.org/uri-gin/nbmg/thermalspring/NBMG: 1150/	Moorman Spring / Morman Spring	NV	38.59452	-115.13915	1970	63					9	46	290		
http://resources.usgin.org/uri-gin/nbmg/thermalspring/NBMG: 1161/	Spencer Hot Springs	NV	39.32993	-116.85792	1973	57	18			34	28	52			
http://resources.usgin.org/uri-gin/nbmg/thermalspring/NBMG: 1161/	Spencer Hot Springs	NV	39.32993	-116.85792	1973	57				34	28	52	646	0.2	
http://resources.usgin.org/uri-gin/nbmg/thermalspring/NBMG: 1170/	Gambles Hole Spring 	NV	41.88492	-114.11752	1972	31	8.9			32	3.2	15			
http://resources.usgin.org/uri-gin/nbmg/thermalspring/NBMG: 1170/	Gambles Hole Spring 	NV	41.88492	-114.11752	1972	31				32	3.2	15	147	0.06	
http://resources.usgin.org/uri-gin/nbmg/thermalspring/NBMG: 1212/	Hot Spring 33 - Steamboat Hot Springs / Reno Hot Springs / Mount Rose Hot Springs / Radium Hot Springs	NV	39.38324	-119.73435				574	45		672	107			
http://resources.usgin.org/uri-gin/nbmg/thermalspring/NBMG: 1212/	Hot Spring 33 - Steamboat Hot Springs / Reno Hot Springs / Mount Rose Hot Springs / Radium Hot Springs	NV	39.38324	-119.73435				574	45		672	107			
http://resources.usgin.org/uri-gin/nbmg/thermalspring/NBMG: 1228/	Carson Hot Springs / Shaws Hot Springs / Swifts Hot Springs	NV	39.19158	-119.75268		11	2.7	86		44	28	63			
http://resources.usgin.org/uri-gin/nbmg/thermalspring/NBMG: 1228/	Carson Hot Springs / Shaws Hot Springs / Swifts Hot Springs	NV	39.19158	-119.75268		11		86		44	28	63	147	0.21	
http://resources.usgin.org/uri-gin/nbmg/thermalspring/NBMG: 1234/	Hot Well - Moana Hot Springs	NV	39.48593	-119.80174		38	10			27	32	225			
http://resources.usgin.org/uri-gin/nbmg/thermalspring/NBMG: 1234/	Hot Well - Moana Hot Springs	NV	39.48593	-119.80174		38				27	32	225	139	-8888888	
http://resources.usgin.org/uri-gin/nbmg/thermalspring/NBMG: 1247/	Zolezzi Springs Well / Eccles Well	NV	39.41971	-119.75962	1948	72	18			23	82	10			
http://resources.usgin.org/uri-gin/nbmg/thermalspring/NBMG: 1247/	Zolezzi Springs Well / Eccles Well	NV	39.41971	-119.75962	1948	72				23	82	10	461		
http://resources.usgin.org/uri-gin/nbmg/thermalspring/NBMG: 1273/	Hot Spring - Humboldt Wells	NV	41.18203	-114.99105	2008	63.3607359741974	30.0071214997627	285.235480924001	31.9	103.758847824539	22.02	30.8			
http://resources.usgin.org/uri-gin/nbmg/thermalspring/NBMG: 1273/	Hot Spring - Humboldt Wells	NV	41.18203	-114.99105	2008	63.3607359741974		285.235480924001	31.9	103.758847824539	22.02	30.8	909.6	6.53	
http://resources.usgin.org/uri-gin/nbmg/thermalspring/NBMG: 1296/	Henry Filippini Well - Hot Springs Ranch	NV	40.19612	-117.10914	1957	64	-8888888			55	23	74			
http://resources.usgin.org/uri-gin/nbmg/thermalspring/NBMG: 1296/	Henry Filippini Well - Hot Springs Ranch	NV	40.19612	-117.10914	1957	64				55	23	74	468	-8888888	
http://resources.usgin.org/uri-gin/nbmg/thermalspring/NBMG: 1296/	Henry Filippini Well - Hot Springs Ranch	NV	40.19612	-117.10914	1972	65	10			41	24	63			
http://resources.usgin.org/uri-gin/nbmg/thermalspring/NBMG: 1296/	Henry Filippini Well - Hot Springs Ranch	NV	40.19612	-117.10914	1972	65				41	24	63	447	-8888888	
http://resources.usgin.org/uri-gin/nbmg/thermalspring/NBMG: 1339/	Buffalo Valley Hot Springs	NV	40.36892	-117.32705	1958	30	-8888888			117	34	109			
http://resources.usgin.org/uri-gin/nbmg/thermalspring/NBMG: 1339/	Buffalo Valley Hot Springs	NV	40.36892	-117.32705	1958	30				117	34	109	761	-8888888	
http://resources.usgin.org/uri-gin/nbmg/thermalspring/NBMG: 13839/	NDOT Well - Spring Mountains	NV	36.26857	-115.59474	1978	62	14	1.4	0.5	5.7	1.7	12			
http://resources.usgin.org/uri-gin/nbmg/thermalspring/NBMG: 13839/	NDOT Well - Spring Mountains	NV	36.26857	-115.59474	1978	62		1.4	0.5	5.7	1.7	12		0.2	
http://resources.usgin.org/uri-gin/nbmg/thermalspring/NBMG: 1423/	Spring 1 - Rawhide Hot Springs / Wedell Springs	NV	38.91902	-118.19626	1957	16	-9999999	262			78	315			
http://resources.usgin.org/uri-gin/nbmg/thermalspring/NBMG: 1423/	Spring 1 - Rawhide Hot Springs / Wedell Springs	NV	38.91902	-118.19626	1957	16		262			78	315	210		
http://resources.usgin.org/uri-gin/nbmg/thermalspring/NBMG: 1445/	Buffalo Valley Hot Springs	NV	40.36773	-117.32665	1964			272			25				
http://resources.usgin.org/uri-gin/nbmg/thermalspring/NBMG: 1445/	Buffalo Valley Hot Springs	NV	40.36773	-117.32665	1964			272			25				
http://resources.usgin.org/uri-gin/nbmg/thermalspring/NBMG: 1450/	Buffalo Valley Hot Springs	NV	40.36792	-117.32548	1963	28		277	27	81	26			-0.25	
http://resources.usgin.org/uri-gin/nbmg/thermalspring/NBMG: 1450/	Buffalo Valley Hot Springs	NV	40.36792	-117.32548	1963	28		277	27	81	26				
http://resources.usgin.org/uri-gin/nbmg/thermalspring/NBMG: 1450/	Buffalo Valley Hot Springs	NV	40.36792	-117.32548		20		280	36	84	25			-0.1	
http://resources.usgin.org/uri-gin/nbmg/thermalspring/NBMG: 1450/	Buffalo Valley Hot Springs	NV	40.36792	-117.32548		20		280	36	84	25				
http://resources.usgin.org/uri-gin/nbmg/thermalspring/NBMG: 1462/	Hot Spring 4 - Steamboat Hot Springs / Reno Hot Springs / Mount Rose Hot Springs / Radium Hot Springs	NV	39.38324	-119.73435	1977	6.43	0.26	702	65.5	218.178					
http://resources.usgin.org/uri-gin/nbmg/thermalspring/NBMG: 1462/	Hot Spring 4 - Steamboat Hot Springs / Reno Hot Springs / Mount Rose Hot Springs / Radium Hot Springs	NV	39.38324	-119.73435	1977	6.43		702	65.5	218.178				-0.02	
http://resources.usgin.org/uri-gin/nbmg/thermalspring/NBMG: 1472/	Buffalo Valley Hot Springs	NV	40.36807	-117.32675	1959			275			24				
http://resources.usgin.org/uri-gin/nbmg/thermalspring/NBMG: 1472/	Buffalo Valley Hot Springs	NV	40.36807	-117.32675	1959			275			24				
http://resources.usgin.org/uri-gin/nbmg/thermalspring/NBMG: 1483/	Hot Spring 10 - Steamboat Hot Springs / Reno Hot Springs / Mount Rose Hot Springs / Radium Hot Springs	NV	39.38324	-119.73435	1961			637	68		860	146			
http://resources.usgin.org/uri-gin/nbmg/thermalspring/NBMG: 1483/	Hot Spring 10 - Steamboat Hot Springs / Reno Hot Springs / Mount Rose Hot Springs / Radium Hot Springs	NV	39.38324	-119.73435	1961			637	68		860	146			
http://resources.usgin.org/uri-gin/nbmg/thermalspring/NBMG: 1492/	Kyle Hot Springs	NV	40.4068	-117.88427	1953	96	20			53	770	59			
http://resources.usgin.org/uri-gin/nbmg/thermalspring/NBMG: 1492/	Kyle Hot Springs	NV	40.4068	-117.88427	1953	96				53	770	59	512	-8888888	
http://resources.usgin.org/uri-gin/nbmg/thermalspring/NBMG: 1493/	Hot Spring 3 - Steamboat Hot Springs / Reno Hot Springs / Mount Rose Hot Springs / Radium Hot Springs	NV	39.38324	-119.73435	1959			674	71		914	134			
http://resources.usgin.org/uri-gin/nbmg/thermalspring/NBMG: 1493/	Hot Spring 3 - Steamboat Hot Springs / Reno Hot Springs / Mount Rose Hot Springs / Radium Hot Springs	NV	39.38324	-119.73435	1959			674	71		914	134			
http://resources.usgin.org/uri-gin/nbmg/thermalspring/NBMG: 1495/	Hot Spring 21 - Steamboat Hot Springs / Reno Hot Springs / Mount Rose Hot Springs / Radium Hot Springs	NV	39.38324	-119.73435	1977	3.88	-0.2	658	76.4	282.348					
http://resources.usgin.org/uri-gin/nbmg/thermalspring/NBMG: 1495/	Hot Spring 21 - Steamboat Hot Springs / Reno Hot Springs / Mount Rose Hot Springs / Radium Hot Springs	NV	39.38324	-119.73435	1977	3.88		658	76.4	282.348				-0.02	
http://resources.usgin.org/uri-gin/nbmg/thermalspring/NBMG: 1495/	Hot Spring 21-W - Steamboat Hot Springs / Reno Hot Springs / Mount Rose Hot Springs / Radium Hot Springs	NV	39.38324	-119.73435		6	-8888888	744	77	343	978	127			
http://resources.usgin.org/uri-gin/nbmg/thermalspring/NBMG: 1495/	Hot Spring 21-W - Steamboat Hot Springs / Reno Hot Springs / Mount Rose Hot Springs / Radium Hot Springs	NV	39.38324	-119.73435		6		744	77	343	978	127	248	-88888	
http://resources.usgin.org/uri-gin/nbmg/thermalspring/NBMG: 1523/	Orifice 25 - Leach Hot Springs / Nelson Hot Springs / Guthrie Hot Springs / Pleasant Valley Hot Springs	NV	40.6036	-117.64916	1977	7		164	9	99	27			0.055	
http://resources.usgin.org/uri-gin/nbmg/thermalspring/NBMG: 1523/	Orifice 25 - Leach Hot Springs / Nelson Hot Springs / Guthrie Hot Springs / Pleasant Valley Hot Springs	NV	40.6036	-117.64916	1977	7		164	9	99	27				
http://resources.usgin.org/uri-gin/nbmg/thermalspring/NBMG: 1523/	Orifice 25 - Leach Hot Springs / Nelson Hot Springs / Guthrie Hot Springs / Pleasant Valley Hot Springs	NV	40.6036	-117.64916	1978						27				
http://resources.usgin.org/uri-gin/nbmg/thermalspring/NBMG: 1523/	Orifice 25 - Leach Hot Springs / Nelson Hot Springs / Guthrie Hot Springs / Pleasant Valley Hot Springs	NV	40.6036	-117.64916	1978						27				
http://resources.usgin.org/uri-gin/nbmg/thermalspring/NBMG: 1523/	Orifice 25 - Leach Hot Springs / Nelson Hot Springs / Guthrie Hot Springs / Pleasant Valley Hot Springs	NV	40.6036	-117.64916	1978						27				
http://resources.usgin.org/uri-gin/nbmg/thermalspring/NBMG: 1523/	Orifice 25 - Leach Hot Springs / Nelson Hot Springs / Guthrie Hot Springs / Pleasant Valley Hot Springs	NV	40.6036	-117.64916	1978						27				
http://resources.usgin.org/uri-gin/nbmg/thermalspring/NBMG: 1523/	Orifice 25 - Leach Hot Springs / Nelson Hot Springs / Guthrie Hot Springs / Pleasant Valley Hot Springs	NV	40.6036	-117.64916	1978						28				
http://resources.usgin.org/uri-gin/nbmg/thermalspring/NBMG: 1523/	Orifice 25 - Leach Hot Springs / Nelson Hot Springs / Guthrie Hot Springs / Pleasant Valley Hot Springs	NV	40.6036	-117.64916	1978						28				
http://resources.usgin.org/uri-gin/nbmg/thermalspring/NBMG: 1523/	Orifice 25 - Leach Hot Springs / Nelson Hot Springs / Guthrie Hot Springs / Pleasant Valley Hot Springs	NV	40.6036	-117.64916		1.5	-8888888	193		52	33	204			
http://resources.usgin.org/uri-gin/nbmg/thermalspring/NBMG: 1523/	Orifice 25 - Leach Hot Springs / Nelson Hot Springs / Guthrie Hot Springs / Pleasant Valley Hot Springs	NV	40.6036	-117.64916		1.5		193		52	33	204	233		
http://resources.usgin.org/uri-gin/nbmg/thermalspring/NBMG: 1523/	Orifice 25 - Leach Hot Springs / Nelson Hot Springs / Guthrie Hot Springs / Pleasant Valley Hot Springs	NV	40.6036	-117.64916		10		154	8	89	26			-0.075	
http://resources.usgin.org/uri-gin/nbmg/thermalspring/NBMG: 1523/	Orifice 25 - Leach Hot Springs / Nelson Hot Springs / Guthrie Hot Springs / Pleasant Valley Hot Springs	NV	40.6036	-117.64916		10		154	8	89	26				
http://resources.usgin.org/uri-gin/nbmg/thermalspring/NBMG: 1533/	Hot Spring 2 - Steamboat Hot Springs / Reno Hot Springs / Mount Rose Hot Springs / Radium Hot Springs 	NV	39.38324	-119.73435	1959			663	69		906	136			
http://resources.usgin.org/uri-gin/nbmg/thermalspring/NBMG: 1533/	Hot Spring 2 - Steamboat Hot Springs / Reno Hot Springs / Mount Rose Hot Springs / Radium Hot Springs 	NV	39.38324	-119.73435	1959			663	69		906	136			
http://resources.usgin.org/uri-gin/nbmg/thermalspring/NBMG: 1534/	The Geysers - Beowawe Geysers / Beowawe Hot Springs	NV	40.56161	-116.58892		2	-9999999	239	33	449	47	97			
http://resources.usgin.org/uri-gin/nbmg/thermalspring/NBMG: 1534/	The Geysers - Beowawe Geysers / Beowawe Hot Springs	NV	40.56161	-116.58892		2		239	33	449	47	97	129	-88888	
http://resources.usgin.org/uri-gin/nbmg/thermalspring/NBMG: 1549/	Acidic Spring - Beowawe Geysers / Beowawe Hot Springs	NV	40.55658	-116.58759	1972	3		250	31	300	42			0.67	
http://resources.usgin.org/uri-gin/nbmg/thermalspring/NBMG: 1549/	Acidic Spring - Beowawe Geysers / Beowawe Hot Springs	NV	40.55658	-116.58759	1972	3		250	31	300	42				
http://resources.usgin.org/uri-gin/nbmg/thermalspring/NBMG: 1560/	Hot Spring - Baltazor Hot Springs / Baltazar Hot Springs / Continental Hot Springs	NV	41.9214	-118.71011	1975	14	0.2	180	8.6	130	48	220			
http://resources.usgin.org/uri-gin/nbmg/thermalspring/NBMG: 1560/	Hot Spring - Baltazor Hot Springs / Baltazar Hot Springs / Continental Hot Springs	NV	41.9214	-118.71011	1975	14		180	8.6	130	48	220	163	6.6	
http://resources.usgin.org/uri-gin/nbmg/thermalspring/NBMG: 1612/	Hot Spring 25 - Steamboat Hot Springs / Reno Hot Springs / Mount Rose Hot Springs / Radium Hot Springs	NV	39.38324	-119.73435				662	65		890	121			
http://resources.usgin.org/uri-gin/nbmg/thermalspring/NBMG: 1612/	Hot Spring 25 - Steamboat Hot Springs / Reno Hot Springs / Mount Rose Hot Springs / Radium Hot Springs	NV	39.38324	-119.73435				662	65		890	121			
http://resources.usgin.org/uri-gin/nbmg/thermalspring/NBMG: 1649/	Hot Spring - Steamboat Hot Springs / Reno Hot Springs / Mount Rose Hot Springs / Radium Hot Springs	NV	39.38824	-119.74435	1967	53	3				490	26			
http://resources.usgin.org/uri-gin/nbmg/thermalspring/NBMG: 1649/	Hot Spring - Steamboat Hot Springs / Reno Hot Springs / Mount Rose Hot Springs / Radium Hot Springs	NV	39.38824	-119.74435	1967	53					490	26	337	3.5	
http://resources.usgin.org/uri-gin/nbmg/thermalspring/NBMG: 1660/	Orifice 11 - Leach Hot Springs / Nelson Hot Springs / Guthrie Hot Springs / Pleasant Valley Hot Springs	NV	40.60339	-117.64926	1978						27				
http://resources.usgin.org/uri-gin/nbmg/thermalspring/NBMG: 1660/	Orifice 11 - Leach Hot Springs / Nelson Hot Springs / Guthrie Hot Springs / Pleasant Valley Hot Springs	NV	40.60339	-117.64926	1978						27				
http://resources.usgin.org/uri-gin/nbmg/thermalspring/NBMG: 1671/	Hot Spring 26 - Steamboat Hot Springs / Reno Hot Springs / Mount Rose Hot Springs / Radium Hot Springs	NV	39.38324	-119.73435	1977	22.3	0.58	632	68.7	260.958					
http://resources.usgin.org/uri-gin/nbmg/thermalspring/NBMG: 1671/	Hot Spring 26 - Steamboat Hot Springs / Reno Hot Springs / Mount Rose Hot Springs / Radium Hot Springs	NV	39.38324	-119.73435	1977	22.3		632	68.7	260.958				-0.02	
http://resources.usgin.org/uri-gin/nbmg/thermalspring/NBMG: 1673/	Hot Spring 23 - Steamboat Hot Springs / Reno Hot Springs / Mount Rose Hot Springs / Radium Hot Springs	NV	39.38324	-119.73435	1977	13.4	0.31	693	73.4	312.294					
http://resources.usgin.org/uri-gin/nbmg/thermalspring/NBMG: 1673/	Hot Spring 23 - Steamboat Hot Springs / Reno Hot Springs / Mount Rose Hot Springs / Radium Hot Springs	NV	39.38324	-119.73435	1977	13.4		693	73.4	312.294				-0.02	
http://resources.usgin.org/uri-gin/nbmg/thermalspring/NBMG: 1678/	Hot Spring 27 - Steamboat Hot Springs / Reno Hot Springs / Mount Rose Hot Springs / Radium Hot Springs	NV	39.38321	-119.73432	1977	22.9	0.36	677	69.9	250.263					
http://resources.usgin.org/uri-gin/nbmg/thermalspring/NBMG: 1678/	Hot Spring 27 - Steamboat Hot Springs / Reno Hot Springs / Mount Rose Hot Springs / Radium Hot Springs	NV	39.38321	-119.73432	1977	22.9		677	69.9	250.263				-0.02	
http://resources.usgin.org/uri-gin/nbmg/thermalspring/NBMG: 1692/	Orifice 15 - Leach Hot Springs / Nelson Hot Springs / Guthrie Hot Springs / Pleasant Valley Hot Springs	NV	40.60385	-117.64956	1959	7		89	7	183	14			-0.025	
http://resources.usgin.org/uri-gin/nbmg/thermalspring/NBMG: 1692/	Orifice 15 - Leach Hot Springs / Nelson Hot Springs / Guthrie Hot Springs / Pleasant Valley Hot Springs	NV	40.60385	-117.64956	1959	7		89	7	183	14				
http://resources.usgin.org/uri-gin/nbmg/thermalspring/NBMG: 1692/	Orifice 15 - Leach Hot Springs / Nelson Hot Springs / Guthrie Hot Springs / Pleasant Valley Hot Springs	NV	40.60385	-117.64956	1967	8		80	4		12			0.95	
http://resources.usgin.org/uri-gin/nbmg/thermalspring/NBMG: 1692/	Orifice 15 - Leach Hot Springs / Nelson Hot Springs / Guthrie Hot Springs / Pleasant Valley Hot Springs	NV	40.60385	-117.64956	1967	8		80	4		12				
http://resources.usgin.org/uri-gin/nbmg/thermalspring/NBMG: 1692/	Orifice 12 - Leach Hot Springs / Nelson Hot Springs / Guthrie Hot Springs / Pleasant Valley Hot Springs	NV	40.60385	-117.64956	1978						32				
http://resources.usgin.org/uri-gin/nbmg/thermalspring/NBMG: 1692/	Orifice 12 - Leach Hot Springs / Nelson Hot Springs / Guthrie Hot Springs / Pleasant Valley Hot Springs	NV	40.60385	-117.64956	1978						32				
http://resources.usgin.org/uri-gin/nbmg/thermalspring/NBMG: 1692/	Orifice 15 - Leach Hot Springs / Nelson Hot Springs / Guthrie Hot Springs / Pleasant Valley Hot Springs	NV	40.60385	-117.64956	1978						10				
http://resources.usgin.org/uri-gin/nbmg/thermalspring/NBMG: 1692/	Orifice 15 - Leach Hot Springs / Nelson Hot Springs / Guthrie Hot Springs / Pleasant Valley Hot Springs	NV	40.60385	-117.64956	1978						10				
http://resources.usgin.org/uri-gin/nbmg/thermalspring/NBMG: 17244/	USGS Well - Leach Hot Springs	NV	40.61311	-117.64652	1986					38	29			7.9	
http://resources.usgin.org/uri-gin/nbmg/thermalspring/NBMG: 17244/	USGS Well - Leach Hot Springs	NV	40.61311	-117.64652	1986					38	29				
http://resources.usgin.org/uri-gin/nbmg/thermalspring/NBMG: 1750/	Magma Power Geothermal Well Darrough 1 - Darroughs Hot Springs	NV	38.82328	-117.18528	1966					106	14	48			
http://resources.usgin.org/uri-gin/nbmg/thermalspring/NBMG: 1750/	Magma Power Geothermal Well Darrough 1 - Darroughs Hot Springs	NV	38.82328	-117.18528	1966					106	14	48			
http://resources.usgin.org/uri-gin/nbmg/thermalspring/NBMG: 1798/	The Geysers (main) - Beowawe Geysers / Beowawe Hot Springs	NV	40.56237	-116.58552	1951		-9999999				70				
http://resources.usgin.org/uri-gin/nbmg/thermalspring/NBMG: 1798/	The Geysers (main) - Beowawe Geysers / Beowawe Hot Springs	NV	40.56237	-116.58552	1951						70		512	-8888888	
http://resources.usgin.org/uri-gin/nbmg/thermalspring/NBMG: 1802/	Hot Spring 50 - Steamboat Hot Springs / Reno Hot Springs / Mount Rose Hot Springs / Radium Hot Springs	NV	39.38324	-119.73435	1977	24.1	1.64	571	58.6	183.954					
http://resources.usgin.org/uri-gin/nbmg/thermalspring/NBMG: 1802/	Hot Spring 50 - Steamboat Hot Springs / Reno Hot Springs / Mount Rose Hot Springs / Radium Hot Springs	NV	39.38324	-119.73435	1977	24.1		571	58.6	183.954				0.0479	
http://resources.usgin.org/uri-gin/nbmg/thermalspring/NBMG: 1803/	Hot Spring 5 - Steamboat Hot Springs / Reno Hot Springs / Mount Rose Hot Springs / Radium Hot Springs	NV	39.38324	-119.73435	1977	10.3	0.53	673	74.6	280.209					
http://resources.usgin.org/uri-gin/nbmg/thermalspring/NBMG: 1803/	Hot Spring 5 - Steamboat Hot Springs / Reno Hot Springs / Mount Rose Hot Springs / Radium Hot Springs	NV	39.38324	-119.73435	1977	10.3		673	74.6	280.209				-0.02	
http://resources.usgin.org/uri-gin/nbmg/thermalspring/NBMG: 1803/	Hot Spring 5 - Steamboat Hot Springs / Reno Hot Springs / Mount Rose Hot Springs / Radium Hot Springs	NV	39.38324	-119.73435				692	71		944	130			
http://resources.usgin.org/uri-gin/nbmg/thermalspring/NBMG: 1803/	Hot Spring 5 - Steamboat Hot Springs / Reno Hot Springs / Mount Rose Hot Springs / Radium Hot Springs	NV	39.38324	-119.73435				692	71		944	130			
http://resources.usgin.org/uri-gin/nbmg/thermalspring/NBMG: 1805/	Hot Spring 8 - Steamboat Hot Springs / Reno Hot Springs / Mount Rose Hot Springs / Radium Hot Springs	NV	39.38324	-119.73435	1976	6.8	0.28	682	103	311	952	125			
http://resources.usgin.org/uri-gin/nbmg/thermalspring/NBMG: 1805/	Hot Spring 8 - Steamboat Hot Springs / Reno Hot Springs / Mount Rose Hot Springs / Radium Hot Springs	NV	39.38324	-119.73435	1976	6.8		682	103	311	952	125	246	0.14	
http://resources.usgin.org/uri-gin/nbmg/thermalspring/NBMG: 1805/	Hot Spring 8 - Steamboat Hot Springs / Reno Hot Springs / Mount Rose Hot Springs / Radium Hot Springs	NV	39.38324	-119.73435	1977	10.3	0.29	636	70.2	267.375					
http://resources.usgin.org/uri-gin/nbmg/thermalspring/NBMG: 1805/	Hot Spring 8 - Steamboat Hot Springs / Reno Hot Springs / Mount Rose Hot Springs / Radium Hot Springs	NV	39.38324	-119.73435	1977	10.3		636	70.2	267.375				-0.02	
http://resources.usgin.org/uri-gin/nbmg/thermalspring/NBMG: 1805/	Hot Spring 8 - Steamboat Hot Springs / Reno Hot Springs / Mount Rose Hot Springs / Radium Hot Springs	NV	39.38324	-119.73435	1977	41.3	18.4	14.2	5.44	69.0897					
http://resources.usgin.org/uri-gin/nbmg/thermalspring/NBMG: 1805/	Hot Spring 8 - Steamboat Hot Springs / Reno Hot Springs / Mount Rose Hot Springs / Radium Hot Springs	NV	39.38324	-119.73435	1977	41.3		14.2	5.44	69.0897				-0.02	
http://resources.usgin.org/uri-gin/nbmg/thermalspring/NBMG: 1805/	Hot Spring 8 - Steamboat Hot Springs / Reno Hot Springs / Mount Rose Hot Springs / Radium Hot Springs	NV	39.38324	-119.73435	1977	8.31	0.31	626	72.6	275.931					
http://resources.usgin.org/uri-gin/nbmg/thermalspring/NBMG: 1805/	Hot Spring 8 - Steamboat Hot Springs / Reno Hot Springs / Mount Rose Hot Springs / Radium Hot Springs	NV	39.38324	-119.73435	1977	8.31		626	72.6	275.931				-0.02	
http://resources.usgin.org/uri-gin/nbmg/thermalspring/NBMG: 1839/	Hot Spring 24 - Steamboat Hot Springs / Reno Hot Springs / Mount Rose Hot Springs / Radium Hot Springs	NV	39.38324	-119.73435	1965	11	1	753	78	335	1009	136			
http://resources.usgin.org/uri-gin/nbmg/thermalspring/NBMG: 1839/	Hot Spring 24 - Steamboat Hot Springs / Reno Hot Springs / Mount Rose Hot Springs / Radium Hot Springs	NV	39.38324	-119.73435	1965	11		753	78	335	1009	136		-8888888	
http://resources.usgin.org/uri-gin/nbmg/thermalspring/NBMG: 1846/	Hot Spring 12 - Steamboat Hot Springs / Reno Hot Springs / Mount Rose Hot Springs / Radium Hot Springs	NV	39.38324	-119.73435	1964			677	73		934	139			
http://resources.usgin.org/uri-gin/nbmg/thermalspring/NBMG: 1846/	Hot Spring 12 - Steamboat Hot Springs / Reno Hot Springs / Mount Rose Hot Springs / Radium Hot Springs	NV	39.38324	-119.73435	1964			677	73		934	139			
http://resources.usgin.org/uri-gin/nbmg/thermalspring/NBMG: 1849/	Hot Spring 16 - Steamboat Hot Springs / Reno Hot Springs / Mount Rose Hot Springs / Radium Hot Springs	NV	39.38324	-119.73435	1945			666	81	311	897	131	320	0.1	
http://resources.usgin.org/uri-gin/nbmg/thermalspring/NBMG: 1849/	Hot Spring 16 - Steamboat Hot Springs / Reno Hot Springs / Mount Rose Hot Springs / Radium Hot Springs	NV	39.38324	-119.73435	1945			666	81	311	897	131			
http://resources.usgin.org/uri-gin/nbmg/thermalspring/NBMG: 1849/	Hot Spring 16 - Steamboat Hot Springs / Reno Hot Springs / Mount Rose Hot Springs / Radium Hot Springs	NV	39.38324	-119.73435	1980	12		666	81	311	897	131	320	0.1	
http://resources.usgin.org/uri-gin/nbmg/thermalspring/NBMG: 1849/	Hot Spring 16 - Steamboat Hot Springs / Reno Hot Springs / Mount Rose Hot Springs / Radium Hot Springs	NV	39.38324	-119.73435	1980	12		666	81	311	897	131			
http://resources.usgin.org/uri-gin/nbmg/thermalspring/NBMG: 1849/	Hot Spring 16 - Steamboat Hot Springs / Reno Hot Springs / Mount Rose Hot Springs / Radium Hot Springs	NV	39.38324	-119.73435				650	69		888	137			
http://resources.usgin.org/uri-gin/nbmg/thermalspring/NBMG: 1849/	Hot Spring 16 - Steamboat Hot Springs / Reno Hot Springs / Mount Rose Hot Springs / Radium Hot Springs	NV	39.38324	-119.73435				650	69		888	137			
http://resources.usgin.org/uri-gin/nbmg/thermalspring/NBMG: 195/	The Hot Springs	NV	41.42217	-117.38746	1945	26	8.5				26	34			
http://resources.usgin.org/uri-gin/nbmg/thermalspring/NBMG: 195/	The Hot Springs	NV	41.42217	-117.38746	1945	26					26	34			
http://resources.usgin.org/uri-gin/nbmg/thermalspring/NBMG: 195/	The Hot Springs	NV	41.42217	-117.38746		26	8.5	334			26	34			
http://resources.usgin.org/uri-gin/nbmg/thermalspring/NBMG: 195/	The Hot Springs	NV	41.42217	-117.38746		26		334			26	34	920		
http://resources.usgin.org/uri-gin/nbmg/thermalspring/NBMG: 19545/	Cold Spring - Springs Mountains	NV	36.23951	-115.63994	1978	37	7.8	0.7	0.2	3.2	0.7	3.7			
http://resources.usgin.org/uri-gin/nbmg/thermalspring/NBMG: 19545/	Cold Spring - Springs Mountains	NV	36.23951	-115.63994	1978	37		0.7	0.2	3.2	0.7	3.7		0.1	
http://resources.usgin.org/uri-gin/nbmg/thermalspring/NBMG: 19548/	East Spring 2	NV	36.2458	-115.6528	1978	40	8	0.9	0.2	3.8	0.8	4.6			
http://resources.usgin.org/uri-gin/nbmg/thermalspring/NBMG: 19548/	East Spring 2	NV	36.2458	-115.6528	1978	40		0.9	0.2	3.8	0.8	4.6		0.1	
http://resources.usgin.org/uri-gin/nbmg/thermalspring/NBMG: 19549/	West Spring	NV	36.25302	-115.66252	1978	56	8.9	0.7	0.3	4.6	3.7	5.9			
http://resources.usgin.org/uri-gin/nbmg/thermalspring/NBMG: 19549/	West Spring	NV	36.25302	-115.66252	1978	56		0.7	0.3	4.6	3.7	5.9		0.2	
http://resources.usgin.org/uri-gin/nbmg/thermalspring/NBMG: 19551/	Rainbow Spring	NV	36.25385	-115.65724	1978	53	7.4	0.7	0.3	4.1	0.7	5.1			
http://resources.usgin.org/uri-gin/nbmg/thermalspring/NBMG: 19551/	Rainbow Spring	NV	36.25385	-115.65724	1978	53		0.7	0.3	4.1	0.7	5.1		0.1	
http://resources.usgin.org/uri-gin/nbmg/thermalspring/NBMG: 19554/	Stanley B Springs	NV	36.27052	-115.63918	1978	81	41	1.4	0.4	7.1	2.5	14			
http://resources.usgin.org/uri-gin/nbmg/thermalspring/NBMG: 19554/	Stanley B Springs	NV	36.27052	-115.63918	1978	81		1.4	0.4	7.1	2.5	14		0.02	
http://resources.usgin.org/uri-gin/nbmg/thermalspring/NBMG: 19555/	Fletcher Spring	NV	36.27385	-115.62668	1978	84	24	2.5	0.7	7.7	2.9	19			
http://resources.usgin.org/uri-gin/nbmg/thermalspring/NBMG: 19555/	Fletcher Spring	NV	36.27385	-115.62668	1978	84		2.5	0.7	7.7	2.9	19		0.1	
http://resources.usgin.org/uri-gin/nbmg/thermalspring/NBMG: 19556/	Two Springs	NV	36.29219	-115.68481	1978	47	0.1	0.7	0.3	3.6	0.1	24			
http://resources.usgin.org/uri-gin/nbmg/thermalspring/NBMG: 19556/	Two Springs	NV	36.29219	-115.68481	1978	47		0.7	0.3	3.6	0.1	24		0.1	
http://resources.usgin.org/uri-gin/nbmg/thermalspring/NBMG: 19558/	Cave Spring 1 - Spring Mountains	NV	36.29146	-115.66873	1978	54	10	0.9	0.4	4.1	0.9	6.1			
http://resources.usgin.org/uri-gin/nbmg/thermalspring/NBMG: 19558/	Cave Spring 1 - Spring Mountains	NV	36.29146	-115.66873	1978	54		0.9	0.4	4.1	0.9	6.1		0.1	
http://resources.usgin.org/uri-gin/nbmg/thermalspring/NBMG: 19562/	Deer Creek Spring	NV	36.30686	-115.63343	1978	60	19	1.2	0.5	5.7	1.3	6.1			
http://resources.usgin.org/uri-gin/nbmg/thermalspring/NBMG: 19562/	Deer Creek Spring	NV	36.30686	-115.63343	1978	60		1.2	0.5	5.7	1.3	6.1		0.1	
http://resources.usgin.org/uri-gin/nbmg/thermalspring/NBMG: 19668/	Georges Water Spring	NV	37.85989	-116.35053	1968					50				0.02	
http://resources.usgin.org/uri-gin/nbmg/thermalspring/NBMG: 19668/	Georges Water Spring	NV	37.85989	-116.35053	1968					50					
http://resources.usgin.org/uri-gin/nbmg/thermalspring/NBMG: 19886/	Station Spring	NV	40.04846	-115.4949	2000						3.5	13.4		0.11	
http://resources.usgin.org/uri-gin/nbmg/thermalspring/NBMG: 19886/	Station Spring	NV	40.04846	-115.4949	2000						3.5	13.4			
http://resources.usgin.org/uri-gin/nbmg/thermalspring/NBMG: 19892/	Nino Spring at Fish Hatchery	NV	40.18469	-115.49187	2000						1.5	8.3		0	
http://resources.usgin.org/uri-gin/nbmg/thermalspring/NBMG: 19892/	Nino Spring at Fish Hatchery	NV	40.18469	-115.49187	2000						1.5	8.3			
http://resources.usgin.org/uri-gin/nbmg/thermalspring/NBMG: 19893/	Cave Creek Spring	NV	40.20179	-115.49608	2000						0.8	2.1		0	
http://resources.usgin.org/uri-gin/nbmg/thermalspring/NBMG: 19893/	Cave Creek Spring	NV	40.20179	-115.49608	2000						0.8	2.1			
http://resources.usgin.org/uri-gin/nbmg/thermalspring/NBMG: 19894/	Cold Spring - Ruby Valley	NV	40.23671	-115.48324	2000							4.5		0.07	
http://resources.usgin.org/uri-gin/nbmg/thermalspring/NBMG: 19894/	Cold Spring - Ruby Valley	NV	40.23671	-115.48324	2000							4.5			
http://resources.usgin.org/uri-gin/nbmg/thermalspring/NBMG: 19919/	Rye Patch Spring - Carlin	NV	40.68075	-116.07619	1989						32				
http://resources.usgin.org/uri-gin/nbmg/thermalspring/NBMG: 19919/	Rye Patch Spring - Carlin	NV	40.68075	-116.07619	1989						32				
http://resources.usgin.org/uri-gin/nbmg/thermalspring/NBMG: 19924/	Cherry Spring	NV	40.7285	-116.24311	1989						6.2				
http://resources.usgin.org/uri-gin/nbmg/thermalspring/NBMG: 19924/	Cherry Spring	NV	40.7285	-116.24311	1989						6.2				
http://resources.usgin.org/uri-gin/nbmg/thermalspring/NBMG: 19926/	Cherry Spring North	NV	40.74688	-116.2372	1989						11				
http://resources.usgin.org/uri-gin/nbmg/thermalspring/NBMG: 19926/	Cherry Spring North	NV	40.74688	-116.2372	1989						11				
http://resources.usgin.org/uri-gin/nbmg/thermalspring/NBMG: 20984/	Walker Spring	NV	36.18221	-114.29303	1980	76	18	40	5.2	32	47	65			
http://resources.usgin.org/uri-gin/nbmg/thermalspring/NBMG: 20984/	Walker Spring	NV	36.18221	-114.29303	1980	76		40	5.2	32	47	65		0.5	
http://resources.usgin.org/uri-gin/nbmg/thermalspring/NBMG: 20985/	NWIS Spring 223 S20 E70 13D  1	NV	36.19304	-114.12774	1980	53	13	38	5.3	30	16	89			
http://resources.usgin.org/uri-gin/nbmg/thermalspring/NBMG: 20985/	NWIS Spring 223 S20 E70 13D  1	NV	36.19304	-114.12774	1980	53		38	5.3	30	16	89		4.6	
http://resources.usgin.org/uri-gin/nbmg/thermalspring/NBMG: 20987/	Maynard Spring	NV	36.26046	-114.30539	1980	470	210	570	13	57	1800	770			
http://resources.usgin.org/uri-gin/nbmg/thermalspring/NBMG: 20987/	Maynard Spring	NV	36.26046	-114.30539	1980	470		570	13	57	1800	770		3.3	
http://resources.usgin.org/uri-gin/nbmg/thermalspring/NBMG: 20988/	NWIS Spring 223 S17 E69 14BBD 1	NV	36.46053	-114.25942	1980	600	330	1500	30	31	1700	3400			
http://resources.usgin.org/uri-gin/nbmg/thermalspring/NBMG: 20988/	NWIS Spring 223 S17 E69 14BBD 1	NV	36.46053	-114.25942	1980	600		1500	30	31	1700	3400		2.4	
http://resources.usgin.org/uri-gin/nbmg/thermalspring/NBMG: 20989/	NWIS Spring 223 S17 E69 14BBA 1	NV	36.46165	-114.25858	1980	440	110	450	14	20	450	2000			
http://resources.usgin.org/uri-gin/nbmg/thermalspring/NBMG: 20989/	NWIS Spring 223 S17 E69 14BBA 1	NV	36.46165	-114.25858	1980	440		450	14	20	450	2000		1.1	
http://resources.usgin.org/uri-gin/nbmg/thermalspring/NBMG: 21588/	Cold Spring - Artesia Lake	NV	38.91103	-119.32321	1973			39	6.1	61		15		0.4	
http://resources.usgin.org/uri-gin/nbmg/thermalspring/NBMG: 21588/	Cold Spring - Artesia Lake	NV	38.91103	-119.32321	1973			39	6.1	61		15			
http://resources.usgin.org/uri-gin/nbmg/thermalspring/NBMG: 21607/	Double Spring South	NV	38.96434	-118.68987	1978	1.5	1	670	12	37	300	330			
http://resources.usgin.org/uri-gin/nbmg/thermalspring/NBMG: 21607/	Double Spring South	NV	38.96434	-118.68987	1978	1.5		670	12	37	300	330		9.3	
http://resources.usgin.org/uri-gin/nbmg/thermalspring/NBMG: 21625/	Turks Ranch Spring	NV	38.97821	-117.18493	1967	12	0.2	25	1	13	3.1	21			
http://resources.usgin.org/uri-gin/nbmg/thermalspring/NBMG: 21625/	Turks Ranch Spring	NV	38.97821	-117.18493	1967	12		25	1	13	3.1	21		0.6	
http://resources.usgin.org/uri-gin/nbmg/thermalspring/NBMG: 21640/	Cold Spring - Antelope Valley	NV	39.10866	-116.34906	1967	32	10	10	2.3	24	3.9	21			
http://resources.usgin.org/uri-gin/nbmg/thermalspring/NBMG: 21640/	Cold Spring - Antelope Valley	NV	39.10866	-116.34906	1967	32		10	2.3	24	3.9	21		0.1	
http://resources.usgin.org/uri-gin/nbmg/thermalspring/NBMG: 21706/	Lawtons Hot Springs / Lawton Hot Springs / Granite Hot Springs / River Inn Natural Hot Springs	NV	39.51102	-119.90464	1967	6.8	0.8	122		46	68	137			
http://resources.usgin.org/uri-gin/nbmg/thermalspring/NBMG: 21706/	Lawtons Hot Springs / Lawton Hot Springs / Granite Hot Springs / River Inn Natural Hot Springs	NV	39.51102	-119.90464	1967	6.8		122		46	68	137	52	1	
http://resources.usgin.org/uri-gin/nbmg/thermalspring/NBMG: 21722/	Cold Spring - Cold Springs Valley	NV	39.75353	-119.95723	1975	32	12	12	4.2	34	6.3	7.2			
http://resources.usgin.org/uri-gin/nbmg/thermalspring/NBMG: 21722/	Cold Spring - Cold Springs Valley	NV	39.75353	-119.95723	1975	32		12	4.2	34	6.3	7.2		0.1	
http://resources.usgin.org/uri-gin/nbmg/thermalspring/NBMG: 21763/	Kyle Hot Springs	NV	40.40602	-117.88402	1935	120	22			14	844	153			
http://resources.usgin.org/uri-gin/nbmg/thermalspring/NBMG: 21763/	Kyle Hot Springs	NV	40.40602	-117.88402	1935	120				14	844	153			
http://resources.usgin.org/uri-gin/nbmg/thermalspring/NBMG: 21763/	Kyle Hot Springs	NV	40.40602	-117.88402	1935	88	23			15	794	59			
http://resources.usgin.org/uri-gin/nbmg/thermalspring/NBMG: 21763/	Kyle Hot Springs	NV	40.40602	-117.88402	1935	88				15	794	59			
http://resources.usgin.org/uri-gin/nbmg/thermalspring/NBMG: 2187/	Warm Spring - Warm Creek Ranch	NV	40.75039	-115.03628		52	20			35	23	39			
http://resources.usgin.org/uri-gin/nbmg/thermalspring/NBMG: 2187/	Warm Spring - Warm Creek Ranch	NV	40.75039	-115.03628		52				35	23	39	334	1	
http://resources.usgin.org/uri-gin/nbmg/thermalspring/NBMG: 21875/	Virgin Valley Ranch Spring 10	NV	41.79053	-119.10792	1975	3.2	0.3	21	4	53	5.9	11			
http://resources.usgin.org/uri-gin/nbmg/thermalspring/NBMG: 21875/	Virgin Valley Ranch Spring 10	NV	41.79053	-119.10792	1975	3.2		21	4	53	5.9	11		0.6	
http://resources.usgin.org/uri-gin/nbmg/thermalspring/NBMG: 21879/	Rest Area Spring 5	NV	41.87479	-119.04607	1975	2.7	0.2	30	2.9	57	5.2	9.1			
http://resources.usgin.org/uri-gin/nbmg/thermalspring/NBMG: 21879/	Rest Area Spring 5	NV	41.87479	-119.04607	1975	2.7		30	2.9	57	5.2	9.1		0.9	
http://resources.usgin.org/uri-gin/nbmg/thermalspring/NBMG: 21880/	Rest Area Spring 3	NV	41.87542	-119.04881	1975	2.1	0.1	31	2.8	57	5	9			
http://resources.usgin.org/uri-gin/nbmg/thermalspring/NBMG: 21880/	Rest Area Spring 3	NV	41.87542	-119.04881	1975	2.1		31	2.8	57	5	9		0.9	
http://resources.usgin.org/uri-gin/nbmg/thermalspring/NBMG: 21881/	Rest Area Spring 2	NV	41.87596	-119.0415	1975	1	-0.1	31	1.8	54	4.9	9			
http://resources.usgin.org/uri-gin/nbmg/thermalspring/NBMG: 21881/	Rest Area Spring 2	NV	41.87596	-119.0415	1975	1		31	1.8	54	4.9	9		1	
http://resources.usgin.org/uri-gin/nbmg/thermalspring/NBMG: 223/	Buffalo Valley Hot Springs	NV	40.36737	-117.32531		24		268	29	75	28			-0.1	
http://resources.usgin.org/uri-gin/nbmg/thermalspring/NBMG: 223/	Buffalo Valley Hot Springs	NV	40.36737	-117.32531		24		268	29	75	28				
http://resources.usgin.org/uri-gin/nbmg/thermalspring/NBMG: 223/	Buffalo Valley Hot Springs	NV	40.36737	-117.32531		25		269	27	64	28			-0.1	
http://resources.usgin.org/uri-gin/nbmg/thermalspring/NBMG: 223/	Buffalo Valley Hot Springs	NV	40.36737	-117.32531		25		269	27	64	28				
http://resources.usgin.org/uri-gin/nbmg/thermalspring/NBMG: 237/	Spencer Hot Springs Well 2 (Artesian)	NV	39.32572	-116.85002	1967	42	9.5	194	34	74	22	46			
http://resources.usgin.org/uri-gin/nbmg/thermalspring/NBMG: 237/	Spencer Hot Springs Well 2 (Artesian)	NV	39.32572	-116.85002	1967	42		194	34	74	22	46		4.9	
http://resources.usgin.org/uri-gin/nbmg/thermalspring/NBMG: 2433/	Las Vegas Springs	NV	36.16448	-115.19074	1966	56	23			13	2	43			
http://resources.usgin.org/uri-gin/nbmg/thermalspring/NBMG: 2433/	Las Vegas Springs	NV	36.16448	-115.19074	1966	56				13	2	43	239	-8888888	
http://resources.usgin.org/uri-gin/nbmg/thermalspring/NBMG: 248/	Alkali Hot Spring	NV	37.82464	-117.33752		46		282		42	64	501	142	5.4	
http://resources.usgin.org/uri-gin/nbmg/thermalspring/NBMG: 248/	Alkali Hot Spring	NV	37.82464	-117.33752		46		282		42	64	501			
http://resources.usgin.org/uri-gin/nbmg/thermalspring/NBMG: 249/	Hot Well - Darroughs Hot Springs	NV	38.82093	-117.18082	1963	13	3			88	15	60			
http://resources.usgin.org/uri-gin/nbmg/thermalspring/NBMG: 249/	Hot Well - Darroughs Hot Springs	NV	38.82093	-117.18082	1963	13				88	15	60	102	-8888888	
http://resources.usgin.org/uri-gin/nbmg/thermalspring/NBMG: 2509/	Caffrey Spring	NV	39.43831	-119.79152	1938	60	13			63	10	-8888888			
http://resources.usgin.org/uri-gin/nbmg/thermalspring/NBMG: 2509/	Caffrey Spring	NV	39.43831	-119.79152	1938	60				63	10	-8888888	273		
http://resources.usgin.org/uri-gin/nbmg/thermalspring/NBMG: 256/	Potts Ranch Hot Springs	NV	39.07867	-116.63991	1967	49	11	45	0.13	35	11	53			
http://resources.usgin.org/uri-gin/nbmg/thermalspring/NBMG: 256/	Potts Ranch Hot Springs	NV	39.07867	-116.63991	1967	49		45	0.13	35	11	53		2.1	
http://resources.usgin.org/uri-gin/nbmg/thermalspring/NBMG: 2648/	Slide Mountain Spring	NV	39.30954	-119.89694	1977	5.38	0.48	1.91	0.87	11.99979					
http://resources.usgin.org/uri-gin/nbmg/thermalspring/NBMG: 2648/	Slide Mountain Spring	NV	39.30954	-119.89694	1977	5.38		1.91	0.87	11.99979				-0.02	
http://resources.usgin.org/uri-gin/nbmg/thermalspring/NBMG: 2664/	Hot Spring 6 - Steamboat Hot Springs / Reno Hot Springs / Mount Rose Hot Springs / Radium Hot Springs	NV	39.38324	-119.73435	1977	8.68	0.38	647	61.3	224.595					
http://resources.usgin.org/uri-gin/nbmg/thermalspring/NBMG: 2664/	Hot Spring 6 - Steamboat Hot Springs / Reno Hot Springs / Mount Rose Hot Springs / Radium Hot Springs	NV	39.38324	-119.73435	1977	8.68		647	61.3	224.595				-0.02	
http://resources.usgin.org/uri-gin/nbmg/thermalspring/NBMG: 267/	Grand Trunk Spring / Grand Truck Spring	NV	40.70016	-117.62907		35		13	3	30	16			-0.02	
http://resources.usgin.org/uri-gin/nbmg/thermalspring/NBMG: 267/	Grand Trunk Spring / Grand Truck Spring	NV	40.70016	-117.62907		35		13	3	30	16				
http://resources.usgin.org/uri-gin/nbmg/thermalspring/NBMG: 2679/	Davis Creek Spring	NV	39.30329	-119.83299	1977	26.9	4.13	11.3	3.81	21.04776					
http://resources.usgin.org/uri-gin/nbmg/thermalspring/NBMG: 2679/	Davis Creek Spring	NV	39.30329	-119.83299	1977	26.9		11.3	3.81	21.04776				-0.02	
http://resources.usgin.org/uri-gin/nbmg/thermalspring/NBMG: 275/	Orifice 1 - Leach Hot Springs / Nelson Hot Springs / Guthrie Hot Springs / Pleasant Valley Hot Springs	NV	40.60363	-117.64956	1978						27				
http://resources.usgin.org/uri-gin/nbmg/thermalspring/NBMG: 275/	Orifice 1 - Leach Hot Springs / Nelson Hot Springs / Guthrie Hot Springs / Pleasant Valley Hot Springs	NV	40.60363	-117.64956	1978						27				
http://resources.usgin.org/uri-gin/nbmg/thermalspring/NBMG: 275/	Orifice 17 - Leach Hot Springs / Nelson Hot Springs / Guthrie Hot Springs / Pleasant Valley Hot Springs	NV	40.60363	-117.64956	1978						27				
http://resources.usgin.org/uri-gin/nbmg/thermalspring/NBMG: 275/	Orifice 17 - Leach Hot Springs / Nelson Hot Springs / Guthrie Hot Springs / Pleasant Valley Hot Springs	NV	40.60363	-117.64956	1978						27				
http://resources.usgin.org/uri-gin/nbmg/thermalspring/NBMG: 275/	Orifice 23 - Leach Hot Springs / Nelson Hot Springs / Guthrie Hot Springs / Pleasant Valley Hot Springs	NV	40.60363	-117.64956	1978						27				
http://resources.usgin.org/uri-gin/nbmg/thermalspring/NBMG: 275/	Orifice 23 - Leach Hot Springs / Nelson Hot Springs / Guthrie Hot Springs / Pleasant Valley Hot Springs	NV	40.60363	-117.64956	1978						27				
http://resources.usgin.org/uri-gin/nbmg/thermalspring/NBMG: 275/	Orifice 4 - Leach Hot Springs / Nelson Hot Springs / Guthrie Hot Springs / Pleasant Valley Hot Springs	NV	40.60363	-117.64956	1978						27				
http://resources.usgin.org/uri-gin/nbmg/thermalspring/NBMG: 275/	Orifice 4 - Leach Hot Springs / Nelson Hot Springs / Guthrie Hot Springs / Pleasant Valley Hot Springs	NV	40.60363	-117.64956	1978						27				
http://resources.usgin.org/uri-gin/nbmg/thermalspring/NBMG: 275/	Orifice 5 - Leach Hot Springs / Nelson Hot Springs / Guthrie Hot Springs / Pleasant Valley Hot Springs	NV	40.60363	-117.64956	1978						27				
http://resources.usgin.org/uri-gin/nbmg/thermalspring/NBMG: 275/	Orifice 5 - Leach Hot Springs / Nelson Hot Springs / Guthrie Hot Springs / Pleasant Valley Hot Springs	NV	40.60363	-117.64956	1978						27				
http://resources.usgin.org/uri-gin/nbmg/thermalspring/NBMG: 275/	Orifice 6 - Leach Hot Springs / Nelson Hot Springs / Guthrie Hot Springs / Pleasant Valley Hot Springs	NV	40.60363	-117.64956	1978						28				
http://resources.usgin.org/uri-gin/nbmg/thermalspring/NBMG: 275/	Orifice 6 - Leach Hot Springs / Nelson Hot Springs / Guthrie Hot Springs / Pleasant Valley Hot Springs	NV	40.60363	-117.64956	1978						28				
http://resources.usgin.org/uri-gin/nbmg/thermalspring/NBMG: 309/	Bowers Mansion Hot Springs / Franktown Hot Springs	NV	39.2836	-119.84129	1962	6.7	2.7	38	5.7	44	7.8	38			
http://resources.usgin.org/uri-gin/nbmg/thermalspring/NBMG: 309/	Bowers Mansion Hot Springs / Franktown Hot Springs	NV	39.2836	-119.84129	1962	6.7		38	5.7	44	7.8	38	81	-8888888	
http://resources.usgin.org/uri-gin/nbmg/thermalspring/NBMG: 320/	Jumbo Creek Spring / Jumbo Grade Spring	NV	39.28352	-119.72074	1977	93.8	18.7	33.1	2.44	21.26166					
http://resources.usgin.org/uri-gin/nbmg/thermalspring/NBMG: 320/	Jumbo Creek Spring / Jumbo Grade Spring	NV	39.28352	-119.72074	1977	93.8		33.1	2.44	21.26166				-0.02	
http://resources.usgin.org/uri-gin/nbmg/thermalspring/NBMG: 350/	Thomas Creek Spring	NV	39.39463	-119.86935	1977	34.2	14.5	12.8	5.83	65.2395					
http://resources.usgin.org/uri-gin/nbmg/thermalspring/NBMG: 350/	Thomas Creek Spring	NV	39.39463	-119.86935	1977	34.2		12.8	5.83	65.2395				-0.02	
http://resources.usgin.org/uri-gin/nbmg/thermalspring/NBMG: 430/	Hot Spring - Steamboat Hot Springs / Reno Hot Springs / Mount Rose Hot Springs / Radium Hot Springs	NV	39.38324	-119.73435	1964	7	-8888888	866	108	325	997	131			
http://resources.usgin.org/uri-gin/nbmg/thermalspring/NBMG: 430/	Hot Spring - Steamboat Hot Springs / Reno Hot Springs / Mount Rose Hot Springs / Radium Hot Springs	NV	39.38324	-119.73435	1964	7		866	108	325	997	131			
http://resources.usgin.org/uri-gin/nbmg/thermalspring/NBMG: 437/	Monte Neva Hot Springs / Melvin Hot Springs / Goodrich Hot Springs	NV	39.66689	-114.80655	1957	67	21			54	6.6	25			
http://resources.usgin.org/uri-gin/nbmg/thermalspring/NBMG: 437/	Monte Neva Hot Springs / Melvin Hot Springs / Goodrich Hot Springs	NV	39.66689	-114.80655	1957	67				54	6.6	25	324	0.19	
http://resources.usgin.org/uri-gin/nbmg/thermalspring/NBMG: 437/	Monte Neva Hot Springs / Melvin Hot Springs / Goodrich Hot Springs	NV	39.66689	-114.80655		13	1.1	162		100	17	17			
http://resources.usgin.org/uri-gin/nbmg/thermalspring/NBMG: 437/	Monte Neva Hot Springs / Melvin Hot Springs / Goodrich Hot Springs	NV	39.66689	-114.80655		13		162		100	17	17	375	0.75	
http://resources.usgin.org/uri-gin/nbmg/thermalspring/NBMG: 507/	Geyser Ranch Springs	NV	38.67083	-114.62839	1979	44	37			11	2	11			
http://resources.usgin.org/uri-gin/nbmg/thermalspring/NBMG: 507/	Geyser Ranch Springs	NV	38.67083	-114.62839	1979	44	37			11	2	11			
http://resources.usgin.org/uri-gin/nbmg/thermalspring/NBMG: 507/	Geyser Ranch Springs	NV	38.67083	-114.62839	1979	44				11	2	11	124	0.1	
http://resources.usgin.org/uri-gin/nbmg/thermalspring/NBMG: 507/	Geyser Ranch Springs	NV	38.67083	-114.62839	1979	44				11	2	11	124	0.1	
http://resources.usgin.org/uri-gin/nbmg/thermalspring/NBMG: 620/	Bell Spring	NV	36.48965	-116.33501		36	17	106	10	35	27	93			
http://resources.usgin.org/uri-gin/nbmg/thermalspring/NBMG: 620/	Bell Spring	NV	36.48965	-116.33501		36		106	10	35	27	93	330	2.1	
http://resources.usgin.org/uri-gin/nbmg/thermalspring/NBMG: 678/	WS Park Spring	NV	36.19997	-115.14667	1948	53	27			8	55	33			
http://resources.usgin.org/uri-gin/nbmg/thermalspring/NBMG: 678/	WS Park Spring	NV	36.19997	-115.14667	1948	53				8	55	33	251	0.01	
http://resources.usgin.org/uri-gin/nbmg/thermalspring/NBMG: 722/	Campbell Ranch Springs / Steptoe Ranch Springs / North Group Springs	NV	39.53827	-114.91253	1962	52	21			32	4.5	20			
http://resources.usgin.org/uri-gin/nbmg/thermalspring/NBMG: 722/	Campbell Ranch Springs / Steptoe Ranch Springs / North Group Springs	NV	39.53827	-114.91253	1962	52				32	4.5	20	268	0.05	
http://resources.usgin.org/uri-gin/nbmg/thermalspring/NBMG: 722/	Campbell Ranch Springs / Steptoe Ranch Springs / North Group Springs	NV	39.53827	-114.91253	1972						6.2	21	257	0.2	
http://resources.usgin.org/uri-gin/nbmg/thermalspring/NBMG: 722/	Campbell Ranch Springs / Steptoe Ranch Springs / North Group Springs	NV	39.53827	-114.91253	1972						6.2	21			
http://resources.usgin.org/uri-gin/nbmg/thermalspring/NBMG: 764/	Indian Springs 2 - Indian Springs Valley	NV	36.56496	-115.66919	1967	48	15	21	9.7	17	5	28			
http://resources.usgin.org/uri-gin/nbmg/thermalspring/NBMG: 764/	Indian Springs 2 - Indian Springs Valley	NV	36.56496	-115.66919	1967	48		21	9.7	17	5	28	239	0.16	
http://resources.usgin.org/uri-gin/nbmg/thermalspring/NBMG: 787/	Jack Rabbit Spring	NV	36.38986	-116.27837	1962	45	21	68	7.8	22	20	78			
http://resources.usgin.org/uri-gin/nbmg/thermalspring/NBMG: 787/	Jack Rabbit Spring	NV	36.38986	-116.27837	1962	45		68	7.8	22	20	78	300	1.5	
http://resources.usgin.org/uri-gin/nbmg/thermalspring/NBMG: 80375/	Upper Hot Creek Ranch Springs - Hot Creek Canyon	NV	38.52044	-116.36171	2002	45	30.3	122	15.2	88.4	47.9	76.7			
http://resources.usgin.org/uri-gin/nbmg/thermalspring/NBMG: 80375/	Upper Hot Creek Ranch Springs - Hot Creek Canyon	NV	38.52044	-116.36171	2002	45		122	15.2	88.4	47.9	76.7	426	3.8	
http://resources.usgin.org/uri-gin/nbmg/thermalspring/NBMG: 80396/	Patua Hot Springs / Hazen Hot Springs	NV	39.60114	-119.11086	2008	66.56	0.89	643	38.5	63.7528590756961	760	320			
http://resources.usgin.org/uri-gin/nbmg/thermalspring/NBMG: 80396/	Patua Hot Springs / Hazen Hot Springs	NV	39.60114	-119.11086	2008	66.56		643	38.5	63.7528590756961	760	320	85	4.2	
http://resources.usgin.org/uri-gin/nbmg/thermalspring/NBMG: 80452/	River Inn Well 1 - Lawtons Hot Springs / Lawton Hot Springs / Granite Hot Springs / River Inn Natural Hot Springs	NV	39.51165	-119.90873	2006	6.61	0	122	1.25	33.6	60.7	155			
http://resources.usgin.org/uri-gin/nbmg/thermalspring/NBMG: 80452/	River Inn Well 1 - Lawtons Hot Springs / Lawton Hot Springs / Granite Hot Springs / River Inn Natural Hot Springs	NV	39.51165	-119.90873	2006	6.61		122	1.25	33.6	60.7	155	49	0.227	
http://resources.usgin.org/uri-gin/nbmg/thermalspring/NBMG: 811/	Hot Creek Spring / Hot Creek Ranch Springs	NV	38.38298	-115.15335	1949	58	22			32	12	45			
http://resources.usgin.org/uri-gin/nbmg/thermalspring/NBMG: 811/	Hot Creek Spring / Hot Creek Ranch Springs	NV	38.38298	-115.15335	1949	58				32	12	45	294		
http://resources.usgin.org/uri-gin/nbmg/thermalspring/NBMG: 811/	Hot Creek Spring / Hot Creek Ranch Springs	NV	38.38298	-115.15335	1972	66	24			24	10	48			
http://resources.usgin.org/uri-gin/nbmg/thermalspring/NBMG: 811/	Hot Creek Spring / Hot Creek Ranch Springs	NV	38.38298	-115.15335	1972	66				24	10	48	278	0.2	
http://resources.usgin.org/uri-gin/nbmg/thermalspring/NBMG: 81162/	Willow Springs	NV	37.71526	-117.11527	2008	35.8	6.2	49.9	7.9	29.9510076194545	28	45			
http://resources.usgin.org/uri-gin/nbmg/thermalspring/NBMG: 81162/	Willow Springs	NV	37.71526	-117.11527	2008	35.8		49.9	7.9	29.9510076194545	28	45	140	0.46	
http://resources.usgin.org/uri-gin/nbmg/thermalspring/NBMG: 81469/	Warm Spring - Humboldt Wells	NV	41.18319	-114.98869	2008	74.7354543538569	32.9204342667299	289.252882063775	33	87.2857936338389	21.45	14			
http://resources.usgin.org/uri-gin/nbmg/thermalspring/NBMG: 81473/	Warm Spring - S Wells	NV	41.07684	-114.98457	2008	49.987288316769	15.0521159626641	33.6457345456127	3.1	23.3189987894325	18.9	34.3			
http://resources.usgin.org/uri-gin/nbmg/thermalspring/NBMG: 81473/	Warm Spring - S Wells	NV	41.07684	-114.98457	2008	49.987288316769		33.6457345456127	3.1	23.3189987894325	18.9	34.3	197	0.72	
http://resources.usgin.org/uri-gin/nbmg/thermalspring/NBMG: 822/	Big Spring / Ash Meadows Spring / Deep Spring	NV	36.37461	-116.27437	1971	44	19	97	8.6	28	25	105			
http://resources.usgin.org/uri-gin/nbmg/thermalspring/NBMG: 822/	Big Spring / Ash Meadows Spring / Deep Spring	NV	36.37461	-116.27437	1971	44		97	8.6	28	25	105	318	1.3	
http://resources.usgin.org/uri-gin/nbmg/thermalspring/NBMG: 82500/	Spring 5-35 22BBB - Rhodes Marsh	NV	38.28203	-118.08872		15	2.2	2550	70	121	2110	1830			
http://resources.usgin.org/uri-gin/nbmg/thermalspring/NBMG: 82500/	Spring 5-35 22BBB - Rhodes Marsh	NV	38.28203	-118.08872		15		2550	70	121	2110	1830	485	320.04	
http://resources.usgin.org/uri-gin/nbmg/thermalspring/NBMG: 83/	Threemile Spring - Humboldt Wells	NV	41.16182	-114.98587	2008	48.3989071926848	11.3619197911723	330.431243746465	38.7	71.8824182866909	29	41			
http://resources.usgin.org/uri-gin/nbmg/thermalspring/NBMG: 83/	Threemile Spring - Humboldt Wells	NV	41.16182	-114.98587	2008	48.3989071926848		330.431243746465	38.7	71.8824182866909	29	41	872.2	6.26	
http://resources.usgin.org/uri-gin/nbmg/thermalspring/NBMG: 854/	Longstreet Spring	NV	36.46754	-116.32647	1959	47	21	69	7.8	23	21	78			
http://resources.usgin.org/uri-gin/nbmg/thermalspring/NBMG: 854/	Longstreet Spring	NV	36.46754	-116.32647	1959	47		69	7.8	23	21	78	302	1.5	
http://resources.usgin.org/uri-gin/nbmg/thermalspring/NBMG: 854/	Longstreet Spring	NV	36.46754	-116.32647	1980	48	19	69	7.8	22	17	75			
http://resources.usgin.org/uri-gin/nbmg/thermalspring/NBMG: 854/	Longstreet Spring	NV	36.46754	-116.32647	1980	48		69	7.8	22	17	75	300	1.7	
http://resources.usgin.org/uri-gin/nbmg/thermalspring/NBMG: 864/	Blue Eagle Springs / Jacks Spring	NV	38.56234	-115.52847	1945	80	24			17	10	34			
http://resources.usgin.org/uri-gin/nbmg/thermalspring/NBMG: 864/	Blue Eagle Springs / Jacks Spring	NV	38.56234	-115.52847	1945	80				17	10	34	385	0.6	
http://resources.usgin.org/uri-gin/nbmg/thermalspring/NBMG: 941/	McGill Warm Springs	NV	39.41266	-114.77955	1945	54	21			32	4.3	21			
http://resources.usgin.org/uri-gin/nbmg/thermalspring/NBMG: 941/	McGill Warm Springs	NV	39.41266	-114.77955	1945	54				32	4.3	21	267	0.1	
http://resources.usgin.org/uri-gin/nbmg/thermalspring/NBMG: 941/	McGill Warm Springs	NV	39.41266	-114.77955		52	21	15		32	4.5	20			
http://resources.usgin.org/uri-gin/nbmg/thermalspring/NBMG: 941/	McGill Warm Springs	NV	39.41266	-114.77955		52		15		32	4.5	20	268	0.05	
http://resources.usgin.org/uri-gin/nbmg/thermalspring/NBMG: 948/	Ely Warm Springs	NV	39.26612	-114.86765	1972	51	23	19		37	7.5	68			
http://resources.usgin.org/uri-gin/nbmg/thermalspring/NBMG: 948/	Ely Warm Springs	NV	39.26612	-114.86765	1972	51		19		37	7.5	68	222	0.67	
http://resources.usgin.org/uri-gin/nbmg/thermalspring/NBMG: 975/	Panaca Warm Springs / Owl Warm Springs	NV	37.80744	-114.38067	1964	40	23			46	18	27			
http://resources.usgin.org/uri-gin/nbmg/thermalspring/NBMG: 975/	Panaca Warm Springs / Owl Warm Springs	NV	37.80744	-114.38067	1964	40				46	18	27	178	0.3	
http://resources.usgin.org/uri-gin/nbmg/thermalspring/NBMG: 995/	Big Blue Springs / Charnock Springs	NV	38.95368	-117.05062	1953	27	4			45	8				
http://resources.usgin.org/uri-gin/nbmg/thermalspring/NBMG: 995/	Big Blue Springs / Charnock Springs	NV	38.95368	-117.05062	1953	27				45	8		96	-8888888	
http://resources.usgin.org/uri-gin/nbmg/thermalspring/NBMG:1001/	Smith Well - Moana Hot Springs	NV	39.48991	-119.80602	1970						29				
http://resources.usgin.org/uri-gin/nbmg/thermalspring/NBMG:1001/	Smith Well - Moana Hot Springs	NV	39.48991	-119.80602	1970						29				
http://resources.usgin.org/uri-gin/nbmg/thermalspring/NBMG:1001/	Smith Well - Moana Hot Springs	NV	39.48991	-119.80602	1970										7.3
http://resources.usgin.org/uri-gin/nbmg/thermalspring/NBMG:1001/	Smith Well - Moana Hot Springs	NV	39.48991	-119.80602							29				
http://resources.usgin.org/uri-gin/nbmg/thermalspring/NBMG:1001/	Smith Well - Moana Hot Springs	NV	39.48991	-119.80602							29				
http://resources.usgin.org/uri-gin/nbmg/thermalspring/NBMG:1001/	Smith Well - Moana Hot Springs	NV	39.48991	-119.80602											7.26
http://resources.usgin.org/uri-gin/nbmg/thermalspring/NBMG:1003/	Pool H82 - Fly Ranch Hot Springs / Wards Hot Springs / Hualapai Flat Hot Springs	NV	40.86256	-119.32392	1952	20	0.2	400	18	82	245	368			
http://resources.usgin.org/uri-gin/nbmg/thermalspring/NBMG:1003/	Pool H82 - Fly Ranch Hot Springs / Wards Hot Springs / Hualapai Flat Hot Springs	NV	40.86256	-119.32392	1952	20		400	18	82	245	368	440		
http://resources.usgin.org/uri-gin/nbmg/thermalspring/NBMG:1003/	Pool H82 - Fly Ranch Hot Springs / Wards Hot Springs / Hualapai Flat Hot Springs	NV	40.86256	-119.32392	1952										8
http://resources.usgin.org/uri-gin/nbmg/thermalspring/NBMG:1006/	Pool H1 - Fly Ranch Hot Springs / Wards Hot Springs / Hualapai Flat Hot Springs	NV	40.85823	-119.33935	1958	24	0.2	380	17	89	240				
http://resources.usgin.org/uri-gin/nbmg/thermalspring/NBMG:1006/	Pool H1 - Fly Ranch Hot Springs / Wards Hot Springs / Hualapai Flat Hot Springs	NV	40.85823	-119.33935	1958	24		380	17	89	240		458		
http://resources.usgin.org/uri-gin/nbmg/thermalspring/NBMG:1006/	Pool H1 - Fly Ranch Hot Springs / Wards Hot Springs / Hualapai Flat Hot Springs	NV	40.85823	-119.33935	1958										8.4
http://resources.usgin.org/uri-gin/nbmg/thermalspring/NBMG:1006/	Pool H1 - Fly Ranch Hot Springs / Wards Hot Springs / Hualapai Flat Hot Springs	NV	40.85823	-119.33935	1965	28	0.2	380	17	88	250				
http://resources.usgin.org/uri-gin/nbmg/thermalspring/NBMG:1006/	Pool H1 - Fly Ranch Hot Springs / Wards Hot Springs / Hualapai Flat Hot Springs	NV	40.85823	-119.33935	1965	28		380	17	88	250		460		
http://resources.usgin.org/uri-gin/nbmg/thermalspring/NBMG:1006/	Pool H1 - Fly Ranch Hot Springs / Wards Hot Springs / Hualapai Flat Hot Springs	NV	40.85823	-119.33935	1965										8.4
http://resources.usgin.org/uri-gin/nbmg/thermalspring/NBMG:1011/	King Spring / Point of Rocks Spring / Indian Rock Spring	NV	36.40136	-116.27287	1960	45	19	70	8	22	20	79			
http://resources.usgin.org/uri-gin/nbmg/thermalspring/NBMG:1011/	King Spring / Point of Rocks Spring / Indian Rock Spring	NV	36.40136	-116.27287	1960	45		70	8	22	20	79	278	1.5	
http://resources.usgin.org/uri-gin/nbmg/thermalspring/NBMG:1011/	King Spring / Point of Rocks Spring / Indian Rock Spring	NV	36.40136	-116.27287	1960										7.9
http://resources.usgin.org/uri-gin/nbmg/thermalspring/NBMG:1011/	King Spring / Point of Rocks Spring / Indian Rock Spring	NV	36.40136	-116.27287	1964	49	21	69	7.7	23	21	80			
http://resources.usgin.org/uri-gin/nbmg/thermalspring/NBMG:1011/	King Spring / Point of Rocks Spring / Indian Rock Spring	NV	36.40136	-116.27287	1964	49		69	7.7	23	21	80	310	1.4	
http://resources.usgin.org/uri-gin/nbmg/thermalspring/NBMG:1011/	King Spring / Point of Rocks Spring / Indian Rock Spring	NV	36.40136	-116.27287	1964										7.2
http://resources.usgin.org/uri-gin/nbmg/thermalspring/NBMG:1011/	King Spring / Point of Rocks Spring / Indian Rock Spring	NV	36.40136	-116.27287	1972	50	22	67	7.6	20	24	84			
http://resources.usgin.org/uri-gin/nbmg/thermalspring/NBMG:1011/	King Spring / Point of Rocks Spring / Indian Rock Spring	NV	36.40136	-116.27287	1972	50		67	7.6	20	24	84	304	1.4	
http://resources.usgin.org/uri-gin/nbmg/thermalspring/NBMG:1011/	King Spring / Point of Rocks Spring / Indian Rock Spring	NV	36.40136	-116.27287	1972										7.6
http://resources.usgin.org/uri-gin/nbmg/thermalspring/NBMG:1011/	King Spring / Point of Rocks Spring / Indian Rock Spring	NV	36.40136	-116.27287	2006	52	19	68	7.9	21	22	78			
http://resources.usgin.org/uri-gin/nbmg/thermalspring/NBMG:1011/	King Spring / Point of Rocks Spring / Indian Rock Spring	NV	36.40136	-116.27287	2006	52		68	7.9	21	22	78	301	-9999999	
http://resources.usgin.org/uri-gin/nbmg/thermalspring/NBMG:1011/	King Spring / Point of Rocks Spring / Indian Rock Spring	NV	36.40136	-116.27287	2006										7.3
http://resources.usgin.org/uri-gin/nbmg/thermalspring/NBMG:1011/	King Spring / Point of Rocks Spring / Indian Rock Spring	NV	36.40136	-116.27287		52	19	66	7.9	23	21	78			
http://resources.usgin.org/uri-gin/nbmg/thermalspring/NBMG:1011/	King Spring / Point of Rocks Spring / Indian Rock Spring	NV	36.40136	-116.27287		52		66	7.9	23	21	78	309	1.2	
http://resources.usgin.org/uri-gin/nbmg/thermalspring/NBMG:1011/	King Spring / Point of Rocks Spring / Indian Rock Spring	NV	36.40136	-116.27287											7.3
http://resources.usgin.org/uri-gin/nbmg/thermalspring/NBMG:1017/	Warm Spring - Ash Meadows	NV	36.40832	-116.37841	1972	15	19				21	78			
http://resources.usgin.org/uri-gin/nbmg/thermalspring/NBMG:1017/	Warm Spring - Ash Meadows	NV	36.40832	-116.37841	1972	15					21	78	306	1.2	
http://resources.usgin.org/uri-gin/nbmg/thermalspring/NBMG:1017/	Warm Spring - Ash Meadows	NV	36.40832	-116.37841	1972										8.2
http://resources.usgin.org/uri-gin/nbmg/thermalspring/NBMG:10183/	Chimney Hot Springs	NV	38.46379	-115.79057	2003										6.8
http://resources.usgin.org/uri-gin/nbmg/thermalspring/NBMG:10183/	Chimney Hot Springs	NV	38.46379	-115.79057	2003										7.7
http://resources.usgin.org/uri-gin/nbmg/thermalspring/NBMG:102/	Stream (LDMW for Hot Creek Spring)	NV	40.34392	-116.0609	1973	54	26	15	2.8	22	6.8	48			
http://resources.usgin.org/uri-gin/nbmg/thermalspring/NBMG:102/	Stream (LDMW for Hot Creek Spring)	NV	40.34392	-116.0609	1973	54		15	2.8	22	6.8	48	240	0.2	
http://resources.usgin.org/uri-gin/nbmg/thermalspring/NBMG:102/	Stream (LDMW for Hot Creek Spring)	NV	40.34392	-116.0609	1973										8.5
http://resources.usgin.org/uri-gin/nbmg/thermalspring/NBMG:1020/	Shipley Hot Spring / Sadler Hot Spring	NV	39.94086	-116.0752	2006	55	21	30	6	30	17	33			
http://resources.usgin.org/uri-gin/nbmg/thermalspring/NBMG:1020/	Shipley Hot Spring / Sadler Hot Spring	NV	39.94086	-116.0752	2006	55		30	6	30	17	33	288	-9999999	
http://resources.usgin.org/uri-gin/nbmg/thermalspring/NBMG:1020/	Shipley Hot Spring / Sadler Hot Spring	NV	39.94086	-116.0752	2006										7.6
http://resources.usgin.org/uri-gin/nbmg/thermalspring/NBMG:1020/	Shipley Hot Spring / Sadler Hot Spring	NV	39.94086	-116.0752		57	21	29	5.9	40	21	35			
http://resources.usgin.org/uri-gin/nbmg/thermalspring/NBMG:1020/	Shipley Hot Spring / Sadler Hot Spring	NV	39.94086	-116.0752		57		29	5.9	40	21	35	279	0.2	
http://resources.usgin.org/uri-gin/nbmg/thermalspring/NBMG:1020/	Shipley Hot Spring / Sadler Hot Spring	NV	39.94086	-116.0752											7.2
http://resources.usgin.org/uri-gin/nbmg/thermalspring/NBMG:1023/	Little Warm Spring / Burrell Hot Springs	NV	38.9369	-115.69777	2003	62.1	19.3	28.5	5.84	28.2	8.06	45.5			
http://resources.usgin.org/uri-gin/nbmg/thermalspring/NBMG:1023/	Little Warm Spring / Burrell Hot Springs	NV	38.9369	-115.69777	2003	62.1		28.5	5.84	28.2	8.06	45.5	315	0.6	
http://resources.usgin.org/uri-gin/nbmg/thermalspring/NBMG:1023/	Little Warm Spring / Burrell Hot Springs	NV	38.9369	-115.69777	2003										7.3
http://resources.usgin.org/uri-gin/nbmg/thermalspring/NBMG:1023/	Little Warm Spring / Burrell Hot Springs	NV	38.9369	-115.69777		57	25	40	7.3	34	81	27			
http://resources.usgin.org/uri-gin/nbmg/thermalspring/NBMG:1023/	Little Warm Spring / Burrell Hot Springs	NV	38.9369	-115.69777		57		40	7.3	34	81	27	240	0.4	
http://resources.usgin.org/uri-gin/nbmg/thermalspring/NBMG:1023/	Little Warm Spring / Burrell Hot Springs	NV	38.9369	-115.69777											8.2
http://resources.usgin.org/uri-gin/nbmg/thermalspring/NBMG:1027/	Crystal Springs	NV	37.53143	-115.23365	1955	49	13	59		34	11	46			
http://resources.usgin.org/uri-gin/nbmg/thermalspring/NBMG:1027/	Crystal Springs	NV	37.53143	-115.23365	1955	49		59		34	11	46	259		
http://resources.usgin.org/uri-gin/nbmg/thermalspring/NBMG:1027/	Crystal Springs	NV	37.53143	-115.23365	1958	53	23	19		26	11	37			
http://resources.usgin.org/uri-gin/nbmg/thermalspring/NBMG:1027/	Crystal Springs	NV	37.53143	-115.23365	1958	53		19		26	11	37	261		
http://resources.usgin.org/uri-gin/nbmg/thermalspring/NBMG:1037/	Muddy Spring / Big Muddy Spring - Moapa Warm Springs / Muddy River Springs	NV	36.72195	-114.71683	1950	65	28	99	10	31	60	174			
http://resources.usgin.org/uri-gin/nbmg/thermalspring/NBMG:1037/	Muddy Spring / Big Muddy Spring - Moapa Warm Springs / Muddy River Springs	NV	36.72195	-114.71683	1950	65		99	10	31	60	174	288	2.4	
http://resources.usgin.org/uri-gin/nbmg/thermalspring/NBMG:1037/	Muddy Spring / Big Muddy Spring - Moapa Warm Springs / Muddy River Springs	NV	36.72195	-114.71683	1981	66	26	96	10	29	61	190			
http://resources.usgin.org/uri-gin/nbmg/thermalspring/NBMG:1037/	Muddy Spring / Big Muddy Spring - Moapa Warm Springs / Muddy River Springs	NV	36.72195	-114.71683	1981	66		96	10	29	61	190		2.1	
http://resources.usgin.org/uri-gin/nbmg/thermalspring/NBMG:1037/	Muddy Spring / Big Muddy Spring - Moapa Warm Springs / Muddy River Springs	NV	36.72195	-114.71683	1981										7.2
http://resources.usgin.org/uri-gin/nbmg/thermalspring/NBMG:1038/	Peterson Spring - Moapa Warm Springs / Muddy River Springs	NV	36.7228	-114.72166	1967	75	26	107	8.8	245	59	189			
http://resources.usgin.org/uri-gin/nbmg/thermalspring/NBMG:1038/	Peterson Spring - Moapa Warm Springs / Muddy River Springs	NV	36.7228	-114.72166	1967	75		107	8.8	245	59	189	284	2.1	
http://resources.usgin.org/uri-gin/nbmg/thermalspring/NBMG:1038/	Peterson Spring - Moapa Warm Springs / Muddy River Springs	NV	36.7228	-114.72166	1967										7.92
http://resources.usgin.org/uri-gin/nbmg/thermalspring/NBMG:104/	Elko Hot Springs / Sulfur Hot Springs / Sulphur Hot Springs	NV	40.81325	-115.77923	1980	66	13	110	35	63	15	68			
http://resources.usgin.org/uri-gin/nbmg/thermalspring/NBMG:104/	Elko Hot Springs / Sulfur Hot Springs / Sulphur Hot Springs	NV	40.81325	-115.77923	1980	66	14	110	36	63	15	70			
http://resources.usgin.org/uri-gin/nbmg/thermalspring/NBMG:104/	Elko Hot Springs / Sulfur Hot Springs / Sulphur Hot Springs	NV	40.81325	-115.77923	1980	66		110	35	63	15	68	520	2	
http://resources.usgin.org/uri-gin/nbmg/thermalspring/NBMG:104/	Elko Hot Springs / Sulfur Hot Springs / Sulphur Hot Springs	NV	40.81325	-115.77923	1980	66		110	36	63	15	70	498	1.9	
http://resources.usgin.org/uri-gin/nbmg/thermalspring/NBMG:104/	Elko Hot Springs / Sulfur Hot Springs / Sulphur Hot Springs	NV	40.81325	-115.77923	1980										6.23
http://resources.usgin.org/uri-gin/nbmg/thermalspring/NBMG:104/	Elko Hot Springs / Sulfur Hot Springs / Sulphur Hot Springs	NV	40.81325	-115.77923	1980										7.08
http://resources.usgin.org/uri-gin/nbmg/thermalspring/NBMG:1044/	Goldstrike Hot Springs / Nevada Hot Springs - Black Canyon Hot Springs / Hoover Dam Hot Springs	NV	35.98318	-114.74882	1965	160	5.8	410	11	44	380	720			
http://resources.usgin.org/uri-gin/nbmg/thermalspring/NBMG:1044/	Goldstrike Hot Springs / Nevada Hot Springs - Black Canyon Hot Springs / Hoover Dam Hot Springs	NV	35.98318	-114.74882	1965	160		410	11	44	380	720	90	-9999999	
http://resources.usgin.org/uri-gin/nbmg/thermalspring/NBMG:1044/	Goldstrike Hot Springs / Nevada Hot Springs - Black Canyon Hot Springs / Hoover Dam Hot Springs	NV	35.98318	-114.74882	1965										8.2
http://resources.usgin.org/uri-gin/nbmg/thermalspring/NBMG:1044/	Goldstrike Hot Springs / Nevada Hot Springs - Black Canyon Hot Springs / Hoover Dam Hot Springs	NV	35.98318	-114.74882	1976	290	4.8	680	17	40	1000	730			
http://resources.usgin.org/uri-gin/nbmg/thermalspring/NBMG:1044/	Goldstrike Hot Springs / Nevada Hot Springs - Black Canyon Hot Springs / Hoover Dam Hot Springs	NV	35.98318	-114.74882	1976	290		680	17	40	1000	730		3.9	
http://resources.usgin.org/uri-gin/nbmg/thermalspring/NBMG:1044/	Goldstrike Hot Springs / Nevada Hot Springs - Black Canyon Hot Springs / Hoover Dam Hot Springs	NV	35.98318	-114.74882	1976										7.9
http://resources.usgin.org/uri-gin/nbmg/thermalspring/NBMG:1046/	Hot Spring - Hot Springs Ranch	NV	40.18325	-117.10226		22	24	134	25	55	22	88			
http://resources.usgin.org/uri-gin/nbmg/thermalspring/NBMG:1046/	Hot Spring - Hot Springs Ranch	NV	40.18325	-117.10226		22		134	25	55	22	88	446	5.5	
http://resources.usgin.org/uri-gin/nbmg/thermalspring/NBMG:1046/	Hot Spring - Hot Springs Ranch	NV	40.18325	-117.10226											7.5
http://resources.usgin.org/uri-gin/nbmg/thermalspring/NBMG:105/	Sulphur Hot Springs / Stonier Ranch Hot Springs / Millers Hot Springs / Sulfur Hot Springs	NV	40.58632	-115.28588	1973	1	0.03	135	8.9	210	23	40			
http://resources.usgin.org/uri-gin/nbmg/thermalspring/NBMG:105/	Sulphur Hot Springs / Stonier Ranch Hot Springs / Millers Hot Springs / Sulfur Hot Springs	NV	40.58632	-115.28588	1973	1		135	8.9	210	23	40	244	17.7	
http://resources.usgin.org/uri-gin/nbmg/thermalspring/NBMG:105/	Sulphur Hot Springs / Stonier Ranch Hot Springs / Millers Hot Springs / Sulfur Hot Springs	NV	40.58632	-115.28588	1973										8.53
http://resources.usgin.org/uri-gin/nbmg/thermalspring/NBMG:1050/	Pool H-41 - Fly Ranch Hot Springs / Wards Hot Springs / Hualapai Flat Hot Springs	NV	40.86046	-119.31907	1975	17	0.2	440	16	90	260	215			
http://resources.usgin.org/uri-gin/nbmg/thermalspring/NBMG:1050/	Pool H-41 - Fly Ranch Hot Springs / Wards Hot Springs / Hualapai Flat Hot Springs	NV	40.86046	-119.31907	1975	17		440	16	90	260	215			
http://resources.usgin.org/uri-gin/nbmg/thermalspring/NBMG:1050/	Pool H-41 - Fly Ranch Hot Springs / Wards Hot Springs / Hualapai Flat Hot Springs	NV	40.86046	-119.31907	1975										7.9
http://resources.usgin.org/uri-gin/nbmg/thermalspring/NBMG:1050/	Pool H-41 - Fly Ranch Hot Springs / Wards Hot Springs / Hualapai Flat Hot Springs	NV	40.86046	-119.31907		18	0.2	440	16	90	260	380			
http://resources.usgin.org/uri-gin/nbmg/thermalspring/NBMG:1050/	Pool H-41 - Fly Ranch Hot Springs / Wards Hot Springs / Hualapai Flat Hot Springs	NV	40.86046	-119.31907		18		440	16	90	260	380	448		
http://resources.usgin.org/uri-gin/nbmg/thermalspring/NBMG:1050/	Pool H-41 - Fly Ranch Hot Springs / Wards Hot Springs / Hualapai Flat Hot Springs	NV	40.86046	-119.31907											7.9
http://resources.usgin.org/uri-gin/nbmg/thermalspring/NBMG:10570/	USGS Well 4A - Spanish Springs Rd	NV	39.59963	-119.72297	1994	30	10	81	3.4	61	8.7	33			
http://resources.usgin.org/uri-gin/nbmg/thermalspring/NBMG:10570/	USGS Well 4A - Spanish Springs Rd	NV	39.59963	-119.72297	1994	30		81	3.4	61	8.7	33	283	0.2	
http://resources.usgin.org/uri-gin/nbmg/thermalspring/NBMG:10570/	USGS Well 4A - Spanish Springs Rd	NV	39.59963	-119.72297	1994										7.8
http://resources.usgin.org/uri-gin/nbmg/thermalspring/NBMG:10570/	USGS Well 4B - Spanish Springs Rd	NV	39.59963	-119.72297	1994	22	8.2	92	1.2	69	5.9	14			
http://resources.usgin.org/uri-gin/nbmg/thermalspring/NBMG:10570/	USGS Well 4B - Spanish Springs Rd	NV	39.59963	-119.72297	1994	22		92	1.2	69	5.9	14	317	0.2	
http://resources.usgin.org/uri-gin/nbmg/thermalspring/NBMG:10570/	USGS Well 4B - Spanish Springs Rd	NV	39.59963	-119.72297	1994										7.8
http://resources.usgin.org/uri-gin/nbmg/thermalspring/NBMG:10570/	USGS Well 4A - Spanish Springs Rd	NV	39.59963	-119.72297	2001	27.8	9.48	78.5	3.07	58.9	9.37	32.9			
http://resources.usgin.org/uri-gin/nbmg/thermalspring/NBMG:10570/	USGS Well 4A - Spanish Springs Rd	NV	39.59963	-119.72297	2001	27.8		78.5	3.07	58.9	9.37	32.9	285	0.3	
http://resources.usgin.org/uri-gin/nbmg/thermalspring/NBMG:10570/	USGS Well 4A - Spanish Springs Rd	NV	39.59963	-119.72297	2001										7.8
http://resources.usgin.org/uri-gin/nbmg/thermalspring/NBMG:1063/	Five Springs Well / USGS Well SM7	NV	36.46523	-116.31865	1964	45	19	72	8.1	22	20	80			
http://resources.usgin.org/uri-gin/nbmg/thermalspring/NBMG:1063/	Five Springs Well / USGS Well SM7	NV	36.46523	-116.31865	1964	45		72	8.1	22	20	80	281	1.7	
http://resources.usgin.org/uri-gin/nbmg/thermalspring/NBMG:1063/	Five Springs Well / USGS Well SM7	NV	36.46523	-116.31865	1964										7.8
http://resources.usgin.org/uri-gin/nbmg/thermalspring/NBMG:1063/	Five Springs Well / USGS Well SM7	NV	36.46523	-116.31865	1990	45	19	66	8.3	23	21	77			
http://resources.usgin.org/uri-gin/nbmg/thermalspring/NBMG:1063/	Five Springs Well / USGS Well SM7	NV	36.46523	-116.31865	1990	45		66	8.3	23	21	77	301	1.5	
http://resources.usgin.org/uri-gin/nbmg/thermalspring/NBMG:1063/	Five Springs Well / USGS Well SM7	NV	36.46523	-116.31865	1990										7.6
http://resources.usgin.org/uri-gin/nbmg/thermalspring/NBMG:1063/	Five Springs Well / USGS Well SM7	NV	36.46523	-116.31865	1992	48	21	69	7.3	21	25	85			
http://resources.usgin.org/uri-gin/nbmg/thermalspring/NBMG:1063/	Five Springs Well / USGS Well SM7	NV	36.46523	-116.31865	1992	48		69	7.3	21	25	85	303	1.6	
http://resources.usgin.org/uri-gin/nbmg/thermalspring/NBMG:1063/	Five Springs Well / USGS Well SM7	NV	36.46523	-116.31865	1992	49	20	67	8	21	26	85			
http://resources.usgin.org/uri-gin/nbmg/thermalspring/NBMG:1063/	Five Springs Well / USGS Well SM7	NV	36.46523	-116.31865	1992	49		67	8	21	26	85	307	1.7	
http://resources.usgin.org/uri-gin/nbmg/thermalspring/NBMG:1063/	Five Springs Well / USGS Well SM7	NV	36.46523	-116.31865	1992										7.5
http://resources.usgin.org/uri-gin/nbmg/thermalspring/NBMG:1063/	Five Springs Well / USGS Well SM7	NV	36.46523	-116.31865	1992										7.6
http://resources.usgin.org/uri-gin/nbmg/thermalspring/NBMG:1063/	Five Springs Well / USGS Well SM7	NV	36.46523	-116.31865	1996	46	20	68	7.9	22	21	81			
http://resources.usgin.org/uri-gin/nbmg/thermalspring/NBMG:1063/	Five Springs Well / USGS Well SM7	NV	36.46523	-116.31865	1996	46		68	7.9	22	21	81	300	1.7	
http://resources.usgin.org/uri-gin/nbmg/thermalspring/NBMG:1063/	Five Springs Well / USGS Well SM7	NV	36.46523	-116.31865	1996										7.1
http://resources.usgin.org/uri-gin/nbmg/thermalspring/NBMG:1065/	Big Warm Spring / Duckwater Spring / Burrell Hot Springs	NV	38.94947	-115.70097	1950	62	22	28	6.5	25	8.6	47			
http://resources.usgin.org/uri-gin/nbmg/thermalspring/NBMG:1065/	Big Warm Spring / Duckwater Spring / Burrell Hot Springs	NV	38.94947	-115.70097	1950	62		28	6.5	25	8.6	47	321	0.6	
http://resources.usgin.org/uri-gin/nbmg/thermalspring/NBMG:1065/	Big Warm Spring / Duckwater Spring / Burrell Hot Springs	NV	38.94947	-115.70097	1950										8
http://resources.usgin.org/uri-gin/nbmg/thermalspring/NBMG:1065/	Big Warm Spring / Duckwater Spring - Duckwater	NV	38.94947	-115.70097	1967	44	26	35	7.2	27	9.9	46			
http://resources.usgin.org/uri-gin/nbmg/thermalspring/NBMG:1065/	Big Warm Spring / Duckwater Spring - Duckwater	NV	38.94947	-115.70097	1967	44		35	7.2	27	9.9	46		3.6	
http://resources.usgin.org/uri-gin/nbmg/thermalspring/NBMG:1065/	Big Warm Spring / Duckwater Spring - Duckwater	NV	38.94947	-115.70097	1967										8.2
http://resources.usgin.org/uri-gin/nbmg/thermalspring/NBMG:1065/	Big Warm Spring / Duckwater Spring / Burrell Hot Springs	NV	38.94947	-115.70097	1968	63	21								
http://resources.usgin.org/uri-gin/nbmg/thermalspring/NBMG:1065/	Big Warm Spring / Duckwater Spring / Burrell Hot Springs	NV	38.94947	-115.70097	1968	63									
http://resources.usgin.org/uri-gin/nbmg/thermalspring/NBMG:1065/	Big Warm Spring / Duckwater Spring / Burrell Hot Springs	NV	38.94947	-115.70097	1983	63	23	29	6.2	29	7.6	46			
http://resources.usgin.org/uri-gin/nbmg/thermalspring/NBMG:1065/	Big Warm Spring / Duckwater Spring / Burrell Hot Springs	NV	38.94947	-115.70097	1983	63		29	6.2	29	7.6	46		0.6	
http://resources.usgin.org/uri-gin/nbmg/thermalspring/NBMG:1065/	Big Warm Spring / Duckwater Spring / Burrell Hot Springs	NV	38.94947	-115.70097	1983										7.3
http://resources.usgin.org/uri-gin/nbmg/thermalspring/NBMG:1065/	Big Warm Spring / Duckwater Spring / Burrell Hot Springs	NV	38.94947	-115.70097		66	23	29	7.2	31	7.5	48			
http://resources.usgin.org/uri-gin/nbmg/thermalspring/NBMG:1065/	Big Warm Spring / Duckwater Spring / Burrell Hot Springs	NV	38.94947	-115.70097		66		29	7.2	31	7.5	48	319	0.5	
http://resources.usgin.org/uri-gin/nbmg/thermalspring/NBMG:1065/	Big Warm Spring / Duckwater Spring / Burrell Hot Springs	NV	38.94947	-115.70097											7.8
http://resources.usgin.org/uri-gin/nbmg/thermalspring/NBMG:107/	Hot Spring - Goose Creek	NV	41.88992	-114.12085		12	1.1	46	10	40	5.9	15			
http://resources.usgin.org/uri-gin/nbmg/thermalspring/NBMG:107/	Hot Spring - Goose Creek	NV	41.88992	-114.12085		12		46	10	40	5.9	15	150	1.6	
http://resources.usgin.org/uri-gin/nbmg/thermalspring/NBMG:107/	Hot Spring - Goose Creek	NV	41.88992	-114.12085											7.6
http://resources.usgin.org/uri-gin/nbmg/thermalspring/NBMG:10719/	City of Carson GC-8	NV	39.19491	-119.70518	1997	52.9	19.9	36.2	4.42	52.3	94.6	29			
http://resources.usgin.org/uri-gin/nbmg/thermalspring/NBMG:10719/	City of Carson GC-8	NV	39.19491	-119.70518	1997	52.9		36.2	4.42	52.3	94.6	29	117	0.2	
http://resources.usgin.org/uri-gin/nbmg/thermalspring/NBMG:10719/	City of Carson GC-8	NV	39.19491	-119.70518	1997										6.9
http://resources.usgin.org/uri-gin/nbmg/thermalspring/NBMG:1073/	Main Spring	NV	36.46302	-116.31747	2006	45	19	72	8.4	22	20	82			
http://resources.usgin.org/uri-gin/nbmg/thermalspring/NBMG:1073/	Main Spring	NV	36.46302	-116.31747	2006	45		72	8.4	22	20	82	269	1.7	
http://resources.usgin.org/uri-gin/nbmg/thermalspring/NBMG:1073/	Main Spring	NV	36.46302	-116.31747	2006										8.1
http://resources.usgin.org/uri-gin/nbmg/thermalspring/NBMG:1077/	Cold Spring - Winnemucca	NV	40.99273	-117.76296	1954	179	58	74	2	25	191	390			
http://resources.usgin.org/uri-gin/nbmg/thermalspring/NBMG:1077/	Cold Spring - Winnemucca	NV	40.99273	-117.76296	1954	179		74	2	25	191	390	211	-9999999	
http://resources.usgin.org/uri-gin/nbmg/thermalspring/NBMG:1077/	Cold Spring - Winnemucca	NV	40.99273	-117.76296	1954										7.7
http://resources.usgin.org/uri-gin/nbmg/thermalspring/NBMG:1078/	Warm Spring - Goose Creek	NV	41.88659	-114.12085	1960	29	8.1	9.6	4.6	23	3.3	13			
http://resources.usgin.org/uri-gin/nbmg/thermalspring/NBMG:1078/	Warm Spring - Goose Creek	NV	41.88659	-114.12085	1960	29		9.6	4.6	23	3.3	13	144	0.4	
http://resources.usgin.org/uri-gin/nbmg/thermalspring/NBMG:1078/	Warm Spring - Goose Creek	NV	41.88659	-114.12085	1960										7.2
http://resources.usgin.org/uri-gin/nbmg/thermalspring/NBMG:1086/	Orifice 30 - Leach Hot Springs / Nelson Hot Springs / Guthrie Hot Springs / Pleasant Valley Hot Springs	NV	40.59771	-117.6528	1978	14	1.9	170	12	100	30	44			
http://resources.usgin.org/uri-gin/nbmg/thermalspring/NBMG:1086/	Orifice 30 - Leach Hot Springs / Nelson Hot Springs / Guthrie Hot Springs / Pleasant Valley Hot Springs	NV	40.59771	-117.6528	1978	14		170	12	100	30	44		6.6	
http://resources.usgin.org/uri-gin/nbmg/thermalspring/NBMG:1086/	Orifice 30 - Leach Hot Springs / Nelson Hot Springs / Guthrie Hot Springs / Pleasant Valley Hot Springs	NV	40.59771	-117.6528	1978										7.8
http://resources.usgin.org/uri-gin/nbmg/thermalspring/NBMG:1088/	Brooks Spring	NV	40.8287	-117.30635	1962	58	16	157	15	44	34	84			
http://resources.usgin.org/uri-gin/nbmg/thermalspring/NBMG:1088/	Brooks Spring	NV	40.8287	-117.30635	1962	58		157	15	44	34	84	533	1.7	
http://resources.usgin.org/uri-gin/nbmg/thermalspring/NBMG:1088/	Brooks Spring	NV	40.8287	-117.30635	1962										7
http://resources.usgin.org/uri-gin/nbmg/thermalspring/NBMG:1088/	Brooks Spring	NV	40.8287	-117.30635	1977	59	17	160	14	35	36	91			
http://resources.usgin.org/uri-gin/nbmg/thermalspring/NBMG:1088/	Brooks Spring	NV	40.8287	-117.30635	1977	59		160	14	35	36	91		1.7	
http://resources.usgin.org/uri-gin/nbmg/thermalspring/NBMG:1088/	Brooks Spring	NV	40.8287	-117.30635	1977										7.1
http://resources.usgin.org/uri-gin/nbmg/thermalspring/NBMG:1088/	Brooks Spring	NV	40.8287	-117.30635		48	16.2	160	17	40	32.9	86			
http://resources.usgin.org/uri-gin/nbmg/thermalspring/NBMG:1088/	Brooks Spring	NV	40.8287	-117.30635		48		160	17	40	32.9	86	498.9	1.7	
http://resources.usgin.org/uri-gin/nbmg/thermalspring/NBMG:1088/	Brooks Spring	NV	40.8287	-117.30635											7.2
http://resources.usgin.org/uri-gin/nbmg/thermalspring/NBMG:1098/	Upper Hot Creek Ranch Springs - Hot Creek Canyon	NV	38.52013	-116.36779	1948	13	26				33	81			
http://resources.usgin.org/uri-gin/nbmg/thermalspring/NBMG:1098/	Upper Hot Creek Ranch Springs - Hot Creek Canyon	NV	38.52013	-116.36779	1948	13					33	81			
http://resources.usgin.org/uri-gin/nbmg/thermalspring/NBMG:1098/	Upper Hot Creek Ranch Springs - Hot Creek Canyon	NV	38.52013	-116.36779	1967	36	11	192	13	134	35	72			
http://resources.usgin.org/uri-gin/nbmg/thermalspring/NBMG:1098/	Upper Hot Creek Ranch Springs - Hot Creek Canyon	NV	38.52013	-116.36779	1967	36		192	13	134	35	72		7.6	
http://resources.usgin.org/uri-gin/nbmg/thermalspring/NBMG:1098/	Upper Hot Creek Ranch Springs - Hot Creek Canyon	NV	38.52013	-116.36779	1967										8
http://resources.usgin.org/uri-gin/nbmg/thermalspring/NBMG:110/	Hot Sulphur Springs / Ellison Ranch Springs / Tuscarora Hot Springs / Hot Sulfur Springs	NV	41.47824	-116.14759	1980	1.7	0.08	150	18	124	13	47			
http://resources.usgin.org/uri-gin/nbmg/thermalspring/NBMG:110/	Hot Sulphur Springs / Ellison Ranch Springs / Tuscarora Hot Springs / Hot Sulfur Springs	NV	41.47824	-116.14759	1980	1.7		150	18	124	13	47	336	7.6	
http://resources.usgin.org/uri-gin/nbmg/thermalspring/NBMG:110/	Hot Sulphur Springs / Ellison Ranch Springs / Tuscarora Hot Springs / Hot Sulfur Springs	NV	41.47824	-116.14759	1980										7.39
http://resources.usgin.org/uri-gin/nbmg/thermalspring/NBMG:1101/	Soda Springs / Sodaville Springs	NV	38.34166	-118.10435	1949	40	3.3	305	16	46	87	597			
http://resources.usgin.org/uri-gin/nbmg/thermalspring/NBMG:1101/	Soda Springs / Sodaville Springs	NV	38.34166	-118.10435	1949	40		305	16	46	87	597	112	7.4	
http://resources.usgin.org/uri-gin/nbmg/thermalspring/NBMG:1101/	Soda Springs / Sodaville Springs	NV	38.34166	-118.10435	1949										7.6
http://resources.usgin.org/uri-gin/nbmg/thermalspring/NBMG:1101/	Soda Springs / Sodaville Springs	NV	38.34166	-118.10435	2008	40.6753087696617	2.76107441860465	309.992223865663	17.7	45.3543829666026	76.6802	563.7968			
http://resources.usgin.org/uri-gin/nbmg/thermalspring/NBMG:1101/	Soda Springs / Sodaville Springs	NV	38.34166	-118.10435	2008	40.6753087696617		309.992223865663	17.7	45.3543829666026	76.6802	563.7968	96.2	7.8081	
http://resources.usgin.org/uri-gin/nbmg/thermalspring/NBMG:1104/	Lackawanna Hot Springs / Ely Hot Springs	NV	39.28379	-114.86655		32	25				10	83			
http://resources.usgin.org/uri-gin/nbmg/thermalspring/NBMG:1104/	Lackawanna Hot Springs / Ely Hot Springs	NV	39.28379	-114.86655		32	25				10	83			
http://resources.usgin.org/uri-gin/nbmg/thermalspring/NBMG:1104/	Lackawanna Hot Springs / Ely Hot Springs	NV	39.28379	-114.86655		32					10	83	148		
http://resources.usgin.org/uri-gin/nbmg/thermalspring/NBMG:1104/	Lackawanna Hot Springs / Ely Hot Springs	NV	39.28379	-114.86655		32					10	83	148		
http://resources.usgin.org/uri-gin/nbmg/thermalspring/NBMG:1104/	Lackawanna Hot Springs / Ely Hot Springs	NV	39.28379	-114.86655											8
http://resources.usgin.org/uri-gin/nbmg/thermalspring/NBMG:1104/	Lackawanna Hot Springs / Ely Hot Springs	NV	39.28379	-114.86655											8
http://resources.usgin.org/uri-gin/nbmg/thermalspring/NBMG:1107/	North Spring - Lockes Hot Springs	NV	38.56031	-115.76507	1966						12				
http://resources.usgin.org/uri-gin/nbmg/thermalspring/NBMG:1107/	North Spring - Lockes Hot Springs	NV	38.56031	-115.76507	1966						12				
http://resources.usgin.org/uri-gin/nbmg/thermalspring/NBMG:1107/	North Spring - Lockes Hot Springs	NV	38.56031	-115.76507	1967	63	25				12	60			
http://resources.usgin.org/uri-gin/nbmg/thermalspring/NBMG:1107/	North Spring - Lockes Hot Springs	NV	38.56031	-115.76507	1967	63					12	60	380		
http://resources.usgin.org/uri-gin/nbmg/thermalspring/NBMG:1107/	North Spring - Lockes Hot Springs	NV	38.56031	-115.76507	1967										7.6
http://resources.usgin.org/uri-gin/nbmg/thermalspring/NBMG:1107/	North Spring - Lockes Hot Springs	NV	38.56031	-115.76507	1975	59	23				12	63			
http://resources.usgin.org/uri-gin/nbmg/thermalspring/NBMG:1107/	North Spring - Lockes Hot Springs	NV	38.56031	-115.76507	1975	59					12	63	376		
http://resources.usgin.org/uri-gin/nbmg/thermalspring/NBMG:1107/	North Spring - Lockes Hot Springs	NV	38.56031	-115.76507	1975										8.1
http://resources.usgin.org/uri-gin/nbmg/thermalspring/NBMG:1107/	North Spring - Lockes Hot Springs	NV	38.56031	-115.76507	1978	70	23	60	9.5	95.5	12.5	42			
http://resources.usgin.org/uri-gin/nbmg/thermalspring/NBMG:1107/	North Spring - Lockes Hot Springs	NV	38.56031	-115.76507	1978	70		60	9.5	95.5	12.5	42		-0.03	
http://resources.usgin.org/uri-gin/nbmg/thermalspring/NBMG:1107/	North Spring - Lockes Hot Springs	NV	38.56031	-115.76507	1978										7.4
http://resources.usgin.org/uri-gin/nbmg/thermalspring/NBMG:1109/	Siri Ranch Spring Water Well	NV	39.99289	-116.0411	1958	51	20	15	3.4	25	10	25			
http://resources.usgin.org/uri-gin/nbmg/thermalspring/NBMG:1109/	Siri Ranch Spring Water Well	NV	39.99289	-116.0411	1958	51		15	3.4	25	10	25	255	-9999999	
http://resources.usgin.org/uri-gin/nbmg/thermalspring/NBMG:1109/	Siri Ranch Spring Water Well	NV	39.99289	-116.0411	1958										8
http://resources.usgin.org/uri-gin/nbmg/thermalspring/NBMG:1110/	Mosquito Creek Springs / Mosquito Ranch Springs	NV	38.8221	-116.71701	1967	6.4	0.1	49	1.9	56	7.9	20			
http://resources.usgin.org/uri-gin/nbmg/thermalspring/NBMG:1110/	Mosquito Creek Springs / Mosquito Ranch Springs	NV	38.8221	-116.71701	1967	6.4		49	1.9	56	7.9	20		1.9	
http://resources.usgin.org/uri-gin/nbmg/thermalspring/NBMG:1110/	Mosquito Creek Springs / Mosquito Ranch Springs	NV	38.8221	-116.71701	1967										7.5
http://resources.usgin.org/uri-gin/nbmg/thermalspring/NBMG:1111/	Orifice 23 - Great Boiling Springs / Gerlach Hot Springs	NV	40.67147	-119.36379		150	12	1900	270	174	4950	1350			
http://resources.usgin.org/uri-gin/nbmg/thermalspring/NBMG:1111/	Orifice 23 - Great Boiling Springs / Gerlach Hot Springs	NV	40.67147	-119.36379		150		1900	270	174	4950	1350	10		
http://resources.usgin.org/uri-gin/nbmg/thermalspring/NBMG:1111/	Orifice 23 - Great Boiling Springs / Gerlach Hot Springs	NV	40.67147	-119.36379											4.5
http://resources.usgin.org/uri-gin/nbmg/thermalspring/NBMG:11148/	Stone Cabin Ranch Springs	NV	38.20978	-116.63607	2003										7.1
http://resources.usgin.org/uri-gin/nbmg/thermalspring/NBMG:1117/	Shoshone Warm Springs	NV	41.97158	-114.5792	1962	35	11	19	6.6	21	2	19			
http://resources.usgin.org/uri-gin/nbmg/thermalspring/NBMG:1117/	Shoshone Warm Springs	NV	41.97158	-114.5792	1962	35		19	6.6	21	2	19	190		
http://resources.usgin.org/uri-gin/nbmg/thermalspring/NBMG:1117/	Shoshone Warm Springs	NV	41.97158	-114.5792	1962										8
http://resources.usgin.org/uri-gin/nbmg/thermalspring/NBMG:1118/	Water Fountain - Valley of Fire	NV	36.42331	-114.54915	1971	5	0.7	36	2.7	0.64	8.1	64			
http://resources.usgin.org/uri-gin/nbmg/thermalspring/NBMG:1118/	Water Fountain - Valley of Fire	NV	36.42331	-114.54915	1971	5		36	2.7	0.64	8.1	64	37	0.1	
http://resources.usgin.org/uri-gin/nbmg/thermalspring/NBMG:1118/	Water Fountain - Valley of Fire	NV	36.42331	-114.54915	1971										9.6
http://resources.usgin.org/uri-gin/nbmg/thermalspring/NBMG:1119/	Warm Well - Moana Hot Springs	NV	39.48658	-119.80102	1957	16	0.7	130	2.6	97	16	153			
http://resources.usgin.org/uri-gin/nbmg/thermalspring/NBMG:1119/	Warm Well - Moana Hot Springs	NV	39.48658	-119.80102	1957	16		130	2.6	97	16	153	165	4.5	
http://resources.usgin.org/uri-gin/nbmg/thermalspring/NBMG:1119/	Warm Well - Moana Hot Springs	NV	39.48658	-119.80102	1957										8
http://resources.usgin.org/uri-gin/nbmg/thermalspring/NBMG:112/	Cold Spring - Jarbidge Mountains	NV	41.87685	-115.24811	1982										6
http://resources.usgin.org/uri-gin/nbmg/thermalspring/NBMG:1123/	Cress Ranch Hot Springs / Hot Springs nr Winter Creek	NV	41.17992	-115.28256	1962	3.1	0.45	450	36	151	31	2			
http://resources.usgin.org/uri-gin/nbmg/thermalspring/NBMG:1123/	Cress Ranch Hot Springs / Hot Springs nr Winter Creek	NV	41.17992	-115.28256	1962	3.1		450	36	151	31	2	1149	21	
http://resources.usgin.org/uri-gin/nbmg/thermalspring/NBMG:1123/	Cress Ranch Hot Springs / Hot Springs nr Winter Creek	NV	41.17992	-115.28256	1962										8
http://resources.usgin.org/uri-gin/nbmg/thermalspring/NBMG:1124/	Burrell Hot Springs	NV	36.96777	-116.72339	1945	27	3.9				75	48			
http://resources.usgin.org/uri-gin/nbmg/thermalspring/NBMG:1124/	Burrell Hot Springs	NV	36.96777	-116.72339	1945	27					75	48	393	-9999999	
http://resources.usgin.org/uri-gin/nbmg/thermalspring/NBMG:1124/	Burrell Hot Springs	NV	36.96777	-116.72339	1945										7.9
http://resources.usgin.org/uri-gin/nbmg/thermalspring/NBMG:1129/	Little Ash Spring	NV	37.46829	-115.19918	1965	56	14	31	5.6	29	21	34.1			
http://resources.usgin.org/uri-gin/nbmg/thermalspring/NBMG:1129/	Little Ash Spring	NV	37.46829	-115.19918	1965	56		31	5.6	29	21	34.1	266	8.7	
http://resources.usgin.org/uri-gin/nbmg/thermalspring/NBMG:1129/	Little Ash Spring	NV	37.46829	-115.19918	1965										7.6
http://resources.usgin.org/uri-gin/nbmg/thermalspring/NBMG:1129/	Little Ash Spring	NV	37.46829	-115.19918	1981	43	14	27	7.4	30	8.5	34			
http://resources.usgin.org/uri-gin/nbmg/thermalspring/NBMG:1129/	Little Ash Spring	NV	37.46829	-115.19918	1981	43		27	7.4	30	8.5	34		0.8	
http://resources.usgin.org/uri-gin/nbmg/thermalspring/NBMG:1129/	Little Ash Spring	NV	37.46829	-115.19918	1981										7
http://resources.usgin.org/uri-gin/nbmg/thermalspring/NBMG:1131/	Old Dugan Place Hot Springs / Old Dugan Ranch Hot Springs - Hot Creek Canyon	NV	38.52966	-116.40369	1950	18	26				22	64			
http://resources.usgin.org/uri-gin/nbmg/thermalspring/NBMG:1131/	Old Dugan Place Hot Springs / Old Dugan Ranch Hot Springs - Hot Creek Canyon	NV	38.52966	-116.40369	1950	18	26				22	64			
http://resources.usgin.org/uri-gin/nbmg/thermalspring/NBMG:1131/	Old Dugan Place Hot Springs / Old Dugan Ranch Hot Springs - Hot Creek Canyon	NV	38.52966	-116.40369	1950	18					22	64	204		
http://resources.usgin.org/uri-gin/nbmg/thermalspring/NBMG:1131/	Old Dugan Place Hot Springs / Old Dugan Ranch Hot Springs - Hot Creek Canyon	NV	38.52966	-116.40369	1950	18					22	64			
http://resources.usgin.org/uri-gin/nbmg/thermalspring/NBMG:1131/	Old Dugan Place Hot Springs / Old Dugan Ranch Hot Springs - Hot Creek Canyon	NV	38.52966	-116.40369	1950										8
http://resources.usgin.org/uri-gin/nbmg/thermalspring/NBMG:1131/	Old Dugan Place Hot Springs / Old Dugan Ranch Hot Springs - Hot Creek Canyon	NV	38.52966	-116.40369	1967	71	22	49	7.3	39	21	57			
http://resources.usgin.org/uri-gin/nbmg/thermalspring/NBMG:1131/	Old Dugan Place Hot Springs / Old Dugan Ranch Hot Springs - Hot Creek Canyon	NV	38.52966	-116.40369	1967	71		49	7.3	39	21	57		1.3	
http://resources.usgin.org/uri-gin/nbmg/thermalspring/NBMG:1131/	Old Dugan Place Hot Springs / Old Dugan Ranch Hot Springs - Hot Creek Canyon	NV	38.52966	-116.40369	1967										7.9
http://resources.usgin.org/uri-gin/nbmg/thermalspring/NBMG:1131/	Old Dugan Place Hot Springs / Old Dugan Ranch Hot Springs - Hot Creek Canyon	NV	38.52966	-116.40369	1968	68	21								
http://resources.usgin.org/uri-gin/nbmg/thermalspring/NBMG:1131/	Old Dugan Place Hot Springs / Old Dugan Ranch Hot Springs - Hot Creek Canyon	NV	38.52966	-116.40369	1968	68									
http://resources.usgin.org/uri-gin/nbmg/thermalspring/NBMG:1131/	Old Dugan Place Hot Springs / Old Dugan Ranch Hot Springs - Hot Creek Canyon	NV	38.52966	-116.40369	1968	70	21								
http://resources.usgin.org/uri-gin/nbmg/thermalspring/NBMG:1131/	Old Dugan Place Hot Springs / Old Dugan Ranch Hot Springs - Hot Creek Canyon	NV	38.52966	-116.40369	1968	70									
http://resources.usgin.org/uri-gin/nbmg/thermalspring/NBMG:1131/	Old Dugan Place Hot Springs / Old Dugan Ranch Hot Springs - Hot Creek Canyon	NV	38.52966	-116.40369	1968										7.7
http://resources.usgin.org/uri-gin/nbmg/thermalspring/NBMG:1131/	Old Dugan Place Hot Springs / Old Dugan Ranch Hot Springs - Hot Creek Canyon	NV	38.52966	-116.40369	1968										7.8
http://resources.usgin.org/uri-gin/nbmg/thermalspring/NBMG:1131/	Old Dugan Place Hot Springs / Old Dugan Ranch Hot Springs - Hot Creek Canyon	NV	38.52966	-116.40369	1975	70	22	49	6.8	32	19	55			
http://resources.usgin.org/uri-gin/nbmg/thermalspring/NBMG:1131/	Old Dugan Place Hot Springs / Old Dugan Ranch Hot Springs - Hot Creek Canyon	NV	38.52966	-116.40369	1975	70		49	6.8	32	19	55	358	10.007	
http://resources.usgin.org/uri-gin/nbmg/thermalspring/NBMG:1131/	Old Dugan Place Hot Springs / Old Dugan Ranch Hot Springs - Hot Creek Canyon	NV	38.52966	-116.40369	1975										7.7
http://resources.usgin.org/uri-gin/nbmg/thermalspring/NBMG:1131/	Old Dugan Place Hot Springs / Old Dugan Ranch Hot Springs - Hot Creek Canyon	NV	38.52966	-116.40369	2002	49.7	24.5	48.8	7.6	37.4	26.3	58.2			
http://resources.usgin.org/uri-gin/nbmg/thermalspring/NBMG:1131/	Old Dugan Place Hot Springs / Old Dugan Ranch Hot Springs - Hot Creek Canyon	NV	38.52966	-116.40369	2002	49.7		48.8	7.6	37.4	26.3	58.2	280	0.7	
http://resources.usgin.org/uri-gin/nbmg/thermalspring/NBMG:11330/	USGS Well 1 - Moana Pool	NV	39.49036	-119.79919	1994	9.7	0.98	110	5.5	89	12	94			
http://resources.usgin.org/uri-gin/nbmg/thermalspring/NBMG:11330/	USGS Well 1 - Moana Pool	NV	39.49036	-119.79919	1994	9.7		110	5.5	89	12	94	188	3.3	
http://resources.usgin.org/uri-gin/nbmg/thermalspring/NBMG:11330/	USGS Well 1 - Moana Pool	NV	39.49036	-119.79919	1994										7.9
http://resources.usgin.org/uri-gin/nbmg/thermalspring/NBMG:11330/	USGS Well 1 - Moana Pool	NV	39.49036	-119.79919	2002	12.2	1.14	129	5.74	89.7	14.6	135			
http://resources.usgin.org/uri-gin/nbmg/thermalspring/NBMG:11330/	USGS Well 1 - Moana Pool	NV	39.49036	-119.79919	2002	12.2		129	5.74	89.7	14.6	135	176	1.99	
http://resources.usgin.org/uri-gin/nbmg/thermalspring/NBMG:11330/	USGS Well 1 - Moana Pool	NV	39.49036	-119.79919	2002										7.9
http://resources.usgin.org/uri-gin/nbmg/thermalspring/NBMG:1135/	Pearl Hot Springs	NV	37.82221	-117.48102	1968	238	38	8700	740	54	14040	121			
http://resources.usgin.org/uri-gin/nbmg/thermalspring/NBMG:1135/	Pearl Hot Springs	NV	37.82221	-117.48102	1968	238		8700	740	54	14040	121	581	0.56	
http://resources.usgin.org/uri-gin/nbmg/thermalspring/NBMG:1135/	Pearl Hot Springs	NV	37.82221	-117.48102	1968										6.66
http://resources.usgin.org/uri-gin/nbmg/thermalspring/NBMG:1139/	Big Spring - Lockes Hot Springs	NV	38.55576	-115.77147	1944	66	21	52	10		10	59			
http://resources.usgin.org/uri-gin/nbmg/thermalspring/NBMG:1139/	Big Spring - Lockes Hot Springs	NV	38.55576	-115.77147	1944	66		52	10		10	59	376	1.2	
http://resources.usgin.org/uri-gin/nbmg/thermalspring/NBMG:1139/	Big Spring - Lockes Hot Springs	NV	38.55576	-115.77147	1944										7.5
http://resources.usgin.org/uri-gin/nbmg/thermalspring/NBMG:1139/	Big Spring - Lockes Hot Springs	NV	38.55576	-115.77147	1967	57	17	54	12	32	14	17			
http://resources.usgin.org/uri-gin/nbmg/thermalspring/NBMG:1139/	Big Spring - Lockes Hot Springs	NV	38.55576	-115.77147	1967	57		54	12	32	14	17		2.8	
http://resources.usgin.org/uri-gin/nbmg/thermalspring/NBMG:1139/	Big Spring - Lockes Hot Springs	NV	38.55576	-115.77147	1967										8.1
http://resources.usgin.org/uri-gin/nbmg/thermalspring/NBMG:1139/	Big Spring - Lockes Hot Springs	NV	38.55576	-115.77147	1968	63	21	53	12		6.3	56			
http://resources.usgin.org/uri-gin/nbmg/thermalspring/NBMG:1139/	Big Spring - Lockes Hot Springs	NV	38.55576	-115.77147	1968	63		53	12		6.3	56		1.1	
http://resources.usgin.org/uri-gin/nbmg/thermalspring/NBMG:1139/	Big Spring - Lockes Hot Springs	NV	38.55576	-115.77147	1968	64	21			27					
http://resources.usgin.org/uri-gin/nbmg/thermalspring/NBMG:1139/	Big Spring - Lockes Hot Springs	NV	38.55576	-115.77147	1968	64				27					
http://resources.usgin.org/uri-gin/nbmg/thermalspring/NBMG:1139/	Big Spring - Lockes Hot Springs	NV	38.55576	-115.77147	1968										7.8
http://resources.usgin.org/uri-gin/nbmg/thermalspring/NBMG:1139/	Big Spring - Lockes Hot Springs	NV	38.55576	-115.77147	1968										7.9
http://resources.usgin.org/uri-gin/nbmg/thermalspring/NBMG:1139/	Big Spring - Lockes Hot Springs	NV	38.55576	-115.77147	1981	63	21	51	11	29	16	61			
http://resources.usgin.org/uri-gin/nbmg/thermalspring/NBMG:1139/	Big Spring - Lockes Hot Springs	NV	38.55576	-115.77147	1981	63		51	11	29	16	61		1.1	
http://resources.usgin.org/uri-gin/nbmg/thermalspring/NBMG:1139/	Big Spring - Lockes Hot Springs	NV	38.55576	-115.77147	1981										6.7
http://resources.usgin.org/uri-gin/nbmg/thermalspring/NBMG:11413/	Spring LJKC-6 - Tuscarora Mountains	NV	40.99072	-116.25891	2003										7
http://resources.usgin.org/uri-gin/nbmg/thermalspring/NBMG:1150/	Moorman Spring / Morman Spring	NV	38.59452	-115.13915	1981	58	19	24	5.9	27	9.9	47			
http://resources.usgin.org/uri-gin/nbmg/thermalspring/NBMG:1150/	Moorman Spring / Morman Spring	NV	38.59452	-115.13915	1981	58		24	5.9	27	9.9	47		1.3	
http://resources.usgin.org/uri-gin/nbmg/thermalspring/NBMG:1150/	Moorman Spring / Morman Spring	NV	38.59452	-115.13915	1981										7
http://resources.usgin.org/uri-gin/nbmg/thermalspring/NBMG:1156/	Burrell Hot Springs	NV	36.96748	-116.72359	1978	18	1.5	169	3	69	45	127			
http://resources.usgin.org/uri-gin/nbmg/thermalspring/NBMG:1156/	Burrell Hot Springs	NV	36.96748	-116.72359	1978	18		169	3	69	45	127	254	5	
http://resources.usgin.org/uri-gin/nbmg/thermalspring/NBMG:1156/	Burrell Hot Springs	NV	36.96748	-116.72359	1978										7.9
http://resources.usgin.org/uri-gin/nbmg/thermalspring/NBMG:1156/	Burrell Hot Springs	NV	36.96748	-116.72359		18	-9999999	167	7.4	65	45	121			
http://resources.usgin.org/uri-gin/nbmg/thermalspring/NBMG:1156/	Burrell Hot Springs	NV	36.96748	-116.72359		18		167	7.4	65	45	121	256	-9999999	
http://resources.usgin.org/uri-gin/nbmg/thermalspring/NBMG:1156/	Burrell Hot Springs	NV	36.96748	-116.72359											7.9
http://resources.usgin.org/uri-gin/nbmg/thermalspring/NBMG:1161/	Spencer Hot Springs	NV	39.32993	-116.85792		25	17	100	22	47	13	35			
http://resources.usgin.org/uri-gin/nbmg/thermalspring/NBMG:1161/	Spencer Hot Springs	NV	39.32993	-116.85792		25		100	22	47	13	35		2.1	
http://resources.usgin.org/uri-gin/nbmg/thermalspring/NBMG:1161/	Spencer Hot Springs	NV	39.32993	-116.85792											7.89
http://resources.usgin.org/uri-gin/nbmg/thermalspring/NBMG:1163/	Twelvemile Spring / Metropolis Spring	NV	41.24271	-114.94788	2002	45.3	17.6	16	5.8	39.6	4.7	32.2			
http://resources.usgin.org/uri-gin/nbmg/thermalspring/NBMG:1163/	Twelvemile Spring / Metropolis Spring	NV	41.24271	-114.94788	2002	45.3		16	5.8	39.6	4.7	32.2	239	0.42	
http://resources.usgin.org/uri-gin/nbmg/thermalspring/NBMG:1165/	Burrell Hot Springs Well	NV	36.96722	-116.72379	1974	27.5	0.4	151	6	62	44	121			
http://resources.usgin.org/uri-gin/nbmg/thermalspring/NBMG:1165/	Burrell Hot Springs Well	NV	36.96722	-116.72379	1974	27.5		151	6	62	44	121		5.96	
http://resources.usgin.org/uri-gin/nbmg/thermalspring/NBMG:1165/	Burrell Hot Springs Well	NV	36.96722	-116.72379	1974										7.9
http://resources.usgin.org/uri-gin/nbmg/thermalspring/NBMG:1165/	Burrell Hot Springs Well	NV	36.96722	-116.72379		28	0.4	151	6	62	44	121			
http://resources.usgin.org/uri-gin/nbmg/thermalspring/NBMG:1165/	Burrell Hot Springs Well	NV	36.96722	-116.72379		28		151	6	62	44	121	246	60.06	
http://resources.usgin.org/uri-gin/nbmg/thermalspring/NBMG:1165/	Burrell Hot Springs Well	NV	36.96722	-116.72379											7.9
http://resources.usgin.org/uri-gin/nbmg/thermalspring/NBMG:1166/	Zolezzi Spring	NV	39.41971	-119.75922	1958	9.3	2.1	130	15	134	94	17			
http://resources.usgin.org/uri-gin/nbmg/thermalspring/NBMG:1166/	Zolezzi Spring	NV	39.41971	-119.75922	1958	9.3		130	15	134	94	17	224	0.5	
http://resources.usgin.org/uri-gin/nbmg/thermalspring/NBMG:1166/	Zolezzi Spring	NV	39.41971	-119.75922	1958										7.6
http://resources.usgin.org/uri-gin/nbmg/thermalspring/NBMG:1166/	Zolezzi Spring	NV	39.41971	-119.75922	1963	11	4.6	141	20	141	126	17			
http://resources.usgin.org/uri-gin/nbmg/thermalspring/NBMG:1166/	Zolezzi Spring	NV	39.41971	-119.75922	1963	11		141	20	141	126	17	229	0.3	
http://resources.usgin.org/uri-gin/nbmg/thermalspring/NBMG:1166/	Zolezzi Spring	NV	39.41971	-119.75922	1963										7.4
http://resources.usgin.org/uri-gin/nbmg/thermalspring/NBMG:1166/	Zolezzi Spring	NV	39.41971	-119.75922							130				
http://resources.usgin.org/uri-gin/nbmg/thermalspring/NBMG:1166/	Zolezzi Spring	NV	39.41971	-119.75922							130				
http://resources.usgin.org/uri-gin/nbmg/thermalspring/NBMG:1166/	Zolezzi Spring	NV	39.41971	-119.75922							130				
http://resources.usgin.org/uri-gin/nbmg/thermalspring/NBMG:1166/	Zolezzi Spring	NV	39.41971	-119.75922							130				
http://resources.usgin.org/uri-gin/nbmg/thermalspring/NBMG:1166/	Zolezzi Spring	NV	39.41971	-119.75922											7.4
http://resources.usgin.org/uri-gin/nbmg/thermalspring/NBMG:117/	Cold Spring - Sunflower Reservoir	NV	41.76795	-115.71264	1978	65	19	3.8	0.6	13	1.8	7.7			
http://resources.usgin.org/uri-gin/nbmg/thermalspring/NBMG:117/	Cold Spring - Sunflower Reservoir	NV	41.76795	-115.71264	1978	65		3.8	0.6	13	1.8	7.7		0.1	
http://resources.usgin.org/uri-gin/nbmg/thermalspring/NBMG:117/	Cold Spring - Sunflower Reservoir	NV	41.76795	-115.71264	1978										7.3
http://resources.usgin.org/uri-gin/nbmg/thermalspring/NBMG:1175/	Hot Spring - SW Quinn River Crossing	NV	41.52938	-118.5697		3.2	1.5	210	6.2	125	54	67			
http://resources.usgin.org/uri-gin/nbmg/thermalspring/NBMG:1175/	Hot Spring - SW Quinn River Crossing	NV	41.52938	-118.5697		3.2		210	6.2	125	54	67	358	14	
http://resources.usgin.org/uri-gin/nbmg/thermalspring/NBMG:1175/	Hot Spring - SW Quinn River Crossing	NV	41.52938	-118.5697											8.3
http://resources.usgin.org/uri-gin/nbmg/thermalspring/NBMG:1177/	Rowland Hot Springs / Rowlands Hot Springs	NV	41.87756	-115.62861	1980	7.83	0.17	129	5.32	51.5	12.6	49.8			
http://resources.usgin.org/uri-gin/nbmg/thermalspring/NBMG:1177/	Rowland Hot Springs / Rowlands Hot Springs	NV	41.87756	-115.62861	1980	7.83		129	5.32	51.5	12.6	49.8	254	12.8	
http://resources.usgin.org/uri-gin/nbmg/thermalspring/NBMG:1177/	Rowland Hot Springs / Rowlands Hot Springs	NV	41.87756	-115.62861	1980										8
http://resources.usgin.org/uri-gin/nbmg/thermalspring/NBMG:1178/	Hot Spring - Steamboat Hot Springs / Reno Hot Springs / Mount Rose Hot Springs / Radium Hot Springs	NV	39.39158	-119.71769		98	43	112			7	504			
http://resources.usgin.org/uri-gin/nbmg/thermalspring/NBMG:1178/	Hot Spring - Steamboat Hot Springs / Reno Hot Springs / Mount Rose Hot Springs / Radium Hot Springs	NV	39.39158	-119.71769		98		112			7	504	158		
http://resources.usgin.org/uri-gin/nbmg/thermalspring/NBMG:1178/	Hot Spring - Steamboat Hot Springs / Reno Hot Springs / Mount Rose Hot Springs / Radium Hot Springs	NV	39.39158	-119.71769											7.3
http://resources.usgin.org/uri-gin/nbmg/thermalspring/NBMG:1180/	Hot Well - Mustang Spring	NV	38.33326	-117.96761	1968	26	13	55	4.8	28	1	41			
http://resources.usgin.org/uri-gin/nbmg/thermalspring/NBMG:1180/	Hot Well - Mustang Spring	NV	38.33326	-117.96761	1968	26		55	4.8	28	1	41	239	0.31	
http://resources.usgin.org/uri-gin/nbmg/thermalspring/NBMG:1180/	Hot Well - Mustang Spring	NV	38.33326	-117.96761	1968										7.6
http://resources.usgin.org/uri-gin/nbmg/thermalspring/NBMG:1181/	Hot Spring - Gridley Lake Springs	NV	41.7528	-118.84111	1954	1.4	0.1	32	6.3	67	7	13			
http://resources.usgin.org/uri-gin/nbmg/thermalspring/NBMG:1181/	Hot Spring - Gridley Lake Springs	NV	41.7528	-118.84111	1954	1.4		32	6.3	67	7	13	68		
http://resources.usgin.org/uri-gin/nbmg/thermalspring/NBMG:1181/	Hot Spring - Gridley Lake Springs	NV	41.7528	-118.84111	1954										7.7
http://resources.usgin.org/uri-gin/nbmg/thermalspring/NBMG:119/	Texas Spring	NV	41.6758	-114.55106	1988	63	12	13	6.3	60	8.1	55			
http://resources.usgin.org/uri-gin/nbmg/thermalspring/NBMG:119/	Texas Spring	NV	41.6758	-114.55106	1988	63		13	6.3	60	8.1	55		0.4	
http://resources.usgin.org/uri-gin/nbmg/thermalspring/NBMG:119/	Texas Spring	NV	41.6758	-114.55106	1988										7.3
http://resources.usgin.org/uri-gin/nbmg/thermalspring/NBMG:1191/	Nanny Goat Springs / Hot Springs W of Rte 6 and 25	NV	38.18764	-116.37389	1967	71	23	193	13	47	33	98			
http://resources.usgin.org/uri-gin/nbmg/thermalspring/NBMG:1191/	Nanny Goat Springs / Hot Springs W of Rte 6 and 25	NV	38.18764	-116.37389	1967	71		193	13	47	33	98		3.7	
http://resources.usgin.org/uri-gin/nbmg/thermalspring/NBMG:1191/	Nanny Goat Springs / Hot Springs W of Rte 6 and 25	NV	38.18764	-116.37389	1967										7.8
http://resources.usgin.org/uri-gin/nbmg/thermalspring/NBMG:1191/	Nanny Goat Springs / Hot Springs W of Rte 6 and 25	NV	38.18764	-116.37389	1968	70	21								
http://resources.usgin.org/uri-gin/nbmg/thermalspring/NBMG:1191/	Nanny Goat Springs / Hot Springs W of Rte 6 and 25	NV	38.18764	-116.37389	1968	70									
http://resources.usgin.org/uri-gin/nbmg/thermalspring/NBMG:1191/	Nanny Goat Springs / Hot Springs W of Rte 6 and 25	NV	38.18764	-116.37389	1968										7.8
http://resources.usgin.org/uri-gin/nbmg/thermalspring/NBMG:1194/	Hot Well - Steamboat Hot Springs / Reno Hot Springs / Mount Rose Hot Springs / Radium Hot Springs	NV	39.41158	-119.71269	1934	44	12	318	27	152	337				
http://resources.usgin.org/uri-gin/nbmg/thermalspring/NBMG:1194/	Hot Well - Steamboat Hot Springs / Reno Hot Springs / Mount Rose Hot Springs / Radium Hot Springs	NV	39.41158	-119.71269	1934	44		318	27	152	337		306		
http://resources.usgin.org/uri-gin/nbmg/thermalspring/NBMG:1194/	Hot Well - Steamboat Hot Springs / Reno Hot Springs / Mount Rose Hot Springs / Radium Hot Springs	NV	39.41158	-119.71269	1934										7.1
http://resources.usgin.org/uri-gin/nbmg/thermalspring/NBMG:1201/	Sauna Cave Hot Spring - Black Canyon Hot Springs / Hoover Dam Hot Springs	NV	36.00276	-114.74332	1962	62.7	2.7	271	7.4	38.94	143.6	431.3			
http://resources.usgin.org/uri-gin/nbmg/thermalspring/NBMG:1201/	Sauna Cave Hot Spring - Black Canyon Hot Springs / Hoover Dam Hot Springs	NV	36.00276	-114.74332	1962	62.7		271	7.4	38.94	143.6	431.3	113.8	4.05	
http://resources.usgin.org/uri-gin/nbmg/thermalspring/NBMG:1201/	Sauna Cave Hot Spring - Black Canyon Hot Springs / Hoover Dam Hot Springs	NV	36.00276	-114.74332	1962										8.12
http://resources.usgin.org/uri-gin/nbmg/thermalspring/NBMG:1201/	Sauna Cave Hot Spring - Black Canyon Hot Springs / Hoover Dam Hot Springs	NV	36.00276	-114.74332	1976	140	10	290	10	54	180	610			
http://resources.usgin.org/uri-gin/nbmg/thermalspring/NBMG:1201/	Sauna Cave Hot Spring - Black Canyon Hot Springs / Hoover Dam Hot Springs	NV	36.00276	-114.74332	1976	140		290	10	54	180	610		4.1	
http://resources.usgin.org/uri-gin/nbmg/thermalspring/NBMG:1201/	Sauna Cave Hot Spring - Black Canyon Hot Springs / Hoover Dam Hot Springs	NV	36.00276	-114.74332	1976										8.2
http://resources.usgin.org/uri-gin/nbmg/thermalspring/NBMG:12011/	Warm Well - Hot Springs Mountain	NV	39.04935	-119.73851	1990						37	760		3.5	
http://resources.usgin.org/uri-gin/nbmg/thermalspring/NBMG:12011/	Warm Well - Hot Springs Mountain	NV	39.04935	-119.73851	1990						37	760			
http://resources.usgin.org/uri-gin/nbmg/thermalspring/NBMG:12011/	Warm Well - Hot Springs Mountain	NV	39.04935	-119.73851	1990										8.8
http://resources.usgin.org/uri-gin/nbmg/thermalspring/NBMG:12011/	Warm Well - Hot Springs Mountain	NV	39.04935	-119.73851	1995			170			36	700		3.3	
http://resources.usgin.org/uri-gin/nbmg/thermalspring/NBMG:12011/	Warm Well - Hot Springs Mountain	NV	39.04935	-119.73851	1995			170			36	700			
http://resources.usgin.org/uri-gin/nbmg/thermalspring/NBMG:12011/	Warm Well - Hot Springs Mountain	NV	39.04935	-119.73851	1995										9.1
http://resources.usgin.org/uri-gin/nbmg/thermalspring/NBMG:12011/	Warm Well - Hot Springs Mountain	NV	39.04935	-119.73851	2008	159.068327340552	0	174.756949580197	3.96	20.0029943744214	36.4043	699.4854			
http://resources.usgin.org/uri-gin/nbmg/thermalspring/NBMG:12011/	Warm Well - Hot Springs Mountain	NV	39.04935	-119.73851	2008	159.068327340552		174.756949580197	3.96	20.0029943744214	36.4043	699.4854	12.2	3.2477	
http://resources.usgin.org/uri-gin/nbmg/thermalspring/NBMG:12011/	Warm Well - Hot Springs Mountain	NV	39.04935	-119.73851	2008										8.55
http://resources.usgin.org/uri-gin/nbmg/thermalspring/NBMG:1202/	Pool - Fly Ranch Hot Springs / Wards Hot Springs / Hualapai Flat Hot Springs	NV	40.86361	-119.32282	1972	18	0.2	405	16	84	245	250			
http://resources.usgin.org/uri-gin/nbmg/thermalspring/NBMG:1202/	Pool - Fly Ranch Hot Springs / Wards Hot Springs / Hualapai Flat Hot Springs	NV	40.86361	-119.32282	1972	18		405	16	84	245	250	456		
http://resources.usgin.org/uri-gin/nbmg/thermalspring/NBMG:1202/	Pool - Fly Ranch Hot Springs / Wards Hot Springs / Hualapai Flat Hot Springs	NV	40.86361	-119.32282	1972										7.5
http://resources.usgin.org/uri-gin/nbmg/thermalspring/NBMG:1204/	Hot Spring - Little Fish Lake Valley	NV	38.69527	-116.4372	1967	-0.14		13	4.2	26	4	39		0.3	
http://resources.usgin.org/uri-gin/nbmg/thermalspring/NBMG:1204/	Hot Spring - Little Fish Lake Valley	NV	38.69527	-116.4372	1967	37	12	13	4.2	28	3.7	36			
http://resources.usgin.org/uri-gin/nbmg/thermalspring/NBMG:1204/	Hot Spring - Little Fish Lake Valley	NV	38.69527	-116.4372	1967	37		13	4.2	28	3.7	36		0.6	
http://resources.usgin.org/uri-gin/nbmg/thermalspring/NBMG:1204/	Hot Spring - Little Fish Lake Valley	NV	38.69527	-116.4372	1967	40	12	12	4.2	27	3.7	38			
http://resources.usgin.org/uri-gin/nbmg/thermalspring/NBMG:1204/	Hot Spring - Little Fish Lake Valley	NV	38.69527	-116.4372	1967	40		12	4.2	27	3.7	38		0.4	
http://resources.usgin.org/uri-gin/nbmg/thermalspring/NBMG:1204/	Hot Spring - Little Fish Lake Valley	NV	38.69527	-116.4372	1967		12	13	4.2	26	4	39			
http://resources.usgin.org/uri-gin/nbmg/thermalspring/NBMG:1204/	Hot Spring - Little Fish Lake Valley	NV	38.69527	-116.4372	1967										7.9
http://resources.usgin.org/uri-gin/nbmg/thermalspring/NBMG:1204/	Hot Spring - Little Fish Lake Valley	NV	38.69527	-116.4372	1967										8.1
http://resources.usgin.org/uri-gin/nbmg/thermalspring/NBMG:1204/	Hot Spring - Little Fish Lake Valley	NV	38.69527	-116.4372	1967										8.2
http://resources.usgin.org/uri-gin/nbmg/thermalspring/NBMG:1206/	Mud Springs 4 - Gerlach	NV	40.65157	-119.37602		50	2.3	1600	131	172	2400				
http://resources.usgin.org/uri-gin/nbmg/thermalspring/NBMG:1206/	Mud Springs 4 - Gerlach	NV	40.65157	-119.37602		50		1600	131	172	2400				
http://resources.usgin.org/uri-gin/nbmg/thermalspring/NBMG:1206/	Mud Springs 4 - Gerlach	NV	40.65157	-119.37602											7.2
http://resources.usgin.org/uri-gin/nbmg/thermalspring/NBMG:121/	Cold Spring - Independence Mountains	NV	41.34426	-116.0507	1993										7.6
http://resources.usgin.org/uri-gin/nbmg/thermalspring/NBMG:1210/	Amargosa Hot Springs / Hicks Hot Springs / Baileys Hot Springs	NV	36.97449	-116.72219	1953	10	0.8	162	7.2	63	46	124			
http://resources.usgin.org/uri-gin/nbmg/thermalspring/NBMG:1210/	Amargosa Hot Springs / Hicks Hot Springs / Baileys Hot Springs	NV	36.97449	-116.72219	1953	10		162	7.2	63	46	124	234	3.5	
http://resources.usgin.org/uri-gin/nbmg/thermalspring/NBMG:1210/	Amargosa Hot Springs / Hicks Hot Springs / Baileys Hot Springs	NV	36.97449	-116.72219	1953										8
http://resources.usgin.org/uri-gin/nbmg/thermalspring/NBMG:1210/	Amargosa Hot Springs / Hicks Hot Springs / Baileys Hot Springs	NV	36.97449	-116.72219	1996	16	0.56	160	7.7	59	47	120			
http://resources.usgin.org/uri-gin/nbmg/thermalspring/NBMG:1210/	Amargosa Hot Springs / Hicks Hot Springs / Baileys Hot Springs	NV	36.97449	-116.72219	1996	16		160	7.7	59	47	120	255	6.5	
http://resources.usgin.org/uri-gin/nbmg/thermalspring/NBMG:1210/	Amargosa Hot Springs / Hicks Hot Springs / Baileys Hot Springs	NV	36.97449	-116.72219	1996										7.2
http://resources.usgin.org/uri-gin/nbmg/thermalspring/NBMG:1212/	Hot Spring 33 - Steamboat Hot Springs / Reno Hot Springs / Mount Rose Hot Springs / Radium Hot Springs	NV	39.38324	-119.73435	1934			519	43		596	91			
http://resources.usgin.org/uri-gin/nbmg/thermalspring/NBMG:1212/	Hot Spring 33 - Steamboat Hot Springs / Reno Hot Springs / Mount Rose Hot Springs / Radium Hot Springs	NV	39.38324	-119.73435	1934			519	43		596	91			
http://resources.usgin.org/uri-gin/nbmg/thermalspring/NBMG:1212/	Hot Spring 33 - Steamboat Hot Springs / Reno Hot Springs / Mount Rose Hot Springs / Radium Hot Springs	NV	39.38324	-119.73435	1934										6.3
http://resources.usgin.org/uri-gin/nbmg/thermalspring/NBMG:1212/	Hot Spring 33 - Steamboat Hot Springs / Reno Hot Springs / Mount Rose Hot Springs / Radium Hot Springs	NV	39.38324	-119.73435		23	2	602	54	205	752	106			
http://resources.usgin.org/uri-gin/nbmg/thermalspring/NBMG:1212/	Hot Spring 33 - Steamboat Hot Springs / Reno Hot Springs / Mount Rose Hot Springs / Radium Hot Springs	NV	39.38324	-119.73435		23		602	54	205	752	106	419	1.6	
http://resources.usgin.org/uri-gin/nbmg/thermalspring/NBMG:1212/	Hot Spring 33 - Steamboat Hot Springs / Reno Hot Springs / Mount Rose Hot Springs / Radium Hot Springs	NV	39.38324	-119.73435											7.7
http://resources.usgin.org/uri-gin/nbmg/thermalspring/NBMG:12144/	USGS Well - NW Spencer Hot Springs	NV	39.36243	-116.90453	2003										5.9
http://resources.usgin.org/uri-gin/nbmg/thermalspring/NBMG:1218/	Well 2 - Golconda Hot Springs / Sergerstroms Hot Springs	NV	40.95407	-117.4904	1971	47	7.8	159	24	40	27	57			
http://resources.usgin.org/uri-gin/nbmg/thermalspring/NBMG:1218/	Well 2 - Golconda Hot Springs / Sergerstroms Hot Springs	NV	40.95407	-117.4904	1971	47		159	24	40	27	57	528	2.9	
http://resources.usgin.org/uri-gin/nbmg/thermalspring/NBMG:1218/	Well 2 - Golconda Hot Springs / Sergerstroms Hot Springs	NV	40.95407	-117.4904	1971										7
http://resources.usgin.org/uri-gin/nbmg/thermalspring/NBMG:1218/	Golconda Hot Springs / Segerstroms Hot Springs	NV	40.95407	-117.4904	1974	47	7.8	159	24.3	40	27	56.7			
http://resources.usgin.org/uri-gin/nbmg/thermalspring/NBMG:1218/	Golconda Hot Springs / Segerstroms Hot Springs	NV	40.95407	-117.4904	1974	47		159	24.3	40	27	56.7		2.9	
http://resources.usgin.org/uri-gin/nbmg/thermalspring/NBMG:1218/	Golconda Hot Springs / Segerstroms Hot Springs	NV	40.95407	-117.4904	1974										7
http://resources.usgin.org/uri-gin/nbmg/thermalspring/NBMG:122/	Cold Spring - Independence Mountains	NV	41.43105	-115.95951	1993										7.6
http://resources.usgin.org/uri-gin/nbmg/thermalspring/NBMG:1220/	Potts Ranch Hot Springs	NV	39.08002	-116.63981	1967	51	11	46	13	35	10	55			
http://resources.usgin.org/uri-gin/nbmg/thermalspring/NBMG:1220/	Potts Ranch Hot Springs	NV	39.08002	-116.63981	1967	51		46	13	35	10	55		0.00001	
http://resources.usgin.org/uri-gin/nbmg/thermalspring/NBMG:1220/	Potts Ranch Hot Springs	NV	39.08002	-116.63981	1967										7.7
http://resources.usgin.org/uri-gin/nbmg/thermalspring/NBMG:1220/	Potts Ranch Hot Springs	NV	39.08002	-116.63981		53	12	49	13	40	12	53			
http://resources.usgin.org/uri-gin/nbmg/thermalspring/NBMG:1220/	Potts Ranch Hot Springs	NV	39.08002	-116.63981		53		49	13	40	12	53	268	20.04	
http://resources.usgin.org/uri-gin/nbmg/thermalspring/NBMG:1220/	Potts Ranch Hot Springs	NV	39.08002	-116.63981											6.9
http://resources.usgin.org/uri-gin/nbmg/thermalspring/NBMG:1221/	Mound Springs	NV	40.31497	-117.06354	2008	72.4520725733772	23.0829334757159	96.7	30.9	36.5830164494766	15.73	86.85			
http://resources.usgin.org/uri-gin/nbmg/thermalspring/NBMG:1221/	Mound Springs	NV	40.31497	-117.06354	2008	72.4520725733772		96.7	30.9	36.5830164494766	15.73	86.85	459	3.66	
http://resources.usgin.org/uri-gin/nbmg/thermalspring/NBMG:1225/	Grant View Hot Springs / East Walker River Hot Springs / Walker Hot Springs	NV	38.48964	-118.97418	1977	26	0.1	200	2.2	34	49	380			
http://resources.usgin.org/uri-gin/nbmg/thermalspring/NBMG:1225/	Grant View Hot Springs / East Walker River Hot Springs / Walker Hot Springs	NV	38.48964	-118.97418	1977	26		200	2.2	34	49	380	38	8.4	
http://resources.usgin.org/uri-gin/nbmg/thermalspring/NBMG:1225/	Grant View Hot Springs / East Walker River Hot Springs / Walker Hot Springs	NV	38.48964	-118.97418	1977										8.5
http://resources.usgin.org/uri-gin/nbmg/thermalspring/NBMG:1225/	Grant View Hot Springs / East Walker River Hot Springs / Walker Hot Springs	NV	38.48964	-118.97418	1981	27.9	0.66	212	3	21.3	4.44	68.2			
http://resources.usgin.org/uri-gin/nbmg/thermalspring/NBMG:1225/	Grant View Hot Springs / East Walker River Hot Springs / Walker Hot Springs	NV	38.48964	-118.97418	1981	27.9		212	3	21.3	4.44	68.2	43.9	7.89	
http://resources.usgin.org/uri-gin/nbmg/thermalspring/NBMG:1225/	Grant View Hot Springs / East Walker River Hot Springs / Walker Hot Springs	NV	38.48964	-118.97418	1981										7.2
http://resources.usgin.org/uri-gin/nbmg/thermalspring/NBMG:1225/	Grant View Hot Springs / East Walker River Hot Springs / Walker Hot Springs	NV	38.48964	-118.97418	2008	22.5176382884885	0.160232202183199	194.843955279071	2.77	45.1404471978922	48.37	370			
http://resources.usgin.org/uri-gin/nbmg/thermalspring/NBMG:1225/	Grant View Hot Springs / East Walker River Hot Springs / Walker Hot Springs	NV	38.48964	-118.97418	2008	22.5176382884885		194.843955279071	2.77	45.1404471978922	48.37	370	30.2	8.17	
http://resources.usgin.org/uri-gin/nbmg/thermalspring/NBMG:1225/	Grant View Hot Springs / East Walker River Hot Springs / Walker Hot Springs	NV	38.48964	-118.97418	2008										7.86
http://resources.usgin.org/uri-gin/nbmg/thermalspring/NBMG:1227/	Coyote Hole Spring - Railroad Valley	NV	38.38825	-115.86658	1966						0.8				
http://resources.usgin.org/uri-gin/nbmg/thermalspring/NBMG:1227/	Coyote Hole Spring - Railroad Valley	NV	38.38825	-115.86658	1966						0.8				
http://resources.usgin.org/uri-gin/nbmg/thermalspring/NBMG:1227/	Coyote Hole Spring - Railroad Valley	NV	38.38825	-115.86658	1967	91	31	123	25	37	9.8	59			
http://resources.usgin.org/uri-gin/nbmg/thermalspring/NBMG:1227/	Coyote Hole Spring - Railroad Valley	NV	38.38825	-115.86658	1967	91		123	25	37	9.8	59	698	2.4	
http://resources.usgin.org/uri-gin/nbmg/thermalspring/NBMG:1227/	Coyote Hole Spring - Railroad Valley	NV	38.38825	-115.86658	1967										8
http://resources.usgin.org/uri-gin/nbmg/thermalspring/NBMG:12278/	Warm Well - Howard Hot Spring	NV	41.71379	-118.51711	2003										7.3
http://resources.usgin.org/uri-gin/nbmg/thermalspring/NBMG:1228/	Carson Hot Springs / Shaws Hot Springs / Swifts Hot Springs	NV	39.19158	-119.75268	1963	5.6	-9999999	99	1.4	59	26	92			
http://resources.usgin.org/uri-gin/nbmg/thermalspring/NBMG:1228/	Carson Hot Springs / Shaws Hot Springs / Swifts Hot Springs	NV	39.19158	-119.75268	1963	5.6		99	1.4	59	26	92	45	8	
http://resources.usgin.org/uri-gin/nbmg/thermalspring/NBMG:1228/	Carson Hot Springs / Shaws Hot Springs / Swifts Hot Springs	NV	39.19158	-119.75268	1963										9.1
http://resources.usgin.org/uri-gin/nbmg/thermalspring/NBMG:1228/	Carson Hot Springs / Shaws Hot Springs / Swifts Hot Springs	NV	39.19158	-119.75268	2006	2.2	-0.05	99	1.6	60	27	89			
http://resources.usgin.org/uri-gin/nbmg/thermalspring/NBMG:1228/	Carson Hot Springs / Shaws Hot Springs / Swifts Hot Springs	NV	39.19158	-119.75268	2006	2.2		99	1.6	60	27	89	57	7.5	
http://resources.usgin.org/uri-gin/nbmg/thermalspring/NBMG:1228/	Carson Hot Springs / Shaws Hot Springs / Swifts Hot Springs	NV	39.19158	-119.75268	2006										8.84
http://resources.usgin.org/uri-gin/nbmg/thermalspring/NBMG:1235/	Caliente Hot Springs Motel Well	NV	37.62108	-114.51027	1962	33	7			126	12	4.5			
http://resources.usgin.org/uri-gin/nbmg/thermalspring/NBMG:1235/	Caliente Hot Springs Motel Well	NV	37.62108	-114.51027	1962	33				126	12	4.5	278		
http://resources.usgin.org/uri-gin/nbmg/thermalspring/NBMG:1235/	Caliente Hot Springs Motel Well	NV	37.62108	-114.51027	1978	35	6.9	50	22	142	31	30			
http://resources.usgin.org/uri-gin/nbmg/thermalspring/NBMG:1235/	Caliente Hot Springs Motel Well	NV	37.62108	-114.51027	1978	35		50	22	142	31	30		1.4	
http://resources.usgin.org/uri-gin/nbmg/thermalspring/NBMG:1235/	Caliente Hot Springs Motel Well	NV	37.62108	-114.51027	1978										7.96
http://resources.usgin.org/uri-gin/nbmg/thermalspring/NBMG:1235/	Caliente Hot Springs Motel Well	NV	37.62108	-114.51027	1985										7.8
http://resources.usgin.org/uri-gin/nbmg/thermalspring/NBMG:1237/	Sulphur Hot Springs / Stonier Ranch Hot Springs / Millers Hot Springs / Sulfur Hot Springs	NV	40.58693	-115.28621	1927	1.6	0.02	150	9.8	230	4	40			
http://resources.usgin.org/uri-gin/nbmg/thermalspring/NBMG:1237/	Sulphur Hot Springs / Stonier Ranch Hot Springs / Millers Hot Springs / Sulfur Hot Springs	NV	40.58693	-115.28621	1927	1.6		150	9.8	230	4	40	247	0.02	
http://resources.usgin.org/uri-gin/nbmg/thermalspring/NBMG:1237/	Sulphur Hot Springs / Stonier Ranch Hot Springs / Millers Hot Springs / Sulfur Hot Springs	NV	40.58693	-115.28621	1927										8.63
http://resources.usgin.org/uri-gin/nbmg/thermalspring/NBMG:1243/	Abel Spring	NV	38.36491	-115.86768	1968	100	26	120	22	27	15	51			
http://resources.usgin.org/uri-gin/nbmg/thermalspring/NBMG:1243/	Abel Spring	NV	38.36491	-115.86768	1968	100		120	22	27	15	51		2.7	
http://resources.usgin.org/uri-gin/nbmg/thermalspring/NBMG:1243/	Abel Spring	NV	38.36491	-115.86768	1968										7.6
http://resources.usgin.org/uri-gin/nbmg/thermalspring/NBMG:1245/	Hot Spring - Basalt	NV	37.98826	-118.32595	1972	46	16				59	81			
http://resources.usgin.org/uri-gin/nbmg/thermalspring/NBMG:1245/	Hot Spring - Basalt	NV	37.98826	-118.32595	1972	46					59	81	150	0.02	
http://resources.usgin.org/uri-gin/nbmg/thermalspring/NBMG:1245/	Hot Spring - Basalt	NV	37.98826	-118.32595	1972										8
http://resources.usgin.org/uri-gin/nbmg/thermalspring/NBMG:12458/	Warm Well - Fly Ranch Hot Springs / Wards Hot Springs / Hualapai Flat Hot Springs	NV	40.88268	-119.32796	2003										6.8
http://resources.usgin.org/uri-gin/nbmg/thermalspring/NBMG:1247/	Zolezzi Springs Well / Eccles Well	NV	39.41971	-119.75962	1972						86				
http://resources.usgin.org/uri-gin/nbmg/thermalspring/NBMG:1247/	Zolezzi Springs Well / Eccles Well	NV	39.41971	-119.75962	1972						86				
http://resources.usgin.org/uri-gin/nbmg/thermalspring/NBMG:1247/	Zolezzi Springs Well / Eccles Well	NV	39.41971	-119.75962	1972										7.6
http://resources.usgin.org/uri-gin/nbmg/thermalspring/NBMG:1247/	Zolezzi Springs Well / Eccles Well	NV	39.41971	-119.75962	1976	5	1	60	8		20	6			
http://resources.usgin.org/uri-gin/nbmg/thermalspring/NBMG:1247/	Zolezzi Springs Well / Eccles Well	NV	39.41971	-119.75962	1976	5		60	8		20	6	159	0.14	
http://resources.usgin.org/uri-gin/nbmg/thermalspring/NBMG:1247/	Zolezzi Springs Well / Eccles Well	NV	39.41971	-119.75962	1976										7.69
http://resources.usgin.org/uri-gin/nbmg/thermalspring/NBMG:1247/	Zolezzi Springs Well / Eccles Well	NV	39.41971	-119.75962							86				
http://resources.usgin.org/uri-gin/nbmg/thermalspring/NBMG:1247/	Zolezzi Springs Well / Eccles Well	NV	39.41971	-119.75962							86				
http://resources.usgin.org/uri-gin/nbmg/thermalspring/NBMG:1247/	Zolezzi Springs Well / Eccles Well	NV	39.41971	-119.75962											7.57
http://resources.usgin.org/uri-gin/nbmg/thermalspring/NBMG:125/	Cold Spring - Independence Mountains	NV	41.30935	-116.02036	1993										7.6
http://resources.usgin.org/uri-gin/nbmg/thermalspring/NBMG:1251/	Orifice 43 - Great Boiling Springs / Gerlach Hot Springs	NV	40.66208	-119.36686	1960	69	2.3	1760	130	172	2230	356			
http://resources.usgin.org/uri-gin/nbmg/thermalspring/NBMG:1251/	Orifice 43 - Great Boiling Springs / Gerlach Hot Springs	NV	40.66208	-119.36686	1960	69		1760	130	172	2230	356			
http://resources.usgin.org/uri-gin/nbmg/thermalspring/NBMG:1251/	Orifice 43 - Great Boiling Springs / Gerlach Hot Springs	NV	40.66208	-119.36686	1960										6.8
http://resources.usgin.org/uri-gin/nbmg/thermalspring/NBMG:1254/	Hobo Hot Springs	NV	39.0579	-119.80961	1929	6	0.7	125	1.7	47	74	109			
http://resources.usgin.org/uri-gin/nbmg/thermalspring/NBMG:1254/	Hobo Hot Springs	NV	39.0579	-119.80961	1929	6		125	1.7	47	74	109	51	7.1	
http://resources.usgin.org/uri-gin/nbmg/thermalspring/NBMG:1254/	Hobo Hot Springs	NV	39.0579	-119.80961	1929										8.8
http://resources.usgin.org/uri-gin/nbmg/thermalspring/NBMG:1254/	Hobo Hot Springs	NV	39.0579	-119.80961		4.3	-0.05	142	1.6	38	91	133			
http://resources.usgin.org/uri-gin/nbmg/thermalspring/NBMG:1254/	Hobo Hot Springs	NV	39.0579	-119.80961		4.3		142	1.6	38	91	133	73	7.8	
http://resources.usgin.org/uri-gin/nbmg/thermalspring/NBMG:1254/	Hobo Hot Springs	NV	39.0579	-119.80961											7.93
http://resources.usgin.org/uri-gin/nbmg/thermalspring/NBMG:1258/	Smith Creek Hot Springs	NV	39.31239	-117.55154	1947	1.2	0.14	163	8.1	128	25	112			
http://resources.usgin.org/uri-gin/nbmg/thermalspring/NBMG:1258/	Smith Creek Hot Springs	NV	39.31239	-117.55154	1947	1.2		163	8.1	128	25	112	253	9.3	
http://resources.usgin.org/uri-gin/nbmg/thermalspring/NBMG:1258/	Smith Creek Hot Springs	NV	39.31239	-117.55154	1947										8.3
http://resources.usgin.org/uri-gin/nbmg/thermalspring/NBMG:1261/	Hot Spring - Hot Springs Ranch	NV	40.75748	-117.49465		20	2.8	210	24	98	35.1	144			
http://resources.usgin.org/uri-gin/nbmg/thermalspring/NBMG:1261/	Hot Spring - Hot Springs Ranch	NV	40.75748	-117.49465		20		210	24	98	35.1	144	421	100.24	
http://resources.usgin.org/uri-gin/nbmg/thermalspring/NBMG:1261/	Hot Spring - Hot Springs Ranch	NV	40.75748	-117.49465											6.7
http://resources.usgin.org/uri-gin/nbmg/thermalspring/NBMG:1277/	Hot Well - Moana Hot Springs	NV	39.49158	-119.79102	1963	19	0.97	182			31	294			
http://resources.usgin.org/uri-gin/nbmg/thermalspring/NBMG:1277/	Hot Well - Moana Hot Springs	NV	39.49158	-119.79102	1963	19		182			31	294	119		
http://resources.usgin.org/uri-gin/nbmg/thermalspring/NBMG:1277/	Hot Well - Moana Hot Springs	NV	39.49158	-119.79102	1963										7.4
http://resources.usgin.org/uri-gin/nbmg/thermalspring/NBMG:1278/	Caliente Hot Springs	NV	37.62164	-114.50416	1962	43	6.2	46	14.6	91	12	42			
http://resources.usgin.org/uri-gin/nbmg/thermalspring/NBMG:1278/	Caliente Hot Springs	NV	37.62164	-114.50416	1962	43		46	14.6	91	12	42	239	1.4	
http://resources.usgin.org/uri-gin/nbmg/thermalspring/NBMG:1278/	Caliente Hot Springs	NV	37.62164	-114.50416	1962										8.2
http://resources.usgin.org/uri-gin/nbmg/thermalspring/NBMG:1278/	Caliente Hot Springs	NV	37.62164	-114.50416		43	6.2	46	15	91	12	42			
http://resources.usgin.org/uri-gin/nbmg/thermalspring/NBMG:1278/	Caliente Hot Springs	NV	37.62164	-114.50416		43		46	15	91	12	42	239	1.4	
http://resources.usgin.org/uri-gin/nbmg/thermalspring/NBMG:1278/	Caliente Hot Springs	NV	37.62164	-114.50416											8.2
http://resources.usgin.org/uri-gin/nbmg/thermalspring/NBMG:1280/	Spring 1 - Soldier Meadows Hot Springs / Mud Meadow Hot Springs	NV	41.35796	-119.2188	1961	2.4	1.5	76	0	65	21	39			
http://resources.usgin.org/uri-gin/nbmg/thermalspring/NBMG:1280/	Spring 1 - Soldier Meadows Hot Springs / Mud Meadow Hot Springs	NV	41.35796	-119.2188	1961	2.4		76	0	65	21	39		12	
http://resources.usgin.org/uri-gin/nbmg/thermalspring/NBMG:1280/	Spring 1 - Soldier Meadows Hot Springs / Mud Meadow Hot Springs	NV	41.35796	-119.2188	1961										7.6
http://resources.usgin.org/uri-gin/nbmg/thermalspring/NBMG:1280/	Spring 1 - Soldier Meadows Hot Springs / Mud Meadow Hot Springs	NV	41.35796	-119.2188		2.6	1.4	76	1.3	65	21	39			
http://resources.usgin.org/uri-gin/nbmg/thermalspring/NBMG:1280/	Spring 1 - Soldier Meadows Hot Springs / Mud Meadow Hot Springs	NV	41.35796	-119.2188		2.6		76	1.3	65	21	39	96	10	
http://resources.usgin.org/uri-gin/nbmg/thermalspring/NBMG:1280/	Spring 1 - Soldier Meadows Hot Springs / Mud Meadow Hot Springs	NV	41.35796	-119.2188											7.6
http://resources.usgin.org/uri-gin/nbmg/thermalspring/NBMG:1285/	Carson Hot Springs / Shaws Hot Springs / Swifts Hot Springs	NV	39.19324	-119.75268	1950	2.6	0.4				29	96			
http://resources.usgin.org/uri-gin/nbmg/thermalspring/NBMG:1285/	Carson Hot Springs / Shaws Hot Springs / Swifts Hot Springs	NV	39.19324	-119.75268	1950	2.6					29	96	36		
http://resources.usgin.org/uri-gin/nbmg/thermalspring/NBMG:1285/	Carson Hot Springs / Shaws Hot Springs / Swifts Hot Springs	NV	39.19324	-119.75268	1950										9.3
http://resources.usgin.org/uri-gin/nbmg/thermalspring/NBMG:1288/	Hot Well - Steamboat Hot Springs / Reno Hot Springs / Mount Rose Hot Springs / Radium Hot Springs	NV	39.40158	-119.72769		30	3	762			950	75			
http://resources.usgin.org/uri-gin/nbmg/thermalspring/NBMG:1288/	Hot Well - Steamboat Hot Springs / Reno Hot Springs / Mount Rose Hot Springs / Radium Hot Springs	NV	39.40158	-119.72769		30		762			950	75	388		
http://resources.usgin.org/uri-gin/nbmg/thermalspring/NBMG:1288/	Hot Well - Steamboat Hot Springs / Reno Hot Springs / Mount Rose Hot Springs / Radium Hot Springs	NV	39.40158	-119.72769											8.3
http://resources.usgin.org/uri-gin/nbmg/thermalspring/NBMG:1293/	Hot Sulfur Springs / Hot Sulphur Springs - Humboldt Wells	NV	41.15677	-114.98598	1952	12	0.3	160	16	165	22	61			
http://resources.usgin.org/uri-gin/nbmg/thermalspring/NBMG:1293/	Hot Sulfur Springs / Hot Sulphur Springs - Humboldt Wells	NV	41.15677	-114.98598	1952	12		160	16	165	22	61	345	10	
http://resources.usgin.org/uri-gin/nbmg/thermalspring/NBMG:1293/	Hot Sulfur Springs / Hot Sulphur Springs - Humboldt Wells	NV	41.15677	-114.98598	1952										7.3
http://resources.usgin.org/uri-gin/nbmg/thermalspring/NBMG:1294/	Hot Spring - Hot Springs Point	NV	40.40681	-116.51654	2002	55.8	40.3	283	46.4	66.5	65.9	120			
http://resources.usgin.org/uri-gin/nbmg/thermalspring/NBMG:1294/	Hot Spring - Hot Springs Point	NV	40.40681	-116.51654	2002	55.8		283	46.4	66.5	65.9	120	870	20.008898478359125	
http://resources.usgin.org/uri-gin/nbmg/thermalspring/NBMG:1294/	Hot Spring - Hot Springs Point	NV	40.40681	-116.51654	2002										6.91
http://resources.usgin.org/uri-gin/nbmg/thermalspring/NBMG:1294/	Hot Spring - Hot Springs Point	NV	40.40681	-116.51654		63	42	284	54	52	48	122			
http://resources.usgin.org/uri-gin/nbmg/thermalspring/NBMG:1294/	Hot Spring - Hot Springs Point	NV	40.40681	-116.51654		63		284	54	52	48	122	996	4.9	
http://resources.usgin.org/uri-gin/nbmg/thermalspring/NBMG:1294/	Hot Spring - Hot Springs Point	NV	40.40681	-116.51654											6.5
http://resources.usgin.org/uri-gin/nbmg/thermalspring/NBMG:1295/	Hot Pool - Hot Springs Ranch	NV	40.199	-117.10324	1967	41	22.4	114	22	39	20	68			
http://resources.usgin.org/uri-gin/nbmg/thermalspring/NBMG:1295/	Hot Pool - Hot Springs Ranch	NV	40.199	-117.10324	1967	41		114	22	39	20	68	443	4.5	
http://resources.usgin.org/uri-gin/nbmg/thermalspring/NBMG:1295/	Hot Pool - Hot Springs Ranch	NV	40.199	-117.10324	1967										7
http://resources.usgin.org/uri-gin/nbmg/thermalspring/NBMG:1295/	Hot Pool - Hot Springs Ranch	NV	40.199	-117.10324	1980	20	9	118	21	40	21	64			
http://resources.usgin.org/uri-gin/nbmg/thermalspring/NBMG:1295/	Hot Pool - Hot Springs Ranch	NV	40.199	-117.10324	1980	20		118	21	40	21	64	333	4.1	
http://resources.usgin.org/uri-gin/nbmg/thermalspring/NBMG:1295/	Hot Pool - Hot Springs Ranch	NV	40.199	-117.10324	1980										8
http://resources.usgin.org/uri-gin/nbmg/thermalspring/NBMG:1296/	Henry Filippini Well - Hot Springs Ranch	NV	40.19612	-117.10914	1957	52	7.3	116	20	39	21	62			
http://resources.usgin.org/uri-gin/nbmg/thermalspring/NBMG:1296/	Henry Filippini Well - Hot Springs Ranch	NV	40.19612	-117.10914	1957	52		116	20	39	21	62	428	3.9	
http://resources.usgin.org/uri-gin/nbmg/thermalspring/NBMG:1296/	Henry Filippini Well - Hot Springs Ranch	NV	40.19612	-117.10914	1957										7.9
http://resources.usgin.org/uri-gin/nbmg/thermalspring/NBMG:1296/	Henry Filippini Well - Hot Springs Ranch	NV	40.19612	-117.10914	1973	63	3.2	116	20	39	20	38			
http://resources.usgin.org/uri-gin/nbmg/thermalspring/NBMG:1296/	Henry Filippini Well - Hot Springs Ranch	NV	40.19612	-117.10914	1973	63		116	20	39	20	38	442		
http://resources.usgin.org/uri-gin/nbmg/thermalspring/NBMG:1296/	Henry Filippini Well - Hot Springs Ranch	NV	40.19612	-117.10914	1973										6.8
http://resources.usgin.org/uri-gin/nbmg/thermalspring/NBMG:1298/	Saratoga Hot Spring	NV	39.05751	-119.7426	1958	166	0.1	161	5	33	39	617			
http://resources.usgin.org/uri-gin/nbmg/thermalspring/NBMG:1298/	Saratoga Hot Spring	NV	39.05751	-119.7426	1958	166		161	5	33	39	617	4.5	3.3	
http://resources.usgin.org/uri-gin/nbmg/thermalspring/NBMG:1298/	Saratoga Hot Spring	NV	39.05751	-119.7426	1958										8.55
http://resources.usgin.org/uri-gin/nbmg/thermalspring/NBMG:1298/	Saratoga Hot Spring	NV	39.05751	-119.7426	1968	172	-9999999			20	39	678			
http://resources.usgin.org/uri-gin/nbmg/thermalspring/NBMG:1298/	Saratoga Hot Spring	NV	39.05751	-119.7426	1968	172				20	39	678	4		
http://resources.usgin.org/uri-gin/nbmg/thermalspring/NBMG:1298/	Saratoga Hot Spring	NV	39.05751	-119.7426	1968										9
http://resources.usgin.org/uri-gin/nbmg/thermalspring/NBMG:130/	Rowland Hot Springs / Rowlands Hot Springs	NV	41.87684	-115.62869	1988	7.7	0.12	140	4.3	96	11	50			
http://resources.usgin.org/uri-gin/nbmg/thermalspring/NBMG:130/	Rowland Hot Springs / Rowlands Hot Springs	NV	41.87684	-115.62869	1988	7.7		140	4.3	96	11	50		12	
http://resources.usgin.org/uri-gin/nbmg/thermalspring/NBMG:130/	Rowland Hot Springs / Rowlands Hot Springs	NV	41.87684	-115.62869	1988										7.6
http://resources.usgin.org/uri-gin/nbmg/thermalspring/NBMG:1301/	Hot Spring - Steamboat Hot Springs / Reno Hot Springs / Mount Rose Hot Springs / Radium Hot Springs	NV	39.37991	-119.74146	1964	78	40	101			6	480			
http://resources.usgin.org/uri-gin/nbmg/thermalspring/NBMG:1301/	Hot Spring - Steamboat Hot Springs / Reno Hot Springs / Mount Rose Hot Springs / Radium Hot Springs	NV	39.37991	-119.74146	1964	78		101			6	480	95	0.5	
http://resources.usgin.org/uri-gin/nbmg/thermalspring/NBMG:1301/	Hot Spring - Steamboat Hot Springs / Reno Hot Springs / Mount Rose Hot Springs / Radium Hot Springs	NV	39.37991	-119.74146	1964										7.8
http://resources.usgin.org/uri-gin/nbmg/thermalspring/NBMG:1306/	VN Springs / Hot Spring - Deep Creek Reservoir	NV	41.61547	-116.30065	1962	39	5.8	146	19	41	17	37			
http://resources.usgin.org/uri-gin/nbmg/thermalspring/NBMG:1306/	VN Springs / Hot Spring - Deep Creek Reservoir	NV	41.61547	-116.30065	1962	39		146	19	41	17	37	476		
http://resources.usgin.org/uri-gin/nbmg/thermalspring/NBMG:1306/	VN Springs / Hot Spring - Deep Creek Reservoir	NV	41.61547	-116.30065	1962										7
http://resources.usgin.org/uri-gin/nbmg/thermalspring/NBMG:1306/	VN Springs / Hot Spring - Deep Creek Reservoir	NV	41.61547	-116.30065	2004	36.5	5.4	152	17	41.3	21.5	47.7			
http://resources.usgin.org/uri-gin/nbmg/thermalspring/NBMG:1306/	VN Springs / Hot Spring - Deep Creek Reservoir	NV	41.61547	-116.30065	2004	36.5		152	17	41.3	21.5	47.7	446	6.2	
http://resources.usgin.org/uri-gin/nbmg/thermalspring/NBMG:1306/	VN Springs / Hot Spring - Deep Creek Reservoir	NV	41.61547	-116.30065	2004										6.61
http://resources.usgin.org/uri-gin/nbmg/thermalspring/NBMG:13073/	Spring MK-3 - Tuscarora Mountains	NV	40.79897	-116.26514	2003										6.7
http://resources.usgin.org/uri-gin/nbmg/thermalspring/NBMG:1309/	Hot Well - Moana Hot Springs	NV	39.48661	-119.80102	1958	15	0.1	150	8.2	86	24	221			
http://resources.usgin.org/uri-gin/nbmg/thermalspring/NBMG:1309/	Hot Well - Moana Hot Springs	NV	39.48661	-119.80102	1958	15		150	8.2	86	24	221	134	2.1	
http://resources.usgin.org/uri-gin/nbmg/thermalspring/NBMG:1309/	Hot Well - Moana Hot Springs	NV	39.48661	-119.80102	1958										7.9
http://resources.usgin.org/uri-gin/nbmg/thermalspring/NBMG:1309/	Hot Well - Moana Hot Springs	NV	39.48661	-119.80102							28				
http://resources.usgin.org/uri-gin/nbmg/thermalspring/NBMG:1309/	Hot Well - Moana Hot Springs	NV	39.48661	-119.80102							28				
http://resources.usgin.org/uri-gin/nbmg/thermalspring/NBMG:1309/	Hot Well - Moana Hot Springs	NV	39.48661	-119.80102											8.1
http://resources.usgin.org/uri-gin/nbmg/thermalspring/NBMG:1310/	Hot Spring - Hot Springs Point	NV	40.41775	-116.50702	2002	47.3	33.4	282	49	48.8	65.9	115			
http://resources.usgin.org/uri-gin/nbmg/thermalspring/NBMG:1310/	Hot Spring - Hot Springs Point	NV	40.41775	-116.50702	2002	47.3		282	49	48.8	65.9	115	820	1.6	
http://resources.usgin.org/uri-gin/nbmg/thermalspring/NBMG:1310/	Hot Spring - Hot Springs Point	NV	40.41775	-116.50702	2002										6.95
http://resources.usgin.org/uri-gin/nbmg/thermalspring/NBMG:1318/	Williams Hot Springs / William Hot Springs	NV	38.95109	-115.23376	1976	0.723	0.06	52	1.5	70	10	14			
http://resources.usgin.org/uri-gin/nbmg/thermalspring/NBMG:1318/	Williams Hot Springs / William Hot Springs	NV	38.95109	-115.23376	1976	0.723		52	1.5	70	10	14	43	4.8	
http://resources.usgin.org/uri-gin/nbmg/thermalspring/NBMG:1318/	Williams Hot Springs / William Hot Springs	NV	38.95109	-115.23376	1976										9.98
http://resources.usgin.org/uri-gin/nbmg/thermalspring/NBMG:1319/	Hot Hole Spring - Sulfur Hot Springs / Elko Hot Springs / Sulphur Hot Springs	NV	40.81855	-115.7774	1950	60	15.5	120	39	65	16	72			
http://resources.usgin.org/uri-gin/nbmg/thermalspring/NBMG:1319/	Hot Hole Spring - Sulfur Hot Springs / Elko Hot Springs / Sulphur Hot Springs	NV	40.81855	-115.7774	1950	60		120	39	65	16	72	488	1.9	
http://resources.usgin.org/uri-gin/nbmg/thermalspring/NBMG:1319/	Hot Hole Spring - Sulfur Hot Springs / Elko Hot Springs / Sulphur Hot Springs	NV	40.81855	-115.7774	1950										7.21
http://resources.usgin.org/uri-gin/nbmg/thermalspring/NBMG:1319/	Hot Hole Spring - Sulfur Hot Springs / Elko Hot Springs / Sulphur Hot Springs	NV	40.81855	-115.7774	1978	64	16	110	38	134	18.5	53			
http://resources.usgin.org/uri-gin/nbmg/thermalspring/NBMG:1319/	Hot Hole Spring - Sulfur Hot Springs / Elko Hot Springs / Sulphur Hot Springs	NV	40.81855	-115.7774	1978	64		110	38	134	18.5	53		-0.03	
http://resources.usgin.org/uri-gin/nbmg/thermalspring/NBMG:1319/	Hot Hole Spring - Sulfur Hot Springs / Elko Hot Springs / Sulphur Hot Springs	NV	40.81855	-115.7774	1978										7.5
http://resources.usgin.org/uri-gin/nbmg/thermalspring/NBMG:1319/	Hot Hole Spring - Sulfur Hot Springs / Elko Hot Springs / Sulphur Hot Springs	NV	40.81855	-115.7774		64	1	122	39	72	17	76			
http://resources.usgin.org/uri-gin/nbmg/thermalspring/NBMG:1319/	Hot Hole Spring - Sulfur Hot Springs / Elko Hot Springs / Sulphur Hot Springs	NV	40.81855	-115.7774		64		122	39	72	17	76	486	2.5	
http://resources.usgin.org/uri-gin/nbmg/thermalspring/NBMG:1319/	Hot Hole Spring - Sulfur Hot Springs / Elko Hot Springs / Sulphur Hot Springs	NV	40.81855	-115.7774											7.4
http://resources.usgin.org/uri-gin/nbmg/thermalspring/NBMG:1323/	San Jacinto Ranch Springs / Mineral Springs	NV	41.85991	-114.69087		55	10.9	20.9				57.2			
http://resources.usgin.org/uri-gin/nbmg/thermalspring/NBMG:1323/	San Jacinto Ranch Springs / Mineral Springs	NV	41.85991	-114.69087		55		20.9				57.2	175.7		
http://resources.usgin.org/uri-gin/nbmg/thermalspring/NBMG:1323/	San Jacinto Ranch Springs / Mineral Springs	NV	41.85991	-114.69087		69	15	124			19	42			
http://resources.usgin.org/uri-gin/nbmg/thermalspring/NBMG:1323/	San Jacinto Ranch Springs / Mineral Springs	NV	41.85991	-114.69087		69		124			19	42	528		
http://resources.usgin.org/uri-gin/nbmg/thermalspring/NBMG:1326/	Damonte Springs	NV	39.42069	-119.74064		29	9.3	447	42	172	560	78			
http://resources.usgin.org/uri-gin/nbmg/thermalspring/NBMG:1326/	Damonte Springs	NV	39.42069	-119.74064		29		447	42	172	560	78	366	1.4	
http://resources.usgin.org/uri-gin/nbmg/thermalspring/NBMG:1326/	Damonte Springs	NV	39.42069	-119.74064							560				
http://resources.usgin.org/uri-gin/nbmg/thermalspring/NBMG:1326/	Damonte Springs	NV	39.42069	-119.74064							560				
http://resources.usgin.org/uri-gin/nbmg/thermalspring/NBMG:1326/	Damonte Springs	NV	39.42069	-119.74064											6.8
http://resources.usgin.org/uri-gin/nbmg/thermalspring/NBMG:1326/	Damonte Springs	NV	39.42069	-119.74064											6.8
http://resources.usgin.org/uri-gin/nbmg/thermalspring/NBMG:1327/	Hot Spring - Humboldt Wells	NV	41.182	-114.98988	1952	48	13	370	46	86	37	12			
http://resources.usgin.org/uri-gin/nbmg/thermalspring/NBMG:1327/	Hot Spring - Humboldt Wells	NV	41.182	-114.98988	1952	48		370	46	86	37	12		7.4	
http://resources.usgin.org/uri-gin/nbmg/thermalspring/NBMG:1327/	Hot Spring - Humboldt Wells	NV	41.182	-114.98988	1952										6.6
http://resources.usgin.org/uri-gin/nbmg/thermalspring/NBMG:1327/	Hot Spring - Humboldt Wells	NV	41.182	-114.98988	2002	36.5	11.23	386	38.8	90.9	36.6	18.1			
http://resources.usgin.org/uri-gin/nbmg/thermalspring/NBMG:1327/	Hot Spring - Humboldt Wells	NV	41.182	-114.98988	2002	36.5		386	38.8	90.9	36.6	18.1	1096	2.05	
http://resources.usgin.org/uri-gin/nbmg/thermalspring/NBMG:1327/	Hot Spring - Humboldt Wells	NV	41.182	-114.98988	2002										6
http://resources.usgin.org/uri-gin/nbmg/thermalspring/NBMG:1328/	Williams Hot Springs / William Hot Springs	NV	38.95109	-115.23389	1982	1.6	-0.12	61	0.6	56	9.4	16			
http://resources.usgin.org/uri-gin/nbmg/thermalspring/NBMG:1328/	Williams Hot Springs / William Hot Springs	NV	38.95109	-115.23389	1982	1.6		61	0.6	56	9.4	16		0.009	
http://resources.usgin.org/uri-gin/nbmg/thermalspring/NBMG:1328/	Williams Hot Springs / William Hot Springs	NV	38.95109	-115.23389	1982										9.2
http://resources.usgin.org/uri-gin/nbmg/thermalspring/NBMG:1329/	Bowers Mansion Hot Springs / Franktown Hot Springs	NV	39.28534	-119.84101	1950	2.7	0.4				6.6	33			
http://resources.usgin.org/uri-gin/nbmg/thermalspring/NBMG:1329/	Bowers Mansion Hot Springs / Franktown Hot Springs	NV	39.28534	-119.84101	1950	2.7					6.6	33	78		
http://resources.usgin.org/uri-gin/nbmg/thermalspring/NBMG:1329/	Bowers Mansion Hot Springs / Franktown Hot Springs	NV	39.28534	-119.84101	1950										8.7
http://resources.usgin.org/uri-gin/nbmg/thermalspring/NBMG:1330/	Hot Spring - Steamboat Hot Springs / Reno Hot Springs / Mount Rose Hot Springs / Radium Hot Springs	NV	39.38324	-119.74769	1967	25	0.6	635	65	245	767	141			
http://resources.usgin.org/uri-gin/nbmg/thermalspring/NBMG:1330/	Hot Spring - Steamboat Hot Springs / Reno Hot Springs / Mount Rose Hot Springs / Radium Hot Springs	NV	39.38324	-119.74769	1967	25		635	65	245	767	141	336	2.2	
http://resources.usgin.org/uri-gin/nbmg/thermalspring/NBMG:1330/	Hot Spring - Steamboat Hot Springs / Reno Hot Springs / Mount Rose Hot Springs / Radium Hot Springs	NV	39.38324	-119.74769	1967										7.1
http://resources.usgin.org/uri-gin/nbmg/thermalspring/NBMG:1330/	Hot Spring - Steamboat Hot Springs / Reno Hot Springs / Mount Rose Hot Springs / Radium Hot Springs	NV	39.38324	-119.74769		14	1.9	644	59	205	790	142			
http://resources.usgin.org/uri-gin/nbmg/thermalspring/NBMG:1330/	Hot Spring - Steamboat Hot Springs / Reno Hot Springs / Mount Rose Hot Springs / Radium Hot Springs	NV	39.38324	-119.74769		14		644	59	205	790	142	328	2.2	
http://resources.usgin.org/uri-gin/nbmg/thermalspring/NBMG:1330/	Hot Spring - Steamboat Hot Springs / Reno Hot Springs / Mount Rose Hot Springs / Radium Hot Springs	NV	39.38324	-119.74769											6.7
http://resources.usgin.org/uri-gin/nbmg/thermalspring/NBMG:1333/	Soldier Meadows Hot Springs / Mud Meadow Hot Springs	NV	41.35937	-119.22452	1950	3.1	-0.1	74	1.1	63	18	41			
http://resources.usgin.org/uri-gin/nbmg/thermalspring/NBMG:1333/	Soldier Meadows Hot Springs / Mud Meadow Hot Springs	NV	41.35937	-119.22452	1950	3.1		74	1.1	63	18	41	92	0.02	
http://resources.usgin.org/uri-gin/nbmg/thermalspring/NBMG:1333/	Soldier Meadows Hot Springs / Mud Meadow Hot Springs	NV	41.35937	-119.22452	1950										8.55
http://resources.usgin.org/uri-gin/nbmg/thermalspring/NBMG:1333/	Soldier Meadows Hot Springs / Mud Meadow Hot Springs	NV	41.35937	-119.22452	1974	3.5	1.1	74	1	63	18	35			
http://resources.usgin.org/uri-gin/nbmg/thermalspring/NBMG:1333/	Soldier Meadows Hot Springs / Mud Meadow Hot Springs	NV	41.35937	-119.22452	1974	3.5		74	1	63	18	35	90	12	
http://resources.usgin.org/uri-gin/nbmg/thermalspring/NBMG:1333/	Soldier Meadows Hot Springs / Mud Meadow Hot Springs	NV	41.35937	-119.22452	1974										8.6
http://resources.usgin.org/uri-gin/nbmg/thermalspring/NBMG:1333/	Soldier Meadows Hot Springs / Mud Meadow Hot Springs	NV	41.35937	-119.22452	1975	4	1	74	1	63	18	35			
http://resources.usgin.org/uri-gin/nbmg/thermalspring/NBMG:1333/	Soldier Meadows Hot Springs / Mud Meadow Hot Springs	NV	41.35937	-119.22452	1975	4		74	1	63	18	35		12	
http://resources.usgin.org/uri-gin/nbmg/thermalspring/NBMG:1333/	Soldier Meadows Hot Springs / Mud Meadow Hot Springs	NV	41.35937	-119.22452	1975										8.5
http://resources.usgin.org/uri-gin/nbmg/thermalspring/NBMG:1335/	Bartholomae Hot Springs / Klobe Hot Springs / Clobe Hot Springs	NV	39.40519	-116.3477	1958	1	-0.1	64	0.7	85	6.3	18			
http://resources.usgin.org/uri-gin/nbmg/thermalspring/NBMG:1335/	Bartholomae Hot Springs / Klobe Hot Springs / Clobe Hot Springs	NV	39.40519	-116.3477	1958	1		64	0.7	85	6.3	18	144	4.4	
http://resources.usgin.org/uri-gin/nbmg/thermalspring/NBMG:1335/	Bartholomae Hot Springs / Klobe Hot Springs / Clobe Hot Springs	NV	39.40519	-116.3477	1958										9.3
http://resources.usgin.org/uri-gin/nbmg/thermalspring/NBMG:1335/	Bartholomae Hot Springs / Klobe Hot Springs / Clobe Hot Springs	NV	39.40519	-116.3477	1964	2.2	1.7	65	0.7	87	6.5	18			
http://resources.usgin.org/uri-gin/nbmg/thermalspring/NBMG:1335/	Bartholomae Hot Springs / Klobe Hot Springs / Clobe Hot Springs	NV	39.40519	-116.3477	1964	2.2		65	0.7	87	6.5	18	126	40.02	
http://resources.usgin.org/uri-gin/nbmg/thermalspring/NBMG:1335/	Bartholomae Hot Springs / Klobe Hot Springs / Clobe Hot Springs	NV	39.40519	-116.3477	1964										8.5
http://resources.usgin.org/uri-gin/nbmg/thermalspring/NBMG:1339/	Buffalo Valley Hot Springs	NV	40.36892	-117.32705	1978	44	8.8	300	38	185	29	83			
http://resources.usgin.org/uri-gin/nbmg/thermalspring/NBMG:1339/	Buffalo Valley Hot Springs	NV	40.36892	-117.32705	1978	44		300	38	185	29	83		0.05	
http://resources.usgin.org/uri-gin/nbmg/thermalspring/NBMG:1339/	Buffalo Valley Hot Springs	NV	40.36892	-117.32705	1978										6.8
http://resources.usgin.org/uri-gin/nbmg/thermalspring/NBMG:1352/	Orifice 22 - Great Boiling Springs / Gerlach Hot Springs	NV	40.66262	-119.367		75	2.5	1800	128	180	2400				
http://resources.usgin.org/uri-gin/nbmg/thermalspring/NBMG:1352/	Orifice 22 - Great Boiling Springs / Gerlach Hot Springs	NV	40.66262	-119.367		75		1800	128	180	2400		88		
http://resources.usgin.org/uri-gin/nbmg/thermalspring/NBMG:1352/	Orifice 22 - Great Boiling Springs / Gerlach Hot Springs	NV	40.66262	-119.367											8.2
http://resources.usgin.org/uri-gin/nbmg/thermalspring/NBMG:1356/	Hot Spring - Steamboat Hot Springs / Reno Hot Springs / Mount Rose Hot Springs / Radium Hot Springs 	NV	39.38324	-119.73435	1958	42	17	27	6.4	58	6.2	9.9			
http://resources.usgin.org/uri-gin/nbmg/thermalspring/NBMG:1356/	Hot Spring - Steamboat Hot Springs / Reno Hot Springs / Mount Rose Hot Springs / Radium Hot Springs 	NV	39.38324	-119.73435	1958	42		27	6.4	58	6.2	9.9	268	-8888888	
http://resources.usgin.org/uri-gin/nbmg/thermalspring/NBMG:1356/	Hot Spring - Steamboat Hot Springs / Reno Hot Springs / Mount Rose Hot Springs / Radium Hot Springs 	NV	39.38324	-119.73435	1958										7.1
http://resources.usgin.org/uri-gin/nbmg/thermalspring/NBMG:1358/	Mineral Hot Spring / Contact Mineral Spring	NV	41.78808	-114.7302	1966	1.6	-0.01	75	2.2	83	15	45			
http://resources.usgin.org/uri-gin/nbmg/thermalspring/NBMG:1358/	Mineral Hot Spring / Contact Mineral Spring	NV	41.78808	-114.7302	1966	1.6		75	2.2	83	15	45	108	8.9	
http://resources.usgin.org/uri-gin/nbmg/thermalspring/NBMG:1358/	Mineral Hot Spring / Contact Mineral Spring	NV	41.78808	-114.7302	1966										9.1
http://resources.usgin.org/uri-gin/nbmg/thermalspring/NBMG:1358/	Mineral Hot Spring / Contact Mineral Spring	NV	41.78808	-114.7302	1974	1.6	0.01	75	2.2	83	15	45			
http://resources.usgin.org/uri-gin/nbmg/thermalspring/NBMG:1358/	Mineral Hot Spring / Contact Mineral Spring	NV	41.78808	-114.7302	1974	1.6		75	2.2	83	15	45	108	8.9	
http://resources.usgin.org/uri-gin/nbmg/thermalspring/NBMG:1358/	Mineral Hot Spring / Contact Mineral Spring	NV	41.78808	-114.7302	1974										9.1
http://resources.usgin.org/uri-gin/nbmg/thermalspring/NBMG:1359/	Dianas Punch Bowl / Diannas Punch Bowl	NV	39.02915	-116.66751	1957	52	11	55	16	43	10	62			
http://resources.usgin.org/uri-gin/nbmg/thermalspring/NBMG:1359/	Dianas Punch Bowl / Diannas Punch Bowl	NV	39.02915	-116.66751	1957	52		55	16	43	10	62	300	2.5	
http://resources.usgin.org/uri-gin/nbmg/thermalspring/NBMG:1359/	Dianas Punch Bowl / Diannas Punch Bowl	NV	39.02915	-116.66751	1957										7.3
http://resources.usgin.org/uri-gin/nbmg/thermalspring/NBMG:1359/	Dianas Punch Bowl / Diannas Punch Bowl	NV	39.02915	-116.66751	1967	51	11	58	16	42	8.8	61			
http://resources.usgin.org/uri-gin/nbmg/thermalspring/NBMG:1359/	Dianas Punch Bowl / Diannas Punch Bowl	NV	39.02915	-116.66751	1967	51		58	16	42	8.8	61		2.9	
http://resources.usgin.org/uri-gin/nbmg/thermalspring/NBMG:1359/	Dianas Punch Bowl / Diannas Punch Bowl	NV	39.02915	-116.66751	1967										8.1
http://resources.usgin.org/uri-gin/nbmg/thermalspring/NBMG:1359/	Dianas Punch Bowl / Diannas Punch Bowl	NV	39.02915	-116.66751	1972	50	11	55	15	46	8	59			
http://resources.usgin.org/uri-gin/nbmg/thermalspring/NBMG:1359/	Dianas Punch Bowl / Diannas Punch Bowl	NV	39.02915	-116.66751	1972	50		55	15	46	8	59	277.26	2.8	
http://resources.usgin.org/uri-gin/nbmg/thermalspring/NBMG:1359/	Dianas Punch Bowl / Diannas Punch Bowl	NV	39.02915	-116.66751	1972										7.14
http://resources.usgin.org/uri-gin/nbmg/thermalspring/NBMG:1361/	Bruffeys Hot Springs / Mineral Hill Hot Springs	NV	40.22023	-116.0689	1968	50	19	40	7.3	60	14	41			
http://resources.usgin.org/uri-gin/nbmg/thermalspring/NBMG:1361/	Bruffeys Hot Springs / Mineral Hill Hot Springs	NV	40.22023	-116.0689	1968	50		40	7.3	60	14	41	282	0.6	
http://resources.usgin.org/uri-gin/nbmg/thermalspring/NBMG:1361/	Bruffeys Hot Springs / Mineral Hill Hot Springs	NV	40.22023	-116.0689	1968										6.9
http://resources.usgin.org/uri-gin/nbmg/thermalspring/NBMG:1367/	Orifice 87 - Jersey Hot Springs	NV	40.17799	-117.49085	1980	28.2	3.8	180	18.1	121	35.7	102			
http://resources.usgin.org/uri-gin/nbmg/thermalspring/NBMG:1367/	Orifice 87 - Jersey Hot Springs	NV	40.17799	-117.49085	1980	28.2		180	18.1	121	35.7	102		1.4	
http://resources.usgin.org/uri-gin/nbmg/thermalspring/NBMG:1367/	Orifice 87 - Jersey Hot Springs	NV	40.17799	-117.49085	1980										6.8
http://resources.usgin.org/uri-gin/nbmg/thermalspring/NBMG:1367/	Orifice 87 - Jersey Hot Springs	NV	40.17799	-117.49085	1998	23.1	3.12	187.58	17.5	133.4736	37.8	103			
http://resources.usgin.org/uri-gin/nbmg/thermalspring/NBMG:1367/	Orifice 87 - Jersey Hot Springs	NV	40.17799	-117.49085	1998	23.1		187.58	17.5	133.4736	37.8	103	368	9.27	
http://resources.usgin.org/uri-gin/nbmg/thermalspring/NBMG:1367/	Orifice 87 - Jersey Hot Springs	NV	40.17799	-117.49085	1998										7
http://resources.usgin.org/uri-gin/nbmg/thermalspring/NBMG:1368/	Hot Spring - Hot Springs Point	NV	40.40825	-116.51425	1966	53	43			73	44	117			
http://resources.usgin.org/uri-gin/nbmg/thermalspring/NBMG:1368/	Hot Spring - Hot Springs Point	NV	40.40825	-116.51425	1966	53				73	44	117	980	5.9	
http://resources.usgin.org/uri-gin/nbmg/thermalspring/NBMG:1368/	Hot Spring - Hot Springs Point	NV	40.40825	-116.51425		54	38	277	51	72	49	116			
http://resources.usgin.org/uri-gin/nbmg/thermalspring/NBMG:1368/	Hot Spring - Hot Springs Point	NV	40.40825	-116.51425		54		277	51	72	49	116	928	6.9	
http://resources.usgin.org/uri-gin/nbmg/thermalspring/NBMG:1368/	Hot Spring - Hot Springs Point	NV	40.40825	-116.51425											6.8
http://resources.usgin.org/uri-gin/nbmg/thermalspring/NBMG:1370/	Orifice 18 - Great Boiling Springs / Gerlach Hot Springs	NV	40.66282	-119.36731		73	2.5	1560	135	186	2230				
http://resources.usgin.org/uri-gin/nbmg/thermalspring/NBMG:1370/	Orifice 18 - Great Boiling Springs / Gerlach Hot Springs	NV	40.66282	-119.36731		73		1560	135	186	2230		84		
http://resources.usgin.org/uri-gin/nbmg/thermalspring/NBMG:1370/	Orifice 18 - Great Boiling Springs / Gerlach Hot Springs	NV	40.66282	-119.36731											8.3
http://resources.usgin.org/uri-gin/nbmg/thermalspring/NBMG:1375/	Black Rock Hot Springs	NV	40.97375	-119.00821	1967	24	0.19	570	12	70	180	130			
http://resources.usgin.org/uri-gin/nbmg/thermalspring/NBMG:1375/	Black Rock Hot Springs	NV	40.97375	-119.00821	1967	24		570	12	70	180	130	902	9	
http://resources.usgin.org/uri-gin/nbmg/thermalspring/NBMG:1375/	Black Rock Hot Springs	NV	40.97375	-119.00821	1967										7.5
http://resources.usgin.org/uri-gin/nbmg/thermalspring/NBMG:1375/	Black Rock Hot Springs	NV	40.97375	-119.00821	1972	18	1.9	486	13	62	155	130			
http://resources.usgin.org/uri-gin/nbmg/thermalspring/NBMG:1375/	Black Rock Hot Springs	NV	40.97375	-119.00821	1972	18		486	13	62	155	130	902	8.9	
http://resources.usgin.org/uri-gin/nbmg/thermalspring/NBMG:1375/	Black Rock Hot Springs	NV	40.97375	-119.00821	1972										7.9
http://resources.usgin.org/uri-gin/nbmg/thermalspring/NBMG:1378/	Horseshoe Ranch Hot Springs	NV	40.60166666666667	-116.46	1967	22	5.8	136	17	58	27	62			
http://resources.usgin.org/uri-gin/nbmg/thermalspring/NBMG:1378/	Horseshoe Ranch Hot Springs	NV	40.60166666666667	-116.46	1967	22		136	17	58	27	62	378	5	
http://resources.usgin.org/uri-gin/nbmg/thermalspring/NBMG:1378/	Horseshoe Ranch Hot Springs	NV	40.60166666666667	-116.46	1967										7
http://resources.usgin.org/uri-gin/nbmg/thermalspring/NBMG:1379/	Walleys Hot Springs / Genoa Hot Springs	NV	38.98108	-119.83351	1934	9.6	0.5	137	2.9	61	46	200			
http://resources.usgin.org/uri-gin/nbmg/thermalspring/NBMG:1379/	Walleys Hot Springs / Genoa Hot Springs	NV	38.98108	-119.83351	1934	9.6		137	2.9	61	46	200	12	50.01	
http://resources.usgin.org/uri-gin/nbmg/thermalspring/NBMG:1379/	Walleys Hot Springs / Genoa Hot Springs	NV	38.98108	-119.83351	1934										9.1
http://resources.usgin.org/uri-gin/nbmg/thermalspring/NBMG:1379/	Walleys Hot Springs / Genoa Hot Springs	NV	38.98108	-119.83351	1961	16	3.3	136	2.9	125.4	39.8	176			
http://resources.usgin.org/uri-gin/nbmg/thermalspring/NBMG:1379/	Walleys Hot Springs / Genoa Hot Springs	NV	38.98108	-119.83351	1961	16		136	2.9	125.4	39.8	176		4	
http://resources.usgin.org/uri-gin/nbmg/thermalspring/NBMG:1379/	Walleys Hot Springs / Genoa Hot Springs	NV	38.98108	-119.83351	1961										8.4
http://resources.usgin.org/uri-gin/nbmg/thermalspring/NBMG:1379/	Walleys Hot Springs / Genoa Hot Springs	NV	38.98108	-119.83351		9.8	-0.05	130	4	72	46	205			
http://resources.usgin.org/uri-gin/nbmg/thermalspring/NBMG:1379/	Walleys Hot Springs / Genoa Hot Springs	NV	38.98108	-119.83351		9.8		130	4	72	46	205	1.9	4.7	
http://resources.usgin.org/uri-gin/nbmg/thermalspring/NBMG:1379/	Walleys Hot Springs / Genoa Hot Springs	NV	38.98108	-119.83351						48.9					
http://resources.usgin.org/uri-gin/nbmg/thermalspring/NBMG:1379/	Walleys Hot Springs / Genoa Hot Springs	NV	38.98108	-119.83351						48.9					
http://resources.usgin.org/uri-gin/nbmg/thermalspring/NBMG:1379/	Walleys Hot Springs / Genoa Hot Springs	NV	38.98108	-119.83351											9.08
http://resources.usgin.org/uri-gin/nbmg/thermalspring/NBMG:1380/	Spencer Hot Springs Well (Artesian)	NV	39.32717	-116.85581	1962	44	3.1	201	35	80	22	51			
http://resources.usgin.org/uri-gin/nbmg/thermalspring/NBMG:1380/	Spencer Hot Springs Well (Artesian)	NV	39.32717	-116.85581	1962	44		201	35	80	22	51	673		
http://resources.usgin.org/uri-gin/nbmg/thermalspring/NBMG:1380/	Spencer Hot Springs Well (Artesian)	NV	39.32717	-116.85581	1962										6.5
http://resources.usgin.org/uri-gin/nbmg/thermalspring/NBMG:1380/	Spencer Hot Springs Well (Artesian)	NV	39.32717	-116.85581		44	8				22				
http://resources.usgin.org/uri-gin/nbmg/thermalspring/NBMG:1380/	Spencer Hot Springs Well (Artesian)	NV	39.32717	-116.85581		44					22		664		
http://resources.usgin.org/uri-gin/nbmg/thermalspring/NBMG:1380/	Spencer Hot Springs Well (Artesian)	NV	39.32717	-116.85581		47	8.3	200	36	81	22	44			
http://resources.usgin.org/uri-gin/nbmg/thermalspring/NBMG:1380/	Spencer Hot Springs Well (Artesian)	NV	39.32717	-116.85581		47		200	36	81	22	44	670	5	
http://resources.usgin.org/uri-gin/nbmg/thermalspring/NBMG:1380/	Spencer Hot Springs Well (Artesian)	NV	39.32717	-116.85581											6.6
http://resources.usgin.org/uri-gin/nbmg/thermalspring/NBMG:1380/	Spencer Hot Springs Well (Artesian)	NV	39.32717	-116.85581											7
http://resources.usgin.org/uri-gin/nbmg/thermalspring/NBMG:1381/	Hot Well - Wine Cup Ranch Springs / Thousand Springs	NV	41.40909	-114.67504	1946	49	17				30	69			
http://resources.usgin.org/uri-gin/nbmg/thermalspring/NBMG:1381/	Hot Well - Wine Cup Ranch Springs / Thousand Springs	NV	41.40909	-114.67504	1946	49					30	69	426		
http://resources.usgin.org/uri-gin/nbmg/thermalspring/NBMG:1381/	Hot Well - Wine Cup Ranch Springs / Thousand Springs	NV	41.40909	-114.67504	1946										8.4
http://resources.usgin.org/uri-gin/nbmg/thermalspring/NBMG:13839/	NDOT Well - Spring Mountains	NV	36.26857	-115.59474	1980	67	17	1.6	0.5	6.2	1	28			
http://resources.usgin.org/uri-gin/nbmg/thermalspring/NBMG:13839/	NDOT Well - Spring Mountains	NV	36.26857	-115.59474	1980	67		1.6	0.5	6.2	1	28		0.2	
http://resources.usgin.org/uri-gin/nbmg/thermalspring/NBMG:13839/	NDOT Well - Spring Mountains	NV	36.26857	-115.59474	1980						0.9	12			
http://resources.usgin.org/uri-gin/nbmg/thermalspring/NBMG:13839/	NDOT Well - Spring Mountains	NV	36.26857	-115.59474	1980						0.9	12			
http://resources.usgin.org/uri-gin/nbmg/thermalspring/NBMG:13839/	NDOT Well - Spring Mountains	NV	36.26857	-115.59474	1980						0.9	12			
http://resources.usgin.org/uri-gin/nbmg/thermalspring/NBMG:13839/	NDOT Well - Spring Mountains	NV	36.26857	-115.59474	1980						0.9	12			
http://resources.usgin.org/uri-gin/nbmg/thermalspring/NBMG:13839/	NDOT Well - Spring Mountains	NV	36.26857	-115.59474	1980						1.1	31			
http://resources.usgin.org/uri-gin/nbmg/thermalspring/NBMG:13839/	NDOT Well - Spring Mountains	NV	36.26857	-115.59474	1980						1.1	31			
http://resources.usgin.org/uri-gin/nbmg/thermalspring/NBMG:13839/	NDOT Well - Spring Mountains	NV	36.26857	-115.59474	1980						1.4	13			
http://resources.usgin.org/uri-gin/nbmg/thermalspring/NBMG:13839/	NDOT Well - Spring Mountains	NV	36.26857	-115.59474	1980						1.4	13			
http://resources.usgin.org/uri-gin/nbmg/thermalspring/NBMG:13839/	NDOT Well - Spring Mountains	NV	36.26857	-115.59474	1980										7.7
http://resources.usgin.org/uri-gin/nbmg/thermalspring/NBMG:13839/	NDOT Well - Spring Mountains	NV	36.26857	-115.59474	1980										8.3
http://resources.usgin.org/uri-gin/nbmg/thermalspring/NBMG:13839/	NDOT Well - Spring Mountains	NV	36.26857	-115.59474	1981	66	17	1.9	0.4	6.2	1.1	34			
http://resources.usgin.org/uri-gin/nbmg/thermalspring/NBMG:13839/	NDOT Well - Spring Mountains	NV	36.26857	-115.59474	1981	66	18	1.9	0.5	6.3	1.4	33			
http://resources.usgin.org/uri-gin/nbmg/thermalspring/NBMG:13839/	NDOT Well - Spring Mountains	NV	36.26857	-115.59474	1981	66		1.9	0.4	6.2	1.1	34		0.2	
http://resources.usgin.org/uri-gin/nbmg/thermalspring/NBMG:13839/	NDOT Well - Spring Mountains	NV	36.26857	-115.59474	1981	66		1.9	0.5	6.3	1.4	33		0.2	
http://resources.usgin.org/uri-gin/nbmg/thermalspring/NBMG:13839/	NDOT Well - Spring Mountains	NV	36.26857	-115.59474	1981										7.6
http://resources.usgin.org/uri-gin/nbmg/thermalspring/NBMG:13896/	Washoe County Desert Springs Well 3	NV	39.63685	-119.71713	1998	53.5	12.4	92.3	4.93	68.1	85.2	87			
http://resources.usgin.org/uri-gin/nbmg/thermalspring/NBMG:13896/	Washoe County Desert Springs Well 3	NV	39.63685	-119.71713	1998	53.5		92.3	4.93	68.1	85.2	87	152	0.6	
http://resources.usgin.org/uri-gin/nbmg/thermalspring/NBMG:13896/	Washoe County Desert Springs Well 3	NV	39.63685	-119.71713	1998										7.8
http://resources.usgin.org/uri-gin/nbmg/thermalspring/NBMG:13896/	Washoe County Desert Springs Well 3	NV	39.63685	-119.71713	2003	67.7	15.5	103	6.09	72.4	96	104			
http://resources.usgin.org/uri-gin/nbmg/thermalspring/NBMG:13896/	Washoe County Desert Springs Well 3	NV	39.63685	-119.71713	2003	67.7		103	6.09	72.4	96	104	207	0.51	
http://resources.usgin.org/uri-gin/nbmg/thermalspring/NBMG:13896/	Washoe County Desert Springs Well 3	NV	39.63685	-119.71713	2003	69.4	15.9	105	5.86	71.4	102	120			
http://resources.usgin.org/uri-gin/nbmg/thermalspring/NBMG:13896/	Washoe County Desert Springs Well 3	NV	39.63685	-119.71713	2003	69.4		105	5.86	71.4	102	120	217	-8888888	
http://resources.usgin.org/uri-gin/nbmg/thermalspring/NBMG:13896/	Washoe County Desert Springs Well 3	NV	39.63685	-119.71713	2003										7.5
http://resources.usgin.org/uri-gin/nbmg/thermalspring/NBMG:13896/	Washoe County Desert Springs Well 3	NV	39.63685	-119.71713	2003										7.6
http://resources.usgin.org/uri-gin/nbmg/thermalspring/NBMG:13896/	Washoe County Desert Springs Well 3	NV	39.63685	-119.71713	2004	63.4	14.3	97.4	5.77	74.4	93.9	96.1			
http://resources.usgin.org/uri-gin/nbmg/thermalspring/NBMG:13896/	Washoe County Desert Springs Well 3	NV	39.63685	-119.71713	2004	63.4		97.4	5.77	74.4	93.9	96.1	198	0.6	
http://resources.usgin.org/uri-gin/nbmg/thermalspring/NBMG:13896/	Washoe County Desert Springs Well 3	NV	39.63685	-119.71713	2004	79.1	17.9	110	6.03	72.1	105	125			
http://resources.usgin.org/uri-gin/nbmg/thermalspring/NBMG:13896/	Washoe County Desert Springs Well 3	NV	39.63685	-119.71713	2004	79.1		110	6.03	72.1	105	125	225	-8888888	
http://resources.usgin.org/uri-gin/nbmg/thermalspring/NBMG:13896/	Washoe County Desert Springs Well 3	NV	39.63685	-119.71713	2004	81.2	19.1	112	6.22	69.3	108	131			
http://resources.usgin.org/uri-gin/nbmg/thermalspring/NBMG:13896/	Washoe County Desert Springs Well 3	NV	39.63685	-119.71713	2004	81.2		112	6.22	69.3	108	131	223	-8888888	
http://resources.usgin.org/uri-gin/nbmg/thermalspring/NBMG:13896/	Washoe County Desert Springs Well 3	NV	39.63685	-119.71713	2004										7.4
http://resources.usgin.org/uri-gin/nbmg/thermalspring/NBMG:13896/	Washoe County Desert Springs Well 3	NV	39.63685	-119.71713	2004										7.5
http://resources.usgin.org/uri-gin/nbmg/thermalspring/NBMG:13896/	Washoe County Desert Springs Well 3	NV	39.63685	-119.71713	2004										7.5
http://resources.usgin.org/uri-gin/nbmg/thermalspring/NBMG:1393/	Hot Spring - Hot Springs Point	NV	40.40353	-116.51722	1974	46	40	285	56	70	48	116			
http://resources.usgin.org/uri-gin/nbmg/thermalspring/NBMG:1393/	Hot Spring - Hot Springs Point	NV	40.40353	-116.51722	1974	46		285	56	70	48	116	949	7	
http://resources.usgin.org/uri-gin/nbmg/thermalspring/NBMG:1393/	Hot Spring - Hot Springs Point	NV	40.40353	-116.51722	1974										6.9
http://resources.usgin.org/uri-gin/nbmg/thermalspring/NBMG:13988/	USGS Well - NW Spencer Hot Springs	NV	39.38548	-116.92703	2003										7.5
http://resources.usgin.org/uri-gin/nbmg/thermalspring/NBMG:14/	Warm Spring - Bradys Hot Springs / Springers Hot Springs / Fernley Hot Springs / Nightingale Hot Springs	NV	39.78608	-119.01185	1960	44	2.6	200	31	108	43	341			
http://resources.usgin.org/uri-gin/nbmg/thermalspring/NBMG:14/	Warm Spring - Bradys Hot Springs / Springers Hot Springs / Fernley Hot Springs / Nightingale Hot Springs	NV	39.78608	-119.01185	1960	44		200	31	108	43	341	204	5.6	
http://resources.usgin.org/uri-gin/nbmg/thermalspring/NBMG:14/	Warm Spring - Bradys Hot Springs / Springers Hot Springs / Fernley Hot Springs / Nightingale Hot Springs	NV	39.78608	-119.01185	1960										7.3
http://resources.usgin.org/uri-gin/nbmg/thermalspring/NBMG:1407/	Lawtons Hot Springs / Lawton Hot Springs / Granite Hot Springs / River Inn Natural Hot Springs	NV	39.51158	-119.90436	1954	7.2	-9999999	117	0.7	40	6	142			
http://resources.usgin.org/uri-gin/nbmg/thermalspring/NBMG:1407/	Lawtons Hot Springs / Lawton Hot Springs / Granite Hot Springs / River Inn Natural Hot Springs	NV	39.51158	-119.90436	1954	7.2		117	0.7	40	6	142	19		
http://resources.usgin.org/uri-gin/nbmg/thermalspring/NBMG:1407/	Lawtons Hot Springs / Lawton Hot Springs / Granite Hot Springs / River Inn Natural Hot Springs	NV	39.51158	-119.90436	1954										8.8
http://resources.usgin.org/uri-gin/nbmg/thermalspring/NBMG:1407/	Lawtons Hot Springs / Lawton Hot Springs / Granite Hot Springs / River Inn Natural Hot Springs	NV	39.51158	-119.90436	1962	8					57	165	61	2.9	
http://resources.usgin.org/uri-gin/nbmg/thermalspring/NBMG:1407/	Lawtons Hot Springs / Lawton Hot Springs / Granite Hot Springs / River Inn Natural Hot Springs	NV	39.51158	-119.90436	1962	8					57	165			
http://resources.usgin.org/uri-gin/nbmg/thermalspring/NBMG:1407/	Lawtons Hot Springs / Lawton Hot Springs / Granite Hot Springs / River Inn Natural Hot Springs	NV	39.51158	-119.90436	1962										9.1
http://resources.usgin.org/uri-gin/nbmg/thermalspring/NBMG:1411/	The Needle Rocks Hot Springs	NV	40.14128	-119.69003		198	0.3	1040	120	110	1760	350			
http://resources.usgin.org/uri-gin/nbmg/thermalspring/NBMG:1411/	The Needle Rocks Hot Springs	NV	40.14128	-119.69003		198		1040	120	110	1760	350	110		
http://resources.usgin.org/uri-gin/nbmg/thermalspring/NBMG:1411/	The Needle Rocks Hot Springs	NV	40.14128	-119.69003											7.8
http://resources.usgin.org/uri-gin/nbmg/thermalspring/NBMG:1413/	Hot Spring - Humboldt Wells	NV	41.18195	-114.99048	1974	78	36	300	30	110	26	24			
http://resources.usgin.org/uri-gin/nbmg/thermalspring/NBMG:1413/	Hot Spring - Humboldt Wells	NV	41.18195	-114.99048	1974	78		300	30	110	26	24	1210	6.1	
http://resources.usgin.org/uri-gin/nbmg/thermalspring/NBMG:1413/	Hot Spring - Humboldt Wells	NV	41.18195	-114.99048	1974										6.58
http://resources.usgin.org/uri-gin/nbmg/thermalspring/NBMG:1413/	Hot Spring - Humboldt Wells	NV	41.18195	-114.99048		75	37	300	31	105	27	32			
http://resources.usgin.org/uri-gin/nbmg/thermalspring/NBMG:1413/	Hot Spring - Humboldt Wells	NV	41.18195	-114.99048		75		300	31	105	27	32	1135	7.2	
http://resources.usgin.org/uri-gin/nbmg/thermalspring/NBMG:1413/	Hot Spring - Humboldt Wells	NV	41.18195	-114.99048											7.3
http://resources.usgin.org/uri-gin/nbmg/thermalspring/NBMG:1423/	Spring 1 - Rawhide Hot Springs / Wedell Springs	NV	38.91902	-118.19626	1964	50	13	216			94	254			
http://resources.usgin.org/uri-gin/nbmg/thermalspring/NBMG:1423/	Spring 1 - Rawhide Hot Springs / Wedell Springs	NV	38.91902	-118.19626	1964	50		216			94	254	220		
http://resources.usgin.org/uri-gin/nbmg/thermalspring/NBMG:1423/	Spring 1 - Rawhide Hot Springs / Wedell Springs	NV	38.91902	-118.19626		16	-9999999	262			78	315			
http://resources.usgin.org/uri-gin/nbmg/thermalspring/NBMG:1423/	Spring 1 - Rawhide Hot Springs / Wedell Springs	NV	38.91902	-118.19626		16		262			78	315	210		
http://resources.usgin.org/uri-gin/nbmg/thermalspring/NBMG:1425/	Nevada Hot Springs / Hinds Hot Springs	NV	38.8988	-119.41127	1967					61	18	145	-9999999	2.7	
http://resources.usgin.org/uri-gin/nbmg/thermalspring/NBMG:1425/	Nevada Hot Springs / Hinds Hot Springs	NV	38.8988	-119.41127	1967					61	18	145			
http://resources.usgin.org/uri-gin/nbmg/thermalspring/NBMG:1425/	Nevada Hot Springs / Hinds Hot Springs	NV	38.8988	-119.41127	1974	4.5	0.01	102	2.5	52	17	169			
http://resources.usgin.org/uri-gin/nbmg/thermalspring/NBMG:1425/	Nevada Hot Springs / Hinds Hot Springs	NV	38.8988	-119.41127	1974	4.5		102	2.5	52	17	169		3.1	
http://resources.usgin.org/uri-gin/nbmg/thermalspring/NBMG:1425/	Nevada Hot Springs / Hinds Hot Springs	NV	38.8988	-119.41127	1974										8.7
http://resources.usgin.org/uri-gin/nbmg/thermalspring/NBMG:1426/	McLeod Ranch Hot Springs	NV	39.02754	-117.13662		18	9	537	40	162	48	65			
http://resources.usgin.org/uri-gin/nbmg/thermalspring/NBMG:1426/	McLeod Ranch Hot Springs	NV	39.02754	-117.13662		18		537	40	162	48	65		130.04	
http://resources.usgin.org/uri-gin/nbmg/thermalspring/NBMG:1426/	McLeod Ranch Hot Springs	NV	39.02754	-117.13662											8.17
http://resources.usgin.org/uri-gin/nbmg/thermalspring/NBMG:1427/	Upper Hot Creek Ranch Springs - Hot Creek Canyon	NV	38.51925	-116.36469	1957	51	15	197	13	135	42	86			
http://resources.usgin.org/uri-gin/nbmg/thermalspring/NBMG:1427/	Upper Hot Creek Ranch Springs - Hot Creek Canyon	NV	38.51925	-116.36469	1957	51		197	13	135	42	86	545	80.04	
http://resources.usgin.org/uri-gin/nbmg/thermalspring/NBMG:1427/	Upper Hot Creek Ranch Springs - Hot Creek Canyon	NV	38.51925	-116.36469	1957										8
http://resources.usgin.org/uri-gin/nbmg/thermalspring/NBMG:1427/	Upper Hot Creek Ranch Springs - Hot Creek Canyon	NV	38.51925	-116.36469	1973	51	15.1	197	13.4	135	42	86.4			
http://resources.usgin.org/uri-gin/nbmg/thermalspring/NBMG:1427/	Upper Hot Creek Ranch Springs - Hot Creek Canyon	NV	38.51925	-116.36469	1973	51		197	13.4	135	42	86.4		80.04	
http://resources.usgin.org/uri-gin/nbmg/thermalspring/NBMG:1427/	Upper Hot Creek Ranch Springs - Hot Creek Canyon	NV	38.51925	-116.36469	1973										8
http://resources.usgin.org/uri-gin/nbmg/thermalspring/NBMG:1428/	Nanny Goat Springs / Hot Springs W of Rte 6 and 25	NV	38.18661	-116.37256	1962	92	23	199	23	55	36	96			
http://resources.usgin.org/uri-gin/nbmg/thermalspring/NBMG:1428/	Nanny Goat Springs / Hot Springs W of Rte 6 and 25	NV	38.18661	-116.37256	1962	92		199	23	55	36	96	737	3.6	
http://resources.usgin.org/uri-gin/nbmg/thermalspring/NBMG:1428/	Nanny Goat Springs / Hot Springs W of Rte 6 and 25	NV	38.18661	-116.37256	1962										6.9
http://resources.usgin.org/uri-gin/nbmg/thermalspring/NBMG:1428/	Nanny Goat Springs / Hot Springs W of Rte 6 and 25	NV	38.18661	-116.37256	1973	91.5	22.5	199	23.3	55	36	96.1			
http://resources.usgin.org/uri-gin/nbmg/thermalspring/NBMG:1428/	Nanny Goat Springs / Hot Springs W of Rte 6 and 25	NV	38.18661	-116.37256	1973	91.5		199	23.3	55	36	96.1		3.6	
http://resources.usgin.org/uri-gin/nbmg/thermalspring/NBMG:1428/	Nanny Goat Springs / Hot Springs W of Rte 6 and 25	NV	38.18661	-116.37256	1973										6.9
http://resources.usgin.org/uri-gin/nbmg/thermalspring/NBMG:1428/	Nanny Goat Springs / Hot Springs W of Rte 6 and 25	NV	38.18661	-116.37256		76	22	194	24	53	31	99			
http://resources.usgin.org/uri-gin/nbmg/thermalspring/NBMG:1428/	Nanny Goat Springs / Hot Springs W of Rte 6 and 25	NV	38.18661	-116.37256		76		194	24	53	31	99	702	3	
http://resources.usgin.org/uri-gin/nbmg/thermalspring/NBMG:1428/	Nanny Goat Springs / Hot Springs W of Rte 6 and 25	NV	38.18661	-116.37256											7.2
http://resources.usgin.org/uri-gin/nbmg/thermalspring/NBMG:1430/	Orifice 27 - Great Boiling Springs / Gerlach Hot Springs	NV	40.66267	-119.36693		75	2.2	1590	148	176	2180				
http://resources.usgin.org/uri-gin/nbmg/thermalspring/NBMG:1430/	Orifice 27 - Great Boiling Springs / Gerlach Hot Springs	NV	40.66267	-119.36693		75		1590	148	176	2180		82		
http://resources.usgin.org/uri-gin/nbmg/thermalspring/NBMG:1430/	Orifice 27 - Great Boiling Springs / Gerlach Hot Springs	NV	40.66267	-119.36693											7.8
http://resources.usgin.org/uri-gin/nbmg/thermalspring/NBMG:1431/	Corral Spring 1 / Horse Springs	NV	40.65739	-119.35332	1975	74	1	1380	130	182	1920	356			
http://resources.usgin.org/uri-gin/nbmg/thermalspring/NBMG:1431/	Corral Spring 1 / Horse Springs	NV	40.65739	-119.35332	1975	74		1380	130	182	1920	356		4.1	
http://resources.usgin.org/uri-gin/nbmg/thermalspring/NBMG:1431/	Corral Spring 1 / Horse Springs	NV	40.65739	-119.35332	1975										7.6
http://resources.usgin.org/uri-gin/nbmg/thermalspring/NBMG:1431/	Corral Spring 1 / Horse Springs	NV	40.65739	-119.35332		47	1	1380	130	182	1915	356			
http://resources.usgin.org/uri-gin/nbmg/thermalspring/NBMG:1431/	Corral Spring 1 / Horse Springs	NV	40.65739	-119.35332		47		1380	130	182	1915	356	74		
http://resources.usgin.org/uri-gin/nbmg/thermalspring/NBMG:1431/	Corral Spring 1 / Horse Springs	NV	40.65739	-119.35332											7.6
http://resources.usgin.org/uri-gin/nbmg/thermalspring/NBMG:1436/	Hot Well - Moana Hot Springs	NV	39.4829	-119.80382	1946	16	0.41	189	5.5	93	33	305			
http://resources.usgin.org/uri-gin/nbmg/thermalspring/NBMG:1436/	Hot Well - Moana Hot Springs	NV	39.4829	-119.80382	1946	16		189	5.5	93	33	305	131	4.2	
http://resources.usgin.org/uri-gin/nbmg/thermalspring/NBMG:1436/	Hot Well - Moana Hot Springs	NV	39.4829	-119.80382	1946										8.1
http://resources.usgin.org/uri-gin/nbmg/thermalspring/NBMG:1437/	Golconda Hot Springs / Segerstroms Hot Springs	NV	40.9614	-117.49479	1954	34	7.8	141	22	57	21	54			
http://resources.usgin.org/uri-gin/nbmg/thermalspring/NBMG:1437/	Golconda Hot Springs / Segerstroms Hot Springs	NV	40.9614	-117.49479	1954	34		141	22	57	21	54	441	2.3	
http://resources.usgin.org/uri-gin/nbmg/thermalspring/NBMG:1437/	Golconda Hot Springs / Segerstroms Hot Springs	NV	40.9614	-117.49479	1954										7.8
http://resources.usgin.org/uri-gin/nbmg/thermalspring/NBMG:1437/	Golconda Hot Springs / Segerstroms Hot Springs	NV	40.9614	-117.49479	1972	35	8.4	146	23	59	20	56			
http://resources.usgin.org/uri-gin/nbmg/thermalspring/NBMG:1437/	Golconda Hot Springs / Segerstroms Hot Springs	NV	40.9614	-117.49479	1972	35		146	23	59	20	56	448	-9999999	
http://resources.usgin.org/uri-gin/nbmg/thermalspring/NBMG:1437/	Golconda Hot Springs / Segerstroms Hot Springs	NV	40.9614	-117.49479	1972										8.2
http://resources.usgin.org/uri-gin/nbmg/thermalspring/NBMG:14372/	New Pony Spring Well	NV	38.33711	-114.60014	2003										7.5
http://resources.usgin.org/uri-gin/nbmg/thermalspring/NBMG:1438/	Orifice 3 - Great Boiling Springs / Gerlach Hot Springs	NV	40.66306	-119.36603		80	2.3	1800	130	186	2430				
http://resources.usgin.org/uri-gin/nbmg/thermalspring/NBMG:1438/	Orifice 3 - Great Boiling Springs / Gerlach Hot Springs	NV	40.66306	-119.36603		80		1800	130	186	2430		83		
http://resources.usgin.org/uri-gin/nbmg/thermalspring/NBMG:1438/	Orifice 3 - Great Boiling Springs / Gerlach Hot Springs	NV	40.66306	-119.36603											7.7
http://resources.usgin.org/uri-gin/nbmg/thermalspring/NBMG:1439/	Hot Sulfur Springs nr Carlin / Dry Susie Hot Springs / Hot Sulphur Springs nr Carlin	NV	40.76386	-116.04101	1970	15	5.9	231	27	52	10	25			
http://resources.usgin.org/uri-gin/nbmg/thermalspring/NBMG:1439/	Hot Sulfur Springs nr Carlin / Dry Susie Hot Springs / Hot Sulphur Springs nr Carlin	NV	40.76386	-116.04101	1970	15		231	27	52	10	25	690		
http://resources.usgin.org/uri-gin/nbmg/thermalspring/NBMG:1439/	Hot Sulfur Springs nr Carlin / Dry Susie Hot Springs / Hot Sulphur Springs nr Carlin	NV	40.76386	-116.04101	1970										6.9
http://resources.usgin.org/uri-gin/nbmg/thermalspring/NBMG:1439/	Hot Sulfur Springs nr Carlin / Dry Susie Hot Springs / Hot Sulphur Springs nr Carlin	NV	40.76386	-116.04101		13	5.6	240	30	52	9.2	28			
http://resources.usgin.org/uri-gin/nbmg/thermalspring/NBMG:1439/	Hot Sulfur Springs nr Carlin / Dry Susie Hot Springs / Hot Sulphur Springs nr Carlin	NV	40.76386	-116.04101		13		240	30	52	9.2	28	680.8	2.8	
http://resources.usgin.org/uri-gin/nbmg/thermalspring/NBMG:1439/	Hot Sulfur Springs nr Carlin / Dry Susie Hot Springs / Hot Sulphur Springs nr Carlin	NV	40.76386	-116.04101											7.6
http://resources.usgin.org/uri-gin/nbmg/thermalspring/NBMG:1445/	Buffalo Valley Hot Springs	NV	40.36773	-117.32665	1962	7.6	20	304	33	74	20	93			
http://resources.usgin.org/uri-gin/nbmg/thermalspring/NBMG:1445/	Buffalo Valley Hot Springs	NV	40.36773	-117.32665	1962	7.6		304	33	74	20	93	818	5.5	
http://resources.usgin.org/uri-gin/nbmg/thermalspring/NBMG:1445/	Buffalo Valley Hot Springs	NV	40.36773	-117.32665	1962										7.5
http://resources.usgin.org/uri-gin/nbmg/thermalspring/NBMG:1447/	Mud Springs 1 - Gerlach	NV	40.6536	-119.37662	1975	74	2.5	1540	134	172	2080	370			
http://resources.usgin.org/uri-gin/nbmg/thermalspring/NBMG:1447/	Mud Springs 1 - Gerlach	NV	40.6536	-119.37662	1975	74		1540	134	172	2080	370			
http://resources.usgin.org/uri-gin/nbmg/thermalspring/NBMG:1447/	Mud Springs 1 - Gerlach	NV	40.6536	-119.37662	1975										7.2
http://resources.usgin.org/uri-gin/nbmg/thermalspring/NBMG:1447/	Mud Springs 1 - Gerlach	NV	40.6536	-119.37662	1980	77	2.6	1400	120	190	2200	390			
http://resources.usgin.org/uri-gin/nbmg/thermalspring/NBMG:1447/	Mud Springs 1 - Gerlach	NV	40.6536	-119.37662	1980	77		1400	120	190	2200	390		50.03	
http://resources.usgin.org/uri-gin/nbmg/thermalspring/NBMG:1447/	Mud Springs 1 - Gerlach	NV	40.6536	-119.37662	1980										7.1
http://resources.usgin.org/uri-gin/nbmg/thermalspring/NBMG:1447/	Mud Springs 1 - Gerlach	NV	40.6536	-119.37662		174	2.5	1540	134	172	2075				
http://resources.usgin.org/uri-gin/nbmg/thermalspring/NBMG:1447/	Mud Springs 1 - Gerlach	NV	40.6536	-119.37662		174		1540	134	172	2075				
http://resources.usgin.org/uri-gin/nbmg/thermalspring/NBMG:1447/	Mud Springs 1 - Gerlach	NV	40.6536	-119.37662		75	2.8	1530	135	172	2100				
http://resources.usgin.org/uri-gin/nbmg/thermalspring/NBMG:1447/	Mud Springs 1 - Gerlach	NV	40.6536	-119.37662		75		1530	135	172	2100				
http://resources.usgin.org/uri-gin/nbmg/thermalspring/NBMG:1447/	Mud Springs 1 - Gerlach	NV	40.6536	-119.37662											7.2
http://resources.usgin.org/uri-gin/nbmg/thermalspring/NBMG:1447/	Mud Springs 1 - Gerlach	NV	40.6536	-119.37662											8.2
http://resources.usgin.org/uri-gin/nbmg/thermalspring/NBMG:1449/	Well 1 - Golconda Hot Springs / Sergerstroms Hot Springs	NV	40.9599	-117.49429	1905	36.2	7.78	132	22	31.4	19.2	49.5			
http://resources.usgin.org/uri-gin/nbmg/thermalspring/NBMG:1449/	Well 1 - Golconda Hot Springs / Sergerstroms Hot Springs	NV	40.9599	-117.49429	1905	36.2		132	22	31.4	19.2	49.5	377	1.94	
http://resources.usgin.org/uri-gin/nbmg/thermalspring/NBMG:1449/	Well 1 - Golconda Hot Springs / Sergerstroms Hot Springs	NV	40.9599	-117.49429	1905										6.95
http://resources.usgin.org/uri-gin/nbmg/thermalspring/NBMG:1449/	Golconda Hot Springs / Segerstroms Hot Springs	NV	40.9599	-117.49429		33	7.7	180			21	108			
http://resources.usgin.org/uri-gin/nbmg/thermalspring/NBMG:1449/	Golconda Hot Springs / Segerstroms Hot Springs	NV	40.9599	-117.49429		33		180			21	108	444		
http://resources.usgin.org/uri-gin/nbmg/thermalspring/NBMG:14509/	NDOT Well - Hot Springs Flat	NV	39.86658	-118.89099	1970						380				
http://resources.usgin.org/uri-gin/nbmg/thermalspring/NBMG:14509/	NDOT Well - Hot Springs Flat	NV	39.86658	-118.89099	1970						380				
http://resources.usgin.org/uri-gin/nbmg/thermalspring/NBMG:14509/	NDOT Well - Hot Springs Flat	NV	39.86658	-118.89099	1970						390				
http://resources.usgin.org/uri-gin/nbmg/thermalspring/NBMG:14509/	NDOT Well - Hot Springs Flat	NV	39.86658	-118.89099	1970						390				
http://resources.usgin.org/uri-gin/nbmg/thermalspring/NBMG:14509/	NDOT Well - Hot Springs Flat	NV	39.86658	-118.89099	1970						430				
http://resources.usgin.org/uri-gin/nbmg/thermalspring/NBMG:14509/	NDOT Well - Hot Springs Flat	NV	39.86658	-118.89099	1970						430				
http://resources.usgin.org/uri-gin/nbmg/thermalspring/NBMG:14509/	NDOT Well - Hot Springs Flat	NV	39.86658	-118.89099	1970										7.2
http://resources.usgin.org/uri-gin/nbmg/thermalspring/NBMG:14509/	NDOT Well - Hot Springs Flat	NV	39.86658	-118.89099	1970										7.3
http://resources.usgin.org/uri-gin/nbmg/thermalspring/NBMG:14509/	NDOT Well - Hot Springs Flat	NV	39.86658	-118.89099	1970										7.6
http://resources.usgin.org/uri-gin/nbmg/thermalspring/NBMG:1451/	Orifice 37 - Great Boiling Springs / Gerlach Hot Springs	NV	40.66296	-119.36629	1949	70	2.2	1420	133	192	2340				
http://resources.usgin.org/uri-gin/nbmg/thermalspring/NBMG:1451/	Orifice 37 - Great Boiling Springs / Gerlach Hot Springs	NV	40.66296	-119.36629	1949	70		1420	133	192	2340				
http://resources.usgin.org/uri-gin/nbmg/thermalspring/NBMG:1451/	Orifice 37 - Great Boiling Springs / Gerlach Hot Springs	NV	40.66296	-119.36629	1949										7.8
http://resources.usgin.org/uri-gin/nbmg/thermalspring/NBMG:1454/	Bruffeys Hot Springs / Mineral Hill Hot Springs	NV	40.22005	-116.0685	1964	52	16	39	8.7	0.58	14	27			
http://resources.usgin.org/uri-gin/nbmg/thermalspring/NBMG:1454/	Bruffeys Hot Springs / Mineral Hill Hot Springs	NV	40.22005	-116.0685	1964	52		39	8.7	0.58	14	27	287	0.7	
http://resources.usgin.org/uri-gin/nbmg/thermalspring/NBMG:1454/	Bruffeys Hot Springs / Mineral Hill Hot Springs	NV	40.22005	-116.0685	1964										7
http://resources.usgin.org/uri-gin/nbmg/thermalspring/NBMG:14570/	Washoe County Desert Springs Well 4	NV	39.63852	-119.72685	1998	24.7	6.23	41.1	3.3	66.8	12.3	18.8			
http://resources.usgin.org/uri-gin/nbmg/thermalspring/NBMG:14570/	Washoe County Desert Springs Well 4	NV	39.63852	-119.72685	1998	24.7		41.1	3.3	66.8	12.3	18.8	142	0.4	
http://resources.usgin.org/uri-gin/nbmg/thermalspring/NBMG:14570/	Washoe County Desert Springs Well 4	NV	39.63852	-119.72685	1998										7.4
http://resources.usgin.org/uri-gin/nbmg/thermalspring/NBMG:14570/	Washoe County Desert Springs Well 4	NV	39.63852	-119.72685	2002	25.7	6.38	42.5	3.95	71.7	15.5	19.9			
http://resources.usgin.org/uri-gin/nbmg/thermalspring/NBMG:14570/	Washoe County Desert Springs Well 4	NV	39.63852	-119.72685	2002	25.7		42.5	3.95	71.7	15.5	19.9	150	0.32	
http://resources.usgin.org/uri-gin/nbmg/thermalspring/NBMG:14570/	Washoe County Desert Springs Well 4	NV	39.63852	-119.72685	2002										7.2
http://resources.usgin.org/uri-gin/nbmg/thermalspring/NBMG:1458/	The Needle Rocks Hot Springs	NV	40.1454	-119.67393	1978	170	0.34	1120	45	76	2200	45			
http://resources.usgin.org/uri-gin/nbmg/thermalspring/NBMG:1458/	The Needle Rocks Hot Springs	NV	40.1454	-119.67393	1978	170		1120	45	76	2200	45		-0.03	
http://resources.usgin.org/uri-gin/nbmg/thermalspring/NBMG:1458/	The Needle Rocks Hot Springs	NV	40.1454	-119.67393	1978										7.3
http://resources.usgin.org/uri-gin/nbmg/thermalspring/NBMG:1458/	The Needle Rocks Hot Springs	NV	40.1454	-119.67393		315	0.4	1150	280	82	1850	330			
http://resources.usgin.org/uri-gin/nbmg/thermalspring/NBMG:1458/	The Needle Rocks Hot Springs	NV	40.1454	-119.67393		315		1150	280	82	1850	330	100		
http://resources.usgin.org/uri-gin/nbmg/thermalspring/NBMG:1458/	The Needle Rocks Hot Springs	NV	40.1454	-119.67393											7.6
http://resources.usgin.org/uri-gin/nbmg/thermalspring/NBMG:146/	Warm Spring - Rock Creek	NV	41.27891	-116.62093	1983	41	11	86	14	23	13	62			
http://resources.usgin.org/uri-gin/nbmg/thermalspring/NBMG:146/	Warm Spring - Rock Creek	NV	41.27891	-116.62093	1983	41		86	14	23	13	62	330	2.3	
http://resources.usgin.org/uri-gin/nbmg/thermalspring/NBMG:146/	Warm Spring - Rock Creek	NV	41.27891	-116.62093	1983										6.87
http://resources.usgin.org/uri-gin/nbmg/thermalspring/NBMG:1462/	Hot Spring 4 - Steamboat Hot Springs / Reno Hot Springs / Mount Rose Hot Springs / Radium Hot Springs	NV	39.38324	-119.73435	1977	5.4	0.011	690	70	205	913	134			
http://resources.usgin.org/uri-gin/nbmg/thermalspring/NBMG:1462/	Hot Spring 4 - Steamboat Hot Springs / Reno Hot Springs / Mount Rose Hot Springs / Radium Hot Springs	NV	39.38324	-119.73435	1977	5.4		690	70	205	913	134	412	2.1	
http://resources.usgin.org/uri-gin/nbmg/thermalspring/NBMG:1462/	Hot Spring 4 - Steamboat Hot Springs / Reno Hot Springs / Mount Rose Hot Springs / Radium Hot Springs	NV	39.38324	-119.73435	1977			730	50	194	902				
http://resources.usgin.org/uri-gin/nbmg/thermalspring/NBMG:1462/	Hot Spring 4 - Steamboat Hot Springs / Reno Hot Springs / Mount Rose Hot Springs / Radium Hot Springs	NV	39.38324	-119.73435	1977			730	50	194	902				
http://resources.usgin.org/uri-gin/nbmg/thermalspring/NBMG:1462/	Hot Spring 4 - Steamboat Hot Springs / Reno Hot Springs / Mount Rose Hot Springs / Radium Hot Springs	NV	39.38324	-119.73435	1977										6.5
http://resources.usgin.org/uri-gin/nbmg/thermalspring/NBMG:1462/	Hot Spring 4 - Steamboat Hot Springs / Reno Hot Springs / Mount Rose Hot Springs / Radium Hot Springs	NV	39.38324	-119.73435	1977										6.8
http://resources.usgin.org/uri-gin/nbmg/thermalspring/NBMG:1462/	Hot Spring 4 - Steamboat Hot Springs / Reno Hot Springs / Mount Rose Hot Springs / Radium Hot Springs	NV	39.38324	-119.73435				691	57		894	152			
http://resources.usgin.org/uri-gin/nbmg/thermalspring/NBMG:1462/	Hot Spring 4 - Steamboat Hot Springs / Reno Hot Springs / Mount Rose Hot Springs / Radium Hot Springs	NV	39.38324	-119.73435				691	57		894	152			
http://resources.usgin.org/uri-gin/nbmg/thermalspring/NBMG:1462/	Hot Spring 4 - Steamboat Hot Springs / Reno Hot Springs / Mount Rose Hot Springs / Radium Hot Springs	NV	39.38324	-119.73435											6.5
http://resources.usgin.org/uri-gin/nbmg/thermalspring/NBMG:14631/	Warm Spring - Newman Canyon	NV	37.62176	-114.53693	2003										8.4
http://resources.usgin.org/uri-gin/nbmg/thermalspring/NBMG:1464/	Hot Spring - Steamboat Hot Springs / Reno Hot Springs / Mount Rose Hot Springs / Radium Hot Springs	NV	39.38068	-119.74081	1965	67	18				6	72			
http://resources.usgin.org/uri-gin/nbmg/thermalspring/NBMG:1464/	Hot Spring - Steamboat Hot Springs / Reno Hot Springs / Mount Rose Hot Springs / Radium Hot Springs	NV	39.38068	-119.74081	1965	67					6	72	242		
http://resources.usgin.org/uri-gin/nbmg/thermalspring/NBMG:1464/	Hot Spring - Steamboat Hot Springs / Reno Hot Springs / Mount Rose Hot Springs / Radium Hot Springs	NV	39.38068	-119.74081	1965										7.2
http://resources.usgin.org/uri-gin/nbmg/thermalspring/NBMG:1464/	Hot Spring - Steamboat Hot Springs / Reno Hot Springs / Mount Rose Hot Springs / Radium Hot Springs	NV	39.38068	-119.74081	1973	66	8.8	5.8			5	72			
http://resources.usgin.org/uri-gin/nbmg/thermalspring/NBMG:1464/	Hot Spring - Steamboat Hot Springs / Reno Hot Springs / Mount Rose Hot Springs / Radium Hot Springs	NV	39.38068	-119.74081	1973	66		5.8			5	72	158		
http://resources.usgin.org/uri-gin/nbmg/thermalspring/NBMG:1464/	Hot Spring - Steamboat Hot Springs / Reno Hot Springs / Mount Rose Hot Springs / Radium Hot Springs	NV	39.38068	-119.74081	1973										7.8
http://resources.usgin.org/uri-gin/nbmg/thermalspring/NBMG:1465/	Chimney Hot Springs	NV	38.46327	-115.79147	1957	72	22				11	51			
http://resources.usgin.org/uri-gin/nbmg/thermalspring/NBMG:1465/	Chimney Hot Springs	NV	38.46327	-115.79147	1957	72					11	51	433		
http://resources.usgin.org/uri-gin/nbmg/thermalspring/NBMG:1465/	Chimney Hot Springs	NV	38.46327	-115.79147	1957										7.4
http://resources.usgin.org/uri-gin/nbmg/thermalspring/NBMG:1465/	Chimney Hot Springs	NV	38.46327	-115.79147	1967	56	17	68	17	51	26	47			
http://resources.usgin.org/uri-gin/nbmg/thermalspring/NBMG:1465/	Chimney Hot Springs	NV	38.46327	-115.79147	1967	56		68	17	51	26	47		2	
http://resources.usgin.org/uri-gin/nbmg/thermalspring/NBMG:1465/	Chimney Hot Springs	NV	38.46327	-115.79147	1967										7.8
http://resources.usgin.org/uri-gin/nbmg/thermalspring/NBMG:1470/	Bartholomae Hot Springs / Klobe Hot Springs / Clobe Hot Springs	NV	39.40465	-116.34757	1946	10	0.002	66	1	82	11	16			
http://resources.usgin.org/uri-gin/nbmg/thermalspring/NBMG:1470/	Bartholomae Hot Springs / Klobe Hot Springs / Clobe Hot Springs	NV	39.40465	-116.34757	1946	10		66	1	82	11	16	66.4	4.8	
http://resources.usgin.org/uri-gin/nbmg/thermalspring/NBMG:1470/	Bartholomae Hot Springs / Klobe Hot Springs / Clobe Hot Springs	NV	39.40465	-116.34757	1946										9.4
http://resources.usgin.org/uri-gin/nbmg/thermalspring/NBMG:1470/	Bartholomae Hot Springs / Klobe Hot Springs / Clobe Hot Springs	NV	39.40465	-116.34757	1973	10.3	-8888888	66	1	82	11	16.2			
http://resources.usgin.org/uri-gin/nbmg/thermalspring/NBMG:1470/	Bartholomae Hot Springs / Klobe Hot Springs / Clobe Hot Springs	NV	39.40465	-116.34757	1973	10.3		66	1	82	11	16.2		4.8	
http://resources.usgin.org/uri-gin/nbmg/thermalspring/NBMG:1470/	Bartholomae Hot Springs / Klobe Hot Springs / Clobe Hot Springs	NV	39.40465	-116.34757	1973										9.4
http://resources.usgin.org/uri-gin/nbmg/thermalspring/NBMG:1471/	Mud Springs 5 - Gerlach	NV	40.65157	-119.37269	1965	66	8.1				2100	400			
http://resources.usgin.org/uri-gin/nbmg/thermalspring/NBMG:1471/	Mud Springs 5 - Gerlach	NV	40.65157	-119.37269	1965	66					2100	400	126		
http://resources.usgin.org/uri-gin/nbmg/thermalspring/NBMG:1471/	Mud Springs 5 - Gerlach	NV	40.65157	-119.37269	1965										7.9
http://resources.usgin.org/uri-gin/nbmg/thermalspring/NBMG:1471/	Mud Springs 5 - Gerlach	NV	40.65157	-119.37269	1966	66	8.1				2100	400			
http://resources.usgin.org/uri-gin/nbmg/thermalspring/NBMG:1471/	Mud Springs 5 - Gerlach	NV	40.65157	-119.37269	1966	66					2100	400			
http://resources.usgin.org/uri-gin/nbmg/thermalspring/NBMG:1471/	Mud Springs 5 - Gerlach	NV	40.65157	-119.37269	1966										7.9
http://resources.usgin.org/uri-gin/nbmg/thermalspring/NBMG:1474/	Darroughs Hot Springs	NV	38.81492	-117.18252		1.4	-0.05	91	2.2	108	12	49			
http://resources.usgin.org/uri-gin/nbmg/thermalspring/NBMG:1474/	Darroughs Hot Springs	NV	38.81492	-117.18252		1.4		91	2.2	108	12	49	126	130.04	
http://resources.usgin.org/uri-gin/nbmg/thermalspring/NBMG:1474/	Darroughs Hot Springs	NV	38.81492	-117.18252											8.68
http://resources.usgin.org/uri-gin/nbmg/thermalspring/NBMG:1479/	Spring 4 Orifice B - Casey Springs / Casey Hot Springs	NV	41.00313	-119.01461	1960	18	0.19	265	10	86	120	135			
http://resources.usgin.org/uri-gin/nbmg/thermalspring/NBMG:1479/	Spring 4 Orifice B - Casey Springs / Casey Hot Springs	NV	41.00313	-119.01461	1960	18		265	10	86	120	135	280	10	
http://resources.usgin.org/uri-gin/nbmg/thermalspring/NBMG:1479/	Spring 4 Orifice B - Casey Springs / Casey Hot Springs	NV	41.00313	-119.01461	1960										7.1
http://resources.usgin.org/uri-gin/nbmg/thermalspring/NBMG:148/	Warm Spring - Warm Creek	NV	41.30324	-115.96758	1993										7.5
http://resources.usgin.org/uri-gin/nbmg/thermalspring/NBMG:1481/	Hot Well - Bartholomae Hot Springs / Klobe Hot Springs / Clobe Hot Springs	NV	39.40493	-116.34729		-9999999	-9999999	71			7.1	22			
http://resources.usgin.org/uri-gin/nbmg/thermalspring/NBMG:1481/	Hot Well - Bartholomae Hot Springs / Klobe Hot Springs / Clobe Hot Springs	NV	39.40493	-116.34729		-9999999		71			7.1	22	94		
http://resources.usgin.org/uri-gin/nbmg/thermalspring/NBMG:1481/	Hot Well - Bartholomae Hot Springs / Klobe Hot Springs / Clobe Hot Springs	NV	39.40493	-116.34729											9
http://resources.usgin.org/uri-gin/nbmg/thermalspring/NBMG:1483/	Hot Spring 10 - Steamboat Hot Springs / Reno Hot Springs / Mount Rose Hot Springs / Radium Hot Springs	NV	39.38324	-119.73435	1966	7	1.7				871				
http://resources.usgin.org/uri-gin/nbmg/thermalspring/NBMG:1483/	Hot Spring 10 - Steamboat Hot Springs / Reno Hot Springs / Mount Rose Hot Springs / Radium Hot Springs	NV	39.38324	-119.73435	1966	7					871		289		
http://resources.usgin.org/uri-gin/nbmg/thermalspring/NBMG:1483/	Hot Spring 10 - Steamboat Hot Springs / Reno Hot Springs / Mount Rose Hot Springs / Radium Hot Springs	NV	39.38324	-119.73435	1966										7.4
http://resources.usgin.org/uri-gin/nbmg/thermalspring/NBMG:1483/	Hot Spring 10 - Steamboat Hot Springs / Reno Hot Springs / Mount Rose Hot Springs / Radium Hot Springs	NV	39.38324	-119.73435				643	72		856	128			
http://resources.usgin.org/uri-gin/nbmg/thermalspring/NBMG:1483/	Hot Spring 10 - Steamboat Hot Springs / Reno Hot Springs / Mount Rose Hot Springs / Radium Hot Springs	NV	39.38324	-119.73435				643	72		856	128			
http://resources.usgin.org/uri-gin/nbmg/thermalspring/NBMG:1483/	Hot Spring 10 - Steamboat Hot Springs / Reno Hot Springs / Mount Rose Hot Springs / Radium Hot Springs	NV	39.38324	-119.73435											6.4
http://resources.usgin.org/uri-gin/nbmg/thermalspring/NBMG:1484/	Seven Devils Hot Spring / Sou Hot Springs / Gilbert Hot Springs	NV	40.08795	-117.72556	1974	106	19.8	167	26.1	64	77	352			
http://resources.usgin.org/uri-gin/nbmg/thermalspring/NBMG:1484/	Seven Devils Hot Spring / Sou Hot Springs / Gilbert Hot Springs	NV	40.08795	-117.72556	1974	106		167	26.1	64	77	352		5.51	
http://resources.usgin.org/uri-gin/nbmg/thermalspring/NBMG:1484/	Seven Devils Hot Spring / Sou Hot Springs / Gilbert Hot Springs	NV	40.08795	-117.72556	1974										7.3
http://resources.usgin.org/uri-gin/nbmg/thermalspring/NBMG:1484/	Seven Devils Hot Spring / Sou Hot Springs / Gilbert Hot Springs	NV	40.08795	-117.72556		106	20	167	26	64	77	352			
http://resources.usgin.org/uri-gin/nbmg/thermalspring/NBMG:1484/	Seven Devils Hot Spring / Sou Hot Springs / Gilbert Hot Springs	NV	40.08795	-117.72556		106		167	26	64	77	352	324	5.5	
http://resources.usgin.org/uri-gin/nbmg/thermalspring/NBMG:1484/	Seven Devils Hot Spring / Sou Hot Springs / Gilbert Hot Springs	NV	40.08795	-117.72556											7.3
http://resources.usgin.org/uri-gin/nbmg/thermalspring/NBMG:1485/	Carson Resort Well No 6 / Churchill Drilling Corp TCID Well - Carson Lake Hot Springs	NV	39.35616	-118.65398	1981	70	3.1	1350	41.5	104	2138	58			
http://resources.usgin.org/uri-gin/nbmg/thermalspring/NBMG:1485/	Carson Resort Well No 6 / Churchill Drilling Corp TCID Well - Carson Lake Hot Springs	NV	39.35616	-118.65398	1981	70		1350	41.5	104	2138	58	189.7	1.4	
http://resources.usgin.org/uri-gin/nbmg/thermalspring/NBMG:1485/	Carson Resort Well No 6 / Churchill Drilling Corp TCID Well - Carson Lake Hot Springs	NV	39.35616	-118.65398	1981										8
http://resources.usgin.org/uri-gin/nbmg/thermalspring/NBMG:1485/	Carson Resort Well No 6 / Churchill Drilling Corp TCID Well - Carson Lake Hot Springs	NV	39.35616	-118.65398	2005	68	2	1210	41	110	2034	106			
http://resources.usgin.org/uri-gin/nbmg/thermalspring/NBMG:1485/	Carson Resort Well No 6 / Churchill Drilling Corp TCID Well - Carson Lake Hot Springs	NV	39.35616	-118.65398	2005	68		1210	41	110	2034	106	182	2	
http://resources.usgin.org/uri-gin/nbmg/thermalspring/NBMG:1485/	Carson Resort Well No 6 / Churchill Drilling Corp TCID Well - Carson Lake Hot Springs	NV	39.35616	-118.65398	2005										6.9
http://resources.usgin.org/uri-gin/nbmg/thermalspring/NBMG:1487/	Dyke Hot Springs 2	NV	41.56729	-118.5667		3.2	-9999999	146	3.7	83	6	76			
http://resources.usgin.org/uri-gin/nbmg/thermalspring/NBMG:1487/	Dyke Hot Springs 2	NV	41.56729	-118.5667		3.2		146	3.7	83	6	76	218	8.9	
http://resources.usgin.org/uri-gin/nbmg/thermalspring/NBMG:1487/	Dyke Hot Springs 2	NV	41.56729	-118.5667											8.7
http://resources.usgin.org/uri-gin/nbmg/thermalspring/NBMG:1492/	Kyle Hot Springs	NV	40.4068	-117.88427	1946	96	20			53	770	59			
http://resources.usgin.org/uri-gin/nbmg/thermalspring/NBMG:1492/	Kyle Hot Springs	NV	40.4068	-117.88427	1946	96				53	770	59			
http://resources.usgin.org/uri-gin/nbmg/thermalspring/NBMG:1493/	Hot Spring 3 - Steamboat Hot Springs / Reno Hot Springs / Mount Rose Hot Springs / Radium Hot Springs	NV	39.38324	-119.73435	1962			671			878	125			
http://resources.usgin.org/uri-gin/nbmg/thermalspring/NBMG:1493/	Hot Spring 3 - Steamboat Hot Springs / Reno Hot Springs / Mount Rose Hot Springs / Radium Hot Springs	NV	39.38324	-119.73435	1962			671			878	125			
http://resources.usgin.org/uri-gin/nbmg/thermalspring/NBMG:1493/	Hot Spring 3 - Steamboat Hot Springs / Reno Hot Springs / Mount Rose Hot Springs / Radium Hot Springs	NV	39.38324	-119.73435	1962										6.1
http://resources.usgin.org/uri-gin/nbmg/thermalspring/NBMG:1494/	Walti Hot Springs	NV	39.90228	-116.58872	1960	56	16	51	15	73	12	67			
http://resources.usgin.org/uri-gin/nbmg/thermalspring/NBMG:1494/	Walti Hot Springs	NV	39.90228	-116.58872	1960	56		51	15	73	12	67	288	2.8	
http://resources.usgin.org/uri-gin/nbmg/thermalspring/NBMG:1494/	Walti Hot Springs	NV	39.90228	-116.58872	1960										7
http://resources.usgin.org/uri-gin/nbmg/thermalspring/NBMG:1494/	Walti Hot Springs	NV	39.90228	-116.58872		57	12				14	65			
http://resources.usgin.org/uri-gin/nbmg/thermalspring/NBMG:1494/	Walti Hot Springs	NV	39.90228	-116.58872		57					14	65	315		
http://resources.usgin.org/uri-gin/nbmg/thermalspring/NBMG:1494/	Walti Hot Springs	NV	39.90228	-116.58872											7.1
http://resources.usgin.org/uri-gin/nbmg/thermalspring/NBMG:1495/	Hot Spring 21 - Steamboat Hot Springs / Reno Hot Springs / Mount Rose Hot Springs / Radium Hot Springs	NV	39.38324	-119.73435	1912			673	77		904	143			
http://resources.usgin.org/uri-gin/nbmg/thermalspring/NBMG:1495/	Hot Spring 21 - Steamboat Hot Springs / Reno Hot Springs / Mount Rose Hot Springs / Radium Hot Springs	NV	39.38324	-119.73435	1912			673	77		904	143			
http://resources.usgin.org/uri-gin/nbmg/thermalspring/NBMG:1495/	Hot Spring 21 - Steamboat Hot Springs / Reno Hot Springs / Mount Rose Hot Springs / Radium Hot Springs	NV	39.38324	-119.73435	1912										6.3
http://resources.usgin.org/uri-gin/nbmg/thermalspring/NBMG:1495/	Hot Spring 21 - Steamboat Hot Springs / Reno Hot Springs / Mount Rose Hot Springs / Radium Hot Springs	NV	39.38324	-119.73435	1977	3	0.004	725	78	263	917	147			
http://resources.usgin.org/uri-gin/nbmg/thermalspring/NBMG:1495/	Hot Spring 21 - Steamboat Hot Springs / Reno Hot Springs / Mount Rose Hot Springs / Radium Hot Springs	NV	39.38324	-119.73435	1977	3		725	78	263	917	147	379	2.3	
http://resources.usgin.org/uri-gin/nbmg/thermalspring/NBMG:1495/	Hot Spring 21 - Steamboat Hot Springs / Reno Hot Springs / Mount Rose Hot Springs / Radium Hot Springs	NV	39.38324	-119.73435	1977			665	95	266	920				
http://resources.usgin.org/uri-gin/nbmg/thermalspring/NBMG:1495/	Hot Spring 21 - Steamboat Hot Springs / Reno Hot Springs / Mount Rose Hot Springs / Radium Hot Springs	NV	39.38324	-119.73435	1977			665	95	266	920				
http://resources.usgin.org/uri-gin/nbmg/thermalspring/NBMG:1495/	Hot Spring 21 - Steamboat Hot Springs / Reno Hot Springs / Mount Rose Hot Springs / Radium Hot Springs	NV	39.38324	-119.73435	1977										7.6
http://resources.usgin.org/uri-gin/nbmg/thermalspring/NBMG:1495/	Hot Spring 21 - Steamboat Hot Springs / Reno Hot Springs / Mount Rose Hot Springs / Radium Hot Springs	NV	39.38324	-119.73435	1977										7.8
http://resources.usgin.org/uri-gin/nbmg/thermalspring/NBMG:1495/	Hot Spring 21 - Steamboat Hot Springs / Reno Hot Springs / Mount Rose Hot Springs / Radium Hot Springs	NV	39.38324	-119.73435		8.7	1	695	74	262	921	156			
http://resources.usgin.org/uri-gin/nbmg/thermalspring/NBMG:1495/	Hot Spring 21 - Steamboat Hot Springs / Reno Hot Springs / Mount Rose Hot Springs / Radium Hot Springs	NV	39.38324	-119.73435		8.7		695	74	262	921	156	276	2.1	
http://resources.usgin.org/uri-gin/nbmg/thermalspring/NBMG:1495/	Hot Spring 21 - Steamboat Hot Springs / Reno Hot Springs / Mount Rose Hot Springs / Radium Hot Springs	NV	39.38324	-119.73435											6.3
http://resources.usgin.org/uri-gin/nbmg/thermalspring/NBMG:1496/	Upper Hot Creek Ranch Springs - Hot Creek Canyon	NV	38.51938	-116.36478	1967	33	9.5	193	1.4	161	37	64			
http://resources.usgin.org/uri-gin/nbmg/thermalspring/NBMG:1496/	Upper Hot Creek Ranch Springs - Hot Creek Canyon	NV	38.51938	-116.36478	1967	33		193	1.4	161	37	64		8.3	
http://resources.usgin.org/uri-gin/nbmg/thermalspring/NBMG:1496/	Upper Hot Creek Ranch Springs - Hot Creek Canyon	NV	38.51938	-116.36478	1967										8.1
http://resources.usgin.org/uri-gin/nbmg/thermalspring/NBMG:1496/	Upper Hot Creek Ranch Springs - Hot Creek Canyon	NV	38.51938	-116.36478	1968	32	8.5								
http://resources.usgin.org/uri-gin/nbmg/thermalspring/NBMG:1496/	Upper Hot Creek Ranch Springs - Hot Creek Canyon	NV	38.51938	-116.36478	1968	32									
http://resources.usgin.org/uri-gin/nbmg/thermalspring/NBMG:1496/	Upper Hot Creek Ranch Springs - Hot Creek Canyon	NV	38.51938	-116.36478	1968	34	10								
http://resources.usgin.org/uri-gin/nbmg/thermalspring/NBMG:1496/	Upper Hot Creek Ranch Springs - Hot Creek Canyon	NV	38.51938	-116.36478	1968	34	8.5								
http://resources.usgin.org/uri-gin/nbmg/thermalspring/NBMG:1496/	Upper Hot Creek Ranch Springs - Hot Creek Canyon	NV	38.51938	-116.36478	1968	34									
http://resources.usgin.org/uri-gin/nbmg/thermalspring/NBMG:1496/	Upper Hot Creek Ranch Springs - Hot Creek Canyon	NV	38.51938	-116.36478	1968	34									
http://resources.usgin.org/uri-gin/nbmg/thermalspring/NBMG:1496/	Upper Hot Creek Ranch Springs - Hot Creek Canyon	NV	38.51938	-116.36478	1968										8
http://resources.usgin.org/uri-gin/nbmg/thermalspring/NBMG:1496/	Upper Hot Creek Ranch Springs - Hot Creek Canyon	NV	38.51938	-116.36478	1968										8.1
http://resources.usgin.org/uri-gin/nbmg/thermalspring/NBMG:1496/	Upper Hot Creek Ranch Springs - Hot Creek Canyon	NV	38.51938	-116.36478	1968										8.3
http://resources.usgin.org/uri-gin/nbmg/thermalspring/NBMG:1501/	Darroughs Hot Springs	NV	38.82493	-117.17592	1958	1.4	-0.05	94	2.7	112	12	53			
http://resources.usgin.org/uri-gin/nbmg/thermalspring/NBMG:1501/	Darroughs Hot Springs	NV	38.82493	-117.17592	1958	1.4		94	2.7	112	12	53	126	140.04	
http://resources.usgin.org/uri-gin/nbmg/thermalspring/NBMG:1501/	Darroughs Hot Springs	NV	38.82493	-117.17592	1958										8.72
http://resources.usgin.org/uri-gin/nbmg/thermalspring/NBMG:1503/	Spencer Hot Springs Well (Artesian)	NV	39.32498	-116.85002	1962	43	9.4	200	36	77	22	51			
http://resources.usgin.org/uri-gin/nbmg/thermalspring/NBMG:1503/	Spencer Hot Springs Well (Artesian)	NV	39.32498	-116.85002	1962	43		200	36	77	22	51	673	4.7	
http://resources.usgin.org/uri-gin/nbmg/thermalspring/NBMG:1503/	Spencer Hot Springs Well (Artesian)	NV	39.32498	-116.85002	1962										6.49
http://resources.usgin.org/uri-gin/nbmg/thermalspring/NBMG:1503/	Spencer Hot Springs Well (Artesian)	NV	39.32498	-116.85002	1966	45	11					44			
http://resources.usgin.org/uri-gin/nbmg/thermalspring/NBMG:1503/	Spencer Hot Springs Well (Artesian)	NV	39.32498	-116.85002	1966	45						44	676		
http://resources.usgin.org/uri-gin/nbmg/thermalspring/NBMG:1503/	Spencer Hot Springs Well (Artesian)	NV	39.32498	-116.85002	1966										7.7
http://resources.usgin.org/uri-gin/nbmg/thermalspring/NBMG:1503/	Spencer Hot Springs Well (Artesian)	NV	39.32498	-116.85002	1985	45	9.6	190	32	78	21	47			
http://resources.usgin.org/uri-gin/nbmg/thermalspring/NBMG:1503/	Spencer Hot Springs Well (Artesian)	NV	39.32498	-116.85002	1985	45		190	32	78	21	47		100.13	
http://resources.usgin.org/uri-gin/nbmg/thermalspring/NBMG:1503/	Spencer Hot Springs Well (Artesian)	NV	39.32498	-116.85002	1985										6.6
http://resources.usgin.org/uri-gin/nbmg/thermalspring/NBMG:1503/	Spencer Hot Springs Well (Artesian)	NV	39.32498	-116.85002	2006	43	4.9	197	35	80	20	44			
http://resources.usgin.org/uri-gin/nbmg/thermalspring/NBMG:1503/	Spencer Hot Springs Well (Artesian)	NV	39.32498	-116.85002	2006	43		197	35	80	20	44	656	5.5	
http://resources.usgin.org/uri-gin/nbmg/thermalspring/NBMG:1503/	Spencer Hot Springs Well (Artesian)	NV	39.32498	-116.85002	2006										6.6
http://resources.usgin.org/uri-gin/nbmg/thermalspring/NBMG:1510/	Sulphur Hot Springs / Stonier Ranch Hot Springs / Millers Hot Springs / Sulfur Hot Springs	NV	40.5863	-115.28638	1972	18	5.8			72	12	59			
http://resources.usgin.org/uri-gin/nbmg/thermalspring/NBMG:1510/	Sulphur Hot Springs / Stonier Ranch Hot Springs / Millers Hot Springs / Sulfur Hot Springs	NV	40.5863	-115.28638	1972	18				72	12	59	242	8	
http://resources.usgin.org/uri-gin/nbmg/thermalspring/NBMG:1511/	Spencer Hot Springs	NV	39.32659	-116.85812		15	9.1	181	37	94	23	36			
http://resources.usgin.org/uri-gin/nbmg/thermalspring/NBMG:1511/	Spencer Hot Springs	NV	39.32659	-116.85812		15		181	37	94	23	36		0.466	
http://resources.usgin.org/uri-gin/nbmg/thermalspring/NBMG:1511/	Spencer Hot Springs	NV	39.32659	-116.85812											8.14
http://resources.usgin.org/uri-gin/nbmg/thermalspring/NBMG:1513/	W Howard Hot Spring	NV	41.72235	-118.5241	1973	3.2	-9999999	90	2.3	84	12	46			
http://resources.usgin.org/uri-gin/nbmg/thermalspring/NBMG:1513/	W Howard Hot Spring	NV	41.72235	-118.5241	1973	3.2		90	2.3	84	12	46	58	8	
http://resources.usgin.org/uri-gin/nbmg/thermalspring/NBMG:1513/	W Howard Hot Spring	NV	41.72235	-118.5241	1973										9.3
http://resources.usgin.org/uri-gin/nbmg/thermalspring/NBMG:1514/	Seven Devils Hot Spring / Sou Hot Springs / Gilbert Hot Springs	NV	40.08878	-117.72576		110	22	165	26	65	75	370			
http://resources.usgin.org/uri-gin/nbmg/thermalspring/NBMG:1514/	Seven Devils Hot Spring / Sou Hot Springs / Gilbert Hot Springs	NV	40.08878	-117.72576		110		165	26	65	75	370	312	5	
http://resources.usgin.org/uri-gin/nbmg/thermalspring/NBMG:1514/	Seven Devils Hot Spring / Sou Hot Springs / Gilbert Hot Springs	NV	40.08878	-117.72576											8.1
http://resources.usgin.org/uri-gin/nbmg/thermalspring/NBMG:1523/	Orifice 25 - Leach Hot Springs / Nelson Hot Springs / Guthrie Hot Springs / Pleasant Valley Hot Springs	NV	40.6036	-117.64916	1944			167			27				
http://resources.usgin.org/uri-gin/nbmg/thermalspring/NBMG:1523/	Orifice 25 - Leach Hot Springs / Nelson Hot Springs / Guthrie Hot Springs / Pleasant Valley Hot Springs	NV	40.6036	-117.64916	1944			167			27				
http://resources.usgin.org/uri-gin/nbmg/thermalspring/NBMG:1523/	Orifice 25 - Leach Hot Springs / Nelson Hot Springs / Guthrie Hot Springs / Pleasant Valley Hot Springs	NV	40.6036	-117.64916	1978	13	1.5	160	12	110	25	50			
http://resources.usgin.org/uri-gin/nbmg/thermalspring/NBMG:1523/	Orifice 25 - Leach Hot Springs / Nelson Hot Springs / Guthrie Hot Springs / Pleasant Valley Hot Springs	NV	40.6036	-117.64916	1978	13		160	12	110	25	50		7.1	
http://resources.usgin.org/uri-gin/nbmg/thermalspring/NBMG:1523/	Orifice 25 - Leach Hot Springs / Nelson Hot Springs / Guthrie Hot Springs / Pleasant Valley Hot Springs	NV	40.6036	-117.64916	1978										7.8
http://resources.usgin.org/uri-gin/nbmg/thermalspring/NBMG:1526/	Orifice 9 - Great Boiling Springs / Gerlach Hot Springs	NV	40.6627	-119.36609		73	2	1560	110	178	2100				
http://resources.usgin.org/uri-gin/nbmg/thermalspring/NBMG:1526/	Orifice 9 - Great Boiling Springs / Gerlach Hot Springs	NV	40.6627	-119.36609		73		1560	110	178	2100		90		
http://resources.usgin.org/uri-gin/nbmg/thermalspring/NBMG:1527/	Hot Spring - Steamboat Hot Springs / Reno Hot Springs / Mount Rose Hot Springs / Radium Hot Springs	NV	39.39991	-119.74935		27	11	630			805	130			
http://resources.usgin.org/uri-gin/nbmg/thermalspring/NBMG:1527/	Hot Spring - Steamboat Hot Springs / Reno Hot Springs / Mount Rose Hot Springs / Radium Hot Springs	NV	39.39991	-119.74935		27		630			805	130	256	1.6	
http://resources.usgin.org/uri-gin/nbmg/thermalspring/NBMG:1527/	Hot Spring - Steamboat Hot Springs / Reno Hot Springs / Mount Rose Hot Springs / Radium Hot Springs	NV	39.39991	-119.74935											7.1
http://resources.usgin.org/uri-gin/nbmg/thermalspring/NBMG:1533/	Hot Spring 2 - Steamboat Hot Springs / Reno Hot Springs / Mount Rose Hot Springs / Radium Hot Springs	NV	39.38324	-119.73435	1966	4.7	1.2				885				
http://resources.usgin.org/uri-gin/nbmg/thermalspring/NBMG:1533/	Hot Spring 2 - Steamboat Hot Springs / Reno Hot Springs / Mount Rose Hot Springs / Radium Hot Springs	NV	39.38324	-119.73435	1966	4.7					885		292		
http://resources.usgin.org/uri-gin/nbmg/thermalspring/NBMG:1533/	Hot Spring 2 - Steamboat Hot Springs / Reno Hot Springs / Mount Rose Hot Springs / Radium Hot Springs	NV	39.38324	-119.73435	1966										7.1
http://resources.usgin.org/uri-gin/nbmg/thermalspring/NBMG:1533/	Hot Spring 2 - Steamboat Hot Springs / Reno Hot Springs / Mount Rose Hot Springs / Radium Hot Springs	NV	39.38324	-119.73435		3.9	-1	605	56	222	747	105			
http://resources.usgin.org/uri-gin/nbmg/thermalspring/NBMG:1533/	Hot Spring 2 - Steamboat Hot Springs / Reno Hot Springs / Mount Rose Hot Springs / Radium Hot Springs	NV	39.38324	-119.73435		3.9		605	56	222	747	105	191	1.8	
http://resources.usgin.org/uri-gin/nbmg/thermalspring/NBMG:1533/	Hot Spring 2 - Steamboat Hot Springs / Reno Hot Springs / Mount Rose Hot Springs / Radium Hot Springs	NV	39.38324	-119.73435				659	73		864	129			
http://resources.usgin.org/uri-gin/nbmg/thermalspring/NBMG:1533/	Hot Spring 2 - Steamboat Hot Springs / Reno Hot Springs / Mount Rose Hot Springs / Radium Hot Springs	NV	39.38324	-119.73435				659	73		864	129			
http://resources.usgin.org/uri-gin/nbmg/thermalspring/NBMG:1533/	Hot Spring 2 - Steamboat Hot Springs / Reno Hot Springs / Mount Rose Hot Springs / Radium Hot Springs	NV	39.38324	-119.73435											6.4
http://resources.usgin.org/uri-gin/nbmg/thermalspring/NBMG:1533/	Hot Spring 2 - Steamboat Hot Springs / Reno Hot Springs / Mount Rose Hot Springs / Radium Hot Springs	NV	39.38324	-119.73435											8.6
http://resources.usgin.org/uri-gin/nbmg/thermalspring/NBMG:15382/	Spring Creek Well 5	NV	39.62904	-119.67731	1991										8.6
http://resources.usgin.org/uri-gin/nbmg/thermalspring/NBMG:15382/	Spring Creek Well 5	NV	39.62904	-119.67731	2002	12.2	6.99	38.7	3.08	30.7	15	19.9			
http://resources.usgin.org/uri-gin/nbmg/thermalspring/NBMG:15382/	Spring Creek Well 5	NV	39.62904	-119.67731	2002	12.2		38.7	3.08	30.7	15	19.9	118	0.22	
http://resources.usgin.org/uri-gin/nbmg/thermalspring/NBMG:15382/	Spring Creek Well 5	NV	39.62904	-119.67731	2002										8.1
http://resources.usgin.org/uri-gin/nbmg/thermalspring/NBMG:1539/	Rowland Hot Springs / Rowlands Hot Springs	NV	41.87714	-115.62841	1957	8.4	-9999999	134	4	96	11	46			
http://resources.usgin.org/uri-gin/nbmg/thermalspring/NBMG:1539/	Rowland Hot Springs / Rowlands Hot Springs	NV	41.87714	-115.62841	1957	8.4		134	4	96	11	46	260	140.04	
http://resources.usgin.org/uri-gin/nbmg/thermalspring/NBMG:1539/	Rowland Hot Springs / Rowlands Hot Springs	NV	41.87714	-115.62841	1957										7.6
http://resources.usgin.org/uri-gin/nbmg/thermalspring/NBMG:1547/	Orifice 55 - Great Boiling Springs / Gerlach Hot Springs	NV	40.66213	-119.36609	1945	73	2.3	1600	140	180	2130	360			
http://resources.usgin.org/uri-gin/nbmg/thermalspring/NBMG:1547/	Orifice 55 - Great Boiling Springs / Gerlach Hot Springs	NV	40.66213	-119.36609	1945	73		1600	140	180	2130	360			
http://resources.usgin.org/uri-gin/nbmg/thermalspring/NBMG:1547/	Orifice 55 - Great Boiling Springs / Gerlach Hot Springs	NV	40.66213	-119.36609	1945										7
http://resources.usgin.org/uri-gin/nbmg/thermalspring/NBMG:1550/	Double Hot Spring 1 Orifice B	NV	41.05001	-119.02711	1938	17	0.1	230	4.5	130	110	120			
http://resources.usgin.org/uri-gin/nbmg/thermalspring/NBMG:1550/	Double Hot Spring 1 Orifice B	NV	41.05001	-119.02711	1938	17		230	4.5	130	110	120	280	10	
http://resources.usgin.org/uri-gin/nbmg/thermalspring/NBMG:1550/	Double Hot Spring 1 Orifice B	NV	41.05001	-119.02711	1938										7.6
http://resources.usgin.org/uri-gin/nbmg/thermalspring/NBMG:1550/	Double Hot Spring 1 Orifice C	NV	41.05001	-119.02711	1950	15	0.15	260	5.6	112	120	140			
http://resources.usgin.org/uri-gin/nbmg/thermalspring/NBMG:1550/	Double Hot Spring 1 Orifice C	NV	41.05001	-119.02711	1950	15		260	5.6	112	120	140	275	9.4	
http://resources.usgin.org/uri-gin/nbmg/thermalspring/NBMG:1550/	Double Hot Spring 1 Orifice C	NV	41.05001	-119.02711	1950										7
http://resources.usgin.org/uri-gin/nbmg/thermalspring/NBMG:1550/	Double Hot Spring 1 Orifice A	NV	41.05001	-119.02711	1975	15	0.1	225	5	105	80	120			
http://resources.usgin.org/uri-gin/nbmg/thermalspring/NBMG:1550/	Double Hot Spring 1 Orifice A	NV	41.05001	-119.02711	1975	15		225	5	105	80	120		10	
http://resources.usgin.org/uri-gin/nbmg/thermalspring/NBMG:1550/	Double Hot Spring 1 Orifice A	NV	41.05001	-119.02711	1975										7.9
http://resources.usgin.org/uri-gin/nbmg/thermalspring/NBMG:1550/	Double Hot Spring 1 Orifice B	NV	41.05001	-119.02711	1975	17	0.1	230	5	130	110	120			
http://resources.usgin.org/uri-gin/nbmg/thermalspring/NBMG:1550/	Double Hot Spring 1 Orifice B	NV	41.05001	-119.02711	1975	17		230	5	130	110	120		10	
http://resources.usgin.org/uri-gin/nbmg/thermalspring/NBMG:1550/	Double Hot Spring 1 Orifice B	NV	41.05001	-119.02711	1975										7.1
http://resources.usgin.org/uri-gin/nbmg/thermalspring/NBMG:1550/	Double Hot Spring 1 Orifice C	NV	41.05001	-119.02711	1975	15	0.2	260	6	112	120	140			
http://resources.usgin.org/uri-gin/nbmg/thermalspring/NBMG:1550/	Double Hot Spring 1 Orifice C	NV	41.05001	-119.02711	1975	15		260	6	112	120	140		10	
http://resources.usgin.org/uri-gin/nbmg/thermalspring/NBMG:1550/	Double Hot Spring 1 Orifice C	NV	41.05001	-119.02711	1975										6.9
http://resources.usgin.org/uri-gin/nbmg/thermalspring/NBMG:1550/	Double Hot Spring 1 Orifice A	NV	41.05001	-119.02711		15	0.1	225	4.5	105	80	120			
http://resources.usgin.org/uri-gin/nbmg/thermalspring/NBMG:1550/	Double Hot Spring 1 Orifice A	NV	41.05001	-119.02711		15		225	4.5	105	80	120	260	10	
http://resources.usgin.org/uri-gin/nbmg/thermalspring/NBMG:1550/	Double Hot Spring 1 Orifice A	NV	41.05001	-119.02711											8
http://resources.usgin.org/uri-gin/nbmg/thermalspring/NBMG:156/	Silver Peak Hot Springs / Silverpeak Hot Springs / Waterworks Hot Springs	NV	37.76019	-117.63201	1976	540	71	10000	750	105	17000	410			
http://resources.usgin.org/uri-gin/nbmg/thermalspring/NBMG:156/	Silver Peak Hot Springs / Silverpeak Hot Springs / Waterworks Hot Springs	NV	37.76019	-117.63201	1976	540		10000	750	105	17000	410	557	3.6	
http://resources.usgin.org/uri-gin/nbmg/thermalspring/NBMG:156/	Silver Peak Hot Springs / Silverpeak Hot Springs / Waterworks Hot Springs	NV	37.76019	-117.63201	1976										7.18
http://resources.usgin.org/uri-gin/nbmg/thermalspring/NBMG:1560/	Hot Spring - Baltazor Hot Springs / Baltazar Hot Springs / Continental Hot Springs	NV	41.9214	-118.71011	1978	10	0.1	185	7.3	149	51	51			
http://resources.usgin.org/uri-gin/nbmg/thermalspring/NBMG:1560/	Hot Spring - Baltazor Hot Springs / Baltazar Hot Springs / Continental Hot Springs	NV	41.9214	-118.71011	1978	10		185	7.3	149	51	51		0.16	
http://resources.usgin.org/uri-gin/nbmg/thermalspring/NBMG:1560/	Hot Spring - Baltazor Hot Springs / Baltazar Hot Springs / Continental Hot Springs	NV	41.9214	-118.71011	1978										8.6
http://resources.usgin.org/uri-gin/nbmg/thermalspring/NBMG:1560/	Hot Spring - Baltazor Hot Springs / Baltazar Hot Springs / Continental Hot Springs	NV	41.9214	-118.71011		8.4	-0.1	180	8.7	160	48	220			
http://resources.usgin.org/uri-gin/nbmg/thermalspring/NBMG:1560/	Hot Spring - Baltazor Hot Springs / Baltazar Hot Springs / Continental Hot Springs	NV	41.9214	-118.71011		8.4		180	8.7	160	48	220	143	7.1	
http://resources.usgin.org/uri-gin/nbmg/thermalspring/NBMG:1560/	Hot Spring - Baltazor Hot Springs / Baltazar Hot Springs / Continental Hot Springs	NV	41.9214	-118.71011											8
http://resources.usgin.org/uri-gin/nbmg/thermalspring/NBMG:15628/	Spring Creek Well East 6	NV	39.62089	-119.67704	2003	7.1	3.37	33.5	5.64	37.6	7.55	11.6			
http://resources.usgin.org/uri-gin/nbmg/thermalspring/NBMG:15628/	Spring Creek Well East 6	NV	39.62089	-119.67704	2003	7.1		33.5	5.64	37.6	7.55	11.6	97	0.2	
http://resources.usgin.org/uri-gin/nbmg/thermalspring/NBMG:15628/	Spring Creek Well East 6	NV	39.62089	-119.67704	2003										8.2
http://resources.usgin.org/uri-gin/nbmg/thermalspring/NBMG:1565/	Hot Spring 20 - Steamboat Hot Springs / Reno Hot Springs / Mount Rose Hot Springs / Radium Hot Springs	NV	39.38324	-119.73435	1946			649	73		866	134			
http://resources.usgin.org/uri-gin/nbmg/thermalspring/NBMG:1565/	Hot Spring 20 - Steamboat Hot Springs / Reno Hot Springs / Mount Rose Hot Springs / Radium Hot Springs	NV	39.38324	-119.73435	1946			649	73		866	134			
http://resources.usgin.org/uri-gin/nbmg/thermalspring/NBMG:1565/	Hot Spring 20 - Steamboat Hot Springs / Reno Hot Springs / Mount Rose Hot Springs / Radium Hot Springs	NV	39.38324	-119.73435	1946										6.6
http://resources.usgin.org/uri-gin/nbmg/thermalspring/NBMG:157/	Beowawe Well 17 - Beowawe Geysers / Beowawe Hot Springs	NV	40.57991	-116.52092						50			280		
http://resources.usgin.org/uri-gin/nbmg/thermalspring/NBMG:157/	Beowawe Well 17 - Beowawe Geysers / Beowawe Hot Springs	NV	40.57991	-116.52092						50					
http://resources.usgin.org/uri-gin/nbmg/thermalspring/NBMG:157/	Beowawe Well 17 - Beowawe Geysers / Beowawe Hot Springs	NV	40.57991	-116.52092											7.6
http://resources.usgin.org/uri-gin/nbmg/thermalspring/NBMG:1573/	Upper Hot Creek Ranch Springs - Hot Creek Canyon	NV	38.52136	-116.36589	1966	28	5.2	200	16	157	38	63			
http://resources.usgin.org/uri-gin/nbmg/thermalspring/NBMG:1573/	Upper Hot Creek Ranch Springs - Hot Creek Canyon	NV	38.52136	-116.36589	1966	28		200	16	157	38	63	510	8	
http://resources.usgin.org/uri-gin/nbmg/thermalspring/NBMG:1573/	Upper Hot Creek Ranch Springs - Hot Creek Canyon	NV	38.52136	-116.36589	1966										8
http://resources.usgin.org/uri-gin/nbmg/thermalspring/NBMG:1573/	Upper Hot Creek Ranch Springs - Hot Creek Canyon	NV	38.52136	-116.36589	1975	13	26				33	81			
http://resources.usgin.org/uri-gin/nbmg/thermalspring/NBMG:1573/	Upper Hot Creek Ranch Springs - Hot Creek Canyon	NV	38.52136	-116.36589	1975	13					33	81	640		
http://resources.usgin.org/uri-gin/nbmg/thermalspring/NBMG:1573/	Upper Hot Creek Ranch Springs - Hot Creek Canyon	NV	38.52136	-116.36589	1975										8.2
http://resources.usgin.org/uri-gin/nbmg/thermalspring/NBMG:1573/	Upper Hot Creek Ranch Springs - Hot Creek Canyon	NV	38.52136	-116.36589	2002	19.3	5.1	183	20.1	123.9	36.7	60.1			
http://resources.usgin.org/uri-gin/nbmg/thermalspring/NBMG:1573/	Upper Hot Creek Ranch Springs - Hot Creek Canyon	NV	38.52136	-116.36589	2002	19.3		183	20.1	123.9	36.7	60.1	433	90.02	
http://resources.usgin.org/uri-gin/nbmg/thermalspring/NBMG:1574/	McLeod Ranch Hot Springs	NV	39.02718	-117.13722	1962	12	2.5	555	41	93	48	76			
http://resources.usgin.org/uri-gin/nbmg/thermalspring/NBMG:1574/	McLeod Ranch Hot Springs	NV	39.02718	-117.13722	1962	12		555	41	93	48	76	1385		
http://resources.usgin.org/uri-gin/nbmg/thermalspring/NBMG:1574/	McLeod Ranch Hot Springs	NV	39.02718	-117.13722	1962										7.2
http://resources.usgin.org/uri-gin/nbmg/thermalspring/NBMG:1574/	McLeod Ranch Hot Springs	NV	39.02718	-117.13722		10	2.5	525	38	107	48	65			
http://resources.usgin.org/uri-gin/nbmg/thermalspring/NBMG:1574/	McLeod Ranch Hot Springs	NV	39.02718	-117.13722		10		525	38	107	48	65	1380	120.14	
http://resources.usgin.org/uri-gin/nbmg/thermalspring/NBMG:1574/	McLeod Ranch Hot Springs	NV	39.02718	-117.13722											8.59
http://resources.usgin.org/uri-gin/nbmg/thermalspring/NBMG:1575/	The Needle Rocks Hot Springs	NV	40.14139	-119.69043		163	0.1	1040	120	117	1950	335			
http://resources.usgin.org/uri-gin/nbmg/thermalspring/NBMG:1575/	The Needle Rocks Hot Springs	NV	40.14139	-119.69043		163		1040	120	117	1950	335	50		
http://resources.usgin.org/uri-gin/nbmg/thermalspring/NBMG:1575/	The Needle Rocks Hot Springs	NV	40.14139	-119.69043											7.4
http://resources.usgin.org/uri-gin/nbmg/thermalspring/NBMG:1576/	Spring H63 - Fly Ranch Hot Springs / Wards Hot Springs / Hualapai Flat Hot Springs	NV	40.85823	-119.33269	1970	24	0.2	405	15	86	255	390			
http://resources.usgin.org/uri-gin/nbmg/thermalspring/NBMG:1576/	Spring H63 - Fly Ranch Hot Springs / Wards Hot Springs / Hualapai Flat Hot Springs	NV	40.85823	-119.33269	1970	24		405	15	86	255	390	456		
http://resources.usgin.org/uri-gin/nbmg/thermalspring/NBMG:1576/	Spring H63 - Fly Ranch Hot Springs / Wards Hot Springs / Hualapai Flat Hot Springs	NV	40.85823	-119.33269	1970										7.2
http://resources.usgin.org/uri-gin/nbmg/thermalspring/NBMG:1576/	Spring H63 - Fly Ranch Hot Springs / Wards Hot Springs / Hualapai Flat Hot Springs	NV	40.85823	-119.33269	1975	24	0.2	405	14	86	255	390			
http://resources.usgin.org/uri-gin/nbmg/thermalspring/NBMG:1576/	Spring H63 - Fly Ranch Hot Springs / Wards Hot Springs / Hualapai Flat Hot Springs	NV	40.85823	-119.33269	1975	24		405	14	86	255	390		7	
http://resources.usgin.org/uri-gin/nbmg/thermalspring/NBMG:1576/	Spring H63 - Fly Ranch Hot Springs / Wards Hot Springs / Hualapai Flat Hot Springs	NV	40.85823	-119.33269	1975										7.1
http://resources.usgin.org/uri-gin/nbmg/thermalspring/NBMG:158/	Beowawe Well 18 - Beowawe Geysers / Beowawe Hot Springs	NV	40.55992	-116.41092						72			180		
http://resources.usgin.org/uri-gin/nbmg/thermalspring/NBMG:158/	Beowawe Well 18 - Beowawe Geysers / Beowawe Hot Springs	NV	40.55992	-116.41092						72					
http://resources.usgin.org/uri-gin/nbmg/thermalspring/NBMG:158/	Beowawe Well 18 - Beowawe Geysers / Beowawe Hot Springs	NV	40.55992	-116.41092											8.35
http://resources.usgin.org/uri-gin/nbmg/thermalspring/NBMG:1585/	Trego Hot Springs / Butte Hot Springs	NV	40.77157	-119.11268	1962	13	0.15	445	9.6	82	505	182			
http://resources.usgin.org/uri-gin/nbmg/thermalspring/NBMG:1585/	Trego Hot Springs / Butte Hot Springs	NV	40.77157	-119.11268	1962	13		445	9.6	82	505	182	150	3	
http://resources.usgin.org/uri-gin/nbmg/thermalspring/NBMG:1585/	Trego Hot Springs / Butte Hot Springs	NV	40.77157	-119.11268	1962										7.9
http://resources.usgin.org/uri-gin/nbmg/thermalspring/NBMG:1587/	Geyser Well - Fly Ranch Hot Springs / Wards Hot Springs / Hualapai Flat Hot Springs	NV	40.8615	-119.33292	1979	32	0.18	456	17	90	260	260			
http://resources.usgin.org/uri-gin/nbmg/thermalspring/NBMG:1587/	Geyser Well - Fly Ranch Hot Springs / Wards Hot Springs / Hualapai Flat Hot Springs	NV	40.8615	-119.33292	1979	32		456	17	90	260	260	484		
http://resources.usgin.org/uri-gin/nbmg/thermalspring/NBMG:1587/	Geyser Well - Fly Ranch Hot Springs / Wards Hot Springs / Hualapai Flat Hot Springs	NV	40.8615	-119.33292	1979										8.4
http://resources.usgin.org/uri-gin/nbmg/thermalspring/NBMG:1588/	Orifice 46 - Great Boiling Springs / Gerlach Hot Springs	NV	40.66177	-119.36602	1960	89	0.98	1548	113	170	2238	385			
http://resources.usgin.org/uri-gin/nbmg/thermalspring/NBMG:1588/	Orifice 46 - Great Boiling Springs / Gerlach Hot Springs	NV	40.66177	-119.36602	1960	89		1548	113	170	2238	385	91	5.5	
http://resources.usgin.org/uri-gin/nbmg/thermalspring/NBMG:1588/	Orifice 46 - Great Boiling Springs / Gerlach Hot Springs	NV	40.66177	-119.36602	1960										8.1
http://resources.usgin.org/uri-gin/nbmg/thermalspring/NBMG:1588/	Orifice 46 - Great Boiling Springs / Gerlach Hot Springs	NV	40.66177	-119.36602	1970	96	2.3	1360	136	172	2350	400			
http://resources.usgin.org/uri-gin/nbmg/thermalspring/NBMG:1588/	Orifice 46 - Great Boiling Springs / Gerlach Hot Springs	NV	40.66177	-119.36602	1970	96		1360	136	172	2350	400	83		
http://resources.usgin.org/uri-gin/nbmg/thermalspring/NBMG:1588/	Orifice 46 - Great Boiling Springs / Gerlach Hot Springs	NV	40.66177	-119.36602	1970										7.7
http://resources.usgin.org/uri-gin/nbmg/thermalspring/NBMG:1588/	Orifice 46 - Great Boiling Springs / Gerlach Hot Springs	NV	40.66177	-119.36602	1974	89	0.98	1550	113	170	2240	385			
http://resources.usgin.org/uri-gin/nbmg/thermalspring/NBMG:1588/	Orifice 46 - Great Boiling Springs / Gerlach Hot Springs	NV	40.66177	-119.36602	1974	89		1550	113	170	2240	385		5.51	
http://resources.usgin.org/uri-gin/nbmg/thermalspring/NBMG:1588/	Orifice 46 - Great Boiling Springs / Gerlach Hot Springs	NV	40.66177	-119.36602	1974										8.1
http://resources.usgin.org/uri-gin/nbmg/thermalspring/NBMG:1588/	Orifice 46 - Great Boiling Springs / Gerlach Hot Springs	NV	40.66177	-119.36602		65	1.2	1510	129	186	2260	392			
http://resources.usgin.org/uri-gin/nbmg/thermalspring/NBMG:1588/	Orifice 46 - Great Boiling Springs / Gerlach Hot Springs	NV	40.66177	-119.36602		65		1510	129	186	2260	392	68	5	
http://resources.usgin.org/uri-gin/nbmg/thermalspring/NBMG:1588/	Orifice 46 - Great Boiling Springs / Gerlach Hot Springs	NV	40.66177	-119.36602											7.5
http://resources.usgin.org/uri-gin/nbmg/thermalspring/NBMG:1589/	The Geysers - Beowawe Geysers / Beowawe Hot Springs	NV	40.56217	-116.58682	1974	9	0.82	229	14	345	67	128			
http://resources.usgin.org/uri-gin/nbmg/thermalspring/NBMG:1589/	The Geysers - Beowawe Geysers / Beowawe Hot Springs	NV	40.56217	-116.58682	1974	9	0.82	229	14.2	345	67	128			
http://resources.usgin.org/uri-gin/nbmg/thermalspring/NBMG:1589/	The Geysers - Beowawe Geysers / Beowawe Hot Springs	NV	40.56217	-116.58682	1974	9		229	14	345	67	128	-9999999	190.09	
http://resources.usgin.org/uri-gin/nbmg/thermalspring/NBMG:1589/	The Geysers - Beowawe Geysers / Beowawe Hot Springs	NV	40.56217	-116.58682	1974	9		229	14.2	345	67	128		18.7	
http://resources.usgin.org/uri-gin/nbmg/thermalspring/NBMG:1589/	The Geysers - Beowawe Geysers / Beowawe Hot Springs	NV	40.56217	-116.58682	1974										9.7
http://resources.usgin.org/uri-gin/nbmg/thermalspring/NBMG:1589/	The Geysers - Beowawe Geysers / Beowawe Hot Springs	NV	40.56217	-116.58682	1974										9.7
http://resources.usgin.org/uri-gin/nbmg/thermalspring/NBMG:159/	Beowawe Well DH-22A - Beowawe Geysers / Beowawe Hot Springs	NV	40.56708	-116.57642	1972	16	1.4	220	17	125	49	100			
http://resources.usgin.org/uri-gin/nbmg/thermalspring/NBMG:159/	Beowawe Well DH-22A - Beowawe Geysers / Beowawe Hot Springs	NV	40.56708	-116.57642	1972	16		220	17	125	49	100	440	11	
http://resources.usgin.org/uri-gin/nbmg/thermalspring/NBMG:159/	Beowawe Well DH-22A - Beowawe Geysers / Beowawe Hot Springs	NV	40.56708	-116.57642	1972										7.6
http://resources.usgin.org/uri-gin/nbmg/thermalspring/NBMG:159/	Beowawe Well DH-22A - Beowawe Geysers / Beowawe Hot Springs	NV	40.56708	-116.57642						125			440		
http://resources.usgin.org/uri-gin/nbmg/thermalspring/NBMG:159/	Beowawe Well DH-22A - Beowawe Geysers / Beowawe Hot Springs	NV	40.56708	-116.57642						125					
http://resources.usgin.org/uri-gin/nbmg/thermalspring/NBMG:159/	Beowawe Well DH-22A - Beowawe Geysers / Beowawe Hot Springs	NV	40.56708	-116.57642											7.58
http://resources.usgin.org/uri-gin/nbmg/thermalspring/NBMG:1592/	Mud Springs 9 - Gerlach	NV	40.65293	-119.37442		73	2.4	1470	143	165	2130	290			
http://resources.usgin.org/uri-gin/nbmg/thermalspring/NBMG:1592/	Mud Springs 9 - Gerlach	NV	40.65293	-119.37442		73		1470	143	165	2130	290			
http://resources.usgin.org/uri-gin/nbmg/thermalspring/NBMG:1592/	Mud Springs 9 - Gerlach	NV	40.65293	-119.37442											7
http://resources.usgin.org/uri-gin/nbmg/thermalspring/NBMG:15965/	Spring HDP-12 - Tuscarora Mountains	NV	40.97541	-116.27989	2003										7.5
http://resources.usgin.org/uri-gin/nbmg/thermalspring/NBMG:160/	Beowawe Well 8 - Beowawe Geysers / Beowawe Hot Springs	NV	40.57991	-116.54092						91			260		
http://resources.usgin.org/uri-gin/nbmg/thermalspring/NBMG:160/	Beowawe Well 8 - Beowawe Geysers / Beowawe Hot Springs	NV	40.57991	-116.54092						91					
http://resources.usgin.org/uri-gin/nbmg/thermalspring/NBMG:160/	Beowawe Well 8 - Beowawe Geysers / Beowawe Hot Springs	NV	40.57991	-116.54092											8.01
http://resources.usgin.org/uri-gin/nbmg/thermalspring/NBMG:16089/	USGS Well H-2 - Fly Ranch Hot Springs / Wards Hot Springs / Hualapai Flat Hot Springs	NV	40.87101	-119.26963	1967	10					44	73			
http://resources.usgin.org/uri-gin/nbmg/thermalspring/NBMG:16089/	USGS Well H-2 - Fly Ranch Hot Springs / Wards Hot Springs / Hualapai Flat Hot Springs	NV	40.87101	-119.26963	1967	10					44	73			
http://resources.usgin.org/uri-gin/nbmg/thermalspring/NBMG:16089/	USGS Well H-2 - Fly Ranch Hot Springs / Wards Hot Springs / Hualapai Flat Hot Springs	NV	40.87101	-119.26963	1967										8
http://resources.usgin.org/uri-gin/nbmg/thermalspring/NBMG:161/	Nevada Thermal Power Co Well 2 - Beowawe Geysers / Beowawe Hot Springs	NV	40.55991	-116.59092	1960	0.8	0.2	232	30	534	49	90			
http://resources.usgin.org/uri-gin/nbmg/thermalspring/NBMG:161/	Nevada Thermal Power Co Well 2 - Beowawe Geysers / Beowawe Hot Springs	NV	40.55991	-116.59092	1960	0.8		232	30	534	49	90	39	15	
http://resources.usgin.org/uri-gin/nbmg/thermalspring/NBMG:161/	Nevada Thermal Power Co Well 2 - Beowawe Geysers / Beowawe Hot Springs	NV	40.55991	-116.59092	1960										9.7
http://resources.usgin.org/uri-gin/nbmg/thermalspring/NBMG:161/	Nevada Thermal Power Co Well 2 - Beowawe Geysers / Beowawe Hot Springs	NV	40.55991	-116.59092	1972	1.3	0.2	250	38	500	70	64			
http://resources.usgin.org/uri-gin/nbmg/thermalspring/NBMG:161/	Nevada Thermal Power Co Well 2 - Beowawe Geysers / Beowawe Hot Springs	NV	40.55991	-116.59092	1972	1.3		250	38	500	70	64	438	0.02	
http://resources.usgin.org/uri-gin/nbmg/thermalspring/NBMG:161/	Nevada Thermal Power Co Well 2 - Beowawe Geysers / Beowawe Hot Springs	NV	40.55991	-116.59092	1972										9.38
http://resources.usgin.org/uri-gin/nbmg/thermalspring/NBMG:161/	Nevada Thermal Power Co Well 2 - Beowawe Geysers / Beowawe Hot Springs	NV	40.55991	-116.59092	1973	10	-0.002	263	31.2	458	62	127			
http://resources.usgin.org/uri-gin/nbmg/thermalspring/NBMG:161/	Nevada Thermal Power Co Well 2 - Beowawe Geysers / Beowawe Hot Springs	NV	40.55991	-116.59092	1973	10		263	31.2	458	62	127		15.7	
http://resources.usgin.org/uri-gin/nbmg/thermalspring/NBMG:161/	Nevada Thermal Power Co Well 2 - Beowawe Geysers / Beowawe Hot Springs	NV	40.55991	-116.59092	1973										9.9
http://resources.usgin.org/uri-gin/nbmg/thermalspring/NBMG:1610/	Seven Devils Hot Spring / Sou Hot Springs / Gilbert Hot Springs	NV	40.08819	-117.72556	1978	100	21	150	23	139	70	39			
http://resources.usgin.org/uri-gin/nbmg/thermalspring/NBMG:1610/	Seven Devils Hot Spring / Sou Hot Springs / Gilbert Hot Springs	NV	40.08819	-117.72556	1978	100		150	23	139	70	39		0.03	
http://resources.usgin.org/uri-gin/nbmg/thermalspring/NBMG:1610/	Seven Devils Hot Spring / Sou Hot Springs / Gilbert Hot Springs	NV	40.08819	-117.72556	1978										6.6
http://resources.usgin.org/uri-gin/nbmg/thermalspring/NBMG:1611/	Dann Hot Spring	NV	40.31607	-116.43422	1980	12.1	1.33	261	53.2	99	84.8	134			
http://resources.usgin.org/uri-gin/nbmg/thermalspring/NBMG:1611/	Dann Hot Spring	NV	40.31607	-116.43422	1980	12.1		261	53.2	99	84.8	134	507	10.8	
http://resources.usgin.org/uri-gin/nbmg/thermalspring/NBMG:1611/	Dann Hot Spring	NV	40.31607	-116.43422	1980										7.8
http://resources.usgin.org/uri-gin/nbmg/thermalspring/NBMG:1611/	Dann Hot Spring	NV	40.31607	-116.43422	2003										7.5
http://resources.usgin.org/uri-gin/nbmg/thermalspring/NBMG:1612/	Hot Spring 25 - Steamboat Hot Springs / Reno Hot Springs / Mount Rose Hot Springs / Radium Hot Springs	NV	39.38324	-119.73434				671	68		876	106			
http://resources.usgin.org/uri-gin/nbmg/thermalspring/NBMG:1612/	Hot Spring 25 - Steamboat Hot Springs / Reno Hot Springs / Mount Rose Hot Springs / Radium Hot Springs	NV	39.38324	-119.73434				671	68		876	106			
http://resources.usgin.org/uri-gin/nbmg/thermalspring/NBMG:1612/	Hot Spring 25 - Steamboat Hot Springs / Reno Hot Springs / Mount Rose Hot Springs / Radium Hot Springs	NV	39.38324	-119.73434											7.4
http://resources.usgin.org/uri-gin/nbmg/thermalspring/NBMG:16141/	USGS Well H-5 - Fly Ranch Hot Springs / Wards Hot Springs / Hualapai Flat Hot Springs	NV	40.86174	-119.28822	1967	22					41	70			
http://resources.usgin.org/uri-gin/nbmg/thermalspring/NBMG:16141/	USGS Well H-5 - Fly Ranch Hot Springs / Wards Hot Springs / Hualapai Flat Hot Springs	NV	40.86174	-119.28822	1967	22					41	70			
http://resources.usgin.org/uri-gin/nbmg/thermalspring/NBMG:16141/	USGS Well H-5 - Fly Ranch Hot Springs / Wards Hot Springs / Hualapai Flat Hot Springs	NV	40.86174	-119.28822	1967										8.1
http://resources.usgin.org/uri-gin/nbmg/thermalspring/NBMG:1615/	Patua Hot Springs / Hazen Hot Springs	NV	39.59991	-119.11767	1964									0.02	
http://resources.usgin.org/uri-gin/nbmg/thermalspring/NBMG:1619/	Patua Hot Springs / Hazen Hot Springs	NV	39.59658	-119.10433	1966	70	1.5	620	38	150	820	400			
http://resources.usgin.org/uri-gin/nbmg/thermalspring/NBMG:1619/	Patua Hot Springs / Hazen Hot Springs	NV	39.59658	-119.10433	1966	70		620	38	150	820	400	100	4.2	
http://resources.usgin.org/uri-gin/nbmg/thermalspring/NBMG:1619/	Patua Hot Springs / Hazen Hot Springs	NV	39.59658	-119.10433	1966										7.05
http://resources.usgin.org/uri-gin/nbmg/thermalspring/NBMG:1619/	Patua Hot Springs / Hazen Hot Springs	NV	39.59658	-119.10433	1987	72	1.5	660	34	150	840	390			
http://resources.usgin.org/uri-gin/nbmg/thermalspring/NBMG:1619/	Patua Hot Springs / Hazen Hot Springs	NV	39.59658	-119.10433	1987	72		660	34	150	840	390		3.2	
http://resources.usgin.org/uri-gin/nbmg/thermalspring/NBMG:1619/	Patua Hot Springs / Hazen Hot Springs	NV	39.59658	-119.10433	1987										7.1
http://resources.usgin.org/uri-gin/nbmg/thermalspring/NBMG:1619/	Patua Hot Springs / Hazen Hot Springs	NV	39.59658	-119.10433	1988	69	1.3	640	31	150	720	400			
http://resources.usgin.org/uri-gin/nbmg/thermalspring/NBMG:1619/	Patua Hot Springs / Hazen Hot Springs	NV	39.59658	-119.10433	1988	69		640	31	150	720	400		3.6	
http://resources.usgin.org/uri-gin/nbmg/thermalspring/NBMG:1619/	Patua Hot Springs / Hazen Hot Springs	NV	39.59658	-119.10433	1988										6.9
http://resources.usgin.org/uri-gin/nbmg/thermalspring/NBMG:1620/	Hot Spring 53 - Steamboat Hot Springs / Reno Hot Springs / Mount Rose Hot Springs / Radium Hot Springs	NV	39.38324	-119.73435	1965			646	59		888	115			
http://resources.usgin.org/uri-gin/nbmg/thermalspring/NBMG:1620/	Hot Spring 53 - Steamboat Hot Springs / Reno Hot Springs / Mount Rose Hot Springs / Radium Hot Springs	NV	39.38324	-119.73435	1965			646	59		888	115			
http://resources.usgin.org/uri-gin/nbmg/thermalspring/NBMG:1620/	Hot Spring 53 - Steamboat Hot Springs / Reno Hot Springs / Mount Rose Hot Springs / Radium Hot Springs	NV	39.38324	-119.73435	1965										7.3
http://resources.usgin.org/uri-gin/nbmg/thermalspring/NBMG:1622/	The Geysers (pool) - Beowawe Geysers / Beowawe Hot Springs	NV	40.56258	-116.58422	1972									-0.02	
http://resources.usgin.org/uri-gin/nbmg/thermalspring/NBMG:1622/	The Geysers (pool) - Beowawe Geysers / Beowawe Hot Springs	NV	40.56258	-116.58422		0.8	1.2	235	28	450	40	90			
http://resources.usgin.org/uri-gin/nbmg/thermalspring/NBMG:1622/	The Geysers (pool) - Beowawe Geysers / Beowawe Hot Springs	NV	40.56258	-116.58422		0.8		235	28	450	40	90	234	140.04	
http://resources.usgin.org/uri-gin/nbmg/thermalspring/NBMG:1622/	The Geysers (pool) - Beowawe Geysers / Beowawe Hot Springs	NV	40.56258	-116.58422		1.2	0.9	239	19		60				
http://resources.usgin.org/uri-gin/nbmg/thermalspring/NBMG:1622/	The Geysers (pool) - Beowawe Geysers / Beowawe Hot Springs	NV	40.56258	-116.58422		1.2		239	19		60		96	160.02	
http://resources.usgin.org/uri-gin/nbmg/thermalspring/NBMG:1622/	The Geysers (pool) - Beowawe Geysers / Beowawe Hot Springs	NV	40.56258	-116.58422											9.5
http://resources.usgin.org/uri-gin/nbmg/thermalspring/NBMG:1622/	The Geysers (pool) - Beowawe Geysers / Beowawe Hot Springs	NV	40.56258	-116.58422											9.7
http://resources.usgin.org/uri-gin/nbmg/thermalspring/NBMG:1628/	The Geysers - Beowawe Geysers / Beowawe Hot Springs	NV	40.56227	-116.58622				207			56				
http://resources.usgin.org/uri-gin/nbmg/thermalspring/NBMG:1628/	The Geysers - Beowawe Geysers / Beowawe Hot Springs	NV	40.56227	-116.58622				207			56				
http://resources.usgin.org/uri-gin/nbmg/thermalspring/NBMG:163/	Beowawe Stream Water	NV	40.58101	-116.55622						195			600		
http://resources.usgin.org/uri-gin/nbmg/thermalspring/NBMG:163/	Beowawe Stream Water	NV	40.58101	-116.55622						195					
http://resources.usgin.org/uri-gin/nbmg/thermalspring/NBMG:163/	Beowawe Stream Water	NV	40.58101	-116.55622											9.53
http://resources.usgin.org/uri-gin/nbmg/thermalspring/NBMG:16308/	Cold Well - Fly Ranch Hot Springs / Wards Hot Springs / Hualapai Flat Hot Springs	NV	40.86573	-119.24935	1967	18	17	796	23		762	390			
http://resources.usgin.org/uri-gin/nbmg/thermalspring/NBMG:16308/	Cold Well - Fly Ranch Hot Springs / Wards Hot Springs / Hualapai Flat Hot Springs	NV	40.86573	-119.24935	1967	18		796	23		762	390			
http://resources.usgin.org/uri-gin/nbmg/thermalspring/NBMG:16308/	Cold Well - Fly Ranch Hot Springs / Wards Hot Springs / Hualapai Flat Hot Springs	NV	40.86573	-119.24935	1967										8.4
http://resources.usgin.org/uri-gin/nbmg/thermalspring/NBMG:16314/	USGS Well H-8 - Fly Ranch Hot Springs / Wards Hot Springs / Hualapai Flat Hot Springs	NV	40.87573	-119.2563	1967	6.4					141	160			
http://resources.usgin.org/uri-gin/nbmg/thermalspring/NBMG:16314/	USGS Well H-8 - Fly Ranch Hot Springs / Wards Hot Springs / Hualapai Flat Hot Springs	NV	40.87573	-119.2563	1967	6.4					141	160			
http://resources.usgin.org/uri-gin/nbmg/thermalspring/NBMG:16314/	USGS Well H-8 - Fly Ranch Hot Springs / Wards Hot Springs / Hualapai Flat Hot Springs	NV	40.87573	-119.2563	1967										8.2
http://resources.usgin.org/uri-gin/nbmg/thermalspring/NBMG:1638/	Monte Neva Hot Springs / Melvin Hot Springs / Goodrich Hot Springs	NV	39.66708	-114.80635	1978	76	22	20	5	134	4.4	14			
http://resources.usgin.org/uri-gin/nbmg/thermalspring/NBMG:1638/	Monte Neva Hot Springs / Melvin Hot Springs / Goodrich Hot Springs	NV	39.66708	-114.80635	1978	76		20	5	134	4.4	14		-0.03	
http://resources.usgin.org/uri-gin/nbmg/thermalspring/NBMG:1638/	Monte Neva Hot Springs / Melvin Hot Springs / Goodrich Hot Springs	NV	39.66708	-114.80635	1978										7
http://resources.usgin.org/uri-gin/nbmg/thermalspring/NBMG:1644/	Hot Spring - Old Bog Ranch	NV	41.91322	-118.78934		10	0.3	186	8.2	109	47	236			
http://resources.usgin.org/uri-gin/nbmg/thermalspring/NBMG:1644/	Hot Spring - Old Bog Ranch	NV	41.91322	-118.78934		10		186	8.2	109	47	236	152	7	
http://resources.usgin.org/uri-gin/nbmg/thermalspring/NBMG:1644/	Hot Spring - Old Bog Ranch	NV	41.91322	-118.78934											8.2
http://resources.usgin.org/uri-gin/nbmg/thermalspring/NBMG:16453/	USGS Well H-6 - Fly Ranch Hot Springs / Wards Hot Springs / Hualapai Flat Hot Springs	NV	40.9266	-119.28622	1967	7.4					102	67			
http://resources.usgin.org/uri-gin/nbmg/thermalspring/NBMG:16453/	USGS Well H-6 - Fly Ranch Hot Springs / Wards Hot Springs / Hualapai Flat Hot Springs	NV	40.9266	-119.28622	1967	7.4					102	67			
http://resources.usgin.org/uri-gin/nbmg/thermalspring/NBMG:16453/	USGS Well H-6 - Fly Ranch Hot Springs / Wards Hot Springs / Hualapai Flat Hot Springs	NV	40.9266	-119.28622	1967										7.5
http://resources.usgin.org/uri-gin/nbmg/thermalspring/NBMG:1646/	S Black Rock Hot Springs	NV	40.95314	-119.00091	1980	23	3.4	1500	19	100	1700	280			
http://resources.usgin.org/uri-gin/nbmg/thermalspring/NBMG:1646/	S Black Rock Hot Springs	NV	40.95314	-119.00091	1980	23		1500	19	100	1700	280		5.8	
http://resources.usgin.org/uri-gin/nbmg/thermalspring/NBMG:1646/	S Black Rock Hot Springs	NV	40.95314	-119.00091	1980										7
http://resources.usgin.org/uri-gin/nbmg/thermalspring/NBMG:165/	Hot Spring 3 - Beowawe Geysers / Beowawe Hot Springs	NV	40.56659	-116.56759	1954	1.6	1			219	55				
http://resources.usgin.org/uri-gin/nbmg/thermalspring/NBMG:165/	Hot Spring 3 - Beowawe Geysers / Beowawe Hot Springs	NV	40.56659	-116.56759	1954	1.6				219	55		120		
http://resources.usgin.org/uri-gin/nbmg/thermalspring/NBMG:165/	Hot Spring 3 - Beowawe Geysers / Beowawe Hot Springs	NV	40.56659	-116.56759	1954										9.4
http://resources.usgin.org/uri-gin/nbmg/thermalspring/NBMG:165/	Hot Spring 3 - Beowawe Geysers / Beowawe Hot Springs	NV	40.56659	-116.56759	1957	0.8		230	16	373	30	89	116	150.04	
http://resources.usgin.org/uri-gin/nbmg/thermalspring/NBMG:165/	Hot Spring 3 - Beowawe Geysers / Beowawe Hot Springs	NV	40.56659	-116.56759	1957	0.8		230	16	373	30	89			
http://resources.usgin.org/uri-gin/nbmg/thermalspring/NBMG:165/	Hot Spring 3 - Beowawe Geysers / Beowawe Hot Springs	NV	40.56659	-116.56759	1957										9.5
http://resources.usgin.org/uri-gin/nbmg/thermalspring/NBMG:165/	Hot Spring 3 - Beowawe Geysers / Beowawe Hot Springs	NV	40.56659	-116.56759	1958	0.8		225	27	49	46	106	132	140.02	
http://resources.usgin.org/uri-gin/nbmg/thermalspring/NBMG:165/	Hot Spring 3 - Beowawe Geysers / Beowawe Hot Springs	NV	40.56659	-116.56759	1958	0.8		225	27	49	46	106			
http://resources.usgin.org/uri-gin/nbmg/thermalspring/NBMG:165/	Hot Spring 3 - Beowawe Geysers / Beowawe Hot Springs	NV	40.56659	-116.56759	1958	0.8				236	70		150		
http://resources.usgin.org/uri-gin/nbmg/thermalspring/NBMG:165/	Hot Spring 3 - Beowawe Geysers / Beowawe Hot Springs	NV	40.56659	-116.56759	1958	0.8				236	70				
http://resources.usgin.org/uri-gin/nbmg/thermalspring/NBMG:165/	Hot Spring 3 - Beowawe Geysers / Beowawe Hot Springs	NV	40.56659	-116.56759	1958			232	22	212	46	101	122	140.01	
http://resources.usgin.org/uri-gin/nbmg/thermalspring/NBMG:165/	Hot Spring 3 - Beowawe Geysers / Beowawe Hot Springs	NV	40.56659	-116.56759	1958			232	22	212	46	101			
http://resources.usgin.org/uri-gin/nbmg/thermalspring/NBMG:165/	Hot Spring 3 - Beowawe Geysers / Beowawe Hot Springs	NV	40.56659	-116.56759	1958										9.3
http://resources.usgin.org/uri-gin/nbmg/thermalspring/NBMG:165/	Hot Spring 3 - Beowawe Geysers / Beowawe Hot Springs	NV	40.56659	-116.56759	1958										9.3
http://resources.usgin.org/uri-gin/nbmg/thermalspring/NBMG:165/	Hot Spring 3 - Beowawe Geysers / Beowawe Hot Springs	NV	40.56659	-116.56759	1958										9.7
http://resources.usgin.org/uri-gin/nbmg/thermalspring/NBMG:165/	Hot Spring 3 - Beowawe Geysers / Beowawe Hot Springs	NV	40.56659	-116.56759	1972	1	-0.1	230	16	320	69	130			
http://resources.usgin.org/uri-gin/nbmg/thermalspring/NBMG:165/	Hot Spring 3 - Beowawe Geysers / Beowawe Hot Springs	NV	40.56659	-116.56759	1972	1		230	16	320	69	130	285	0.02	
http://resources.usgin.org/uri-gin/nbmg/thermalspring/NBMG:165/	Hot Spring 3 - Beowawe Geysers / Beowawe Hot Springs	NV	40.56659	-116.56759	1972										8.98
http://resources.usgin.org/uri-gin/nbmg/thermalspring/NBMG:165/	Hot Spring 3 - Beowawe Geysers / Beowawe Hot Springs	NV	40.56659	-116.56759		1.6	0.5			226	48				
http://resources.usgin.org/uri-gin/nbmg/thermalspring/NBMG:165/	Hot Spring 3 - Beowawe Geysers / Beowawe Hot Springs	NV	40.56659	-116.56759		1.6				226	48		75		
http://resources.usgin.org/uri-gin/nbmg/thermalspring/NBMG:165/	Hot Spring 3 - Beowawe Geysers / Beowawe Hot Springs	NV	40.56659	-116.56759											9.6
http://resources.usgin.org/uri-gin/nbmg/thermalspring/NBMG:1650/	Borax Spring - Great Boiling Springs / Gerlach Hot Springs	NV	40.66073	-119.36602	1975	68	2.8	1560	134	172	2180	410			
http://resources.usgin.org/uri-gin/nbmg/thermalspring/NBMG:1650/	Borax Spring - Great Boiling Springs / Gerlach Hot Springs	NV	40.66073	-119.36602	1975	68		1560	134	172	2180	410			
http://resources.usgin.org/uri-gin/nbmg/thermalspring/NBMG:1650/	Borax Spring - Great Boiling Springs / Gerlach Hot Springs	NV	40.66073	-119.36602	1975	78	1.3	1560	134	174	2100	367			
http://resources.usgin.org/uri-gin/nbmg/thermalspring/NBMG:1650/	Borax Spring - Great Boiling Springs / Gerlach Hot Springs	NV	40.66073	-119.36602	1975	78		1560	134	174	2100	367			
http://resources.usgin.org/uri-gin/nbmg/thermalspring/NBMG:1650/	Borax Spring - Great Boiling Springs / Gerlach Hot Springs	NV	40.66073	-119.36602	1975										7.1
http://resources.usgin.org/uri-gin/nbmg/thermalspring/NBMG:1650/	Borax Spring - Great Boiling Springs / Gerlach Hot Springs	NV	40.66073	-119.36602	1975										8.2
http://resources.usgin.org/uri-gin/nbmg/thermalspring/NBMG:1650/	Borax Spring - Great Boiling Springs / Gerlach Hot Springs	NV	40.66073	-119.36602	1980	70	1.1	1400	120	210	2100	380			
http://resources.usgin.org/uri-gin/nbmg/thermalspring/NBMG:1650/	Borax Spring - Great Boiling Springs / Gerlach Hot Springs	NV	40.66073	-119.36602	1980	70		1400	120	210	2100	380		5.1	
http://resources.usgin.org/uri-gin/nbmg/thermalspring/NBMG:1650/	Borax Spring - Great Boiling Springs / Gerlach Hot Springs	NV	40.66073	-119.36602	1980										7.3
http://resources.usgin.org/uri-gin/nbmg/thermalspring/NBMG:16503/	USGS Well - Fly Ranch Hot Springs / Wards Hot Springs / Hualapai Flat Hot Springs	NV	40.89028	-119.33817	1967	36					71	81			
http://resources.usgin.org/uri-gin/nbmg/thermalspring/NBMG:16503/	USGS Well - Fly Ranch Hot Springs / Wards Hot Springs / Hualapai Flat Hot Springs	NV	40.89028	-119.33817	1967	36					71	81			
http://resources.usgin.org/uri-gin/nbmg/thermalspring/NBMG:16503/	USGS Well - Fly Ranch Hot Springs / Wards Hot Springs / Hualapai Flat Hot Springs	NV	40.89028	-119.33817	1967										8.2
http://resources.usgin.org/uri-gin/nbmg/thermalspring/NBMG:16504/	Cold Well - Fly Ranch Hot Springs / Wards Hot Springs / Hualapai Flat Hot Springs	NV	40.86962	-119.27324	1967	30					41	82			
http://resources.usgin.org/uri-gin/nbmg/thermalspring/NBMG:16504/	Cold Well - Fly Ranch Hot Springs / Wards Hot Springs / Hualapai Flat Hot Springs	NV	40.86962	-119.27324	1967	30					41	82			
http://resources.usgin.org/uri-gin/nbmg/thermalspring/NBMG:16504/	Cold Well - Fly Ranch Hot Springs / Wards Hot Springs / Hualapai Flat Hot Springs	NV	40.86962	-119.27324	1967										8.2
http://resources.usgin.org/uri-gin/nbmg/thermalspring/NBMG:1651/	Hot Well - Darroughs Hot Springs	NV	38.8219	-117.18392		1.1	-0.05	99	3.3	122	12	47			
http://resources.usgin.org/uri-gin/nbmg/thermalspring/NBMG:1651/	Hot Well - Darroughs Hot Springs	NV	38.8219	-117.18392		1.1		99	3.3	122	12	47	119	140.03	
http://resources.usgin.org/uri-gin/nbmg/thermalspring/NBMG:1651/	Hot Well - Darroughs Hot Springs	NV	38.8219	-117.18392											8.77
http://resources.usgin.org/uri-gin/nbmg/thermalspring/NBMG:1653/	Great Boiling Springs / Gerlach Hot Springs	NV	40.66407	-119.36602	1940	102	26	1480		135	2020	353			
http://resources.usgin.org/uri-gin/nbmg/thermalspring/NBMG:1653/	Great Boiling Springs / Gerlach Hot Springs	NV	40.66407	-119.36602	1940	102		1480		135	2020	353			
http://resources.usgin.org/uri-gin/nbmg/thermalspring/NBMG:1653/	Great Boiling Springs / Gerlach Hot Springs	NV	40.66407	-119.36602	1954	73	0.7	1500	124	170	2200	380			
http://resources.usgin.org/uri-gin/nbmg/thermalspring/NBMG:1653/	Great Boiling Springs / Gerlach Hot Springs	NV	40.66407	-119.36602	1954	73		1500	124	170	2200	380		4	
http://resources.usgin.org/uri-gin/nbmg/thermalspring/NBMG:1653/	Great Boiling Springs / Gerlach Hot Springs	NV	40.66407	-119.36602	1954										7.2
http://resources.usgin.org/uri-gin/nbmg/thermalspring/NBMG:1653/	Great Boiling Springs / Gerlach Hot Springs	NV	40.66407	-119.36602		51	18	1460	120	168	2110	376			
http://resources.usgin.org/uri-gin/nbmg/thermalspring/NBMG:1653/	Great Boiling Springs / Gerlach Hot Springs	NV	40.66407	-119.36602		51		1460	120	168	2110	376	97	4.5	
http://resources.usgin.org/uri-gin/nbmg/thermalspring/NBMG:1653/	Great Boiling Springs / Gerlach Hot Springs	NV	40.66407	-119.36602		73	0.7	1460	124	172	2180	380			
http://resources.usgin.org/uri-gin/nbmg/thermalspring/NBMG:1653/	Great Boiling Springs / Gerlach Hot Springs	NV	40.66407	-119.36602		73		1460	124	172	2180	380	91	4	
http://resources.usgin.org/uri-gin/nbmg/thermalspring/NBMG:1653/	Great Boiling Springs / Gerlach Hot Springs	NV	40.66407	-119.36602											7.2
http://resources.usgin.org/uri-gin/nbmg/thermalspring/NBMG:1653/	Great Boiling Springs / Gerlach Hot Springs	NV	40.66407	-119.36602											7.3
http://resources.usgin.org/uri-gin/nbmg/thermalspring/NBMG:1656/	Fly Ranch Hot Springs / Wards Hot Springs / Hualapai Flat Hot Springs	NV	40.85955	-119.33302	1952	28	0.2	400	18	88	245				
http://resources.usgin.org/uri-gin/nbmg/thermalspring/NBMG:1656/	Fly Ranch Hot Springs / Wards Hot Springs / Hualapai Flat Hot Springs	NV	40.85955	-119.33302	1952	28		400	18	88	245		452		
http://resources.usgin.org/uri-gin/nbmg/thermalspring/NBMG:1656/	Fly Ranch Hot Springs / Wards Hot Springs / Hualapai Flat Hot Springs	NV	40.85955	-119.33302	1952										7.2
http://resources.usgin.org/uri-gin/nbmg/thermalspring/NBMG:1660/	Orifice 11 - Leach Hot Springs / Nelson Hot Springs / Guthrie Hot Springs / Pleasant Valley Hot Springs	NV	40.60339	-117.64926	1974	16	0.48	170	12	120	33	49.7			
http://resources.usgin.org/uri-gin/nbmg/thermalspring/NBMG:1660/	Orifice 11 - Leach Hot Springs / Nelson Hot Springs / Guthrie Hot Springs / Pleasant Valley Hot Springs	NV	40.60339	-117.64926	1974	16		170	12	120	33	49.7		9.13	
http://resources.usgin.org/uri-gin/nbmg/thermalspring/NBMG:1660/	Orifice 11 - Leach Hot Springs / Nelson Hot Springs / Guthrie Hot Springs / Pleasant Valley Hot Springs	NV	40.60339	-117.64926	1974										8
http://resources.usgin.org/uri-gin/nbmg/thermalspring/NBMG:1660/	Orifice 11 - Leach Hot Springs / Nelson Hot Springs / Guthrie Hot Springs / Pleasant Valley Hot Springs	NV	40.60339	-117.64926	1976	33	7.7				21	108			
http://resources.usgin.org/uri-gin/nbmg/thermalspring/NBMG:1660/	Orifice 11 - Leach Hot Springs / Nelson Hot Springs / Guthrie Hot Springs / Pleasant Valley Hot Springs	NV	40.60339	-117.64926	1976	33					21	108	441		
http://resources.usgin.org/uri-gin/nbmg/thermalspring/NBMG:1660/	Orifice 11 - Leach Hot Springs / Nelson Hot Springs / Guthrie Hot Springs / Pleasant Valley Hot Springs	NV	40.60339	-117.64926	1978	13	1.6	170	12	110	28	47			
http://resources.usgin.org/uri-gin/nbmg/thermalspring/NBMG:1660/	Orifice 11 - Leach Hot Springs / Nelson Hot Springs / Guthrie Hot Springs / Pleasant Valley Hot Springs	NV	40.60339	-117.64926	1978	13	1.7	170	12	100	25	47			
http://resources.usgin.org/uri-gin/nbmg/thermalspring/NBMG:1660/	Orifice 11 - Leach Hot Springs / Nelson Hot Springs / Guthrie Hot Springs / Pleasant Valley Hot Springs	NV	40.60339	-117.64926	1978	13		170	12	100	25	47		6.6	
http://resources.usgin.org/uri-gin/nbmg/thermalspring/NBMG:1660/	Orifice 11 - Leach Hot Springs / Nelson Hot Springs / Guthrie Hot Springs / Pleasant Valley Hot Springs	NV	40.60339	-117.64926	1978	13		170	12	110	28	47		6.6	
http://resources.usgin.org/uri-gin/nbmg/thermalspring/NBMG:1660/	Orifice 11 - Leach Hot Springs / Nelson Hot Springs / Guthrie Hot Springs / Pleasant Valley Hot Springs	NV	40.60339	-117.64926	1978										7.9
http://resources.usgin.org/uri-gin/nbmg/thermalspring/NBMG:1660/	Orifice 11 - Leach Hot Springs / Nelson Hot Springs / Guthrie Hot Springs / Pleasant Valley Hot Springs	NV	40.60339	-117.64926	1978										8
http://resources.usgin.org/uri-gin/nbmg/thermalspring/NBMG:1662/	Smith Creek Hot Springs	NV	39.31572	-117.54704	1959	6.2	0.14	156	8	116	24	108			
http://resources.usgin.org/uri-gin/nbmg/thermalspring/NBMG:1662/	Smith Creek Hot Springs	NV	39.31572	-117.54704	1959	6.2		156	8	116	24	108	243	8.8	
http://resources.usgin.org/uri-gin/nbmg/thermalspring/NBMG:1662/	Smith Creek Hot Springs	NV	39.31572	-117.54704	1959										7.7
http://resources.usgin.org/uri-gin/nbmg/thermalspring/NBMG:1671/	Hot Spring 26 - Steamboat Hot Springs / Reno Hot Springs / Mount Rose Hot Springs / Radium Hot Springs	NV	39.38324	-119.73435	1977	11.2	0.018	640	71	235	857	112			
http://resources.usgin.org/uri-gin/nbmg/thermalspring/NBMG:1671/	Hot Spring 26 - Steamboat Hot Springs / Reno Hot Springs / Mount Rose Hot Springs / Radium Hot Springs	NV	39.38324	-119.73435	1977	11.2		640	71	235	857	112	412	2.5	
http://resources.usgin.org/uri-gin/nbmg/thermalspring/NBMG:1671/	Hot Spring 26 - Steamboat Hot Springs / Reno Hot Springs / Mount Rose Hot Springs / Radium Hot Springs	NV	39.38324	-119.73435	1977			650	74	238					
http://resources.usgin.org/uri-gin/nbmg/thermalspring/NBMG:1671/	Hot Spring 26 - Steamboat Hot Springs / Reno Hot Springs / Mount Rose Hot Springs / Radium Hot Springs	NV	39.38324	-119.73435	1977			650	74	238					
http://resources.usgin.org/uri-gin/nbmg/thermalspring/NBMG:1671/	Hot Spring 26 - Steamboat Hot Springs / Reno Hot Springs / Mount Rose Hot Springs / Radium Hot Springs	NV	39.38324	-119.73435	1977										7.3
http://resources.usgin.org/uri-gin/nbmg/thermalspring/NBMG:1671/	Hot Spring 26 - Steamboat Hot Springs / Reno Hot Springs / Mount Rose Hot Springs / Radium Hot Springs	NV	39.38324	-119.73435	1977										7.4
http://resources.usgin.org/uri-gin/nbmg/thermalspring/NBMG:1671/	Hot Spring 26 - Steamboat Hot Springs / Reno Hot Springs / Mount Rose Hot Springs / Radium Hot Springs	NV	39.38324	-119.73435		3.2	1	680	68	274	890	115			
http://resources.usgin.org/uri-gin/nbmg/thermalspring/NBMG:1671/	Hot Spring 26 - Steamboat Hot Springs / Reno Hot Springs / Mount Rose Hot Springs / Radium Hot Springs	NV	39.38324	-119.73435		3.2		680	68	274	890	115	198	-0.1	
http://resources.usgin.org/uri-gin/nbmg/thermalspring/NBMG:1671/	Hot Spring 26 - Steamboat Hot Springs / Reno Hot Springs / Mount Rose Hot Springs / Radium Hot Springs	NV	39.38324	-119.73435											7.8
http://resources.usgin.org/uri-gin/nbmg/thermalspring/NBMG:1672/	Hot Spring 18 - Steamboat Hot Springs / Reno Hot Springs / Mount Rose Hot Springs / Radium Hot Springs	NV	39.38324	-119.73435				674	79		896	123			
http://resources.usgin.org/uri-gin/nbmg/thermalspring/NBMG:1672/	Hot Spring 18 - Steamboat Hot Springs / Reno Hot Springs / Mount Rose Hot Springs / Radium Hot Springs	NV	39.38324	-119.73435				674	79		896	123			
http://resources.usgin.org/uri-gin/nbmg/thermalspring/NBMG:1672/	Hot Spring 18 - Steamboat Hot Springs / Reno Hot Springs / Mount Rose Hot Springs / Radium Hot Springs	NV	39.38324	-119.73435											7.1
http://resources.usgin.org/uri-gin/nbmg/thermalspring/NBMG:1673/	Hot Spring 23 - Steamboat Hot Springs / Reno Hot Springs / Mount Rose Hot Springs / Radium Hot Springs	NV	39.38324	-119.73435	1964	6.5	-1	707	77	338	937	136			
http://resources.usgin.org/uri-gin/nbmg/thermalspring/NBMG:1673/	Hot Spring 23 - Steamboat Hot Springs / Reno Hot Springs / Mount Rose Hot Springs / Radium Hot Springs	NV	39.38324	-119.73435	1964	6.5		707	77	338	937	136	304	2.4	
http://resources.usgin.org/uri-gin/nbmg/thermalspring/NBMG:1673/	Hot Spring 23 - Steamboat Hot Springs / Reno Hot Springs / Mount Rose Hot Springs / Radium Hot Springs	NV	39.38324	-119.73435	1964										7.1
http://resources.usgin.org/uri-gin/nbmg/thermalspring/NBMG:1673/	Hot Spring 23 - Steamboat Hot Springs / Reno Hot Springs / Mount Rose Hot Springs / Radium Hot Springs	NV	39.38324	-119.73435	1977	4.2	0.017	675	82	287	897	141			
http://resources.usgin.org/uri-gin/nbmg/thermalspring/NBMG:1673/	Hot Spring 23 - Steamboat Hot Springs / Reno Hot Springs / Mount Rose Hot Springs / Radium Hot Springs	NV	39.38324	-119.73435	1977	4.2		675	82	287	897	141	363	2.2	
http://resources.usgin.org/uri-gin/nbmg/thermalspring/NBMG:1673/	Hot Spring 23 - Steamboat Hot Springs / Reno Hot Springs / Mount Rose Hot Springs / Radium Hot Springs	NV	39.38324	-119.73435	1977			700	88		898				
http://resources.usgin.org/uri-gin/nbmg/thermalspring/NBMG:1673/	Hot Spring 23 - Steamboat Hot Springs / Reno Hot Springs / Mount Rose Hot Springs / Radium Hot Springs	NV	39.38324	-119.73435	1977			700	88		898				
http://resources.usgin.org/uri-gin/nbmg/thermalspring/NBMG:1673/	Hot Spring 23 - Steamboat Hot Springs / Reno Hot Springs / Mount Rose Hot Springs / Radium Hot Springs	NV	39.38324	-119.73435	1977										7.2
http://resources.usgin.org/uri-gin/nbmg/thermalspring/NBMG:1673/	Hot Spring 23 - Steamboat Hot Springs / Reno Hot Springs / Mount Rose Hot Springs / Radium Hot Springs	NV	39.38324	-119.73435	1977										7.3
http://resources.usgin.org/uri-gin/nbmg/thermalspring/NBMG:1673/	Hot Spring 23-N - Steamboat Hot Springs / Reno Hot Springs / Mount Rose Hot Springs / Radium Hot Springs	NV	39.38324	-119.73435	1979			692	77		914	119			
http://resources.usgin.org/uri-gin/nbmg/thermalspring/NBMG:1673/	Hot Spring 23-N - Steamboat Hot Springs / Reno Hot Springs / Mount Rose Hot Springs / Radium Hot Springs	NV	39.38324	-119.73435	1979			692	77		914	119			
http://resources.usgin.org/uri-gin/nbmg/thermalspring/NBMG:1673/	Hot Spring 23-N - Steamboat Hot Springs / Reno Hot Springs / Mount Rose Hot Springs / Radium Hot Springs	NV	39.38324	-119.73435	1979										8.4
http://resources.usgin.org/uri-gin/nbmg/thermalspring/NBMG:1674/	Orifice 24 - Great Boiling Springs / Gerlach Hot Springs	NV	40.6649	-119.36435	1978	73	2	1590	135	172	2880	360			
http://resources.usgin.org/uri-gin/nbmg/thermalspring/NBMG:1674/	Orifice 24 - Great Boiling Springs / Gerlach Hot Springs	NV	40.6649	-119.36435	1978	73		1590	135	172	2880	360	66		
http://resources.usgin.org/uri-gin/nbmg/thermalspring/NBMG:1674/	Orifice 24 - Great Boiling Springs / Gerlach Hot Springs	NV	40.6649	-119.36435	1978										7.6
http://resources.usgin.org/uri-gin/nbmg/thermalspring/NBMG:1674/	Orifice 28 - Great Boiling Springs / Gerlach Hot Springs	NV	40.6649	-119.36435		68	2.4	1560	134	172	2180	410			
http://resources.usgin.org/uri-gin/nbmg/thermalspring/NBMG:1674/	Orifice 28 - Great Boiling Springs / Gerlach Hot Springs	NV	40.6649	-119.36435		68		1560	134	172	2180	410	156		
http://resources.usgin.org/uri-gin/nbmg/thermalspring/NBMG:1674/	Orifice 28 - Great Boiling Springs / Gerlach Hot Springs	NV	40.6649	-119.36435							2136				
http://resources.usgin.org/uri-gin/nbmg/thermalspring/NBMG:1674/	Orifice 28 - Great Boiling Springs / Gerlach Hot Springs	NV	40.6649	-119.36435							2136				
http://resources.usgin.org/uri-gin/nbmg/thermalspring/NBMG:1674/	Orifice 28 - Great Boiling Springs / Gerlach Hot Springs	NV	40.6649	-119.36435											7.1
http://resources.usgin.org/uri-gin/nbmg/thermalspring/NBMG:1674/	Orifice 28 - Great Boiling Springs / Gerlach Hot Springs	NV	40.6649	-119.36435											7.1
http://resources.usgin.org/uri-gin/nbmg/thermalspring/NBMG:16758/	Wagner Springs	NV	41.13573	-119.13879	1979	9.6	1.4	56	6.05	59	35	27			
http://resources.usgin.org/uri-gin/nbmg/thermalspring/NBMG:16758/	Wagner Springs	NV	41.13573	-119.13879	1979	9.6		56	6.05	59	35	27		0.8	
http://resources.usgin.org/uri-gin/nbmg/thermalspring/NBMG:16758/	Wagner Springs	NV	41.13573	-119.13879	1979										7.9
http://resources.usgin.org/uri-gin/nbmg/thermalspring/NBMG:1678/	Hot Spring 27 - Steamboat Hot Springs / Reno Hot Springs / Mount Rose Hot Springs / Radium Hot Springs	NV	39.38321	-119.73432	1945	12	-1	707	75	317	949	129			
http://resources.usgin.org/uri-gin/nbmg/thermalspring/NBMG:1678/	Hot Spring 27 - Steamboat Hot Springs / Reno Hot Springs / Mount Rose Hot Springs / Radium Hot Springs	NV	39.38321	-119.73432	1945	12		707	75	317	949	129	292	2.2	
http://resources.usgin.org/uri-gin/nbmg/thermalspring/NBMG:1678/	Hot Spring 27 - Steamboat Hot Springs / Reno Hot Springs / Mount Rose Hot Springs / Radium Hot Springs	NV	39.38321	-119.73432	1945										8.2
http://resources.usgin.org/uri-gin/nbmg/thermalspring/NBMG:1678/	Hot Spring 27 - Steamboat Hot Springs / Reno Hot Springs / Mount Rose Hot Springs / Radium Hot Springs	NV	39.38321	-119.73432	1967			685	74	116	910			9	
http://resources.usgin.org/uri-gin/nbmg/thermalspring/NBMG:1678/	Hot Spring 27 - Steamboat Hot Springs / Reno Hot Springs / Mount Rose Hot Springs / Radium Hot Springs	NV	39.38321	-119.73432	1967			685	74	116	910				
http://resources.usgin.org/uri-gin/nbmg/thermalspring/NBMG:1678/	Hot Spring 27 - Steamboat Hot Springs / Reno Hot Springs / Mount Rose Hot Springs / Radium Hot Springs	NV	39.38321	-119.73432	1967										8.4
http://resources.usgin.org/uri-gin/nbmg/thermalspring/NBMG:1678/	Hot Spring 27 - Steamboat Hot Springs / Reno Hot Springs / Mount Rose Hot Springs / Radium Hot Springs	NV	39.38321	-119.73432	1977	5.6	0.01	640	77	243	878				
http://resources.usgin.org/uri-gin/nbmg/thermalspring/NBMG:1678/	Hot Spring 27 - Steamboat Hot Springs / Reno Hot Springs / Mount Rose Hot Springs / Radium Hot Springs	NV	39.38321	-119.73432	1977	5.6		640	77	243	878		297	2.1	
http://resources.usgin.org/uri-gin/nbmg/thermalspring/NBMG:1678/	Hot Spring 27 - Steamboat Hot Springs / Reno Hot Springs / Mount Rose Hot Springs / Radium Hot Springs	NV	39.38321	-119.73432	1977										6.2
http://resources.usgin.org/uri-gin/nbmg/thermalspring/NBMG:1680/	Fly Ranch Hot Springs / Wards Hot Springs / Hualapai Flat Hot Springs	NV	40.85933	-119.33192		22	0.19	405	18	90	250	245			
http://resources.usgin.org/uri-gin/nbmg/thermalspring/NBMG:1680/	Fly Ranch Hot Springs / Wards Hot Springs / Hualapai Flat Hot Springs	NV	40.85933	-119.33192		22	0.2	386	17	90	275	46			
http://resources.usgin.org/uri-gin/nbmg/thermalspring/NBMG:1680/	Fly Ranch Hot Springs / Wards Hot Springs / Hualapai Flat Hot Springs	NV	40.85933	-119.33192		22		386	17	90	275	46	458	7	
http://resources.usgin.org/uri-gin/nbmg/thermalspring/NBMG:1680/	Fly Ranch Hot Springs / Wards Hot Springs / Hualapai Flat Hot Springs	NV	40.85933	-119.33192		22		405	18	90	250	245	486		
http://resources.usgin.org/uri-gin/nbmg/thermalspring/NBMG:1680/	Fly Ranch Hot Springs / Wards Hot Springs / Hualapai Flat Hot Springs	NV	40.85933	-119.33192											7.2
http://resources.usgin.org/uri-gin/nbmg/thermalspring/NBMG:1680/	Fly Ranch Hot Springs / Wards Hot Springs / Hualapai Flat Hot Springs	NV	40.85933	-119.33192											8.4
http://resources.usgin.org/uri-gin/nbmg/thermalspring/NBMG:1688/	East Pinto Hot Springs	NV	41.36071	-118.78801		19	0.3	325	26	155	160	120			
http://resources.usgin.org/uri-gin/nbmg/thermalspring/NBMG:1688/	East Pinto Hot Springs	NV	41.36071	-118.78801		19		325	26	155	160	120	500	14	
http://resources.usgin.org/uri-gin/nbmg/thermalspring/NBMG:1688/	East Pinto Hot Springs	NV	41.36071	-118.78801											7.2
http://resources.usgin.org/uri-gin/nbmg/thermalspring/NBMG:1692/	Orifice 15 - Leach Hot Springs / Nelson Hot Springs / Guthrie Hot Springs / Pleasant Valley Hot Springs	NV	40.60385	-117.64956	1944			89			13				
http://resources.usgin.org/uri-gin/nbmg/thermalspring/NBMG:1692/	Orifice 15 - Leach Hot Springs / Nelson Hot Springs / Guthrie Hot Springs / Pleasant Valley Hot Springs	NV	40.60385	-117.64956	1944			89			13				
http://resources.usgin.org/uri-gin/nbmg/thermalspring/NBMG:1692/	Orifice 15 - Leach Hot Springs / Nelson Hot Springs / Guthrie Hot Springs / Pleasant Valley Hot Springs	NV	40.60385	-117.64956	1946	97	20	518	80	155	775	48			
http://resources.usgin.org/uri-gin/nbmg/thermalspring/NBMG:1692/	Orifice 15 - Leach Hot Springs / Nelson Hot Springs / Guthrie Hot Springs / Pleasant Valley Hot Springs	NV	40.60385	-117.64956	1946	97		518	80	155	775	48	544	6.3	
http://resources.usgin.org/uri-gin/nbmg/thermalspring/NBMG:1692/	Orifice 15 - Leach Hot Springs / Nelson Hot Springs / Guthrie Hot Springs / Pleasant Valley Hot Springs	NV	40.60385	-117.64956	1946										7
http://resources.usgin.org/uri-gin/nbmg/thermalspring/NBMG:1692/	Orifice 12 - Leach Hot Springs / Nelson Hot Springs / Guthrie Hot Springs / Pleasant Valley Hot Springs	NV	40.60385	-117.64956	1960	1.2	-9999999	185	12	198	29	56			
http://resources.usgin.org/uri-gin/nbmg/thermalspring/NBMG:1692/	Orifice 12 - Leach Hot Springs / Nelson Hot Springs / Guthrie Hot Springs / Pleasant Valley Hot Springs	NV	40.60385	-117.64956	1960	1.2		185	12	198	29	56	308	120.04	
http://resources.usgin.org/uri-gin/nbmg/thermalspring/NBMG:1692/	Orifice 12 - Leach Hot Springs / Nelson Hot Springs / Guthrie Hot Springs / Pleasant Valley Hot Springs	NV	40.60385	-117.64956	1960										8.8
http://resources.usgin.org/uri-gin/nbmg/thermalspring/NBMG:1692/	Orifice 15 - Leach Hot Springs / Nelson Hot Springs / Guthrie Hot Springs / Pleasant Valley Hot Springs	NV	40.60385	-117.64956	1967			77			12				
http://resources.usgin.org/uri-gin/nbmg/thermalspring/NBMG:1692/	Orifice 15 - Leach Hot Springs / Nelson Hot Springs / Guthrie Hot Springs / Pleasant Valley Hot Springs	NV	40.60385	-117.64956	1967			77			12				
http://resources.usgin.org/uri-gin/nbmg/thermalspring/NBMG:1692/	Orifice 12 - Leach Hot Springs / Nelson Hot Springs / Guthrie Hot Springs / Pleasant Valley Hot Springs	NV	40.60385	-117.64956	1978	5.5	0.6	170	14	210	25	46			
http://resources.usgin.org/uri-gin/nbmg/thermalspring/NBMG:1692/	Orifice 12 - Leach Hot Springs / Nelson Hot Springs / Guthrie Hot Springs / Pleasant Valley Hot Springs	NV	40.60385	-117.64956	1978	5.5		170	14	210	25	46		7.1	
http://resources.usgin.org/uri-gin/nbmg/thermalspring/NBMG:1692/	Orifice 12 - Leach Hot Springs / Nelson Hot Springs / Guthrie Hot Springs / Pleasant Valley Hot Springs	NV	40.60385	-117.64956	1978										9.6
http://resources.usgin.org/uri-gin/nbmg/thermalspring/NBMG:1692/	Orifice 15 - Leach Hot Springs / Nelson Hot Springs / Guthrie Hot Springs / Pleasant Valley Hot Springs	NV	40.60385	-117.64956	1978	8.6	0.2	85	12	180	13	200			
http://resources.usgin.org/uri-gin/nbmg/thermalspring/NBMG:1692/	Orifice 15 - Leach Hot Springs / Nelson Hot Springs / Guthrie Hot Springs / Pleasant Valley Hot Springs	NV	40.60385	-117.64956	1978	8.6	1.4	86	12	200	9.6	160			
http://resources.usgin.org/uri-gin/nbmg/thermalspring/NBMG:1692/	Orifice 15 - Leach Hot Springs / Nelson Hot Springs / Guthrie Hot Springs / Pleasant Valley Hot Springs	NV	40.60385	-117.64956	1978	8.6		85	12	180	13	200		2.7	
http://resources.usgin.org/uri-gin/nbmg/thermalspring/NBMG:1692/	Orifice 15 - Leach Hot Springs / Nelson Hot Springs / Guthrie Hot Springs / Pleasant Valley Hot Springs	NV	40.60385	-117.64956	1978	8.6		86	12	200	9.6	160		2.3	
http://resources.usgin.org/uri-gin/nbmg/thermalspring/NBMG:1692/	Orifice 15 - Leach Hot Springs / Nelson Hot Springs / Guthrie Hot Springs / Pleasant Valley Hot Springs	NV	40.60385	-117.64956	1978										5.9
http://resources.usgin.org/uri-gin/nbmg/thermalspring/NBMG:1692/	Orifice 15 - Leach Hot Springs / Nelson Hot Springs / Guthrie Hot Springs / Pleasant Valley Hot Springs	NV	40.60385	-117.64956	1978										7.1
http://resources.usgin.org/uri-gin/nbmg/thermalspring/NBMG:1692/	Orifice 12 - Leach Hot Springs / Nelson Hot Springs / Guthrie Hot Springs / Pleasant Valley Hot Springs	NV	40.60385	-117.64956	1979	9.6	0.1	180	16	115	32	57			
http://resources.usgin.org/uri-gin/nbmg/thermalspring/NBMG:1692/	Orifice 12 - Leach Hot Springs / Nelson Hot Springs / Guthrie Hot Springs / Pleasant Valley Hot Springs	NV	40.60385	-117.64956	1979	9.6		180	16	115	32	57		2.7	
http://resources.usgin.org/uri-gin/nbmg/thermalspring/NBMG:1692/	Orifice 12 - Leach Hot Springs / Nelson Hot Springs / Guthrie Hot Springs / Pleasant Valley Hot Springs	NV	40.60385	-117.64956	1979										9
http://resources.usgin.org/uri-gin/nbmg/thermalspring/NBMG:1692/	Orifice 13 - Leach Hot Springs / Nelson Hot Springs / Guthrie Hot Springs / Pleasant Valley Hot Springs	NV	40.60385	-117.64956	1983	8.5	0.6	160	12	145	30	53			
http://resources.usgin.org/uri-gin/nbmg/thermalspring/NBMG:1692/	Orifice 13 - Leach Hot Springs / Nelson Hot Springs / Guthrie Hot Springs / Pleasant Valley Hot Springs	NV	40.60385	-117.64956	1983	8.5		160	12	145	30	53		8.5	
http://resources.usgin.org/uri-gin/nbmg/thermalspring/NBMG:1692/	Orifice 13 - Leach Hot Springs / Nelson Hot Springs / Guthrie Hot Springs / Pleasant Valley Hot Springs	NV	40.60385	-117.64956	1983										7.1
http://resources.usgin.org/uri-gin/nbmg/thermalspring/NBMG:1692/	Orifice 12 - Leach Hot Springs / Nelson Hot Springs / Guthrie Hot Springs / Pleasant Valley Hot Springs	NV	40.60385	-117.64956		8.8	0.5	160	13	135	29	53			
http://resources.usgin.org/uri-gin/nbmg/thermalspring/NBMG:1692/	Orifice 12 - Leach Hot Springs / Nelson Hot Springs / Guthrie Hot Springs / Pleasant Valley Hot Springs	NV	40.60385	-117.64956		8.8		160	13	135	29	53	368	7.8	
http://resources.usgin.org/uri-gin/nbmg/thermalspring/NBMG:1692/	Orifice 12 - Leach Hot Springs / Nelson Hot Springs / Guthrie Hot Springs / Pleasant Valley Hot Springs	NV	40.60385	-117.64956											7.4
http://resources.usgin.org/uri-gin/nbmg/thermalspring/NBMG:1692/	Orifice 15 - Leach Hot Springs / Nelson Hot Springs / Guthrie Hot Springs / Pleasant Valley Hot Springs	NV	40.60385	-117.64956		1.5	-8888888				33	52			
http://resources.usgin.org/uri-gin/nbmg/thermalspring/NBMG:1692/	Orifice 15 - Leach Hot Springs / Nelson Hot Springs / Guthrie Hot Springs / Pleasant Valley Hot Springs	NV	40.60385	-117.64956		1.5					33	52	233		
http://resources.usgin.org/uri-gin/nbmg/thermalspring/NBMG:1695/	Hot Spring 17 - Steamboat Hot Springs / Reno Hot Springs / Mount Rose Hot Springs / Radium Hot Springs	NV	39.38324	-119.73435	1957	5.2	1	692	74	319	918				
http://resources.usgin.org/uri-gin/nbmg/thermalspring/NBMG:1695/	Hot Spring 17 - Steamboat Hot Springs / Reno Hot Springs / Mount Rose Hot Springs / Radium Hot Springs	NV	39.38324	-119.73435	1957	5.2		692	74	319	918		282	-9999999	
http://resources.usgin.org/uri-gin/nbmg/thermalspring/NBMG:1695/	Hot Spring 17 - Steamboat Hot Springs / Reno Hot Springs / Mount Rose Hot Springs / Radium Hot Springs	NV	39.38324	-119.73435	1957										7.5
http://resources.usgin.org/uri-gin/nbmg/thermalspring/NBMG:16958/	Hot Springs Well - N Quinn River Crossing	NV	41.75128	-118.5099	1960	28	7.5	30	5.8	39	26	26			
http://resources.usgin.org/uri-gin/nbmg/thermalspring/NBMG:16958/	Hot Springs Well - N Quinn River Crossing	NV	41.75128	-118.5099	1960	28		30	5.8	39	26	26		0.2	
http://resources.usgin.org/uri-gin/nbmg/thermalspring/NBMG:16958/	Hot Springs Well - N Quinn River Crossing	NV	41.75128	-118.5099	1960										7.7
http://resources.usgin.org/uri-gin/nbmg/thermalspring/NBMG:16960/	Cold Well - Fly Ranch Hot Springs / Wards Hot Springs / Hualapai Flat Hot Springs	NV	40.86573	-119.30657	1961	27	10	38	8.8	69	27	20			
http://resources.usgin.org/uri-gin/nbmg/thermalspring/NBMG:16960/	Cold Well - Fly Ranch Hot Springs / Wards Hot Springs / Hualapai Flat Hot Springs	NV	40.86573	-119.30657	1961	27		38	8.8	69	27	20		0.1	
http://resources.usgin.org/uri-gin/nbmg/thermalspring/NBMG:16960/	Cold Well - Fly Ranch Hot Springs / Wards Hot Springs / Hualapai Flat Hot Springs	NV	40.86573	-119.30657	1961										7.9
http://resources.usgin.org/uri-gin/nbmg/thermalspring/NBMG:1704/	S Black Rock Hot Springs	NV	40.95516	-119.00291	1967	36	4	1500	20	120	790	290			
http://resources.usgin.org/uri-gin/nbmg/thermalspring/NBMG:1704/	S Black Rock Hot Springs	NV	40.95516	-119.00291	1967	36		1500	20	120	790	290	932	14	
http://resources.usgin.org/uri-gin/nbmg/thermalspring/NBMG:1704/	S Black Rock Hot Springs	NV	40.95516	-119.00291	1967										8.1
http://resources.usgin.org/uri-gin/nbmg/thermalspring/NBMG:17062/	Cottonwood Spring Well - Flowery Range	NV	39.37714	-119.57962	1974	24	10	22	7		4	14			
http://resources.usgin.org/uri-gin/nbmg/thermalspring/NBMG:17062/	Cottonwood Spring Well - Flowery Range	NV	39.37714	-119.57962	1974	24		22	7		4	14		0.1	
http://resources.usgin.org/uri-gin/nbmg/thermalspring/NBMG:17062/	Cottonwood Spring Well - Flowery Range	NV	39.37714	-119.57962	1974										7.9
http://resources.usgin.org/uri-gin/nbmg/thermalspring/NBMG:17062/	Cottonwood Spring Well - Flowery Range	NV	39.37714	-119.57962	2002	26.4	9.35	21.7	6.04	59	3.47	15.4			
http://resources.usgin.org/uri-gin/nbmg/thermalspring/NBMG:17062/	Cottonwood Spring Well - Flowery Range	NV	39.37714	-119.57962	2002	26.4		21.7	6.04	59	3.47	15.4	166	0.11	
http://resources.usgin.org/uri-gin/nbmg/thermalspring/NBMG:17062/	Cottonwood Spring Well - Flowery Range	NV	39.37714	-119.57962	2002										8.2
http://resources.usgin.org/uri-gin/nbmg/thermalspring/NBMG:1725/	The Geysers - Beowawe Geysers / Beowawe Hot Springs	NV	40.56244	-116.58362	1972	1.2	1.4	257	30	448	50	83			
http://resources.usgin.org/uri-gin/nbmg/thermalspring/NBMG:1725/	The Geysers - Beowawe Geysers / Beowawe Hot Springs	NV	40.56244	-116.58362	1972	1.2		257	30	448	50	83	100	140.02	
http://resources.usgin.org/uri-gin/nbmg/thermalspring/NBMG:1725/	The Geysers - Beowawe Geysers / Beowawe Hot Springs	NV	40.56244	-116.58362	1972										9.8
http://resources.usgin.org/uri-gin/nbmg/thermalspring/NBMG:1725/	The Geysers - Beowawe Geysers / Beowawe Hot Springs	NV	40.56244	-116.58362		-1	-1	241	29	444	44	78			
http://resources.usgin.org/uri-gin/nbmg/thermalspring/NBMG:1725/	The Geysers - Beowawe Geysers / Beowawe Hot Springs	NV	40.56244	-116.58362		-1		241	29	444	44	78	148	13	
http://resources.usgin.org/uri-gin/nbmg/thermalspring/NBMG:1725/	The Geysers - Beowawe Geysers / Beowawe Hot Springs	NV	40.56244	-116.58362											9.5
http://resources.usgin.org/uri-gin/nbmg/thermalspring/NBMG:1726/	Wabuska Hot Springs	NV	39.16022	-119.18299	1958	38	0.2	277	15	115	46	580			
http://resources.usgin.org/uri-gin/nbmg/thermalspring/NBMG:1726/	Wabuska Hot Springs	NV	39.16022	-119.18299	1958	38		277	15	115	46	580	70		
http://resources.usgin.org/uri-gin/nbmg/thermalspring/NBMG:1726/	Wabuska Hot Springs	NV	39.16022	-119.18299	1958										8.5
http://resources.usgin.org/uri-gin/nbmg/thermalspring/NBMG:1726/	Wabuska Hot Springs	NV	39.16022	-119.18299										-0.02	
http://resources.usgin.org/uri-gin/nbmg/thermalspring/NBMG:1733/	Western Geothermal Well Fly Ranch 1 - Fly Ranch Hot Springs / Wards Hot Springs / Hualapai Flat Hot Springs	NV	40.8596	-119.33212	1954	33	4.6	347	17	76	244	187			
http://resources.usgin.org/uri-gin/nbmg/thermalspring/NBMG:1733/	Western Geothermal Well Fly Ranch 1 - Fly Ranch Hot Springs / Wards Hot Springs / Hualapai Flat Hot Springs	NV	40.8596	-119.33212	1954	33		347	17	76	244	187	436		
http://resources.usgin.org/uri-gin/nbmg/thermalspring/NBMG:1733/	Western Geothermal Well Fly Ranch 1 - Fly Ranch Hot Springs / Wards Hot Springs / Hualapai Flat Hot Springs	NV	40.8596	-119.33212	1961	18	4.6	386	16	76	250	205			
http://resources.usgin.org/uri-gin/nbmg/thermalspring/NBMG:1733/	Western Geothermal Well Fly Ranch 1 - Fly Ranch Hot Springs / Wards Hot Springs / Hualapai Flat Hot Springs	NV	40.8596	-119.33212	1961	18		386	16	76	250	205		7.9	
http://resources.usgin.org/uri-gin/nbmg/thermalspring/NBMG:1733/	Western Geothermal Well Fly Ranch 1 - Fly Ranch Hot Springs / Wards Hot Springs / Hualapai Flat Hot Springs	NV	40.8596	-119.33212	1961										9
http://resources.usgin.org/uri-gin/nbmg/thermalspring/NBMG:1733/	Western Geothermal Well Fly Ranch 1 - Fly Ranch Hot Springs / Wards Hot Springs / Hualapai Flat Hot Springs	NV	40.8596	-119.33212		33	4.1	335	14		229	186			
http://resources.usgin.org/uri-gin/nbmg/thermalspring/NBMG:1733/	Western Geothermal Well Fly Ranch 1 - Fly Ranch Hot Springs / Wards Hot Springs / Hualapai Flat Hot Springs	NV	40.8596	-119.33212		33		335	14		229	186	431		
http://resources.usgin.org/uri-gin/nbmg/thermalspring/NBMG:1738/	Orifice 19 - Great Boiling Springs / Gerlach Hot Springs	NV	40.6624	-119.3663	1975	70	1	1420	140	174	2100	370			
http://resources.usgin.org/uri-gin/nbmg/thermalspring/NBMG:1738/	Orifice 19 - Great Boiling Springs / Gerlach Hot Springs	NV	40.6624	-119.3663	1975	70		1420	140	174	2100	370		4.5	
http://resources.usgin.org/uri-gin/nbmg/thermalspring/NBMG:1738/	Orifice 19 - Great Boiling Springs / Gerlach Hot Springs	NV	40.6624	-119.3663	1975										7.4
http://resources.usgin.org/uri-gin/nbmg/thermalspring/NBMG:1738/	Orifice 19 - Great Boiling Springs / Gerlach Hot Springs	NV	40.6624	-119.3663	1980	74	1.2	1500	120	170	2200	380			
http://resources.usgin.org/uri-gin/nbmg/thermalspring/NBMG:1738/	Orifice 19 - Great Boiling Springs / Gerlach Hot Springs	NV	40.6624	-119.3663	1980	74		1500	120	170	2200	380		4.7	
http://resources.usgin.org/uri-gin/nbmg/thermalspring/NBMG:1738/	Orifice 19 - Great Boiling Springs / Gerlach Hot Springs	NV	40.6624	-119.3663	1980										7.2
http://resources.usgin.org/uri-gin/nbmg/thermalspring/NBMG:1738/	Orifice 19 - Great Boiling Springs / Gerlach Hot Springs	NV	40.6624	-119.3663		73	2.2	1440	121	184	2150	386			
http://resources.usgin.org/uri-gin/nbmg/thermalspring/NBMG:1738/	Orifice 19 - Great Boiling Springs / Gerlach Hot Springs	NV	40.6624	-119.3663		73		1440	121	184	2150	386	84		
http://resources.usgin.org/uri-gin/nbmg/thermalspring/NBMG:1738/	Orifice 19 - Great Boiling Springs / Gerlach Hot Springs	NV	40.6624	-119.3663		95	1	1610	140	174	2100				
http://resources.usgin.org/uri-gin/nbmg/thermalspring/NBMG:1738/	Orifice 19 - Great Boiling Springs / Gerlach Hot Springs	NV	40.6624	-119.3663		95		1610	140	174	2100				
http://resources.usgin.org/uri-gin/nbmg/thermalspring/NBMG:1738/	Orifice 19 - Great Boiling Springs / Gerlach Hot Springs	NV	40.6624	-119.3663											7.4
http://resources.usgin.org/uri-gin/nbmg/thermalspring/NBMG:1738/	Orifice 19 - Great Boiling Springs / Gerlach Hot Springs	NV	40.6624	-119.3663											7.7
http://resources.usgin.org/uri-gin/nbmg/thermalspring/NBMG:17414/	Cold Well - Fly Ranch Hot Springs / Wards Hot Springs / Hualapai Flat Hot Springs	NV	40.88188	-119.29801	1961	26	9.7	33	7.1	66	25	20			
http://resources.usgin.org/uri-gin/nbmg/thermalspring/NBMG:17414/	Cold Well - Fly Ranch Hot Springs / Wards Hot Springs / Hualapai Flat Hot Springs	NV	40.88188	-119.29801	1961	26		33	7.1	66	25	20		0.2	
http://resources.usgin.org/uri-gin/nbmg/thermalspring/NBMG:17414/	Cold Well - Fly Ranch Hot Springs / Wards Hot Springs / Hualapai Flat Hot Springs	NV	40.88188	-119.29801	1961										7.7
http://resources.usgin.org/uri-gin/nbmg/thermalspring/NBMG:1749/	Geothermal Well - Darroughs Hot Springs	NV	38.82076	-117.18064	1964	1.6	-9999999	107	2.6	106	14	48			
http://resources.usgin.org/uri-gin/nbmg/thermalspring/NBMG:1749/	Geothermal Well - Darroughs Hot Springs	NV	38.82076	-117.18064	1964	1.6		107	2.6	106	14	48	114	14	
http://resources.usgin.org/uri-gin/nbmg/thermalspring/NBMG:1749/	Geothermal Well - Darroughs Hot Springs	NV	38.82076	-117.18064	1964										9.1
http://resources.usgin.org/uri-gin/nbmg/thermalspring/NBMG:1749/	Geothermal Well - Darroughs Hot Springs	NV	38.82076	-117.18064	1973	9	0.02	111	2.8	105	15	48.9			
http://resources.usgin.org/uri-gin/nbmg/thermalspring/NBMG:1749/	Geothermal Well - Darroughs Hot Springs	NV	38.82076	-117.18064	1973	9		111	2.8	105	15	48.9		15.7	
http://resources.usgin.org/uri-gin/nbmg/thermalspring/NBMG:1749/	Geothermal Well - Darroughs Hot Springs	NV	38.82076	-117.18064	1973										9.3
http://resources.usgin.org/uri-gin/nbmg/thermalspring/NBMG:1755/	Eagle Springs Unit Well 2 (Shell)	NV	38.49354	-115.63677	1974	7	6				68	50			
http://resources.usgin.org/uri-gin/nbmg/thermalspring/NBMG:1755/	Eagle Springs Unit Well 2 (Shell)	NV	38.49354	-115.63677	1974	7					68	50	293	-8888888	
http://resources.usgin.org/uri-gin/nbmg/thermalspring/NBMG:1755/	Eagle Springs Unit Well 2 (Shell)	NV	38.49354	-115.63677	1974										9
http://resources.usgin.org/uri-gin/nbmg/thermalspring/NBMG:176/	Bartholomae Hot Springs / Klobe Hot Springs / Clobe Hot Springs	NV	39.40493	-116.34729	1967	1.5	0.1	66	0.5	74		21			
http://resources.usgin.org/uri-gin/nbmg/thermalspring/NBMG:176/	Bartholomae Hot Springs / Klobe Hot Springs / Clobe Hot Springs	NV	39.40493	-116.34729	1967	1.5		66	0.5	74		21		4.4	
http://resources.usgin.org/uri-gin/nbmg/thermalspring/NBMG:176/	Bartholomae Hot Springs / Klobe Hot Springs / Clobe Hot Springs	NV	39.40493	-116.34729	1967	2.9	0.2	63	0.6	75	5.2	17			
http://resources.usgin.org/uri-gin/nbmg/thermalspring/NBMG:176/	Bartholomae Hot Springs / Klobe Hot Springs / Clobe Hot Springs	NV	39.40493	-116.34729	1967	2.9		63	0.6	75	5.2	17		4.3	
http://resources.usgin.org/uri-gin/nbmg/thermalspring/NBMG:176/	Bartholomae Hot Springs / Klobe Hot Springs / Clobe Hot Springs	NV	39.40493	-116.34729	1967										9.2
http://resources.usgin.org/uri-gin/nbmg/thermalspring/NBMG:176/	Bartholomae Hot Springs / Klobe Hot Springs / Clobe Hot Springs	NV	39.40493	-116.34729	1967										9.2
http://resources.usgin.org/uri-gin/nbmg/thermalspring/NBMG:176/	Bartholomae Hot Springs / Klobe Hot Springs / Clobe Hot Springs	NV	39.40493	-116.34729	1969	1	0.02	70	0.8	80	6	17			
http://resources.usgin.org/uri-gin/nbmg/thermalspring/NBMG:176/	Bartholomae Hot Springs / Klobe Hot Springs / Clobe Hot Springs	NV	39.40493	-116.34729	1969	1		70	0.8	80	6	17	118	4.4	
http://resources.usgin.org/uri-gin/nbmg/thermalspring/NBMG:176/	Bartholomae Hot Springs / Klobe Hot Springs / Clobe Hot Springs	NV	39.40493	-116.34729	1969										9.37
http://resources.usgin.org/uri-gin/nbmg/thermalspring/NBMG:1762/	Hot Well - Steamboat Hot Springs / Reno Hot Springs / Mount Rose Hot Springs / Radium Hot Springs	NV	39.40158	-119.74269		1.4	0	660	68	121	863	130			
http://resources.usgin.org/uri-gin/nbmg/thermalspring/NBMG:1762/	Hot Well - Steamboat Hot Springs / Reno Hot Springs / Mount Rose Hot Springs / Radium Hot Springs	NV	39.40158	-119.74269		1.4		660	68	121	863	130	172	2.5	
http://resources.usgin.org/uri-gin/nbmg/thermalspring/NBMG:1762/	Hot Well - Steamboat Hot Springs / Reno Hot Springs / Mount Rose Hot Springs / Radium Hot Springs	NV	39.40158	-119.74269											8.7
http://resources.usgin.org/uri-gin/nbmg/thermalspring/NBMG:1768/	Geothermal Well - Steamboat Hot Springs / Reno Hot Springs / Mount Rose Hot Springs / Radium Hot Springs	NV	39.38824	-119.74435		36	5				308	82			
http://resources.usgin.org/uri-gin/nbmg/thermalspring/NBMG:1768/	Geothermal Well - Steamboat Hot Springs / Reno Hot Springs / Mount Rose Hot Springs / Radium Hot Springs	NV	39.38824	-119.74435		36					308	82	339		
http://resources.usgin.org/uri-gin/nbmg/thermalspring/NBMG:17810/	Double Hot Springs Well	NV	41.03712	-119.0199	1980	2	-0.04	260	7.2	12	140	140			
http://resources.usgin.org/uri-gin/nbmg/thermalspring/NBMG:17810/	Double Hot Springs Well	NV	41.03712	-119.0199	1980	2		260	7.2	12	140	140		90.1	
http://resources.usgin.org/uri-gin/nbmg/thermalspring/NBMG:17810/	Double Hot Springs Well	NV	41.03712	-119.0199	1980										9.3
http://resources.usgin.org/uri-gin/nbmg/thermalspring/NBMG:179/	Hot Spring - Hot Springs Point	NV	40.40992	-116.52092	1972	53	35	230	58	67	1	7			
http://resources.usgin.org/uri-gin/nbmg/thermalspring/NBMG:179/	Hot Spring - Hot Springs Point	NV	40.40992	-116.52092	1972	53		230	58	67	1	7	912.85	6.6	
http://resources.usgin.org/uri-gin/nbmg/thermalspring/NBMG:179/	Hot Spring - Hot Springs Point	NV	40.40992	-116.52092	1972										6.63
http://resources.usgin.org/uri-gin/nbmg/thermalspring/NBMG:180/	N Shipley Hot Spring / N Sadler Hot Spring	NV	39.94399	-116.07389	1969	41	19.2	33	6.4	35	19	34			
http://resources.usgin.org/uri-gin/nbmg/thermalspring/NBMG:180/	N Shipley Hot Spring / N Sadler Hot Spring	NV	39.94399	-116.07389	1969	41		33	6.4	35	19	34	265	0.4	
http://resources.usgin.org/uri-gin/nbmg/thermalspring/NBMG:180/	N Shipley Hot Spring / N Sadler Hot Spring	NV	39.94399	-116.07389	1969										7.65
http://resources.usgin.org/uri-gin/nbmg/thermalspring/NBMG:180/	N Shipley Hot Spring / N Sadler Hot Spring	NV	39.94399	-116.07389	1981	54	18	30	6.1	36	15	35			
http://resources.usgin.org/uri-gin/nbmg/thermalspring/NBMG:180/	N Shipley Hot Spring / N Sadler Hot Spring	NV	39.94399	-116.07389	1981	54		30	6.1	36	15	35		0.4	
http://resources.usgin.org/uri-gin/nbmg/thermalspring/NBMG:180/	N Shipley Hot Spring / N Sadler Hot Spring	NV	39.94399	-116.07389	1981										6.7
http://resources.usgin.org/uri-gin/nbmg/thermalspring/NBMG:180/	N Shipley Hot Spring / N Sadler Hot Spring	NV	39.94399	-116.07389	2003	54.7	19.5	21.3	7	40.0059887488428	25.1	39.7			
http://resources.usgin.org/uri-gin/nbmg/thermalspring/NBMG:180/	N Shipley Hot Spring / N Sadler Hot Spring	NV	39.94399	-116.07389	2003	54.7		21.3	7	40.0059887488428	25.1	39.7	226	0.3	
http://resources.usgin.org/uri-gin/nbmg/thermalspring/NBMG:180/	N Shipley Hot Spring / N Sadler Hot Spring	NV	39.94399	-116.07389	2003										7.13
http://resources.usgin.org/uri-gin/nbmg/thermalspring/NBMG:1802/	Hot Spring 50 - Steamboat Hot Springs / Reno Hot Springs / Mount Rose Hot Springs / Radium Hot Springs	NV	39.38324	-119.73435	1967	17	1.9	649	46	218	820	137			
http://resources.usgin.org/uri-gin/nbmg/thermalspring/NBMG:1802/	Hot Spring 50 - Steamboat Hot Springs / Reno Hot Springs / Mount Rose Hot Springs / Radium Hot Springs	NV	39.38324	-119.73435	1967	17		649	46	218	820	137	330	2.2	
http://resources.usgin.org/uri-gin/nbmg/thermalspring/NBMG:1802/	Hot Spring 50 - Steamboat Hot Springs / Reno Hot Springs / Mount Rose Hot Springs / Radium Hot Springs	NV	39.38324	-119.73435	1967										6.3
http://resources.usgin.org/uri-gin/nbmg/thermalspring/NBMG:1802/	Hot Spring 50 - Steamboat Hot Springs / Reno Hot Springs / Mount Rose Hot Springs / Radium Hot Springs	NV	39.38324	-119.73435	1971	16	1	637	61	220	824	107			
http://resources.usgin.org/uri-gin/nbmg/thermalspring/NBMG:1802/	Hot Spring 50 - Steamboat Hot Springs / Reno Hot Springs / Mount Rose Hot Springs / Radium Hot Springs	NV	39.38324	-119.73435	1971	16		637	61	220	824	107	314	1.9	
http://resources.usgin.org/uri-gin/nbmg/thermalspring/NBMG:1802/	Hot Spring 50 - Steamboat Hot Springs / Reno Hot Springs / Mount Rose Hot Springs / Radium Hot Springs	NV	39.38324	-119.73435	1971										6.1
http://resources.usgin.org/uri-gin/nbmg/thermalspring/NBMG:1802/	Hot Spring 50 - Steamboat Hot Springs / Reno Hot Springs / Mount Rose Hot Springs / Radium Hot Springs	NV	39.38324	-119.73435	1976			614	54		720	127			
http://resources.usgin.org/uri-gin/nbmg/thermalspring/NBMG:1802/	Hot Spring 50 - Steamboat Hot Springs / Reno Hot Springs / Mount Rose Hot Springs / Radium Hot Springs	NV	39.38324	-119.73435	1976			614	54		720	127			
http://resources.usgin.org/uri-gin/nbmg/thermalspring/NBMG:1802/	Hot Spring 50 - Steamboat Hot Springs / Reno Hot Springs / Mount Rose Hot Springs / Radium Hot Springs	NV	39.38324	-119.73435	1976										6.2
http://resources.usgin.org/uri-gin/nbmg/thermalspring/NBMG:1802/	Hot Spring 50 - Steamboat Hot Springs / Reno Hot Springs / Mount Rose Hot Springs / Radium Hot Springs	NV	39.38324	-119.73435	1977	24	0.061	570	62	182	773	117			
http://resources.usgin.org/uri-gin/nbmg/thermalspring/NBMG:1802/	Hot Spring 50 - Steamboat Hot Springs / Reno Hot Springs / Mount Rose Hot Springs / Radium Hot Springs	NV	39.38324	-119.73435	1977	24		570	62	182	773	117	412	1.9	
http://resources.usgin.org/uri-gin/nbmg/thermalspring/NBMG:1802/	Hot Spring 50 - Steamboat Hot Springs / Reno Hot Springs / Mount Rose Hot Springs / Radium Hot Springs	NV	39.38324	-119.73435	1977				58		773				
http://resources.usgin.org/uri-gin/nbmg/thermalspring/NBMG:1802/	Hot Spring 50 - Steamboat Hot Springs / Reno Hot Springs / Mount Rose Hot Springs / Radium Hot Springs	NV	39.38324	-119.73435	1977				58		773				
http://resources.usgin.org/uri-gin/nbmg/thermalspring/NBMG:1802/	Hot Spring 50 - Steamboat Hot Springs / Reno Hot Springs / Mount Rose Hot Springs / Radium Hot Springs	NV	39.38324	-119.73435	1977										5.7
http://resources.usgin.org/uri-gin/nbmg/thermalspring/NBMG:1802/	Hot Spring 50 - Steamboat Hot Springs / Reno Hot Springs / Mount Rose Hot Springs / Radium Hot Springs	NV	39.38324	-119.73435	1977										5.9
http://resources.usgin.org/uri-gin/nbmg/thermalspring/NBMG:1803/	Hot Spring 5 - Steamboat Hot Springs / Reno Hot Springs / Mount Rose Hot Springs / Radium Hot Springs	NV	39.38324	-119.73435	1963			699	81		920	113			
http://resources.usgin.org/uri-gin/nbmg/thermalspring/NBMG:1803/	Hot Spring 5 - Steamboat Hot Springs / Reno Hot Springs / Mount Rose Hot Springs / Radium Hot Springs	NV	39.38324	-119.73435	1963			699	81		920	113			
http://resources.usgin.org/uri-gin/nbmg/thermalspring/NBMG:1803/	Hot Spring 5 - Steamboat Hot Springs / Reno Hot Springs / Mount Rose Hot Springs / Radium Hot Springs	NV	39.38324	-119.73435	1963										7.6
http://resources.usgin.org/uri-gin/nbmg/thermalspring/NBMG:1803/	Hot Spring 5 - Steamboat Hot Springs / Reno Hot Springs / Mount Rose Hot Springs / Radium Hot Springs	NV	39.38324	-119.73435	1977	8.6	0.021	645	86	279	896	118			
http://resources.usgin.org/uri-gin/nbmg/thermalspring/NBMG:1803/	Hot Spring 5 - Steamboat Hot Springs / Reno Hot Springs / Mount Rose Hot Springs / Radium Hot Springs	NV	39.38324	-119.73435	1977	8.6		645	86	279	896	118	412	2.5	
http://resources.usgin.org/uri-gin/nbmg/thermalspring/NBMG:1803/	Hot Spring 5 - Steamboat Hot Springs / Reno Hot Springs / Mount Rose Hot Springs / Radium Hot Springs	NV	39.38324	-119.73435	1977										7.7
http://resources.usgin.org/uri-gin/nbmg/thermalspring/NBMG:1804/	Hot Spring 7 - Steamboat Hot Springs / Reno Hot Springs / Mount Rose Hot Springs / Radium Hot Springs	NV	39.38324	-119.73435	1976			681	64		898	121			
http://resources.usgin.org/uri-gin/nbmg/thermalspring/NBMG:1804/	Hot Spring 7 - Steamboat Hot Springs / Reno Hot Springs / Mount Rose Hot Springs / Radium Hot Springs	NV	39.38324	-119.73435	1976			681	64		898	121			
http://resources.usgin.org/uri-gin/nbmg/thermalspring/NBMG:1804/	Hot Spring 7 - Steamboat Hot Springs / Reno Hot Springs / Mount Rose Hot Springs / Radium Hot Springs	NV	39.38324	-119.73435	1976										7.2
http://resources.usgin.org/uri-gin/nbmg/thermalspring/NBMG:1805/	Hot Spring 8 - Steamboat Hot Springs / Reno Hot Springs / Mount Rose Hot Springs / Radium Hot Springs 	NV	39.38324	-119.73435	1967	5	0.8	653	71	293	865	100			
http://resources.usgin.org/uri-gin/nbmg/thermalspring/NBMG:1805/	Hot Spring 8 - Steamboat Hot Springs / Reno Hot Springs / Mount Rose Hot Springs / Radium Hot Springs 	NV	39.38324	-119.73435	1967	5		653	71	293	865	100	305	1.8	
http://resources.usgin.org/uri-gin/nbmg/thermalspring/NBMG:1805/	Hot Spring 8 - Steamboat Hot Springs / Reno Hot Springs / Mount Rose Hot Springs / Radium Hot Springs 	NV	39.38324	-119.73435	1967										7.9
http://resources.usgin.org/uri-gin/nbmg/thermalspring/NBMG:1805/	Hot Spring 8 - Steamboat Hot Springs / Reno Hot Springs / Mount Rose Hot Springs / Radium Hot Springs	NV	39.38324	-119.73435	1977	25	0.7	12.5	3.5	47	2.9	1.1			
http://resources.usgin.org/uri-gin/nbmg/thermalspring/NBMG:1805/	Hot Spring 8 - Steamboat Hot Springs / Reno Hot Springs / Mount Rose Hot Springs / Radium Hot Springs	NV	39.38324	-119.73435	1977	25		12.5	3.5	47	2.9	1.1	235	0.05	
http://resources.usgin.org/uri-gin/nbmg/thermalspring/NBMG:1805/	Hot Spring 8 - Steamboat Hot Springs / Reno Hot Springs / Mount Rose Hot Springs / Radium Hot Springs	NV	39.38324	-119.73435	1977	5.6	0.012	645	74	254	864	145			
http://resources.usgin.org/uri-gin/nbmg/thermalspring/NBMG:1805/	Hot Spring 8 - Steamboat Hot Springs / Reno Hot Springs / Mount Rose Hot Springs / Radium Hot Springs	NV	39.38324	-119.73435	1977	5.6		645	74	254	864	145	321	2.1	
http://resources.usgin.org/uri-gin/nbmg/thermalspring/NBMG:1805/	Hot Spring 8 - Steamboat Hot Springs / Reno Hot Springs / Mount Rose Hot Springs / Radium Hot Springs	NV	39.38324	-119.73435	1977	7.9	0.011	635	77	252	835	107			
http://resources.usgin.org/uri-gin/nbmg/thermalspring/NBMG:1805/	Hot Spring 8 - Steamboat Hot Springs / Reno Hot Springs / Mount Rose Hot Springs / Radium Hot Springs	NV	39.38324	-119.73435	1977	7.9		635	77	252	835	107	410	2.2	
http://resources.usgin.org/uri-gin/nbmg/thermalspring/NBMG:1805/	Hot Spring 8 - Steamboat Hot Springs / Reno Hot Springs / Mount Rose Hot Springs / Radium Hot Springs	NV	39.38324	-119.73435	1977			605	75		857				
http://resources.usgin.org/uri-gin/nbmg/thermalspring/NBMG:1805/	Hot Spring 8 - Steamboat Hot Springs / Reno Hot Springs / Mount Rose Hot Springs / Radium Hot Springs	NV	39.38324	-119.73435	1977			605	75		857				
http://resources.usgin.org/uri-gin/nbmg/thermalspring/NBMG:1805/	Hot Spring 8 - Steamboat Hot Springs / Reno Hot Springs / Mount Rose Hot Springs / Radium Hot Springs	NV	39.38324	-119.73435	1977			635	81	257	859				
http://resources.usgin.org/uri-gin/nbmg/thermalspring/NBMG:1805/	Hot Spring 8 - Steamboat Hot Springs / Reno Hot Springs / Mount Rose Hot Springs / Radium Hot Springs	NV	39.38324	-119.73435	1977			635	81	257	859				
http://resources.usgin.org/uri-gin/nbmg/thermalspring/NBMG:1805/	Hot Spring 8 - Steamboat Hot Springs / Reno Hot Springs / Mount Rose Hot Springs / Radium Hot Springs	NV	39.38324	-119.73435	1977										6.2
http://resources.usgin.org/uri-gin/nbmg/thermalspring/NBMG:1805/	Hot Spring 8 - Steamboat Hot Springs / Reno Hot Springs / Mount Rose Hot Springs / Radium Hot Springs	NV	39.38324	-119.73435	1977										6.3
http://resources.usgin.org/uri-gin/nbmg/thermalspring/NBMG:1805/	Hot Spring 8 - Steamboat Hot Springs / Reno Hot Springs / Mount Rose Hot Springs / Radium Hot Springs	NV	39.38324	-119.73435	1977										7.4
http://resources.usgin.org/uri-gin/nbmg/thermalspring/NBMG:1805/	Hot Spring 8 - Steamboat Hot Springs / Reno Hot Springs / Mount Rose Hot Springs / Radium Hot Springs	NV	39.38324	-119.73435	1977										7.6
http://resources.usgin.org/uri-gin/nbmg/thermalspring/NBMG:1805/	Hot Spring 8 - Steamboat Hot Springs / Reno Hot Springs / Mount Rose Hot Springs / Radium Hot Springs	NV	39.38324	-119.73435	1977										7.9
http://resources.usgin.org/uri-gin/nbmg/thermalspring/NBMG:18060/	Warm Well - Fly Ranch Hot Springs / Wards Hot Springs / Hualapai Flat Hot Springs	NV	40.88975	-119.33328	1967	39	14	53	13	35	48	62			
http://resources.usgin.org/uri-gin/nbmg/thermalspring/NBMG:18060/	Warm Well - Fly Ranch Hot Springs / Wards Hot Springs / Hualapai Flat Hot Springs	NV	40.88975	-119.33328	1967	39		53	13	35	48	62			
http://resources.usgin.org/uri-gin/nbmg/thermalspring/NBMG:18060/	Warm Well - Fly Ranch Hot Springs / Wards Hot Springs / Hualapai Flat Hot Springs	NV	40.88975	-119.33328	1967										8.2
http://resources.usgin.org/uri-gin/nbmg/thermalspring/NBMG:1808/	Mud Volcano 1	NV	39.7874	-119.01875	1974	117	1.5	1170	91	169	1510	694			
http://resources.usgin.org/uri-gin/nbmg/thermalspring/NBMG:1808/	Mud Volcano 1	NV	39.7874	-119.01875	1974	117		1170	91	169	1510	694	269	-9999999	
http://resources.usgin.org/uri-gin/nbmg/thermalspring/NBMG:1808/	Mud Volcano 1	NV	39.7874	-119.01875	1974										7.3
http://resources.usgin.org/uri-gin/nbmg/thermalspring/NBMG:181/	Walti Hot Springs Pool	NV	39.89991	-116.58402	1960	60	13	48	15	75	13	62			
http://resources.usgin.org/uri-gin/nbmg/thermalspring/NBMG:181/	Walti Hot Springs Pool	NV	39.89991	-116.58402	1960	60		48	15	75	13	62	282	2.4	
http://resources.usgin.org/uri-gin/nbmg/thermalspring/NBMG:181/	Walti Hot Springs Pool	NV	39.89991	-116.58402	1960										6.9
http://resources.usgin.org/uri-gin/nbmg/thermalspring/NBMG:181/	Walti Hot Springs Pool	NV	39.89991	-116.58402	1972	56	12	44	14	68	12	64			
http://resources.usgin.org/uri-gin/nbmg/thermalspring/NBMG:181/	Walti Hot Springs Pool	NV	39.89991	-116.58402	1972	56		44	14	68	12	64	264.51	2.5	
http://resources.usgin.org/uri-gin/nbmg/thermalspring/NBMG:181/	Walti Hot Springs Pool	NV	39.89991	-116.58402	1972										6.47
http://resources.usgin.org/uri-gin/nbmg/thermalspring/NBMG:18113/	Hobo Hot Springs Well	NV	39.07324	-119.78129	1996	6.1	1.4	79	1.4	41	29	74			
http://resources.usgin.org/uri-gin/nbmg/thermalspring/NBMG:18113/	Hobo Hot Springs Well	NV	39.07324	-119.78129	1996	6.1		79	1.4	41	29	74	78	3.3	
http://resources.usgin.org/uri-gin/nbmg/thermalspring/NBMG:18113/	Hobo Hot Springs Well	NV	39.07324	-119.78129	1996										7.9
http://resources.usgin.org/uri-gin/nbmg/thermalspring/NBMG:1815/	Hot Spring - Steamboat Hot Springs / Reno Hot Springs / Mount Rose Hot Springs / Radium Hot Springs 	NV	39.38324	-119.73435	1966	45	18	24	5.9	65	4.5	15			
http://resources.usgin.org/uri-gin/nbmg/thermalspring/NBMG:1815/	Hot Spring - Steamboat Hot Springs / Reno Hot Springs / Mount Rose Hot Springs / Radium Hot Springs 	NV	39.38324	-119.73435	1966	45		24	5.9	65	4.5	15	250		
http://resources.usgin.org/uri-gin/nbmg/thermalspring/NBMG:1815/	Hot Spring - Steamboat Hot Springs / Reno Hot Springs / Mount Rose Hot Springs / Radium Hot Springs 	NV	39.38324	-119.73435	1966										6.9
http://resources.usgin.org/uri-gin/nbmg/thermalspring/NBMG:1818/	Steamboat Creek 	NV	39.37824	-119.72935							166				
http://resources.usgin.org/uri-gin/nbmg/thermalspring/NBMG:1818/	Steamboat Creek 	NV	39.37824	-119.72935							166				
http://resources.usgin.org/uri-gin/nbmg/thermalspring/NBMG:1819/	Small Geyser - Steamboat Hot Springs / Reno Hot Springs / Mount Rose Hot Springs / Radium Hot Springs	NV	39.38324	-119.73435	1974	6	-8888888	741	91	271	922	138			
http://resources.usgin.org/uri-gin/nbmg/thermalspring/NBMG:1819/	Small Geyser - Steamboat Hot Springs / Reno Hot Springs / Mount Rose Hot Springs / Radium Hot Springs	NV	39.38324	-119.73435	1974	6		741	91	271	922	138	365	-88888	
http://resources.usgin.org/uri-gin/nbmg/thermalspring/NBMG:1819/	Small Geyser - Steamboat Hot Springs / Reno Hot Springs / Mount Rose Hot Springs / Radium Hot Springs	NV	39.38324	-119.73435	1974										7.9
http://resources.usgin.org/uri-gin/nbmg/thermalspring/NBMG:1823/	Hot Spring 9 - Steamboat Hot Springs / Reno Hot Springs / Mount Rose Hot Springs / Radium Hot Springs	NV	39.38324	-119.73435				635	71		846	131			
http://resources.usgin.org/uri-gin/nbmg/thermalspring/NBMG:1823/	Hot Spring 9 - Steamboat Hot Springs / Reno Hot Springs / Mount Rose Hot Springs / Radium Hot Springs	NV	39.38324	-119.73435				635	71		846	131			
http://resources.usgin.org/uri-gin/nbmg/thermalspring/NBMG:1823/	Hot Spring 9 - Steamboat Hot Springs / Reno Hot Springs / Mount Rose Hot Springs / Radium Hot Springs	NV	39.38324	-119.73435											6.3
http://resources.usgin.org/uri-gin/nbmg/thermalspring/NBMG:18231/	Cold Well - Fly Ranch Hot Springs / Wards Hot Springs / Hualapai Flat Hot Springs	NV	40.91912	-119.32377	1961	25	9	32	4.7	61	23	16			
http://resources.usgin.org/uri-gin/nbmg/thermalspring/NBMG:18231/	Cold Well - Fly Ranch Hot Springs / Wards Hot Springs / Hualapai Flat Hot Springs	NV	40.91912	-119.32377	1961	25		32	4.7	61	23	16		0.2	
http://resources.usgin.org/uri-gin/nbmg/thermalspring/NBMG:18231/	Cold Well - Fly Ranch Hot Springs / Wards Hot Springs / Hualapai Flat Hot Springs	NV	40.91912	-119.32377	1961										7.8
http://resources.usgin.org/uri-gin/nbmg/thermalspring/NBMG:1827/	Reeves Spring	NV	39.3702	-119.71789	1979	59	16	33	7.2	60	6.3	74			
http://resources.usgin.org/uri-gin/nbmg/thermalspring/NBMG:1827/	Reeves Spring	NV	39.3702	-119.71789	1979	59		33	7.2	60	6.3	74	257	0.3	
http://resources.usgin.org/uri-gin/nbmg/thermalspring/NBMG:1827/	Reeves Spring	NV	39.3702	-119.71789	1979										8
http://resources.usgin.org/uri-gin/nbmg/thermalspring/NBMG:1827/	Reeves Spring	NV	39.3702	-119.71789							6				
http://resources.usgin.org/uri-gin/nbmg/thermalspring/NBMG:1827/	Reeves Spring	NV	39.3702	-119.71789							6				
http://resources.usgin.org/uri-gin/nbmg/thermalspring/NBMG:1827/	Reeves Spring	NV	39.3702	-119.71789							7				
http://resources.usgin.org/uri-gin/nbmg/thermalspring/NBMG:1827/	Reeves Spring	NV	39.3702	-119.71789							7				
http://resources.usgin.org/uri-gin/nbmg/thermalspring/NBMG:1827/	Reeves Spring	NV	39.3702	-119.71789							7				
http://resources.usgin.org/uri-gin/nbmg/thermalspring/NBMG:1827/	Reeves Spring	NV	39.3702	-119.71789							7				
http://resources.usgin.org/uri-gin/nbmg/thermalspring/NBMG:1827/	Reeves Spring	NV	39.3702	-119.71789											7.1
http://resources.usgin.org/uri-gin/nbmg/thermalspring/NBMG:1827/	Reeves Spring	NV	39.3702	-119.71789											7.3
http://resources.usgin.org/uri-gin/nbmg/thermalspring/NBMG:1827/	Reeves Spring	NV	39.3702	-119.71789											7.74
http://resources.usgin.org/uri-gin/nbmg/thermalspring/NBMG:1828/	Bailey Creek Spring	NV	39.31678	-119.69854	1979	339	164	119	5	95	22	2260			
http://resources.usgin.org/uri-gin/nbmg/thermalspring/NBMG:1828/	Bailey Creek Spring	NV	39.31678	-119.69854	1979	339		119	5	95	22	2260		14	
http://resources.usgin.org/uri-gin/nbmg/thermalspring/NBMG:1828/	Bailey Creek Spring	NV	39.31678	-119.69854	1979										3.1
http://resources.usgin.org/uri-gin/nbmg/thermalspring/NBMG:1829/	Bailey Canyon Spring	NV	39.31673	-119.69748		101	26	31	2.6	35	6.4	191			
http://resources.usgin.org/uri-gin/nbmg/thermalspring/NBMG:1829/	Bailey Canyon Spring	NV	39.31673	-119.69748		101		31	2.6	35	6.4	191	286	-9999999	
http://resources.usgin.org/uri-gin/nbmg/thermalspring/NBMG:1829/	Bailey Canyon Spring	NV	39.31673	-119.69748											8
http://resources.usgin.org/uri-gin/nbmg/thermalspring/NBMG:18298/	Silver Springs Water Well	NV	39.4004	-119.23507	1989	59	17	53	7.9	62	44	150			
http://resources.usgin.org/uri-gin/nbmg/thermalspring/NBMG:18298/	Silver Springs Water Well	NV	39.4004	-119.23507	1989	59		53	7.9	62	44	150	130	0.1	
http://resources.usgin.org/uri-gin/nbmg/thermalspring/NBMG:18298/	Silver Springs Water Well	NV	39.4004	-119.23507	1989										7.6
http://resources.usgin.org/uri-gin/nbmg/thermalspring/NBMG:183/	Baltazor Hot Springs / Baltazar Hot Springs / Continental Hot Springs	NV	41.92007	-118.70968	1972			165	0.23				139	0.01	
http://resources.usgin.org/uri-gin/nbmg/thermalspring/NBMG:183/	Baltazor Hot Springs / Baltazar Hot Springs / Continental Hot Springs	NV	41.92007	-118.70968	1972			165	0.23						
http://resources.usgin.org/uri-gin/nbmg/thermalspring/NBMG:183/	Baltazor Hot Springs / Baltazar Hot Springs / Continental Hot Springs	NV	41.92007	-118.70968	1972										8
http://resources.usgin.org/uri-gin/nbmg/thermalspring/NBMG:1839/	Hot Spring 24 - Steamboat Hot Springs / Reno Hot Springs / Mount Rose Hot Springs / Radium Hot Springs	NV	39.38324	-119.73435	1952			655	71		902	169			
http://resources.usgin.org/uri-gin/nbmg/thermalspring/NBMG:1839/	Hot Spring 24 - Steamboat Hot Springs / Reno Hot Springs / Mount Rose Hot Springs / Radium Hot Springs	NV	39.38324	-119.73435	1952			655	71		902	169			
http://resources.usgin.org/uri-gin/nbmg/thermalspring/NBMG:1839/	Hot Spring 24 - Steamboat Hot Springs / Reno Hot Springs / Mount Rose Hot Springs / Radium Hot Springs	NV	39.38324	-119.73435	1979			680	75		936	136			
http://resources.usgin.org/uri-gin/nbmg/thermalspring/NBMG:1839/	Hot Spring 24 - Steamboat Hot Springs / Reno Hot Springs / Mount Rose Hot Springs / Radium Hot Springs	NV	39.38324	-119.73435	1979			680	75		936	136			
http://resources.usgin.org/uri-gin/nbmg/thermalspring/NBMG:1839/	Hot Spring 24 - Steamboat Hot Springs / Reno Hot Springs / Mount Rose Hot Springs / Radium Hot Springs	NV	39.38324	-119.73435	1979										7.5
http://resources.usgin.org/uri-gin/nbmg/thermalspring/NBMG:184/	Hot Spring - Bog Hot Springs	NV	41.92435	-118.80551	1972	0.2	-0.1	81	1	57	15	45			
http://resources.usgin.org/uri-gin/nbmg/thermalspring/NBMG:184/	Hot Spring - Bog Hot Springs	NV	41.92435	-118.80551	1972	0.2		81	1	57	15	45	103	1.7	
http://resources.usgin.org/uri-gin/nbmg/thermalspring/NBMG:184/	Hot Spring - Bog Hot Springs	NV	41.92435	-118.80551	1972										9.05
http://resources.usgin.org/uri-gin/nbmg/thermalspring/NBMG:184/	Hot Spring - Bog Hot Springs	NV	41.92435	-118.80551		0.14	0.02	89	1.5	60	30	47			
http://resources.usgin.org/uri-gin/nbmg/thermalspring/NBMG:184/	Hot Spring - Bog Hot Springs	NV	41.92435	-118.80551		0.14		89	1.5	60	30	47	80	2.1	
http://resources.usgin.org/uri-gin/nbmg/thermalspring/NBMG:184/	Hot Spring - Bog Hot Springs	NV	41.92435	-118.80551											9
http://resources.usgin.org/uri-gin/nbmg/thermalspring/NBMG:1841/	Hot Spring 32 - Steamboat Hot Springs / Reno Hot Springs / Mount Rose Hot Springs / Radium Hot Springs	NV	39.38324	-119.73435	2006			665	63		904	116			
http://resources.usgin.org/uri-gin/nbmg/thermalspring/NBMG:1841/	Hot Spring 32 - Steamboat Hot Springs / Reno Hot Springs / Mount Rose Hot Springs / Radium Hot Springs	NV	39.38324	-119.73435	2006			665	63		904	116			
http://resources.usgin.org/uri-gin/nbmg/thermalspring/NBMG:1841/	Hot Spring 32 - Steamboat Hot Springs / Reno Hot Springs / Mount Rose Hot Springs / Radium Hot Springs	NV	39.38324	-119.73435	2006			672	68		892	106			
http://resources.usgin.org/uri-gin/nbmg/thermalspring/NBMG:1841/	Hot Spring 32 - Steamboat Hot Springs / Reno Hot Springs / Mount Rose Hot Springs / Radium Hot Springs	NV	39.38324	-119.73435	2006			672	68		892	106			
http://resources.usgin.org/uri-gin/nbmg/thermalspring/NBMG:1841/	Hot Spring 32 - Steamboat Hot Springs / Reno Hot Springs / Mount Rose Hot Springs / Radium Hot Springs	NV	39.38324	-119.73435	2006										7.2
http://resources.usgin.org/uri-gin/nbmg/thermalspring/NBMG:1841/	Hot Spring 32 - Steamboat Hot Springs / Reno Hot Springs / Mount Rose Hot Springs / Radium Hot Springs	NV	39.38324	-119.73435	2006										7.6
http://resources.usgin.org/uri-gin/nbmg/thermalspring/NBMG:1842/	Hot Spring 49 - Steamboat Hot Springs / Reno Hot Springs / Mount Rose Hot Springs / Radium Hot Springs	NV	39.38324	-119.73435				558	51		672	90			
http://resources.usgin.org/uri-gin/nbmg/thermalspring/NBMG:1842/	Hot Spring 49 - Steamboat Hot Springs / Reno Hot Springs / Mount Rose Hot Springs / Radium Hot Springs	NV	39.38324	-119.73435				558	51		672	90			
http://resources.usgin.org/uri-gin/nbmg/thermalspring/NBMG:1842/	Hot Spring 49 - Steamboat Hot Springs / Reno Hot Springs / Mount Rose Hot Springs / Radium Hot Springs	NV	39.38324	-119.73435											8.8
http://resources.usgin.org/uri-gin/nbmg/thermalspring/NBMG:1846/	Hot Spring 12 - Steamboat Hot Springs / Reno Hot Springs / Mount Rose Hot Springs / Radium Hot Springs	NV	39.38324	-119.73435				716	82		944	121			
http://resources.usgin.org/uri-gin/nbmg/thermalspring/NBMG:1846/	Hot Spring 12 - Steamboat Hot Springs / Reno Hot Springs / Mount Rose Hot Springs / Radium Hot Springs	NV	39.38324	-119.73435				716	82		944	121			
http://resources.usgin.org/uri-gin/nbmg/thermalspring/NBMG:1846/	Hot Spring 12 - Steamboat Hot Springs / Reno Hot Springs / Mount Rose Hot Springs / Radium Hot Springs	NV	39.38324	-119.73435											7.8
http://resources.usgin.org/uri-gin/nbmg/thermalspring/NBMG:18468/	CNLV West Tank	NV	36.18997	-115.14028	1982	31.4	27.2	5.6	2.3	12.3	13	36			
http://resources.usgin.org/uri-gin/nbmg/thermalspring/NBMG:18468/	CNLV West Tank	NV	36.18997	-115.14028	1982	31.4		5.6	2.3	12.3	13	36		0.22	
http://resources.usgin.org/uri-gin/nbmg/thermalspring/NBMG:18468/	CNLV West Tank	NV	36.18997	-115.14028	1982	47	26	6	2	15	9	39			
http://resources.usgin.org/uri-gin/nbmg/thermalspring/NBMG:18468/	CNLV West Tank	NV	36.18997	-115.14028	1982	47		6	2	15	9	39		0.28	
http://resources.usgin.org/uri-gin/nbmg/thermalspring/NBMG:18468/	CNLV West Tank	NV	36.18997	-115.14028	1982										7.2
http://resources.usgin.org/uri-gin/nbmg/thermalspring/NBMG:18468/	CNLV West Tank	NV	36.18997	-115.14028	1982										7.6
http://resources.usgin.org/uri-gin/nbmg/thermalspring/NBMG:1847/	Hot Spring 14 - Steamboat Hot Springs / Reno Hot Springs / Mount Rose Hot Springs / Radium Hot Springs	NV	39.38324	-119.73435	1966	11	-9999999	644	73	105	844				
http://resources.usgin.org/uri-gin/nbmg/thermalspring/NBMG:1847/	Hot Spring 14 - Steamboat Hot Springs / Reno Hot Springs / Mount Rose Hot Springs / Radium Hot Springs	NV	39.38324	-119.73435	1966	11		644	73	105	844		225	1.9	
http://resources.usgin.org/uri-gin/nbmg/thermalspring/NBMG:1847/	Hot Spring 14 - Steamboat Hot Springs / Reno Hot Springs / Mount Rose Hot Springs / Radium Hot Springs	NV	39.38324	-119.73435	1966										6.5
http://resources.usgin.org/uri-gin/nbmg/thermalspring/NBMG:1847/	Hot Spring 14 - Steamboat Hot Springs / Reno Hot Springs / Mount Rose Hot Springs / Radium Hot Springs	NV	39.38324	-119.73435	1976	19	6.4	30	4	192	36	267			
http://resources.usgin.org/uri-gin/nbmg/thermalspring/NBMG:1847/	Hot Spring 14 - Steamboat Hot Springs / Reno Hot Springs / Mount Rose Hot Springs / Radium Hot Springs	NV	39.38324	-119.73435	1976	19		30	4	192	36	267		0.16	
http://resources.usgin.org/uri-gin/nbmg/thermalspring/NBMG:1847/	Hot Spring 14 - Steamboat Hot Springs / Reno Hot Springs / Mount Rose Hot Springs / Radium Hot Springs	NV	39.38324	-119.73435	1976			5.9	1.5		4	126		0.1	
http://resources.usgin.org/uri-gin/nbmg/thermalspring/NBMG:1847/	Hot Spring 14 - Steamboat Hot Springs / Reno Hot Springs / Mount Rose Hot Springs / Radium Hot Springs	NV	39.38324	-119.73435	1976			5.9	1.5		4	126			
http://resources.usgin.org/uri-gin/nbmg/thermalspring/NBMG:1847/	Hot Spring 14 - Steamboat Hot Springs / Reno Hot Springs / Mount Rose Hot Springs / Radium Hot Springs	NV	39.38324	-119.73435	1976										2.6
http://resources.usgin.org/uri-gin/nbmg/thermalspring/NBMG:1849/	Hot Spring 16 - Steamboat Hot Springs / Reno Hot Springs / Mount Rose Hot Springs / Radium Hot Springs	NV	39.38324	-119.73435		3.8	1.1				889				
http://resources.usgin.org/uri-gin/nbmg/thermalspring/NBMG:1849/	Hot Spring 16 - Steamboat Hot Springs / Reno Hot Springs / Mount Rose Hot Springs / Radium Hot Springs	NV	39.38324	-119.73435		3.8					889		287		
http://resources.usgin.org/uri-gin/nbmg/thermalspring/NBMG:1849/	Hot Spring 16 - Steamboat Hot Springs / Reno Hot Springs / Mount Rose Hot Springs / Radium Hot Springs	NV	39.38324	-119.73435				668	77		888	125			
http://resources.usgin.org/uri-gin/nbmg/thermalspring/NBMG:1849/	Hot Spring 16 - Steamboat Hot Springs / Reno Hot Springs / Mount Rose Hot Springs / Radium Hot Springs	NV	39.38324	-119.73435				668	77		888	125			
http://resources.usgin.org/uri-gin/nbmg/thermalspring/NBMG:1849/	Hot Spring 16 - Steamboat Hot Springs / Reno Hot Springs / Mount Rose Hot Springs / Radium Hot Springs	NV	39.38324	-119.73435											7.3
http://resources.usgin.org/uri-gin/nbmg/thermalspring/NBMG:1849/	Hot Spring 16 - Steamboat Hot Springs / Reno Hot Springs / Mount Rose Hot Springs / Radium Hot Springs	NV	39.38324	-119.73435											7.3
http://resources.usgin.org/uri-gin/nbmg/thermalspring/NBMG:18520/	Ninemile Springs Well	NV	41.70548	-118.25709	1959	99		78	12	55	152	107		0	
http://resources.usgin.org/uri-gin/nbmg/thermalspring/NBMG:18520/	Ninemile Springs Well	NV	41.70548	-118.25709	1959	99		78	12	55	152	107			
http://resources.usgin.org/uri-gin/nbmg/thermalspring/NBMG:18520/	Ninemile Springs Well	NV	41.70548	-118.25709	1959										7.5
http://resources.usgin.org/uri-gin/nbmg/thermalspring/NBMG:18520/	Ninemile Springs Well	NV	41.70548	-118.25709	1964	47		32	4.3	40	30	43		0.4	
http://resources.usgin.org/uri-gin/nbmg/thermalspring/NBMG:18520/	Ninemile Springs Well	NV	41.70548	-118.25709	1964	47		32	4.3	40	30	43			
http://resources.usgin.org/uri-gin/nbmg/thermalspring/NBMG:18520/	Ninemile Springs Well	NV	41.70548	-118.25709	1964										7.4
http://resources.usgin.org/uri-gin/nbmg/thermalspring/NBMG:1859/	Lagomarsino Creek Spring	NV	39.49991	-119.62269	1970	246	82	136	13	62	28	2670			
http://resources.usgin.org/uri-gin/nbmg/thermalspring/NBMG:1859/	Lagomarsino Creek Spring	NV	39.49991	-119.62269	1970	246		136	13	62	28	2670		419	
http://resources.usgin.org/uri-gin/nbmg/thermalspring/NBMG:1859/	Lagomarsino Creek Spring	NV	39.49991	-119.62269	1970										2.4
http://resources.usgin.org/uri-gin/nbmg/thermalspring/NBMG:18607/	Double Hot Springs Well	NV	41.05407	-119.02795	1980	2	-0.004	150	2.7	37	48	96			
http://resources.usgin.org/uri-gin/nbmg/thermalspring/NBMG:18607/	Double Hot Springs Well	NV	41.05407	-119.02795	1980	2		150	2.7	37	48	96		120.03	
http://resources.usgin.org/uri-gin/nbmg/thermalspring/NBMG:18607/	Double Hot Springs Well	NV	41.05407	-119.02795	1980										9.5
http://resources.usgin.org/uri-gin/nbmg/thermalspring/NBMG:187/	Double Hot Spring 2 Orifice E	NV	41.05097	-119.02651	1973	4.8	0.1	180	4.5	105	59	120			
http://resources.usgin.org/uri-gin/nbmg/thermalspring/NBMG:187/	Double Hot Spring 2 Orifice E	NV	41.05097	-119.02651	1973	4.8		180	4.5	105	59	120	261.1	0.03	
http://resources.usgin.org/uri-gin/nbmg/thermalspring/NBMG:187/	Double Hot Spring 2 Orifice E	NV	41.05097	-119.02651	1973										7.93
http://resources.usgin.org/uri-gin/nbmg/thermalspring/NBMG:187/	Double Hot Spring 2 Orifice D	NV	41.05097	-119.02651	1978	4.8	0.17	180	4	165	53	83			
http://resources.usgin.org/uri-gin/nbmg/thermalspring/NBMG:187/	Double Hot Spring 2 Orifice D	NV	41.05097	-119.02651	1978	4.8		180	4	165	53	83		0.05	
http://resources.usgin.org/uri-gin/nbmg/thermalspring/NBMG:187/	Double Hot Spring 2 Orifice D	NV	41.05097	-119.02651	1978										7.6
http://resources.usgin.org/uri-gin/nbmg/thermalspring/NBMG:187/	Double Hot Spring 2 Orifice B	NV	41.05097	-119.02651	1979		-0.1								
http://resources.usgin.org/uri-gin/nbmg/thermalspring/NBMG:187/	Double Hot Spring 2 Orifice C	NV	41.05097	-119.02651	1979	5.7	0.3	210	4.9	110	59	130			
http://resources.usgin.org/uri-gin/nbmg/thermalspring/NBMG:187/	Double Hot Spring 2 Orifice C	NV	41.05097	-119.02651	1979	5.7		210	4.9	110	59	130		0.01	
http://resources.usgin.org/uri-gin/nbmg/thermalspring/NBMG:187/	Double Hot Spring 2 Orifice C	NV	41.05097	-119.02651	1979	6.4	-0.1	200	4.4	110	57	130			
http://resources.usgin.org/uri-gin/nbmg/thermalspring/NBMG:187/	Double Hot Spring 2 Orifice C	NV	41.05097	-119.02651	1979	6.4		200	4.4	110	57	130		0.01	
http://resources.usgin.org/uri-gin/nbmg/thermalspring/NBMG:187/	Double Hot Spring 2 Orifice C	NV	41.05097	-119.02651	1979										8.1
http://resources.usgin.org/uri-gin/nbmg/thermalspring/NBMG:187/	Double Hot Spring 2 Orifice C	NV	41.05097	-119.02651	1979										8.4
http://resources.usgin.org/uri-gin/nbmg/thermalspring/NBMG:187/	Double Hot Spring 2 Orifice D	NV	41.05097	-119.02651	1979	5.6	0.1	200	4.7	100	59	130			
http://resources.usgin.org/uri-gin/nbmg/thermalspring/NBMG:187/	Double Hot Spring 2 Orifice D	NV	41.05097	-119.02651	1979	5.6		200	4.7	100	59	130		110.02	
http://resources.usgin.org/uri-gin/nbmg/thermalspring/NBMG:187/	Double Hot Spring 2 Orifice D	NV	41.05097	-119.02651	1979	6	-0.1	210	4.8	100	61	130			
http://resources.usgin.org/uri-gin/nbmg/thermalspring/NBMG:187/	Double Hot Spring 2 Orifice D	NV	41.05097	-119.02651	1979	6		210	4.8	100	61	130		0.01	
http://resources.usgin.org/uri-gin/nbmg/thermalspring/NBMG:187/	Double Hot Spring 2 Orifice D	NV	41.05097	-119.02651	1979										8.1
http://resources.usgin.org/uri-gin/nbmg/thermalspring/NBMG:187/	Double Hot Spring 2 Orifice D	NV	41.05097	-119.02651	1979										8.2
http://resources.usgin.org/uri-gin/nbmg/thermalspring/NBMG:187/	Double Hot Spring 2 Orifice E	NV	41.05097	-119.02651	1979	4.9	0.19	200	4.5	110	58	130			
http://resources.usgin.org/uri-gin/nbmg/thermalspring/NBMG:187/	Double Hot Spring 2 Orifice E	NV	41.05097	-119.02651	1979	4.9		200	4.5	110	58	130		110.01	
http://resources.usgin.org/uri-gin/nbmg/thermalspring/NBMG:187/	Double Hot Spring 2 Orifice E	NV	41.05097	-119.02651	1979										7.8
http://resources.usgin.org/uri-gin/nbmg/thermalspring/NBMG:18731/	LAP&W Well 1 - Spring Valley	NV	39.13161	-114.50917	1982	37	13	4.7	1.1	16	2.1	-5			
http://resources.usgin.org/uri-gin/nbmg/thermalspring/NBMG:18731/	LAP&W Well 1 - Spring Valley	NV	39.13161	-114.50917	1982	37		4.7	1.1	16	2.1	-5		0.1	
http://resources.usgin.org/uri-gin/nbmg/thermalspring/NBMG:18731/	LAP&W Well 1 - Spring Valley	NV	39.13161	-114.50917	1982										8
http://resources.usgin.org/uri-gin/nbmg/thermalspring/NBMG:188/	Dyke Hot Springs 1	NV	41.56749	-118.567	1972	1.8	-0.1	150	4.3	85	21	82			
http://resources.usgin.org/uri-gin/nbmg/thermalspring/NBMG:188/	Dyke Hot Springs 1	NV	41.56749	-118.567	1972	1.8		150	4.3	85	21	82	222	0.02	
http://resources.usgin.org/uri-gin/nbmg/thermalspring/NBMG:188/	Dyke Hot Springs 1	NV	41.56749	-118.567	1972										8.86
http://resources.usgin.org/uri-gin/nbmg/thermalspring/NBMG:18889/	Double Hot Springs Well	NV	41.05407	-119.02768	1980	2.8	0.19	350	5.2	51	220	110			
http://resources.usgin.org/uri-gin/nbmg/thermalspring/NBMG:18889/	Double Hot Springs Well	NV	41.05407	-119.02768	1980	2.8		350	5.2	51	220	110		100.03	
http://resources.usgin.org/uri-gin/nbmg/thermalspring/NBMG:18889/	Double Hot Springs Well	NV	41.05407	-119.02768	1980	3.8	0.07	390	8.6	50	270	110			
http://resources.usgin.org/uri-gin/nbmg/thermalspring/NBMG:18889/	Double Hot Springs Well	NV	41.05407	-119.02768	1980	3.8		390	8.6	50	270	110		9.4	
http://resources.usgin.org/uri-gin/nbmg/thermalspring/NBMG:18889/	Double Hot Springs Well	NV	41.05407	-119.02768	1980										8.2
http://resources.usgin.org/uri-gin/nbmg/thermalspring/NBMG:18889/	Double Hot Springs Well	NV	41.05407	-119.02768	1980										8.3
http://resources.usgin.org/uri-gin/nbmg/thermalspring/NBMG:18928/	Double Hot Springs Well	NV	41.05407	-119.02823	1980	2.1	0.49	270	4.5	2.2	150	130			
http://resources.usgin.org/uri-gin/nbmg/thermalspring/NBMG:18928/	Double Hot Springs Well	NV	41.05407	-119.02823	1980	2.1		270	4.5	2.2	150	130		120.01	
http://resources.usgin.org/uri-gin/nbmg/thermalspring/NBMG:18928/	Double Hot Springs Well	NV	41.05407	-119.02823	1980										9.6
http://resources.usgin.org/uri-gin/nbmg/thermalspring/NBMG:191/	Spring 1 - Golconda Hot Springs / Segerstroms Hot Springs	NV	40.96098	-117.49455	1905	36.7	7.65	128	22	32.2	16.8	48.4			
http://resources.usgin.org/uri-gin/nbmg/thermalspring/NBMG:191/	Spring 1 - Golconda Hot Springs / Segerstroms Hot Springs	NV	40.96098	-117.49455	1905	36.7		128	22	32.2	16.8	48.4	427	1.81	
http://resources.usgin.org/uri-gin/nbmg/thermalspring/NBMG:191/	Spring 1 - Golconda Hot Springs / Segerstroms Hot Springs	NV	40.96098	-117.49455	1905										7.1
http://resources.usgin.org/uri-gin/nbmg/thermalspring/NBMG:191/	Golconda Hot Springs / Segerstroms Hot Springs	NV	40.96098	-117.49455	1972	33	6.8	130	22	66	18	56			
http://resources.usgin.org/uri-gin/nbmg/thermalspring/NBMG:191/	Golconda Hot Springs / Segerstroms Hot Springs	NV	40.96098	-117.49455	1972	33		130	22	66	18	56	428.9	1.8	
http://resources.usgin.org/uri-gin/nbmg/thermalspring/NBMG:191/	Golconda Hot Springs / Segerstroms Hot Springs	NV	40.96098	-117.49455	1972										6.53
http://resources.usgin.org/uri-gin/nbmg/thermalspring/NBMG:191/	Golconda Hot Springs / Segerstroms Hot Springs	NV	40.96098	-117.49455		33	7.8	148	22	59	20	51			
http://resources.usgin.org/uri-gin/nbmg/thermalspring/NBMG:191/	Golconda Hot Springs / Segerstroms Hot Springs	NV	40.96098	-117.49455		33		148	22	59	20	51	452	2	
http://resources.usgin.org/uri-gin/nbmg/thermalspring/NBMG:191/	Golconda Hot Springs / Segerstroms Hot Springs	NV	40.96098	-117.49455											6.7
http://resources.usgin.org/uri-gin/nbmg/thermalspring/NBMG:19176/	Diebert Spring	NV	36.47579	-116.03586	1972	150	150	74	2.8	27	26	770			
http://resources.usgin.org/uri-gin/nbmg/thermalspring/NBMG:19176/	Diebert Spring	NV	36.47579	-116.03586	1972	150		74	2.8	27	26	770		0.3	
http://resources.usgin.org/uri-gin/nbmg/thermalspring/NBMG:19176/	Diebert Spring	NV	36.47579	-116.03586	1972										7
http://resources.usgin.org/uri-gin/nbmg/thermalspring/NBMG:192/	Golconda Hot Springs / Segerstroms Hot Springs	NV	40.96163	-117.49442	1958	38	7.8	134	19	59	20	53			
http://resources.usgin.org/uri-gin/nbmg/thermalspring/NBMG:192/	Golconda Hot Springs / Segerstroms Hot Springs	NV	40.96163	-117.49442	1958	38		134	19	59	20	53	430	1.8	
http://resources.usgin.org/uri-gin/nbmg/thermalspring/NBMG:192/	Golconda Hot Springs / Segerstroms Hot Springs	NV	40.96163	-117.49442	1958										7.4
http://resources.usgin.org/uri-gin/nbmg/thermalspring/NBMG:192/	Golconda Hot Springs / Segerstroms Hot Springs	NV	40.96163	-117.49442	2002	28.1	7.18	135	22.6	67.6	13	47.6			
http://resources.usgin.org/uri-gin/nbmg/thermalspring/NBMG:192/	Golconda Hot Springs / Segerstroms Hot Springs	NV	40.96163	-117.49442	2002	28.1		135	22.6	67.6	13	47.6	452	1.01	
http://resources.usgin.org/uri-gin/nbmg/thermalspring/NBMG:192/	Golconda Hot Springs / Segerstroms Hot Springs	NV	40.96163	-117.49442	2002										6.5
http://resources.usgin.org/uri-gin/nbmg/thermalspring/NBMG:19220/	Cold Spring - Dogskin Mountain	NV	39.922	-119.84858	2003	50.4	0.581	14.9	1.04	31.5	6.8	6.6			
http://resources.usgin.org/uri-gin/nbmg/thermalspring/NBMG:19220/	Cold Spring - Dogskin Mountain	NV	39.922	-119.84858	2003	50.4		14.9	1.04	31.5	6.8	6.6	170	-8888888	
http://resources.usgin.org/uri-gin/nbmg/thermalspring/NBMG:19220/	Cold Spring - Dogskin Mountain	NV	39.922	-119.84858	2003										7.2
http://resources.usgin.org/uri-gin/nbmg/thermalspring/NBMG:19221/	Seven Lakes Spring	NV	39.93879	-119.98687	2003	23	14.6	15.4	1.91	47.2	3.07	4.5			
http://resources.usgin.org/uri-gin/nbmg/thermalspring/NBMG:19221/	Seven Lakes Spring	NV	39.93879	-119.98687	2003	23		15.4	1.91	47.2	3.07	4.5	162	0.17	
http://resources.usgin.org/uri-gin/nbmg/thermalspring/NBMG:19221/	Seven Lakes Spring	NV	39.93879	-119.98687	2003										7.6
http://resources.usgin.org/uri-gin/nbmg/thermalspring/NBMG:193/	Hot Pot Springs / Hot Pot Hot Springs / Blossom Hot Springs	NV	40.92061	-117.10944	1972	29	5	288	33	80	28	60			
http://resources.usgin.org/uri-gin/nbmg/thermalspring/NBMG:193/	Hot Pot Springs / Hot Pot Hot Springs / Blossom Hot Springs	NV	40.92061	-117.10944	1972	29		288	33	80	28	60	823	4.5	
http://resources.usgin.org/uri-gin/nbmg/thermalspring/NBMG:193/	Hot Pot Springs / Hot Pot Hot Springs / Blossom Hot Springs	NV	40.92061	-117.10944	1972										7.97
http://resources.usgin.org/uri-gin/nbmg/thermalspring/NBMG:194/	Hot Pot Springs / Hot Pot Hot Springs / Blossom Hot Springs	NV	40.92245	-117.11044	1982	18	5.3	660	28	39	61	155			
http://resources.usgin.org/uri-gin/nbmg/thermalspring/NBMG:194/	Hot Pot Springs / Hot Pot Hot Springs / Blossom Hot Springs	NV	40.92245	-117.11044	1982	18		660	28	39	61	155	1625	9.4	
http://resources.usgin.org/uri-gin/nbmg/thermalspring/NBMG:194/	Hot Pot Springs / Hot Pot Hot Springs / Blossom Hot Springs	NV	40.92245	-117.11044	1982										6.95
http://resources.usgin.org/uri-gin/nbmg/thermalspring/NBMG:194/	Hot Pot Springs / Hot Pot Hot Springs / Blossom Hot Springs	NV	40.92245	-117.11044		4	5.3	660	31	41	63.7	162			
http://resources.usgin.org/uri-gin/nbmg/thermalspring/NBMG:194/	Hot Pot Springs / Hot Pot Hot Springs / Blossom Hot Springs	NV	40.92245	-117.11044		4		660	31	41	63.7	162	1510.7	9.4	
http://resources.usgin.org/uri-gin/nbmg/thermalspring/NBMG:194/	Hot Pot Springs / Hot Pot Hot Springs / Blossom Hot Springs	NV	40.92245	-117.11044											7.5
http://resources.usgin.org/uri-gin/nbmg/thermalspring/NBMG:195/	The Hot Springs	NV	41.42217	-117.38746	1905	24.9	7.15	298	13	24.1	26	24.1			
http://resources.usgin.org/uri-gin/nbmg/thermalspring/NBMG:195/	The Hot Springs	NV	41.42217	-117.38746	1905	24.9		298	13	24.1	26	24.1	660	4.92	
http://resources.usgin.org/uri-gin/nbmg/thermalspring/NBMG:195/	The Hot Springs	NV	41.42217	-117.38746	1905										7.1
http://resources.usgin.org/uri-gin/nbmg/thermalspring/NBMG:195/	The Hot Springs	NV	41.42217	-117.38746	1972	10	8	296	36	55	26	36			
http://resources.usgin.org/uri-gin/nbmg/thermalspring/NBMG:195/	The Hot Springs	NV	41.42217	-117.38746	1972	10		296	36	55	26	36	881	4.9	
http://resources.usgin.org/uri-gin/nbmg/thermalspring/NBMG:195/	The Hot Springs	NV	41.42217	-117.38746	1972										8
http://resources.usgin.org/uri-gin/nbmg/thermalspring/NBMG:19523/	Black Canyon Hot Springs / Hoover Dam Hot Springs	NV	35.94478	-114.73202	1976	37	6.9	160	3.1	25	180	180			
http://resources.usgin.org/uri-gin/nbmg/thermalspring/NBMG:19523/	Black Canyon Hot Springs / Hoover Dam Hot Springs	NV	35.94478	-114.73202	1976	37		160	3.1	25	180	180		1.4	
http://resources.usgin.org/uri-gin/nbmg/thermalspring/NBMG:19523/	Black Canyon Hot Springs / Hoover Dam Hot Springs	NV	35.94478	-114.73202	1976										7.6
http://resources.usgin.org/uri-gin/nbmg/thermalspring/NBMG:19527/	Sandstone Spring 1	NV	36.06303	-115.47001	1985	53	29	5.9	2	10	10	42			
http://resources.usgin.org/uri-gin/nbmg/thermalspring/NBMG:19527/	Sandstone Spring 1	NV	36.06303	-115.47001	1985	53		5.9	2	10	10	42		0.2	
http://resources.usgin.org/uri-gin/nbmg/thermalspring/NBMG:19527/	Sandstone Spring 1	NV	36.06303	-115.47001	1985										7
http://resources.usgin.org/uri-gin/nbmg/thermalspring/NBMG:19530/	Red Spring - Spring Mountains	NV	36.14441	-115.42028	1985	51	25	5.2	2	12	6	21			
http://resources.usgin.org/uri-gin/nbmg/thermalspring/NBMG:19530/	Red Spring - Spring Mountains	NV	36.14441	-115.42028	1985	51		5.2	2	12	6	21		0.2	
http://resources.usgin.org/uri-gin/nbmg/thermalspring/NBMG:19530/	Red Spring - Spring Mountains	NV	36.14441	-115.42028	1985										7.5
http://resources.usgin.org/uri-gin/nbmg/thermalspring/NBMG:19530/	Red Spring - Spring Mountains	NV	36.14441	-115.42028	1985										7.6
http://resources.usgin.org/uri-gin/nbmg/thermalspring/NBMG:19531/	Manse Ranch Springs	NV	36.15524	-115.89636	1985	48	22	4.7	0.9	13	2.4	23			
http://resources.usgin.org/uri-gin/nbmg/thermalspring/NBMG:19531/	Manse Ranch Springs	NV	36.15524	-115.89636	1985	48		4.7	0.9	13	2.4	23		0.1	
http://resources.usgin.org/uri-gin/nbmg/thermalspring/NBMG:19531/	Manse Ranch Springs	NV	36.15524	-115.89636	1985										7.5
http://resources.usgin.org/uri-gin/nbmg/thermalspring/NBMG:19531/	Manse Ranch Springs	NV	36.15524	-115.89636	1994	46	22	4.4	0.9	12	2.3	20			
http://resources.usgin.org/uri-gin/nbmg/thermalspring/NBMG:19531/	Manse Ranch Springs	NV	36.15524	-115.89636	1994	46		4.4	0.9	12	2.3	20	228	0.1	
http://resources.usgin.org/uri-gin/nbmg/thermalspring/NBMG:19531/	Manse Ranch Springs	NV	36.15524	-115.89636	1994										7.4
http://resources.usgin.org/uri-gin/nbmg/thermalspring/NBMG:19538/	Warm Well - Pahrump Springs / Bennetts Springs	NV	36.20774	-115.98558	1985	47	24	4.7	1.3	14	3.4	28			
http://resources.usgin.org/uri-gin/nbmg/thermalspring/NBMG:19538/	Warm Well - Pahrump Springs / Bennetts Springs	NV	36.20774	-115.98558	1985	47		4.7	1.3	14	3.4	28		0.2	
http://resources.usgin.org/uri-gin/nbmg/thermalspring/NBMG:19538/	Warm Well - Pahrump Springs / Bennetts Springs	NV	36.20774	-115.98558	1985										7.6
http://resources.usgin.org/uri-gin/nbmg/thermalspring/NBMG:19542/	Trout Spring	NV	36.22357	-115.68418	1988	59	8.8	1.3	0.4	4.4	0.9	4.5			
http://resources.usgin.org/uri-gin/nbmg/thermalspring/NBMG:19542/	Trout Spring	NV	36.22357	-115.68418	1988	59		1.3	0.4	4.4	0.9	4.5		0.1	
http://resources.usgin.org/uri-gin/nbmg/thermalspring/NBMG:19542/	Trout Spring	NV	36.22357	-115.68418	1988										8.1
http://resources.usgin.org/uri-gin/nbmg/thermalspring/NBMG:19550/	Little Falls Spring	NV	36.25357	-115.65724	1980	49	7.8	0.6	0.4	2.7	0.4	1			
http://resources.usgin.org/uri-gin/nbmg/thermalspring/NBMG:19550/	Little Falls Spring	NV	36.25357	-115.65724	1980	49		0.6	0.4	2.7	0.4	1		0.2	
http://resources.usgin.org/uri-gin/nbmg/thermalspring/NBMG:19552/	Echo Spring	NV	36.26496	-115.65724	1980				0.5			6.5			
http://resources.usgin.org/uri-gin/nbmg/thermalspring/NBMG:19552/	Echo Spring	NV	36.26496	-115.65724	1980				0.5			6.5			
http://resources.usgin.org/uri-gin/nbmg/thermalspring/NBMG:19552/	Echo Spring	NV	36.26496	-115.65724	1980						0.7	1.8			
http://resources.usgin.org/uri-gin/nbmg/thermalspring/NBMG:19552/	Echo Spring	NV	36.26496	-115.65724	1980						0.7	1.8			
http://resources.usgin.org/uri-gin/nbmg/thermalspring/NBMG:19557/	Cold Spring - Springs Mountains	NV	36.29395	-115.6836	1980	41	8.3	0.8	0.4	3.1	0.3	3.4			
http://resources.usgin.org/uri-gin/nbmg/thermalspring/NBMG:19557/	Cold Spring - Springs Mountains	NV	36.29395	-115.6836	1980	41		0.8	0.4	3.1	0.3	3.4		0.2	
http://resources.usgin.org/uri-gin/nbmg/thermalspring/NBMG:19558/	Cave Spring 1 - Spring Mountains	NV	36.29146	-115.66873	1980	48	10	1.2	0.4	3.8	0.3	0.8			
http://resources.usgin.org/uri-gin/nbmg/thermalspring/NBMG:19558/	Cave Spring 1 - Spring Mountains	NV	36.29146	-115.66873	1980	48		1.2	0.4	3.8	0.3	0.8		0.2	
http://resources.usgin.org/uri-gin/nbmg/thermalspring/NBMG:19559/	Grapevine Springs - Spring Mountains	NV	36.30108	-115.49112	1980	61	28	21	2.3	22	16	50			
http://resources.usgin.org/uri-gin/nbmg/thermalspring/NBMG:19559/	Grapevine Springs - Spring Mountains	NV	36.30108	-115.49112	1980	61		21	2.3	22	16	50		0.2	
http://resources.usgin.org/uri-gin/nbmg/thermalspring/NBMG:19559/	Grapevine Springs - Spring Mountains	NV	36.30108	-115.49112	1980										8
http://resources.usgin.org/uri-gin/nbmg/thermalspring/NBMG:19561/	Deer Creek Spring 2	NV	36.30746	-115.62918	1994	58	15	1	0.4	5.3	0.7	3.7			
http://resources.usgin.org/uri-gin/nbmg/thermalspring/NBMG:19561/	Deer Creek Spring 2	NV	36.30746	-115.62918	1994	58		1	0.4	5.3	0.7	3.7	243	0.1	
http://resources.usgin.org/uri-gin/nbmg/thermalspring/NBMG:19561/	Deer Creek Spring 2	NV	36.30746	-115.62918	1994										7.7
http://resources.usgin.org/uri-gin/nbmg/thermalspring/NBMG:19561/	Deer Creek Spring 2	NV	36.30746	-115.62918	1996	62	14	0.9	0.4	5.5	0.7	3.3			
http://resources.usgin.org/uri-gin/nbmg/thermalspring/NBMG:19561/	Deer Creek Spring 2	NV	36.30746	-115.62918	1996	62		0.9	0.4	5.5	0.7	3.3	261	0.1	
http://resources.usgin.org/uri-gin/nbmg/thermalspring/NBMG:19561/	Deer Creek Spring 2	NV	36.30746	-115.62918	1996										7.6
http://resources.usgin.org/uri-gin/nbmg/thermalspring/NBMG:19562/	Deer Creek Spring	NV	36.30686	-115.63343	1980	53	12	1	0.4	4.8	0.6	0.2			
http://resources.usgin.org/uri-gin/nbmg/thermalspring/NBMG:19562/	Deer Creek Spring	NV	36.30686	-115.63343	1980	53		1	0.4	4.8	0.6	0.2		0.1	
http://resources.usgin.org/uri-gin/nbmg/thermalspring/NBMG:19565/	Clark Spring	NV	36.31927	-115.71992	1985	75	38	2	0.6	7.2	1.5	5.8			
http://resources.usgin.org/uri-gin/nbmg/thermalspring/NBMG:19565/	Clark Spring	NV	36.31927	-115.71992	1985	75		2	0.6	7.2	1.5	5.8		0.1	
http://resources.usgin.org/uri-gin/nbmg/thermalspring/NBMG:19565/	Clark Spring	NV	36.31927	-115.71992	1985										7.5
http://resources.usgin.org/uri-gin/nbmg/thermalspring/NBMG:19571/	Indian Rock Spring / Point of Rocks Spring / King Spring	NV	36.40078	-116.27137	1981	47	20	65	7.4	21	23	79			
http://resources.usgin.org/uri-gin/nbmg/thermalspring/NBMG:19571/	Indian Rock Spring / Point of Rocks Spring / King Spring	NV	36.40078	-116.27137	1981	47		65	7.4	21	23	79		1.5	
http://resources.usgin.org/uri-gin/nbmg/thermalspring/NBMG:19571/	Indian Rock Spring / Point of Rocks Spring / King Spring	NV	36.40078	-116.27137	1981										7.7
http://resources.usgin.org/uri-gin/nbmg/thermalspring/NBMG:19574/	Cold Creek Spring	NV	36.41163	-115.74419	1988	72	17	2.2	0.6	7.3	1.4	9.7			
http://resources.usgin.org/uri-gin/nbmg/thermalspring/NBMG:19574/	Cold Creek Spring	NV	36.41163	-115.74419	1988	72		2.2	0.6	7.3	1.4	9.7		0.2	
http://resources.usgin.org/uri-gin/nbmg/thermalspring/NBMG:19574/	Cold Creek Spring	NV	36.41163	-115.74419	1988										7.5
http://resources.usgin.org/uri-gin/nbmg/thermalspring/NBMG:19574/	Cold Creek Spring	NV	36.41163	-115.74419	1996	67	16	1.9	0.5	6.8	1.4	8			
http://resources.usgin.org/uri-gin/nbmg/thermalspring/NBMG:19574/	Cold Creek Spring	NV	36.41163	-115.74419	1996	67		1.9	0.5	6.8	1.4	8	294	0.1	
http://resources.usgin.org/uri-gin/nbmg/thermalspring/NBMG:19574/	Cold Creek Spring	NV	36.41163	-115.74419	1996										7.4
http://resources.usgin.org/uri-gin/nbmg/thermalspring/NBMG:19575/	Willow Spring	NV	36.41663	-115.76391	1994	65	17	2.2	0.6	7.6	1.6	11			
http://resources.usgin.org/uri-gin/nbmg/thermalspring/NBMG:19575/	Willow Spring	NV	36.41663	-115.76391	1994	65		2.2	0.6	7.6	1.6	11	271	0.2	
http://resources.usgin.org/uri-gin/nbmg/thermalspring/NBMG:19575/	Willow Spring	NV	36.41663	-115.76391	1994										7.6
http://resources.usgin.org/uri-gin/nbmg/thermalspring/NBMG:19577/	Dry Lake Spring	NV	36.45498	-114.84472	1985	110	48	120	13	21	170	360			
http://resources.usgin.org/uri-gin/nbmg/thermalspring/NBMG:19577/	Dry Lake Spring	NV	36.45498	-114.84472	1985	110		120	13	21	170	360		2.1	
http://resources.usgin.org/uri-gin/nbmg/thermalspring/NBMG:19577/	Dry Lake Spring	NV	36.45498	-114.84472	1985										7.3
http://resources.usgin.org/uri-gin/nbmg/thermalspring/NBMG:19578/	Grapevine Springs - Spring Mountains	NV	36.45746	-116.02725	1985	57	40	27	1.5	21	12	130			
http://resources.usgin.org/uri-gin/nbmg/thermalspring/NBMG:19578/	Grapevine Springs - Spring Mountains	NV	36.45746	-116.02725	1985	57		27	1.5	21	12	130		0.2	
http://resources.usgin.org/uri-gin/nbmg/thermalspring/NBMG:19578/	Grapevine Springs - Spring Mountains	NV	36.45746	-116.02725	1985										7.7
http://resources.usgin.org/uri-gin/nbmg/thermalspring/NBMG:19579/	Kwichup Spring	NV	36.47246	-116.03864	1972	130	120	94	2.8	29	21	660			
http://resources.usgin.org/uri-gin/nbmg/thermalspring/NBMG:19579/	Kwichup Spring	NV	36.47246	-116.03864	1972	130		94	2.8	29	21	660		0.3	
http://resources.usgin.org/uri-gin/nbmg/thermalspring/NBMG:19579/	Kwichup Spring	NV	36.47246	-116.03864	1972										6.9
http://resources.usgin.org/uri-gin/nbmg/thermalspring/NBMG:19593/	Cow Camp Spring	NV	36.58374	-115.30713	1981	48	31	21	0.7	16	28	9			
http://resources.usgin.org/uri-gin/nbmg/thermalspring/NBMG:19593/	Cow Camp Spring	NV	36.58374	-115.30713	1981	48		21	0.7	16	28	9		0.2	
http://resources.usgin.org/uri-gin/nbmg/thermalspring/NBMG:19593/	Cow Camp Spring	NV	36.58374	-115.30713	1981										7.6
http://resources.usgin.org/uri-gin/nbmg/thermalspring/NBMG:19593/	Cow Camp Spring	NV	36.58374	-115.30713	1983	50	35	25	0.6	15	29	29			
http://resources.usgin.org/uri-gin/nbmg/thermalspring/NBMG:19593/	Cow Camp Spring	NV	36.58374	-115.30713	1983	50		25	0.6	15	29	29		0.2	
http://resources.usgin.org/uri-gin/nbmg/thermalspring/NBMG:19593/	Cow Camp Spring	NV	36.58374	-115.30713	1983										7.6
http://resources.usgin.org/uri-gin/nbmg/thermalspring/NBMG:19596/	Wiregrass Spring	NV	36.63325	-115.20845	1981	69	32	2.7	1.1	12	3	5			
http://resources.usgin.org/uri-gin/nbmg/thermalspring/NBMG:19596/	Wiregrass Spring	NV	36.63325	-115.20845	1981	69		2.7	1.1	12	3	5		0.1	
http://resources.usgin.org/uri-gin/nbmg/thermalspring/NBMG:19596/	Wiregrass Spring	NV	36.63325	-115.20845	1981										7.3
http://resources.usgin.org/uri-gin/nbmg/thermalspring/NBMG:19596/	Wiregrass Spring	NV	36.63325	-115.20845	1983	68	32	3.2	1.1	12	3.2	9			
http://resources.usgin.org/uri-gin/nbmg/thermalspring/NBMG:19596/	Wiregrass Spring	NV	36.63325	-115.20845	1983	68		3.2	1.1	12	3.2	9		0.1	
http://resources.usgin.org/uri-gin/nbmg/thermalspring/NBMG:19596/	Wiregrass Spring	NV	36.63325	-115.20845	1983										7.3
http://resources.usgin.org/uri-gin/nbmg/thermalspring/NBMG:19596/	Wiregrass Spring	NV	36.63325	-115.20845	1987	68	33	3.1	1	12	2.9	7.3			
http://resources.usgin.org/uri-gin/nbmg/thermalspring/NBMG:19596/	Wiregrass Spring	NV	36.63325	-115.20845	1987	68		3.1	1	12	2.9	7.3		0.2	
http://resources.usgin.org/uri-gin/nbmg/thermalspring/NBMG:19596/	Wiregrass Spring	NV	36.63325	-115.20845	1987	70	33	2.8	1.5	12	2.9	7.1			
http://resources.usgin.org/uri-gin/nbmg/thermalspring/NBMG:19596/	Wiregrass Spring	NV	36.63325	-115.20845	1987	70		2.8	1.5	12	2.9	7.1		0.2	
http://resources.usgin.org/uri-gin/nbmg/thermalspring/NBMG:19596/	Wiregrass Spring	NV	36.63325	-115.20845	1987	71	34	2.8	1.1	12	3.4	6.9			
http://resources.usgin.org/uri-gin/nbmg/thermalspring/NBMG:19596/	Wiregrass Spring	NV	36.63325	-115.20845	1987	71		2.8	1.1	12	3.4	6.9		0.1	
http://resources.usgin.org/uri-gin/nbmg/thermalspring/NBMG:19596/	Wiregrass Spring	NV	36.63325	-115.20845	1987										7.3
http://resources.usgin.org/uri-gin/nbmg/thermalspring/NBMG:19596/	Wiregrass Spring	NV	36.63325	-115.20845	1987										7.3
http://resources.usgin.org/uri-gin/nbmg/thermalspring/NBMG:19596/	Wiregrass Spring	NV	36.63325	-115.20845	1987										7.8
http://resources.usgin.org/uri-gin/nbmg/thermalspring/NBMG:19596/	Wiregrass Spring	NV	36.63325	-115.20845	1988	69	36	3.1	1.1	12	2.7	7.3			
http://resources.usgin.org/uri-gin/nbmg/thermalspring/NBMG:19596/	Wiregrass Spring	NV	36.63325	-115.20845	1988	69		3.1	1.1	12	2.7	7.3		0.1	
http://resources.usgin.org/uri-gin/nbmg/thermalspring/NBMG:19596/	Wiregrass Spring	NV	36.63325	-115.20845	1988	72	34	2.8	1	12	2.6	7.3			
http://resources.usgin.org/uri-gin/nbmg/thermalspring/NBMG:19596/	Wiregrass Spring	NV	36.63325	-115.20845	1988	72	34	3.1	5.7	12	3.8	7.7			
http://resources.usgin.org/uri-gin/nbmg/thermalspring/NBMG:19596/	Wiregrass Spring	NV	36.63325	-115.20845	1988	72		2.8	1	12	2.6	7.3		0.2	
http://resources.usgin.org/uri-gin/nbmg/thermalspring/NBMG:19596/	Wiregrass Spring	NV	36.63325	-115.20845	1988	72		3.1	5.7	12	3.8	7.7		0.2	
http://resources.usgin.org/uri-gin/nbmg/thermalspring/NBMG:19596/	Wiregrass Spring	NV	36.63325	-115.20845	1988										7.3
http://resources.usgin.org/uri-gin/nbmg/thermalspring/NBMG:19596/	Wiregrass Spring	NV	36.63325	-115.20845	1988										7.3
http://resources.usgin.org/uri-gin/nbmg/thermalspring/NBMG:19596/	Wiregrass Spring	NV	36.63325	-115.20845	1988										7.4
http://resources.usgin.org/uri-gin/nbmg/thermalspring/NBMG:19597/	Juanita Spring	NV	36.63692	-114.24831	1986	130	43	25	5.3	29	15	370			
http://resources.usgin.org/uri-gin/nbmg/thermalspring/NBMG:19597/	Juanita Spring	NV	36.63692	-114.24831	1986	130		25	5.3	29	15	370		10.08	
http://resources.usgin.org/uri-gin/nbmg/thermalspring/NBMG:19597/	Juanita Spring	NV	36.63692	-114.24831	1986										7.3
http://resources.usgin.org/uri-gin/nbmg/thermalspring/NBMG:19598/	Wamp Spring	NV	36.64163	-115.07084	1987	71	13	10	2.1	24	4.9	8.4			
http://resources.usgin.org/uri-gin/nbmg/thermalspring/NBMG:19598/	Wamp Spring	NV	36.64163	-115.07084	1987	71		10	2.1	24	4.9	8.4		0.2	
http://resources.usgin.org/uri-gin/nbmg/thermalspring/NBMG:19598/	Wamp Spring	NV	36.64163	-115.07084	1987										8.2
http://resources.usgin.org/uri-gin/nbmg/thermalspring/NBMG:19600/	Sawmill Spring	NV	36.68085	-115.17717	1988	12	29	1.8	0.6	6.1	2.1	5.9			
http://resources.usgin.org/uri-gin/nbmg/thermalspring/NBMG:19600/	Sawmill Spring	NV	36.68085	-115.17717	1988	12		1.8	0.6	6.1	2.1	5.9		0.2	
http://resources.usgin.org/uri-gin/nbmg/thermalspring/NBMG:19600/	Sawmill Spring	NV	36.68085	-115.17717	1988										8.9
http://resources.usgin.org/uri-gin/nbmg/thermalspring/NBMG:19601/	White Rock Spring - Sheep Range	NV	36.7083	-115.23973	1981	37	29	14	7	47	9.3	-5			
http://resources.usgin.org/uri-gin/nbmg/thermalspring/NBMG:19601/	White Rock Spring - Sheep Range	NV	36.7083	-115.23973	1981	37		14	7	47	9.3	-5		0.2	
http://resources.usgin.org/uri-gin/nbmg/thermalspring/NBMG:19601/	White Rock Spring - Sheep Range	NV	36.7083	-115.23973	1981										7.4
http://resources.usgin.org/uri-gin/nbmg/thermalspring/NBMG:19601/	White Rock Spring - Sheep Range	NV	36.7083	-115.23973	1983	38	31	15	7.4	44	11	12			
http://resources.usgin.org/uri-gin/nbmg/thermalspring/NBMG:19601/	White Rock Spring - Sheep Range	NV	36.7083	-115.23973	1983	38		15	7.4	44	11	12		0.2	
http://resources.usgin.org/uri-gin/nbmg/thermalspring/NBMG:19601/	White Rock Spring - Sheep Range	NV	36.7083	-115.23973	1983										7.5
http://resources.usgin.org/uri-gin/nbmg/thermalspring/NBMG:19615/	Specie Spring	NV	36.86856	-116.65978	1997	148	41.6	24.9	7.46	61.5	0.96	4.3			
http://resources.usgin.org/uri-gin/nbmg/thermalspring/NBMG:19615/	Specie Spring	NV	36.86856	-116.65978	1997	148		24.9	7.46	61.5	0.96	4.3	810	0.51	
http://resources.usgin.org/uri-gin/nbmg/thermalspring/NBMG:19615/	Specie Spring	NV	36.86856	-116.65978	1997										7.1
http://resources.usgin.org/uri-gin/nbmg/thermalspring/NBMG:19616/	Sheep Spring - Sheep Range	NV	36.89497	-115.11556	1988	31	40	7.9	1.1	13	7.1	13			
http://resources.usgin.org/uri-gin/nbmg/thermalspring/NBMG:19616/	Sheep Spring - Sheep Range	NV	36.89497	-115.11556	1988	31		7.9	1.1	13	7.1	13		0.2	
http://resources.usgin.org/uri-gin/nbmg/thermalspring/NBMG:19616/	Sheep Spring - Sheep Range	NV	36.89497	-115.11556	1988										7.8
http://resources.usgin.org/uri-gin/nbmg/thermalspring/NBMG:19619/	Lamb Spring	NV	36.94497	-115.10668	1988	37	41	8.7	0.6	12	8.6	24			
http://resources.usgin.org/uri-gin/nbmg/thermalspring/NBMG:19619/	Lamb Spring	NV	36.94497	-115.10668	1988	37		8.7	0.6	12	8.6	24		0.2	
http://resources.usgin.org/uri-gin/nbmg/thermalspring/NBMG:19619/	Lamb Spring	NV	36.94497	-115.10668	1988										7.7
http://resources.usgin.org/uri-gin/nbmg/thermalspring/NBMG:19623/	Woodcamp Spring	NV	36.96922	-116.99468	1993	23	3.3	38	14	57	24	24			
http://resources.usgin.org/uri-gin/nbmg/thermalspring/NBMG:19623/	Woodcamp Spring	NV	36.96922	-116.99468	1993	23		38	14	57	24	24	122	0.2	
http://resources.usgin.org/uri-gin/nbmg/thermalspring/NBMG:19623/	Woodcamp Spring	NV	36.96922	-116.99468	1993										7.8
http://resources.usgin.org/uri-gin/nbmg/thermalspring/NBMG:19625/	Tippipah Spring 1	NV	37.04351	-116.20422	1978	4.7	0.3	42	3.3	51	8.1	20			
http://resources.usgin.org/uri-gin/nbmg/thermalspring/NBMG:19625/	Tippipah Spring 1	NV	37.04351	-116.20422	1978	4.7		42	3.3	51	8.1	20		0.2	
http://resources.usgin.org/uri-gin/nbmg/thermalspring/NBMG:19625/	Tippipah Spring 1	NV	37.04351	-116.20422	1978										6.8
http://resources.usgin.org/uri-gin/nbmg/thermalspring/NBMG:19625/	Tippipah Spring 1	NV	37.04351	-116.20422	1979	4.9	0.3	46	2.9	7.6	7.7	20			
http://resources.usgin.org/uri-gin/nbmg/thermalspring/NBMG:19625/	Tippipah Spring 1	NV	37.04351	-116.20422	1979	4.9		46	2.9	7.6	7.7	20		0.2	
http://resources.usgin.org/uri-gin/nbmg/thermalspring/NBMG:19625/	Tippipah Spring 1	NV	37.04351	-116.20422	1979	5.4	0.4	40	2.8	52	7.7	20			
http://resources.usgin.org/uri-gin/nbmg/thermalspring/NBMG:19625/	Tippipah Spring 1	NV	37.04351	-116.20422	1979	5.4		40	2.8	52	7.7	20		0.3	
http://resources.usgin.org/uri-gin/nbmg/thermalspring/NBMG:19625/	Tippipah Spring 1	NV	37.04351	-116.20422	1979										6.7
http://resources.usgin.org/uri-gin/nbmg/thermalspring/NBMG:19625/	Tippipah Spring 1	NV	37.04351	-116.20422	1979										6.8
http://resources.usgin.org/uri-gin/nbmg/thermalspring/NBMG:19625/	Tippipah Spring 1	NV	37.04351	-116.20422	1980	17	1.3	40	1.1	45	6.9	16			
http://resources.usgin.org/uri-gin/nbmg/thermalspring/NBMG:19625/	Tippipah Spring 1	NV	37.04351	-116.20422	1980	17		40	1.1	45	6.9	16		0.2	
http://resources.usgin.org/uri-gin/nbmg/thermalspring/NBMG:19625/	Tippipah Spring 1	NV	37.04351	-116.20422	1980	4.3	0.1	39	2.8	50	7.4	18			
http://resources.usgin.org/uri-gin/nbmg/thermalspring/NBMG:19625/	Tippipah Spring 1	NV	37.04351	-116.20422	1980	4.3		39	2.8	50	7.4	18		0.1	
http://resources.usgin.org/uri-gin/nbmg/thermalspring/NBMG:19625/	Tippipah Spring 1	NV	37.04351	-116.20422	1980	5.1	0.4	40	3.1	48	8	19			
http://resources.usgin.org/uri-gin/nbmg/thermalspring/NBMG:19625/	Tippipah Spring 1	NV	37.04351	-116.20422	1980	5.1		40	3.1	48	8	19		0.3	
http://resources.usgin.org/uri-gin/nbmg/thermalspring/NBMG:19625/	Tippipah Spring 1	NV	37.04351	-116.20422	1980										6.8
http://resources.usgin.org/uri-gin/nbmg/thermalspring/NBMG:19625/	Tippipah Spring 1	NV	37.04351	-116.20422	1980										7.2
http://resources.usgin.org/uri-gin/nbmg/thermalspring/NBMG:19625/	Tippipah Spring 1	NV	37.04351	-116.20422	1980										7.5
http://resources.usgin.org/uri-gin/nbmg/thermalspring/NBMG:19626/	Tippipah Spring 2	NV	37.04328	-116.2081	1979	21	1.3	49	0.9	55	7.8	21			
http://resources.usgin.org/uri-gin/nbmg/thermalspring/NBMG:19626/	Tippipah Spring 2	NV	37.04328	-116.2081	1979	21		49	0.9	55	7.8	21		0.3	
http://resources.usgin.org/uri-gin/nbmg/thermalspring/NBMG:19626/	Tippipah Spring 2	NV	37.04328	-116.2081	1979										7
http://resources.usgin.org/uri-gin/nbmg/thermalspring/NBMG:19626/	Tippipah Spring 2	NV	37.04328	-116.2081	1980	32	2.5	57	4.8	59	12	16			
http://resources.usgin.org/uri-gin/nbmg/thermalspring/NBMG:19626/	Tippipah Spring 2	NV	37.04328	-116.2081	1980	32		57	4.8	59	12	16		0.4	
http://resources.usgin.org/uri-gin/nbmg/thermalspring/NBMG:19626/	Tippipah Spring 2	NV	37.04328	-116.2081	1980										7.7
http://resources.usgin.org/uri-gin/nbmg/thermalspring/NBMG:19627/	Willow Spring	NV	37.09467	-114.83101	1980	17	4	47.6	4.5	58.6	23	26.7			
http://resources.usgin.org/uri-gin/nbmg/thermalspring/NBMG:19627/	Willow Spring	NV	37.09467	-114.83101	1980	17		47.6	4.5	58.6	23	26.7	130.3	0.9	
http://resources.usgin.org/uri-gin/nbmg/thermalspring/NBMG:19627/	Willow Spring	NV	37.09467	-114.83101	1980										7.2
http://resources.usgin.org/uri-gin/nbmg/thermalspring/NBMG:19627/	Willow Spring	NV	37.09467	-114.83101	1981	20.5	2.7	56	4.6	65	22.3	34			
http://resources.usgin.org/uri-gin/nbmg/thermalspring/NBMG:19627/	Willow Spring	NV	37.09467	-114.83101	1981	20.5		56	4.6	65	22.3	34		1.1	
http://resources.usgin.org/uri-gin/nbmg/thermalspring/NBMG:19627/	Willow Spring	NV	37.09467	-114.83101	1981										7.5
http://resources.usgin.org/uri-gin/nbmg/thermalspring/NBMG:19628/	Grapevine Springs - Kane Springs Wash	NV	37.12967	-114.70965	1981	75	22	17	2.3	22	26.9	40			
http://resources.usgin.org/uri-gin/nbmg/thermalspring/NBMG:19628/	Grapevine Springs - Kane Springs Wash	NV	37.12967	-114.70965	1981	75		17	2.3	22	26.9	40		0.86	
http://resources.usgin.org/uri-gin/nbmg/thermalspring/NBMG:19628/	Grapevine Springs - Kane Springs Wash	NV	37.12967	-114.70965	1981										7.3
http://resources.usgin.org/uri-gin/nbmg/thermalspring/NBMG:19630/	Whiterock Spring	NV	37.20163	-116.13217	1972	4.1	0.4	16	3.2	26	3.5	13			
http://resources.usgin.org/uri-gin/nbmg/thermalspring/NBMG:19630/	Whiterock Spring	NV	37.20163	-116.13217	1972	4.1		16	3.2	26	3.5	13		0.2	
http://resources.usgin.org/uri-gin/nbmg/thermalspring/NBMG:19630/	Whiterock Spring	NV	37.20163	-116.13217	1972	8.2	0.2	40	5.1	47	9.2	27			
http://resources.usgin.org/uri-gin/nbmg/thermalspring/NBMG:19630/	Whiterock Spring	NV	37.20163	-116.13217	1972	8.2		40	5.1	47	9.2	27		0.5	
http://resources.usgin.org/uri-gin/nbmg/thermalspring/NBMG:19630/	Whiterock Spring	NV	37.20163	-116.13217	1972										6
http://resources.usgin.org/uri-gin/nbmg/thermalspring/NBMG:19630/	Whiterock Spring	NV	37.20163	-116.13217	1972										6.9
http://resources.usgin.org/uri-gin/nbmg/thermalspring/NBMG:19630/	Whiterock Spring	NV	37.20163	-116.13217	1973	8.1	0.1	38	4.3	44	8.5	26			
http://resources.usgin.org/uri-gin/nbmg/thermalspring/NBMG:19630/	Whiterock Spring	NV	37.20163	-116.13217	1973	8.1		38	4.3	44	8.5	26		0.3	
http://resources.usgin.org/uri-gin/nbmg/thermalspring/NBMG:19630/	Whiterock Spring	NV	37.20163	-116.13217	1973										6.8
http://resources.usgin.org/uri-gin/nbmg/thermalspring/NBMG:19631/	Cold Spring - Nellis AFB	NV	37.21773	-116.17338	1972	9.1	1.5	38	6.6	50	10	16			
http://resources.usgin.org/uri-gin/nbmg/thermalspring/NBMG:19631/	Cold Spring - Nellis AFB	NV	37.21773	-116.17338	1972	9.1		38	6.6	50	10	16		0.1	
http://resources.usgin.org/uri-gin/nbmg/thermalspring/NBMG:19631/	Cold Spring - Nellis AFB	NV	37.21773	-116.17338	1972										6.8
http://resources.usgin.org/uri-gin/nbmg/thermalspring/NBMG:19632/	Cold Spring - Nellis AFB	NV	37.22162	-116.1831	1973	20	4.1	30	6.6	60	11	16			
http://resources.usgin.org/uri-gin/nbmg/thermalspring/NBMG:19632/	Cold Spring - Nellis AFB	NV	37.22162	-116.1831	1973	20		30	6.6	60	11	16		0.3	
http://resources.usgin.org/uri-gin/nbmg/thermalspring/NBMG:19632/	Cold Spring - Nellis AFB	NV	37.22162	-116.1831	1973										7.2
http://resources.usgin.org/uri-gin/nbmg/thermalspring/NBMG:19633/	Kane Springs	NV	37.24928	-114.70914	1981	43.5	13	20	5.9	60	16.6	14			
http://resources.usgin.org/uri-gin/nbmg/thermalspring/NBMG:19633/	Kane Springs	NV	37.24928	-114.70914	1981	43.5		20	5.9	60	16.6	14		2.8	
http://resources.usgin.org/uri-gin/nbmg/thermalspring/NBMG:19633/	Kane Springs	NV	37.24928	-114.70914	1981										7.2
http://resources.usgin.org/uri-gin/nbmg/thermalspring/NBMG:19634/	Boulder Spring	NV	37.31433	-114.67263	1981	21.5	4.9	12.2	2.3	41	7.8	6			
http://resources.usgin.org/uri-gin/nbmg/thermalspring/NBMG:19634/	Boulder Spring	NV	37.31433	-114.67263	1981	21.5		12.2	2.3	41	7.8	6		1.7	
http://resources.usgin.org/uri-gin/nbmg/thermalspring/NBMG:19634/	Boulder Spring	NV	37.31433	-114.67263	1981										7.9
http://resources.usgin.org/uri-gin/nbmg/thermalspring/NBMG:19635/	Cold Spring - Groom Range	NV	37.34079	-115.74809	1985										7.6
http://resources.usgin.org/uri-gin/nbmg/thermalspring/NBMG:19638/	Sheep Spring - Clover Mountains	NV	37.40055	-114.27751	1985	24	5	9.8	1.3	33	7.9	7			
http://resources.usgin.org/uri-gin/nbmg/thermalspring/NBMG:19638/	Sheep Spring - Clover Mountains	NV	37.40055	-114.27751	1985	24		9.8	1.3	33	7.9	7		0.7	
http://resources.usgin.org/uri-gin/nbmg/thermalspring/NBMG:19638/	Sheep Spring - Clover Mountains	NV	37.40055	-114.27751	1985										6.8
http://resources.usgin.org/uri-gin/nbmg/thermalspring/NBMG:19639/	Cattle Spring	NV	37.41409	-115.78759	1985										8
http://resources.usgin.org/uri-gin/nbmg/thermalspring/NBMG:19641/	Cold Spring - Kawich Valley	NV	37.43189	-116.17949	1973	9.7	1.9	33	5	53	10	16			
http://resources.usgin.org/uri-gin/nbmg/thermalspring/NBMG:19641/	Cold Spring - Kawich Valley	NV	37.43189	-116.17949	1973	9.7		33	5	53	10	16		0.2	
http://resources.usgin.org/uri-gin/nbmg/thermalspring/NBMG:19641/	Cold Spring - Kawich Valley	NV	37.43189	-116.17949	1973										7.2
http://resources.usgin.org/uri-gin/nbmg/thermalspring/NBMG:19642/	Quail Spring	NV	37.44134	-115.68448	1985										7.8
http://resources.usgin.org/uri-gin/nbmg/thermalspring/NBMG:19645/	Indian Spring - Groom Range	NV	37.46384	-115.74198	1985										8.1
http://resources.usgin.org/uri-gin/nbmg/thermalspring/NBMG:19646/	U -12t03 UG-2 Spring	NV	37.46523	-116.1756	1973	20	5	33	5.3	81	9.7	14			
http://resources.usgin.org/uri-gin/nbmg/thermalspring/NBMG:19646/	U -12t03 UG-2 Spring	NV	37.46523	-116.1756	1973	20		33	5.3	81	9.7	14		0.3	
http://resources.usgin.org/uri-gin/nbmg/thermalspring/NBMG:19646/	U -12t03 UG-2 Spring	NV	37.46523	-116.1756	1973										7.4
http://resources.usgin.org/uri-gin/nbmg/thermalspring/NBMG:19647/	Rabbitbrush Spring	NV	37.48218	-115.69198	1985										7.9
http://resources.usgin.org/uri-gin/nbmg/thermalspring/NBMG:19650/	North Spring - Clover Creek	NV	37.52279	-114.24663	1985	42	6.3	20	5.9	61	15	12			
http://resources.usgin.org/uri-gin/nbmg/thermalspring/NBMG:19650/	North Spring - Clover Creek	NV	37.52279	-114.24663	1985	42		20	5.9	61	15	12		0.3	
http://resources.usgin.org/uri-gin/nbmg/thermalspring/NBMG:19650/	North Spring - Clover Creek	NV	37.52279	-114.24663	1985										7.8
http://resources.usgin.org/uri-gin/nbmg/thermalspring/NBMG:19659/	Cedar Spring	NV	37.75086	-116.27369	1967	62	5.9	47	2.5	38	23	0.4			
http://resources.usgin.org/uri-gin/nbmg/thermalspring/NBMG:19659/	Cedar Spring	NV	37.75086	-116.27369	1967	62		47	2.5	38	23	0.4		0.8	
http://resources.usgin.org/uri-gin/nbmg/thermalspring/NBMG:19659/	Cedar Spring	NV	37.75086	-116.27369	1967										7.7
http://resources.usgin.org/uri-gin/nbmg/thermalspring/NBMG:19662/	Corral Spring - Cactus Flat	NV	37.78511	-116.38208	1967	54	5	58	2.4	34	25	64			
http://resources.usgin.org/uri-gin/nbmg/thermalspring/NBMG:19662/	Corral Spring - Cactus Flat	NV	37.78511	-116.38208	1967	54		58	2.4	34	25	64		1.1	
http://resources.usgin.org/uri-gin/nbmg/thermalspring/NBMG:19662/	Corral Spring - Cactus Flat	NV	37.78511	-116.38208	1967										7.7
http://resources.usgin.org/uri-gin/nbmg/thermalspring/NBMG:19668/	Georges Water Spring	NV	37.85989	-116.35053	1968	27	3.2	26	6.9		8.5	-0.01			
http://resources.usgin.org/uri-gin/nbmg/thermalspring/NBMG:19668/	Georges Water Spring	NV	37.85989	-116.35053	1968	27		26	6.9		8.5	-0.01		0.4	
http://resources.usgin.org/uri-gin/nbmg/thermalspring/NBMG:19668/	Georges Water Spring	NV	37.85989	-116.35053	1968										7.4
http://resources.usgin.org/uri-gin/nbmg/thermalspring/NBMG:19669/	Delmues Springs	NV	37.85996	-114.32304	1985	47	6.7	30	6.3	64	24	18			
http://resources.usgin.org/uri-gin/nbmg/thermalspring/NBMG:19669/	Delmues Springs	NV	37.85996	-114.32304	1985	47		30	6.3	64	24	18		0.6	
http://resources.usgin.org/uri-gin/nbmg/thermalspring/NBMG:19669/	Delmues Springs	NV	37.85996	-114.32304	1985										7.7
http://resources.usgin.org/uri-gin/nbmg/thermalspring/NBMG:19672/	Warm Spring - Sand Spring Valley	NV	37.89856	-115.64615	1968	57	7.7	45	2.8	37	23	48			
http://resources.usgin.org/uri-gin/nbmg/thermalspring/NBMG:19672/	Warm Spring - Sand Spring Valley	NV	37.89856	-115.64615	1968	57		45	2.8	37	23	48		0.6	
http://resources.usgin.org/uri-gin/nbmg/thermalspring/NBMG:19672/	Warm Spring - Sand Spring Valley	NV	37.89856	-115.64615	1968										7.7
http://resources.usgin.org/uri-gin/nbmg/thermalspring/NBMG:19674/	Connor Spring	NV	37.90275	-114.56057	1986	73	26	2.2	0.5	8.5	2.1	5.4			
http://resources.usgin.org/uri-gin/nbmg/thermalspring/NBMG:19674/	Connor Spring	NV	37.90275	-114.56057	1986	73		2.2	0.5	8.5	2.1	5.4		0.1	
http://resources.usgin.org/uri-gin/nbmg/thermalspring/NBMG:19674/	Connor Spring	NV	37.90275	-114.56057	1986										7.4
http://resources.usgin.org/uri-gin/nbmg/thermalspring/NBMG:19677/	Lime Spring	NV	37.9144	-114.54111	1985	55	31	3.8	0.9	14	4.1	8.9			
http://resources.usgin.org/uri-gin/nbmg/thermalspring/NBMG:19677/	Lime Spring	NV	37.9144	-114.54111	1985	55		3.8	0.9	14	4.1	8.9		0.1	
http://resources.usgin.org/uri-gin/nbmg/thermalspring/NBMG:19677/	Lime Spring	NV	37.9144	-114.54111	1985										8.3
http://resources.usgin.org/uri-gin/nbmg/thermalspring/NBMG:19679/	Deadman Spring	NV	37.91854	-114.54141	1985	98	41	5	0.9	19	4.2	8.3			
http://resources.usgin.org/uri-gin/nbmg/thermalspring/NBMG:19679/	Deadman Spring	NV	37.91854	-114.54141	1985	98		5	0.9	19	4.2	8.3		0.1	
http://resources.usgin.org/uri-gin/nbmg/thermalspring/NBMG:19679/	Deadman Spring	NV	37.91854	-114.54141	1985										7.1
http://resources.usgin.org/uri-gin/nbmg/thermalspring/NBMG:19680/	Cold Spring - Kawich Range	NV	37.91938	-116.45922	1967	27	3.8	23	1.3	46	8.5	13			
http://resources.usgin.org/uri-gin/nbmg/thermalspring/NBMG:19680/	Cold Spring - Kawich Range	NV	37.91938	-116.45922	1967	27		23	1.3	46	8.5	13		0.2	
http://resources.usgin.org/uri-gin/nbmg/thermalspring/NBMG:19680/	Cold Spring - Kawich Range	NV	37.91938	-116.45922	1967										7.8
http://resources.usgin.org/uri-gin/nbmg/thermalspring/NBMG:19681/	Highland Spring	NV	37.92107	-114.54972	1985	86	36	4.7	1	15	4.4	8.1			
http://resources.usgin.org/uri-gin/nbmg/thermalspring/NBMG:19681/	Highland Spring	NV	37.92107	-114.54972	1985	86		4.7	1	15	4.4	8.1		0.1	
http://resources.usgin.org/uri-gin/nbmg/thermalspring/NBMG:19681/	Highland Spring	NV	37.92107	-114.54972	1985										7.2
http://resources.usgin.org/uri-gin/nbmg/thermalspring/NBMG:19681/	Highland Spring	NV	37.92107	-114.54972	1986	79	36	4.4	0.5	15	3.9	7.8			
http://resources.usgin.org/uri-gin/nbmg/thermalspring/NBMG:19681/	Highland Spring	NV	37.92107	-114.54972	1986	79		4.4	0.5	15	3.9	7.8		0.1	
http://resources.usgin.org/uri-gin/nbmg/thermalspring/NBMG:19681/	Highland Spring	NV	37.92107	-114.54972	1986										7.3
http://resources.usgin.org/uri-gin/nbmg/thermalspring/NBMG:19682/	Pyramid Spring - Railroad Valley	NV	37.9316	-116.11866	1967	43	4.9	40	0.8	28	9.9	31			
http://resources.usgin.org/uri-gin/nbmg/thermalspring/NBMG:19682/	Pyramid Spring - Railroad Valley	NV	37.9316	-116.11866	1967	43		40	0.8	28	9.9	31		0.3	
http://resources.usgin.org/uri-gin/nbmg/thermalspring/NBMG:19682/	Pyramid Spring - Railroad Valley	NV	37.9316	-116.11866	1967										7.8
http://resources.usgin.org/uri-gin/nbmg/thermalspring/NBMG:19683/	Cold Spring - Reveille Valley	NV	37.94459	-116.36617	1967	17	2.8	10	1.3	37	4.8	12			
http://resources.usgin.org/uri-gin/nbmg/thermalspring/NBMG:19683/	Cold Spring - Reveille Valley	NV	37.94459	-116.36617	1967	17		10	1.3	37	4.8	12		0.3	
http://resources.usgin.org/uri-gin/nbmg/thermalspring/NBMG:19683/	Cold Spring - Reveille Valley	NV	37.94459	-116.36617	1967										7
http://resources.usgin.org/uri-gin/nbmg/thermalspring/NBMG:19685/	Big Seep	NV	37.95994	-116.432	1986	6.5	1.4	7	1.9	37	2.5	4.8			
http://resources.usgin.org/uri-gin/nbmg/thermalspring/NBMG:19685/	Big Seep	NV	37.95994	-116.432	1986	6.5		7	1.9	37	2.5	4.8		0.08	
http://resources.usgin.org/uri-gin/nbmg/thermalspring/NBMG:19685/	Big Seep	NV	37.95994	-116.432	1986										6.6
http://resources.usgin.org/uri-gin/nbmg/thermalspring/NBMG:19686/	Ledge Spring	NV	37.9616	-116.44144	1987	6.5	2.2	9.9	3.2	41	3.5	2.5			
http://resources.usgin.org/uri-gin/nbmg/thermalspring/NBMG:19686/	Ledge Spring	NV	37.9616	-116.44144	1987	6.5		9.9	3.2	41	3.5	2.5		0.009	
http://resources.usgin.org/uri-gin/nbmg/thermalspring/NBMG:19686/	Ledge Spring	NV	37.9616	-116.44144	1987										7
http://resources.usgin.org/uri-gin/nbmg/thermalspring/NBMG:19686/	Ledge Spring	NV	37.9616	-116.44144	1988	10	2	8.2	2.8	40	2.7	3.9			
http://resources.usgin.org/uri-gin/nbmg/thermalspring/NBMG:19686/	Ledge Spring	NV	37.9616	-116.44144	1988	10		8.2	2.8	40	2.7	3.9		-0.003	
http://resources.usgin.org/uri-gin/nbmg/thermalspring/NBMG:19686/	Ledge Spring	NV	37.9616	-116.44144	1988	11	2.4	9.4	3	41	3.1	3.1			
http://resources.usgin.org/uri-gin/nbmg/thermalspring/NBMG:19686/	Ledge Spring	NV	37.9616	-116.44144	1988	11	2.4	9.5	3	41	3.7	2.9			
http://resources.usgin.org/uri-gin/nbmg/thermalspring/NBMG:19686/	Ledge Spring	NV	37.9616	-116.44144	1988	11		9.4	3	41	3.1	3.1		0.012	
http://resources.usgin.org/uri-gin/nbmg/thermalspring/NBMG:19686/	Ledge Spring	NV	37.9616	-116.44144	1988	11		9.5	3	41	3.7	2.9		-0.003	
http://resources.usgin.org/uri-gin/nbmg/thermalspring/NBMG:19686/	Ledge Spring	NV	37.9616	-116.44144	1988										6.8
http://resources.usgin.org/uri-gin/nbmg/thermalspring/NBMG:19686/	Ledge Spring	NV	37.9616	-116.44144	1988										6.8
http://resources.usgin.org/uri-gin/nbmg/thermalspring/NBMG:19686/	Ledge Spring	NV	37.9616	-116.44144	1988										7
http://resources.usgin.org/uri-gin/nbmg/thermalspring/NBMG:19686/	Ledge Spring	NV	37.9616	-116.44144	1989	10	2	8.8		42	3.1	3			
http://resources.usgin.org/uri-gin/nbmg/thermalspring/NBMG:19686/	Ledge Spring	NV	37.9616	-116.44144	1989	10	2.2	11		47	3	3			
http://resources.usgin.org/uri-gin/nbmg/thermalspring/NBMG:19686/	Ledge Spring	NV	37.9616	-116.44144	1989	10		11		47	3	3		0.1	
http://resources.usgin.org/uri-gin/nbmg/thermalspring/NBMG:19686/	Ledge Spring	NV	37.9616	-116.44144	1989	10		8.8		42	3.1	3		0.1	
http://resources.usgin.org/uri-gin/nbmg/thermalspring/NBMG:19686/	Ledge Spring	NV	37.9616	-116.44144	1989	9.1	1.9	8	2.6	43	3.1	2.9			
http://resources.usgin.org/uri-gin/nbmg/thermalspring/NBMG:19686/	Ledge Spring	NV	37.9616	-116.44144	1989	9.1		8	2.6	43	3.1	2.9		0.07	
http://resources.usgin.org/uri-gin/nbmg/thermalspring/NBMG:19686/	Ledge Spring	NV	37.9616	-116.44144	1989										7
http://resources.usgin.org/uri-gin/nbmg/thermalspring/NBMG:19686/	Ledge Spring	NV	37.9616	-116.44144	1989										7.2
http://resources.usgin.org/uri-gin/nbmg/thermalspring/NBMG:19686/	Ledge Spring	NV	37.9616	-116.44144	1989										7.3
http://resources.usgin.org/uri-gin/nbmg/thermalspring/NBMG:19686/	Ledge Spring	NV	37.9616	-116.44144	1990	11	2.2	9.1	3.9	43	4.9	2.6			
http://resources.usgin.org/uri-gin/nbmg/thermalspring/NBMG:19686/	Ledge Spring	NV	37.9616	-116.44144	1990	11		9.1	3.9	43	4.9	2.6		0.1	
http://resources.usgin.org/uri-gin/nbmg/thermalspring/NBMG:19686/	Ledge Spring	NV	37.9616	-116.44144	1990	8.9	1.8	8	2.5	43	3.9	3.9			
http://resources.usgin.org/uri-gin/nbmg/thermalspring/NBMG:19686/	Ledge Spring	NV	37.9616	-116.44144	1990	8.9		8	2.5	43	3.9	3.9		0.1	
http://resources.usgin.org/uri-gin/nbmg/thermalspring/NBMG:19686/	Ledge Spring	NV	37.9616	-116.44144	1990										6.9
http://resources.usgin.org/uri-gin/nbmg/thermalspring/NBMG:19686/	Ledge Spring	NV	37.9616	-116.44144	1990										7.3
http://resources.usgin.org/uri-gin/nbmg/thermalspring/NBMG:19686/	Ledge Spring	NV	37.9616	-116.44144	1991	8.4	1.7	7.7	2.4	7.9	3.5	5.7			
http://resources.usgin.org/uri-gin/nbmg/thermalspring/NBMG:19686/	Ledge Spring	NV	37.9616	-116.44144	1991	8.4		7.7	2.4	7.9	3.5	5.7		0.11	
http://resources.usgin.org/uri-gin/nbmg/thermalspring/NBMG:19686/	Ledge Spring	NV	37.9616	-116.44144	1991	9.4	1.9	8.4	2.8	42	3.5	3.1			
http://resources.usgin.org/uri-gin/nbmg/thermalspring/NBMG:19686/	Ledge Spring	NV	37.9616	-116.44144	1991	9.4		8.4	2.8	42	3.5	3.1		0.1	
http://resources.usgin.org/uri-gin/nbmg/thermalspring/NBMG:19686/	Ledge Spring	NV	37.9616	-116.44144	1991										6.6
http://resources.usgin.org/uri-gin/nbmg/thermalspring/NBMG:19686/	Ledge Spring	NV	37.9616	-116.44144	1991										6.7
http://resources.usgin.org/uri-gin/nbmg/thermalspring/NBMG:19686/	Ledge Spring	NV	37.9616	-116.44144	1992	7.9	1.6	8.1	2.7	46	4.3	5.3			
http://resources.usgin.org/uri-gin/nbmg/thermalspring/NBMG:19686/	Ledge Spring	NV	37.9616	-116.44144	1992	7.9		8.1	2.7	46	4.3	5.3		0.16	
http://resources.usgin.org/uri-gin/nbmg/thermalspring/NBMG:19686/	Ledge Spring	NV	37.9616	-116.44144	1992										6.4
http://resources.usgin.org/uri-gin/nbmg/thermalspring/NBMG:19690/	Cold Spring - Kawich Range	NV	37.98188	-116.51756	1967	33	6.3	30	5.1	58	11	17			
http://resources.usgin.org/uri-gin/nbmg/thermalspring/NBMG:19690/	Cold Spring - Kawich Range	NV	37.98188	-116.51756	1967	33		30	5.1	58	11	17		0.4	
http://resources.usgin.org/uri-gin/nbmg/thermalspring/NBMG:19690/	Cold Spring - Kawich Range	NV	37.98188	-116.51756	1967										7.3
http://resources.usgin.org/uri-gin/nbmg/thermalspring/NBMG:19692/	Cold Spring - Reveille Valley	NV	38.00635	-116.39314	1967	19	3.7	17	2.8	55	6.3	13			
http://resources.usgin.org/uri-gin/nbmg/thermalspring/NBMG:19692/	Cold Spring - Reveille Valley	NV	38.00635	-116.39314	1967	19		17	2.8	55	6.3	13		0.3	
http://resources.usgin.org/uri-gin/nbmg/thermalspring/NBMG:19692/	Cold Spring - Reveille Valley	NV	38.00635	-116.39314	1967										7.5
http://resources.usgin.org/uri-gin/nbmg/thermalspring/NBMG:19695/	Spring - Kawich Range	NV	38.03049	-116.44255	1967	32	5.5	31	6.7	57	16	20			
http://resources.usgin.org/uri-gin/nbmg/thermalspring/NBMG:19695/	Spring - Kawich Range	NV	38.03049	-116.44255	1967	32		31	6.7	57	16	20		0.4	
http://resources.usgin.org/uri-gin/nbmg/thermalspring/NBMG:19695/	Spring - Kawich Range	NV	38.03049	-116.44255	1967										7.3
http://resources.usgin.org/uri-gin/nbmg/thermalspring/NBMG:19696/	Warm Spring - Reveille	NV	38.03172	-116.16824	1967	62	1.8	26	0.6	34	11	27			
http://resources.usgin.org/uri-gin/nbmg/thermalspring/NBMG:19696/	Warm Spring - Reveille	NV	38.03172	-116.16824	1967	62		26	0.6	34	11	27		0.1	
http://resources.usgin.org/uri-gin/nbmg/thermalspring/NBMG:19696/	Warm Spring - Reveille	NV	38.03172	-116.16824	1967	68	6	45	1.1	42	22	31			
http://resources.usgin.org/uri-gin/nbmg/thermalspring/NBMG:19696/	Warm Spring - Reveille	NV	38.03172	-116.16824	1967	68		45	1.1	42	22	31		0.2	
http://resources.usgin.org/uri-gin/nbmg/thermalspring/NBMG:19696/	Warm Spring - Reveille	NV	38.03172	-116.16824	1967										7.6
http://resources.usgin.org/uri-gin/nbmg/thermalspring/NBMG:19696/	Warm Spring - Reveille	NV	38.03172	-116.16824	1967										7.7
http://resources.usgin.org/uri-gin/nbmg/thermalspring/NBMG:197/	Howard Hot Spring	NV	41.72107	-118.5056	1970	2.4	0.5	91	2	84	14	64			
http://resources.usgin.org/uri-gin/nbmg/thermalspring/NBMG:197/	Howard Hot Spring	NV	41.72107	-118.5056	1970	2.4		91	2	84	14	64	52	7.9	
http://resources.usgin.org/uri-gin/nbmg/thermalspring/NBMG:197/	Howard Hot Spring	NV	41.72107	-118.5056	1970										9.3
http://resources.usgin.org/uri-gin/nbmg/thermalspring/NBMG:197/	Howard Hot Spring	NV	41.72107	-118.5056	1972	3	-0.1	88	1.7	85	10	62			
http://resources.usgin.org/uri-gin/nbmg/thermalspring/NBMG:197/	Howard Hot Spring	NV	41.72107	-118.5056	1972	3		88	1.7	85	10	62	127	8.2	
http://resources.usgin.org/uri-gin/nbmg/thermalspring/NBMG:197/	Howard Hot Spring	NV	41.72107	-118.5056	1972										9.18
http://resources.usgin.org/uri-gin/nbmg/thermalspring/NBMG:19701/	Clifford Spring	NV	38.11981	-116.45984	1967	6.7	0.7	123	0.6	30	14	32			
http://resources.usgin.org/uri-gin/nbmg/thermalspring/NBMG:19701/	Clifford Spring	NV	38.11981	-116.45984	1967	6.7		123	0.6	30	14	32		0.9	
http://resources.usgin.org/uri-gin/nbmg/thermalspring/NBMG:19701/	Clifford Spring	NV	38.11981	-116.45984	1967										7.8
http://resources.usgin.org/uri-gin/nbmg/thermalspring/NBMG:19702/	Cold Spring - White Rock Mountains	NV	38.12533	-114.06875	1985	92	19	26	2.4	23	23	25			
http://resources.usgin.org/uri-gin/nbmg/thermalspring/NBMG:19702/	Cold Spring - White Rock Mountains	NV	38.12533	-114.06875	1985	92		26	2.4	23	23	25		0.3	
http://resources.usgin.org/uri-gin/nbmg/thermalspring/NBMG:19702/	Cold Spring - White Rock Mountains	NV	38.12533	-114.06875	1985										7.9
http://resources.usgin.org/uri-gin/nbmg/thermalspring/NBMG:19704/	Cold Spring - Quinn Canyon Range	NV	38.13467	-115.60031	1985	63	25	14	2.2	28	4.8	18			
http://resources.usgin.org/uri-gin/nbmg/thermalspring/NBMG:19704/	Cold Spring - Quinn Canyon Range	NV	38.13467	-115.60031	1985	63		14	2.2	28	4.8	18		0.2	
http://resources.usgin.org/uri-gin/nbmg/thermalspring/NBMG:19704/	Cold Spring - Quinn Canyon Range	NV	38.13467	-115.60031	1985										7.5
http://resources.usgin.org/uri-gin/nbmg/thermalspring/NBMG:19705/	E German Springs / Spring WS28	NV	38.13686	-118.31963	1973	48	15	300	25	25	184	115			
http://resources.usgin.org/uri-gin/nbmg/thermalspring/NBMG:19705/	E German Springs / Spring WS28	NV	38.13686	-118.31963	1973	48		300	25	25	184	115			
http://resources.usgin.org/uri-gin/nbmg/thermalspring/NBMG:19705/	E German Springs / Spring WS28	NV	38.13686	-118.31963	1973										7.6
http://resources.usgin.org/uri-gin/nbmg/thermalspring/NBMG:19706/	W German Springs / Spring SS29WS29	NV	38.13686	-118.32106	1972	24	12	324	30	13	213	122			
http://resources.usgin.org/uri-gin/nbmg/thermalspring/NBMG:19706/	W German Springs / Spring SS29WS29	NV	38.13686	-118.32106	1972	24		324	30	13	213	122			
http://resources.usgin.org/uri-gin/nbmg/thermalspring/NBMG:19706/	W German Springs / Spring SS29WS29	NV	38.13686	-118.32106	1972										8
http://resources.usgin.org/uri-gin/nbmg/thermalspring/NBMG:19707/	Rock House Spring / Spring SS30WS30 2	NV	38.14346	-118.37183	1972	14	16	604	80	18	364	244			
http://resources.usgin.org/uri-gin/nbmg/thermalspring/NBMG:19707/	Rock House Spring / Spring SS30WS30 2	NV	38.14346	-118.37183	1972	14		604	80	18	364	244			
http://resources.usgin.org/uri-gin/nbmg/thermalspring/NBMG:19707/	Rock House Spring / Spring SS30WS30 2	NV	38.14346	-118.37183	1972										7.9
http://resources.usgin.org/uri-gin/nbmg/thermalspring/NBMG:19708/	Fivemile Spring - Stone Cabin Valley	NV	38.14483	-116.64513	1967	18	1.3	43	8.6	90	8.8	20			
http://resources.usgin.org/uri-gin/nbmg/thermalspring/NBMG:19708/	Fivemile Spring - Stone Cabin Valley	NV	38.14483	-116.64513	1967	18		43	8.6	90	8.8	20		1.4	
http://resources.usgin.org/uri-gin/nbmg/thermalspring/NBMG:19708/	Fivemile Spring - Stone Cabin Valley	NV	38.14483	-116.64513	1967										7.6
http://resources.usgin.org/uri-gin/nbmg/thermalspring/NBMG:19710/	Parsnip Spring	NV	38.14794	-114.26668	1985	16	3	12	2.2	41	7.5	9.1			
http://resources.usgin.org/uri-gin/nbmg/thermalspring/NBMG:19710/	Parsnip Spring	NV	38.14794	-114.26668	1985	16		12	2.2	41	7.5	9.1		0.1	
http://resources.usgin.org/uri-gin/nbmg/thermalspring/NBMG:19710/	Parsnip Spring	NV	38.14794	-114.26668	1985										7.7
http://resources.usgin.org/uri-gin/nbmg/thermalspring/NBMG:19711/	Spring SS5WS5 1 - Teels Marsh	NV	38.15153	-118.36104	1972	18	30	575	64	22	358	237			
http://resources.usgin.org/uri-gin/nbmg/thermalspring/NBMG:19711/	Spring SS5WS5 1 - Teels Marsh	NV	38.15153	-118.36104	1972	18		575	64	22	358	237			
http://resources.usgin.org/uri-gin/nbmg/thermalspring/NBMG:19711/	Spring SS5WS5 1 - Teels Marsh	NV	38.15153	-118.36104	1972										7.6
http://resources.usgin.org/uri-gin/nbmg/thermalspring/NBMG:19712/	Company Spring / Spring SS3WS3	NV	38.15325	-118.34668	1972	18	8	188	26	39	130	68			
http://resources.usgin.org/uri-gin/nbmg/thermalspring/NBMG:19712/	Company Spring / Spring SS3WS3	NV	38.15325	-118.34668	1972	18		188	26	39	130	68			
http://resources.usgin.org/uri-gin/nbmg/thermalspring/NBMG:19712/	Company Spring / Spring SS3WS3	NV	38.15325	-118.34668	1972										7.6
http://resources.usgin.org/uri-gin/nbmg/thermalspring/NBMG:19712/	Company Spring / Spring SS3WS3	NV	38.15325	-118.34668	1973	30	10	200	28	86	111	77			
http://resources.usgin.org/uri-gin/nbmg/thermalspring/NBMG:19712/	Company Spring / Spring SS3WS3	NV	38.15325	-118.34668	1973	30		200	28	86	111	77			
http://resources.usgin.org/uri-gin/nbmg/thermalspring/NBMG:19712/	Company Spring / Spring SS3WS3	NV	38.15325	-118.34668	1973										7.2
http://resources.usgin.org/uri-gin/nbmg/thermalspring/NBMG:19713/	Spring WS25 - Teels Marsh	NV	38.15099	-118.36333	1973	35	23	840	85	41	470	466			
http://resources.usgin.org/uri-gin/nbmg/thermalspring/NBMG:19713/	Spring WS25 - Teels Marsh	NV	38.15099	-118.36333	1973	35		840	85	41	470	466			
http://resources.usgin.org/uri-gin/nbmg/thermalspring/NBMG:19713/	Spring WS25 - Teels Marsh	NV	38.15099	-118.36333	1973										8
http://resources.usgin.org/uri-gin/nbmg/thermalspring/NBMG:19714/	Lower Little Cherry Creek Spring	NV	38.16067	-115.63886	1985										7.5
http://resources.usgin.org/uri-gin/nbmg/thermalspring/NBMG:19715/	Warm Spring - W Stone Cabin Valley	NV	38.17215	-116.73701	1967	25	2.6	41	7.9	72	12	21			
http://resources.usgin.org/uri-gin/nbmg/thermalspring/NBMG:19715/	Warm Spring - W Stone Cabin Valley	NV	38.17215	-116.73701	1967	25		41	7.9	72	12	21		0.8	
http://resources.usgin.org/uri-gin/nbmg/thermalspring/NBMG:19715/	Warm Spring - W Stone Cabin Valley	NV	38.17215	-116.73701	1967										7.4
http://resources.usgin.org/uri-gin/nbmg/thermalspring/NBMG:19716/	Upper Mud Spring	NV	38.17166	-116.79396	1967	17	2	46	4.4	46	15	27			
http://resources.usgin.org/uri-gin/nbmg/thermalspring/NBMG:19716/	Upper Mud Spring	NV	38.17166	-116.79396	1967	17		46	4.4	46	15	27		0.5	
http://resources.usgin.org/uri-gin/nbmg/thermalspring/NBMG:19716/	Upper Mud Spring	NV	38.17166	-116.79396	1967										7.4
http://resources.usgin.org/uri-gin/nbmg/thermalspring/NBMG:19718/	Nanny Goat Springs / Hot Springs W of Rte 6 and 25	NV	38.18743	-116.37339	2003	77.2	23.5	187	24	53.5	30.7	94			
http://resources.usgin.org/uri-gin/nbmg/thermalspring/NBMG:19718/	Nanny Goat Springs / Hot Springs W of Rte 6 and 25	NV	38.18743	-116.37339	2003	77.2		187	24	53.5	30.7	94	690	3.4	
http://resources.usgin.org/uri-gin/nbmg/thermalspring/NBMG:19718/	Nanny Goat Springs / Hot Springs W of Rte 6 and 25	NV	38.18743	-116.37339	2003										6.4
http://resources.usgin.org/uri-gin/nbmg/thermalspring/NBMG:19720/	Nanny Goat Springs / Hot Springs W of Rte 6 and 25	NV	38.1876	-116.37405	1967	70	23	192	25	48	33	94			
http://resources.usgin.org/uri-gin/nbmg/thermalspring/NBMG:19720/	Nanny Goat Springs / Hot Springs W of Rte 6 and 25	NV	38.1876	-116.37405	1967	70		192	25	48	33	94		3.6	
http://resources.usgin.org/uri-gin/nbmg/thermalspring/NBMG:19720/	Nanny Goat Springs / Hot Springs W of Rte 6 and 25	NV	38.1876	-116.37405	1967	73	17	194	23	50	32	96			
http://resources.usgin.org/uri-gin/nbmg/thermalspring/NBMG:19720/	Nanny Goat Springs / Hot Springs W of Rte 6 and 25	NV	38.1876	-116.37405	1967	73		194	23	50	32	96		30.01	
http://resources.usgin.org/uri-gin/nbmg/thermalspring/NBMG:19720/	Nanny Goat Springs / Hot Springs W of Rte 6 and 25	NV	38.1876	-116.37405	1967										7.3
http://resources.usgin.org/uri-gin/nbmg/thermalspring/NBMG:19720/	Nanny Goat Springs / Hot Springs W of Rte 6 and 25	NV	38.1876	-116.37405	1967										7.4
http://resources.usgin.org/uri-gin/nbmg/thermalspring/NBMG:19721/	Wildhorse Spring	NV	38.19718	-114.60944	1985										7.6
http://resources.usgin.org/uri-gin/nbmg/thermalspring/NBMG:19722/	Cold Spring - Hot Creek Valley	NV	38.2041	-116.17727	1967	28	3.6	68	10	70	13	29			
http://resources.usgin.org/uri-gin/nbmg/thermalspring/NBMG:19722/	Cold Spring - Hot Creek Valley	NV	38.2041	-116.17727	1967	28		68	10	70	13	29		0.9	
http://resources.usgin.org/uri-gin/nbmg/thermalspring/NBMG:19722/	Cold Spring - Hot Creek Valley	NV	38.2041	-116.17727	1967	30	4	72	11	68	13	28			
http://resources.usgin.org/uri-gin/nbmg/thermalspring/NBMG:19722/	Cold Spring - Hot Creek Valley	NV	38.2041	-116.17727	1967	30		72	11	68	13	28		0.8	
http://resources.usgin.org/uri-gin/nbmg/thermalspring/NBMG:19722/	Cold Spring - Hot Creek Valley	NV	38.2041	-116.17727	1967	34	4.5	150	15	64	24	35			
http://resources.usgin.org/uri-gin/nbmg/thermalspring/NBMG:19722/	Cold Spring - Hot Creek Valley	NV	38.2041	-116.17727	1967	34		150	15	64	24	35		1.7	
http://resources.usgin.org/uri-gin/nbmg/thermalspring/NBMG:19722/	Cold Spring - Hot Creek Valley	NV	38.2041	-116.17727	1967	44	5.6	83	13	74	14	31			
http://resources.usgin.org/uri-gin/nbmg/thermalspring/NBMG:19722/	Cold Spring - Hot Creek Valley	NV	38.2041	-116.17727	1967	44		83	13	74	14	31		0.5	
http://resources.usgin.org/uri-gin/nbmg/thermalspring/NBMG:19722/	Cold Spring - Hot Creek Valley	NV	38.2041	-116.17727	1967										7.4
http://resources.usgin.org/uri-gin/nbmg/thermalspring/NBMG:19722/	Cold Spring - Hot Creek Valley	NV	38.2041	-116.17727	1967										7.4
http://resources.usgin.org/uri-gin/nbmg/thermalspring/NBMG:19722/	Cold Spring - Hot Creek Valley	NV	38.2041	-116.17727	1967										7.6
http://resources.usgin.org/uri-gin/nbmg/thermalspring/NBMG:19722/	Cold Spring - Hot Creek Valley	NV	38.2041	-116.17727	1967										7.7
http://resources.usgin.org/uri-gin/nbmg/thermalspring/NBMG:19722/	Cold Spring - Hot Creek Valley	NV	38.2041	-116.17727	1968	29	3.8								
http://resources.usgin.org/uri-gin/nbmg/thermalspring/NBMG:19722/	Cold Spring - Hot Creek Valley	NV	38.2041	-116.17727	1968	29									
http://resources.usgin.org/uri-gin/nbmg/thermalspring/NBMG:19722/	Cold Spring - Hot Creek Valley	NV	38.2041	-116.17727	1968	44	5.1	83	11	57	14	29			
http://resources.usgin.org/uri-gin/nbmg/thermalspring/NBMG:19722/	Cold Spring - Hot Creek Valley	NV	38.2041	-116.17727	1968	44		83	11	57	14	29		0.6	
http://resources.usgin.org/uri-gin/nbmg/thermalspring/NBMG:19722/	Cold Spring - Hot Creek Valley	NV	38.2041	-116.17727	1968										7.7
http://resources.usgin.org/uri-gin/nbmg/thermalspring/NBMG:19722/	Cold Spring - Hot Creek Valley	NV	38.2041	-116.17727	1968										8.2
http://resources.usgin.org/uri-gin/nbmg/thermalspring/NBMG:19725/	Spring WS26 - Teels Marsh	NV	38.21003	-118.38385	1973	17	0.2	420	7	66	263	451			
http://resources.usgin.org/uri-gin/nbmg/thermalspring/NBMG:19725/	Spring WS26 - Teels Marsh	NV	38.21003	-118.38385	1973	17		420	7	66	263	451			
http://resources.usgin.org/uri-gin/nbmg/thermalspring/NBMG:19725/	Spring WS26 - Teels Marsh	NV	38.21003	-118.38385	1973										9
http://resources.usgin.org/uri-gin/nbmg/thermalspring/NBMG:19726/	Spring WS27 - Teels Marsh	NV	38.21062	-118.38515	1973	14	0.19	310	12	70	243	264			
http://resources.usgin.org/uri-gin/nbmg/thermalspring/NBMG:19726/	Spring WS27 - Teels Marsh	NV	38.21062	-118.38515	1973	14		310	12	70	243	264			
http://resources.usgin.org/uri-gin/nbmg/thermalspring/NBMG:19726/	Spring WS27 - Teels Marsh	NV	38.21062	-118.38515	1973										7.2
http://resources.usgin.org/uri-gin/nbmg/thermalspring/NBMG:19727/	Spring WS21 - Little Huntoon Valley	NV	38.21604	-118.44485	1973	23	10	22	13	70	8.5	20			
http://resources.usgin.org/uri-gin/nbmg/thermalspring/NBMG:19727/	Spring WS21 - Little Huntoon Valley	NV	38.21604	-118.44485	1973	23		22	13	70	8.5	20			
http://resources.usgin.org/uri-gin/nbmg/thermalspring/NBMG:19727/	Spring WS21 - Little Huntoon Valley	NV	38.21604	-118.44485	1973										7
http://resources.usgin.org/uri-gin/nbmg/thermalspring/NBMG:19728/	Stone Cabin Ranch Springs	NV	38.21028	-116.63558	1967	23	2.5	26	6.7	76	8.8	20			
http://resources.usgin.org/uri-gin/nbmg/thermalspring/NBMG:19728/	Stone Cabin Ranch Springs	NV	38.21028	-116.63558	1967	23		26	6.7	76	8.8	20		0.4	
http://resources.usgin.org/uri-gin/nbmg/thermalspring/NBMG:19728/	Stone Cabin Ranch Springs	NV	38.21028	-116.63558	1967	25	2.5	27	7.4	75	8.5	22			
http://resources.usgin.org/uri-gin/nbmg/thermalspring/NBMG:19728/	Stone Cabin Ranch Springs	NV	38.21028	-116.63558	1967	25		27	7.4	75	8.5	22		0.5	
http://resources.usgin.org/uri-gin/nbmg/thermalspring/NBMG:19728/	Stone Cabin Ranch Springs	NV	38.21028	-116.63558	1967										7.4
http://resources.usgin.org/uri-gin/nbmg/thermalspring/NBMG:19728/	Stone Cabin Ranch Springs	NV	38.21028	-116.63558	1967										7.5
http://resources.usgin.org/uri-gin/nbmg/thermalspring/NBMG:19729/	Spring WS22 - Little Huntoon Valley	NV	38.21659	-118.45096	1973	23	13	25	12	64	11	21			
http://resources.usgin.org/uri-gin/nbmg/thermalspring/NBMG:19729/	Spring WS22 - Little Huntoon Valley	NV	38.21659	-118.45096	1973	23		25	12	64	11	21			
http://resources.usgin.org/uri-gin/nbmg/thermalspring/NBMG:19729/	Spring WS22 - Little Huntoon Valley	NV	38.21659	-118.45096	1973										7.3
http://resources.usgin.org/uri-gin/nbmg/thermalspring/NBMG:19730/	Fourmile Spring	NV	38.21865	-116.69323	1967	21	1.8	40	6.7	62	10	13			
http://resources.usgin.org/uri-gin/nbmg/thermalspring/NBMG:19730/	Fourmile Spring	NV	38.21865	-116.69323	1967	21		40	6.7	62	10	13		1.1	
http://resources.usgin.org/uri-gin/nbmg/thermalspring/NBMG:19730/	Fourmile Spring	NV	38.21865	-116.69323	1967										7.4
http://resources.usgin.org/uri-gin/nbmg/thermalspring/NBMG:19731/	Spring SS8WS8 2 - Teels Marsh	NV	38.21692	-118.35348	1972	6.1	0.1	322	30	37	360	194			
http://resources.usgin.org/uri-gin/nbmg/thermalspring/NBMG:19731/	Spring SS8WS8 2 - Teels Marsh	NV	38.21692	-118.35348	1972	6.1		322	30	37	360	194			
http://resources.usgin.org/uri-gin/nbmg/thermalspring/NBMG:19731/	Spring SS8WS8 2 - Teels Marsh	NV	38.21692	-118.35348	1972										9.7
http://resources.usgin.org/uri-gin/nbmg/thermalspring/NBMG:19733/	Cane Spring - Hot Creek Valley	NV	38.22494	-116.18579	1967	22	4.2	147	19	89	14	27			
http://resources.usgin.org/uri-gin/nbmg/thermalspring/NBMG:19733/	Cane Spring - Hot Creek Valley	NV	38.22494	-116.18579	1967	22		147	19	89	14	27		2.3	
http://resources.usgin.org/uri-gin/nbmg/thermalspring/NBMG:19733/	Cane Spring - Hot Creek Valley	NV	38.22494	-116.18579	1967										7.5
http://resources.usgin.org/uri-gin/nbmg/thermalspring/NBMG:19733/	Cane Spring - Hot Creek Valley	NV	38.22494	-116.18579	1968	21	4								
http://resources.usgin.org/uri-gin/nbmg/thermalspring/NBMG:19733/	Cane Spring - Hot Creek Valley	NV	38.22494	-116.18579	1968	21									
http://resources.usgin.org/uri-gin/nbmg/thermalspring/NBMG:19733/	Cane Spring - Hot Creek Valley	NV	38.22494	-116.18579	1968										7.8
http://resources.usgin.org/uri-gin/nbmg/thermalspring/NBMG:19734/	Spring WS20 - Little Huntoon Valley	NV	38.23215	-118.49124	1973	19	8.8	25	16	62	7.4	13			
http://resources.usgin.org/uri-gin/nbmg/thermalspring/NBMG:19734/	Spring WS20 - Little Huntoon Valley	NV	38.23215	-118.49124	1973	19		25	16	62	7.4	13			
http://resources.usgin.org/uri-gin/nbmg/thermalspring/NBMG:19734/	Spring WS20 - Little Huntoon Valley	NV	38.23215	-118.49124	1973										7.7
http://resources.usgin.org/uri-gin/nbmg/thermalspring/NBMG:19735/	Warm Spring - Upper Saulsbury Wash	NV	38.24161	-116.82843	1967	25	3.4	66	3.5	70	18	42			
http://resources.usgin.org/uri-gin/nbmg/thermalspring/NBMG:19735/	Warm Spring - Upper Saulsbury Wash	NV	38.24161	-116.82843	1967	25		66	3.5	70	18	42		1.2	
http://resources.usgin.org/uri-gin/nbmg/thermalspring/NBMG:19735/	Warm Spring - Upper Saulsbury Wash	NV	38.24161	-116.82843	1967										7.8
http://resources.usgin.org/uri-gin/nbmg/thermalspring/NBMG:19736/	Milk Spring	NV	38.24077	-116.41075	1967	15	2.4	26	4	55	15	31			
http://resources.usgin.org/uri-gin/nbmg/thermalspring/NBMG:19736/	Milk Spring	NV	38.24077	-116.41075	1967	15		26	4	55	15	31		0.5	
http://resources.usgin.org/uri-gin/nbmg/thermalspring/NBMG:19736/	Milk Spring	NV	38.24077	-116.41075	1967										7
http://resources.usgin.org/uri-gin/nbmg/thermalspring/NBMG:19738/	Sidehill Spring - West Stone Cabin Valley	NV	38.25602	-116.68994	1967	25	4.3	26	5.5	48	9.8	13			
http://resources.usgin.org/uri-gin/nbmg/thermalspring/NBMG:19738/	Sidehill Spring - West Stone Cabin Valley	NV	38.25602	-116.68994	1967	25		26	5.5	48	9.8	13		0.6	
http://resources.usgin.org/uri-gin/nbmg/thermalspring/NBMG:19738/	Sidehill Spring - West Stone Cabin Valley	NV	38.25602	-116.68994	1967										7.3
http://resources.usgin.org/uri-gin/nbmg/thermalspring/NBMG:19739/	Craw Creek Spring	NV	38.25857	-114.43777	1986	42	6.9	12	1.8	46	8.3	7.1			
http://resources.usgin.org/uri-gin/nbmg/thermalspring/NBMG:19739/	Craw Creek Spring	NV	38.25857	-114.43777	1986	42		12	1.8	46	8.3	7.1		0.3	
http://resources.usgin.org/uri-gin/nbmg/thermalspring/NBMG:19739/	Craw Creek Spring	NV	38.25857	-114.43777	1986										7.4
http://resources.usgin.org/uri-gin/nbmg/thermalspring/NBMG:19740/	Spring SS2WS2 - Little Huntoon Valley	NV	38.26081	-118.26899	1972	72	58	30	2	9.2	11	346			
http://resources.usgin.org/uri-gin/nbmg/thermalspring/NBMG:19740/	Spring SS2WS2 - Little Huntoon Valley	NV	38.26081	-118.26899	1972	72		30	2	9.2	11	346			
http://resources.usgin.org/uri-gin/nbmg/thermalspring/NBMG:19740/	Spring SS2WS2 - Little Huntoon Valley	NV	38.26081	-118.26899	1972										7.2
http://resources.usgin.org/uri-gin/nbmg/thermalspring/NBMG:19740/	Spring SS2WS2 - Little Huntoon Valley	NV	38.26081	-118.26899	1973	111	62	30	2	19	10	375			
http://resources.usgin.org/uri-gin/nbmg/thermalspring/NBMG:19740/	Spring SS2WS2 - Little Huntoon Valley	NV	38.26081	-118.26899	1973	111		30	2	19	10	375			
http://resources.usgin.org/uri-gin/nbmg/thermalspring/NBMG:19740/	Spring SS2WS2 - Little Huntoon Valley	NV	38.26081	-118.26899	1973										6.8
http://resources.usgin.org/uri-gin/nbmg/thermalspring/NBMG:19741/	Spring SS1WS1 - Little Huntoon Valley	NV	38.25943	-118.27187	1972	103	92	33	2.8	12	16	528			
http://resources.usgin.org/uri-gin/nbmg/thermalspring/NBMG:19741/	Spring SS1WS1 - Little Huntoon Valley	NV	38.25943	-118.27187	1972	103		33	2.8	12	16	528			
http://resources.usgin.org/uri-gin/nbmg/thermalspring/NBMG:19741/	Spring SS1WS1 - Little Huntoon Valley	NV	38.25943	-118.27187	1972										8
http://resources.usgin.org/uri-gin/nbmg/thermalspring/NBMG:19741/	Spring SS1WS1 - Little Huntoon Valley	NV	38.25943	-118.27187	1973	154	94	33	4.3	24	14	581			
http://resources.usgin.org/uri-gin/nbmg/thermalspring/NBMG:19741/	Spring SS1WS1 - Little Huntoon Valley	NV	38.25943	-118.27187	1973	154		33	4.3	24	14	581			
http://resources.usgin.org/uri-gin/nbmg/thermalspring/NBMG:19741/	Spring SS1WS1 - Little Huntoon Valley	NV	38.25943	-118.27187	1973										8.2
http://resources.usgin.org/uri-gin/nbmg/thermalspring/NBMG:19742/	Spring WS23 - Little Huntoon Valley	NV	38.27206	-118.28393	1973	117	41	83	2.3	39	47	509			
http://resources.usgin.org/uri-gin/nbmg/thermalspring/NBMG:19742/	Spring WS23 - Little Huntoon Valley	NV	38.27206	-118.28393	1973	117		83	2.3	39	47	509			
http://resources.usgin.org/uri-gin/nbmg/thermalspring/NBMG:19742/	Spring WS23 - Little Huntoon Valley	NV	38.27206	-118.28393	1973										6.7
http://resources.usgin.org/uri-gin/nbmg/thermalspring/NBMG:19744/	Point of Rock Spring	NV	38.28799	-116.66955	1967	3.4	0.3	210	0.9	46	20	46			
http://resources.usgin.org/uri-gin/nbmg/thermalspring/NBMG:19744/	Point of Rock Spring	NV	38.28799	-116.66955	1967	3.4		210	0.9	46	20	46		130.01	
http://resources.usgin.org/uri-gin/nbmg/thermalspring/NBMG:19744/	Point of Rock Spring	NV	38.28799	-116.66955	1967										8.4
http://resources.usgin.org/uri-gin/nbmg/thermalspring/NBMG:19745/	Burnt Canyon Spring	NV	38.2894	-114.20971	1985	35	7.7	8.1	0.5	38	5.2	8.2			
http://resources.usgin.org/uri-gin/nbmg/thermalspring/NBMG:19745/	Burnt Canyon Spring	NV	38.2894	-114.20971	1985	35		8.1	0.5	38	5.2	8.2		0.1	
http://resources.usgin.org/uri-gin/nbmg/thermalspring/NBMG:19745/	Burnt Canyon Spring	NV	38.2894	-114.20971	1985										7.6
http://resources.usgin.org/uri-gin/nbmg/thermalspring/NBMG:19746/	Cold Spring - Hot Creek Valley	NV	38.30549	-116.28283	1968	32	11	24	4.9	42	8.1	26			
http://resources.usgin.org/uri-gin/nbmg/thermalspring/NBMG:19746/	Cold Spring - Hot Creek Valley	NV	38.30549	-116.28283	1968	32		24	4.9	42	8.1	26		0.1	
http://resources.usgin.org/uri-gin/nbmg/thermalspring/NBMG:19746/	Cold Spring - Hot Creek Valley	NV	38.30549	-116.28283	1968										8.3
http://resources.usgin.org/uri-gin/nbmg/thermalspring/NBMG:19747/	Indian Spring - Fairview Range	NV	38.30915	-114.65045	1985	38	5.9	17	0.6	46	7.9	12			
http://resources.usgin.org/uri-gin/nbmg/thermalspring/NBMG:19747/	Indian Spring - Fairview Range	NV	38.30915	-114.65045	1985	38		17	0.6	46	7.9	12		0.2	
http://resources.usgin.org/uri-gin/nbmg/thermalspring/NBMG:19747/	Indian Spring - Fairview Range	NV	38.30915	-114.65045	1985										7
http://resources.usgin.org/uri-gin/nbmg/thermalspring/NBMG:19749/	Cold Spring - Monitor Range	NV	38.31938	-116.87035	1967	27	4.1	21	2.5	52	7	17			
http://resources.usgin.org/uri-gin/nbmg/thermalspring/NBMG:19749/	Cold Spring - Monitor Range	NV	38.31938	-116.87035	1967	27		21	2.5	52	7	17		0.4	
http://resources.usgin.org/uri-gin/nbmg/thermalspring/NBMG:19749/	Cold Spring - Monitor Range	NV	38.31938	-116.87035	1967										7.9
http://resources.usgin.org/uri-gin/nbmg/thermalspring/NBMG:19751/	Lower Pony Spring	NV	38.31968	-114.60889	1985	45	2	36	1.1	47	10	8.2			
http://resources.usgin.org/uri-gin/nbmg/thermalspring/NBMG:19751/	Lower Pony Spring	NV	38.31968	-114.60889	1985	45		36	1.1	47	10	8.2		0.1	
http://resources.usgin.org/uri-gin/nbmg/thermalspring/NBMG:19751/	Lower Pony Spring	NV	38.31968	-114.60889	1985										7.9
http://resources.usgin.org/uri-gin/nbmg/thermalspring/NBMG:19758/	Cold Spring - Railroad Valley	NV	38.35324	-115.65983	1967	49	19	6.8	1.2	18	3.3	13			
http://resources.usgin.org/uri-gin/nbmg/thermalspring/NBMG:19758/	Cold Spring - Railroad Valley	NV	38.35324	-115.65983	1967	49		6.8	1.2	18	3.3	13		0.2	
http://resources.usgin.org/uri-gin/nbmg/thermalspring/NBMG:19758/	Cold Spring - Railroad Valley	NV	38.35324	-115.65983	1967										7.9
http://resources.usgin.org/uri-gin/nbmg/thermalspring/NBMG:19758/	Cold Spring - Railroad Valley	NV	38.35324	-115.65983	1968	49	18	7	1.2	19	0.1	10			
http://resources.usgin.org/uri-gin/nbmg/thermalspring/NBMG:19758/	Cold Spring - Railroad Valley	NV	38.35324	-115.65983	1968	49		7	1.2	19	0.1	10		0.1	
http://resources.usgin.org/uri-gin/nbmg/thermalspring/NBMG:19758/	Cold Spring - Railroad Valley	NV	38.35324	-115.65983	1968										7.7
http://resources.usgin.org/uri-gin/nbmg/thermalspring/NBMG:19760/	Big Spring - Grant Range	NV	38.37108	-115.48276	1985	78	7	4.9		9.5	2.1	13			
http://resources.usgin.org/uri-gin/nbmg/thermalspring/NBMG:19760/	Big Spring - Grant Range	NV	38.37108	-115.48276	1985	78		4.9		9.5	2.1	13		0.1	
http://resources.usgin.org/uri-gin/nbmg/thermalspring/NBMG:19760/	Big Spring - Grant Range	NV	38.37108	-115.48276	1985										8.1
http://resources.usgin.org/uri-gin/nbmg/thermalspring/NBMG:19761/	Forest Home Spring	NV	38.37763	-115.37668	1985	62	26	9.9		14	6.9	19			
http://resources.usgin.org/uri-gin/nbmg/thermalspring/NBMG:19761/	Forest Home Spring	NV	38.37763	-115.37668	1985	62		9.9		14	6.9	19		0.1	
http://resources.usgin.org/uri-gin/nbmg/thermalspring/NBMG:19761/	Forest Home Spring	NV	38.37763	-115.37668	1985										7.6
http://resources.usgin.org/uri-gin/nbmg/thermalspring/NBMG:19767/	Warm Spring - Monitor Range	NV	38.41228	-116.71759	1967	8.3	1.1	25	1.3	47	3.9	6.1			
http://resources.usgin.org/uri-gin/nbmg/thermalspring/NBMG:19767/	Warm Spring - Monitor Range	NV	38.41228	-116.71759	1967	8.3		25	1.3	47	3.9	6.1		0.2	
http://resources.usgin.org/uri-gin/nbmg/thermalspring/NBMG:19767/	Warm Spring - Monitor Range	NV	38.41228	-116.71759	1967										6.9
http://resources.usgin.org/uri-gin/nbmg/thermalspring/NBMG:19768/	Sidehill Spring - Cave Valley	NV	38.41606	-114.79612	1979	31		11	0.96		11	11	250		
http://resources.usgin.org/uri-gin/nbmg/thermalspring/NBMG:19768/	Sidehill Spring - Cave Valley	NV	38.41606	-114.79612	1979	31		11	0.96		11	11			
http://resources.usgin.org/uri-gin/nbmg/thermalspring/NBMG:19768/	Sidehill Spring - Cave Valley	NV	38.41606	-114.79612	1979										7.6
http://resources.usgin.org/uri-gin/nbmg/thermalspring/NBMG:19769/	Cold Spring - Monitor Range	NV	38.41995	-116.72281	1967	4.8	0.7	27	0.8	42	3.9	6.3			
http://resources.usgin.org/uri-gin/nbmg/thermalspring/NBMG:19769/	Cold Spring - Monitor Range	NV	38.41995	-116.72281	1967	4.8		27	0.8	42	3.9	6.3		0.2	
http://resources.usgin.org/uri-gin/nbmg/thermalspring/NBMG:19769/	Cold Spring - Monitor Range	NV	38.41995	-116.72281	1967										6.9
http://resources.usgin.org/uri-gin/nbmg/thermalspring/NBMG:19770/	Flag Spring 3 - Flag Springs	NV	38.42134	-115.02307	1984	50	21	10	3.4	26	6.6	12			
http://resources.usgin.org/uri-gin/nbmg/thermalspring/NBMG:19770/	Flag Spring 3 - Flag Springs	NV	38.42134	-115.02307	1984	50		10	3.4	26	6.6	12		0.2	
http://resources.usgin.org/uri-gin/nbmg/thermalspring/NBMG:19770/	Flag Spring 3 - Flag Springs	NV	38.42134	-115.02307	1984										7.5
http://resources.usgin.org/uri-gin/nbmg/thermalspring/NBMG:19771/	Bullwhacker Springs	NV	38.43883	-115.56975	1983						26				
http://resources.usgin.org/uri-gin/nbmg/thermalspring/NBMG:19771/	Bullwhacker Springs	NV	38.43883	-115.56975	1983						26				
http://resources.usgin.org/uri-gin/nbmg/thermalspring/NBMG:19772/	Sunnyside Springs / Butterfield Springs	NV	38.43995	-115.01175	1981	47	22	6	2.5	23	4.7	8			
http://resources.usgin.org/uri-gin/nbmg/thermalspring/NBMG:19772/	Sunnyside Springs / Butterfield Springs	NV	38.43995	-115.01175	1981	47		6	2.5	23	4.7	8		0.1	
http://resources.usgin.org/uri-gin/nbmg/thermalspring/NBMG:19772/	Sunnyside Springs / Butterfield Springs	NV	38.43995	-115.01175	1981										7.3
http://resources.usgin.org/uri-gin/nbmg/thermalspring/NBMG:19773/	Keystone Spring	NV	38.44503	-116.38879	1967	67	30	12	2	17	8.6	68			
http://resources.usgin.org/uri-gin/nbmg/thermalspring/NBMG:19773/	Keystone Spring	NV	38.44503	-116.38879	1967	67		12	2	17	8.6	68		0.2	
http://resources.usgin.org/uri-gin/nbmg/thermalspring/NBMG:19773/	Keystone Spring	NV	38.44503	-116.38879	1967										7.7
http://resources.usgin.org/uri-gin/nbmg/thermalspring/NBMG:19774/	Rattlesnake Spring 2	NV	38.44908	-116.15856	1968	29	6.3								
http://resources.usgin.org/uri-gin/nbmg/thermalspring/NBMG:19774/	Rattlesnake Spring 2	NV	38.44908	-116.15856	1968	29									
http://resources.usgin.org/uri-gin/nbmg/thermalspring/NBMG:19774/	Rattlesnake Spring 2	NV	38.44908	-116.15856	1968										7.9
http://resources.usgin.org/uri-gin/nbmg/thermalspring/NBMG:19780/	Moores Station Spring	NV	38.69126	-116.18499	1967	40	6.7	22	5.4	57	7	17			
http://resources.usgin.org/uri-gin/nbmg/thermalspring/NBMG:19780/	Moores Station Spring	NV	38.69126	-116.18499	1967	40		22	5.4	57	7	17		0.6	
http://resources.usgin.org/uri-gin/nbmg/thermalspring/NBMG:19780/	Moores Station Spring	NV	38.69126	-116.18499	1967										7.3
http://resources.usgin.org/uri-gin/nbmg/thermalspring/NBMG:19784/	Lund Spring	NV	38.84994	-115.00335	1982	56	23	3.8	0.9	11	2.8	11			
http://resources.usgin.org/uri-gin/nbmg/thermalspring/NBMG:19784/	Lund Spring	NV	38.84994	-115.00335	1982	56		3.8	0.9	11	2.8	11		0.1	
http://resources.usgin.org/uri-gin/nbmg/thermalspring/NBMG:19784/	Lund Spring	NV	38.84994	-115.00335	1982										7.5
http://resources.usgin.org/uri-gin/nbmg/thermalspring/NBMG:19803/	Spring 1248 - Carson Range	NV	38.91324	-119.85823	1960						0.3			0.04	
http://resources.usgin.org/uri-gin/nbmg/thermalspring/NBMG:19803/	Spring 1248 - Carson Range	NV	38.91324	-119.85823	1960						0.3				
http://resources.usgin.org/uri-gin/nbmg/thermalspring/NBMG:19803/	Spring 1248 - Carson Range	NV	38.91324	-119.85823	1960										7.4
http://resources.usgin.org/uri-gin/nbmg/thermalspring/NBMG:19809/	Spring 1251 - Carson Range	NV	38.93491	-119.84879	1960						0.6			0.3	
http://resources.usgin.org/uri-gin/nbmg/thermalspring/NBMG:19809/	Spring 1251 - Carson Range	NV	38.93491	-119.84879	1960						0.6				
http://resources.usgin.org/uri-gin/nbmg/thermalspring/NBMG:19809/	Spring 1251 - Carson Range	NV	38.93491	-119.84879	1960										7.3
http://resources.usgin.org/uri-gin/nbmg/thermalspring/NBMG:19810/	Spring 1252 - Carson Range	NV	38.93491	-119.84879	1960						0.2			0.01	
http://resources.usgin.org/uri-gin/nbmg/thermalspring/NBMG:19810/	Spring 1252 - Carson Range	NV	38.93491	-119.84879	1960						0.2				
http://resources.usgin.org/uri-gin/nbmg/thermalspring/NBMG:19810/	Spring 1252 - Carson Range	NV	38.93491	-119.84879	1960										7.4
http://resources.usgin.org/uri-gin/nbmg/thermalspring/NBMG:19811/	Spring 1246 - Carson Range	NV	38.9439	-119.85123	1960						0.5			0.05	
http://resources.usgin.org/uri-gin/nbmg/thermalspring/NBMG:19811/	Spring 1246 - Carson Range	NV	38.9439	-119.85123	1960						0.5				
http://resources.usgin.org/uri-gin/nbmg/thermalspring/NBMG:19811/	Spring 1246 - Carson Range	NV	38.9439	-119.85123	1960										7.9
http://resources.usgin.org/uri-gin/nbmg/thermalspring/NBMG:19812/	Spring 1247 - Carson Range	NV	38.94269	-119.85212	1960						0.8			0	
http://resources.usgin.org/uri-gin/nbmg/thermalspring/NBMG:19812/	Spring 1247 - Carson Range	NV	38.94269	-119.85212	1960						0.8				
http://resources.usgin.org/uri-gin/nbmg/thermalspring/NBMG:19812/	Spring 1247 - Carson Range	NV	38.94269	-119.85212	1960										7.5
http://resources.usgin.org/uri-gin/nbmg/thermalspring/NBMG:19813/	Folsom Spring	NV	38.97364	-119.9356	1959	16	2.3	8.2	2.2	21	0.7	3.3			
http://resources.usgin.org/uri-gin/nbmg/thermalspring/NBMG:19813/	Folsom Spring	NV	38.97364	-119.9356	1959	16		8.2	2.2	21	0.7	3.3	84	0.1	
http://resources.usgin.org/uri-gin/nbmg/thermalspring/NBMG:19813/	Folsom Spring	NV	38.97364	-119.9356	1959										7.15
http://resources.usgin.org/uri-gin/nbmg/thermalspring/NBMG:19813/	Folsom Spring	NV	38.97364	-119.9356	1986	18	2.8	9.4	2.4	21	4.3	2.2			
http://resources.usgin.org/uri-gin/nbmg/thermalspring/NBMG:19813/	Folsom Spring	NV	38.97364	-119.9356	1986	18	2.9	9.6	2.6	21	7.5	1.5			
http://resources.usgin.org/uri-gin/nbmg/thermalspring/NBMG:19813/	Folsom Spring	NV	38.97364	-119.9356	1986	18		9.4	2.4	21	4.3	2.2	89	0.1	
http://resources.usgin.org/uri-gin/nbmg/thermalspring/NBMG:19813/	Folsom Spring	NV	38.97364	-119.9356	1986	18		9.6	2.6	21	7.5	1.5	89	0.1	
http://resources.usgin.org/uri-gin/nbmg/thermalspring/NBMG:19813/	Folsom Spring	NV	38.97364	-119.9356	1986										7.1
http://resources.usgin.org/uri-gin/nbmg/thermalspring/NBMG:19813/	Folsom Spring	NV	38.97364	-119.9356	1986										7.2
http://resources.usgin.org/uri-gin/nbmg/thermalspring/NBMG:19813/	Folsom Spring	NV	38.97364	-119.9356	1987	16	2.7	9	2.5	20	2.9	1.7			
http://resources.usgin.org/uri-gin/nbmg/thermalspring/NBMG:19813/	Folsom Spring	NV	38.97364	-119.9356	1987	16		9	2.5	20	2.9	1.7	89	0.1	
http://resources.usgin.org/uri-gin/nbmg/thermalspring/NBMG:19813/	Folsom Spring	NV	38.97364	-119.9356	1987										7.2
http://resources.usgin.org/uri-gin/nbmg/thermalspring/NBMG:19813/	Folsom Spring	NV	38.97364	-119.9356	1990	15	2.7	9.4	2.4	21	4.4	1.3			
http://resources.usgin.org/uri-gin/nbmg/thermalspring/NBMG:19813/	Folsom Spring	NV	38.97364	-119.9356	1990	15		9.4	2.4	21	4.4	1.3	88	0.1	
http://resources.usgin.org/uri-gin/nbmg/thermalspring/NBMG:19813/	Folsom Spring	NV	38.97364	-119.9356	1990								90	-0.005	
http://resources.usgin.org/uri-gin/nbmg/thermalspring/NBMG:19813/	Folsom Spring	NV	38.97364	-119.9356	1990									0.03	
http://resources.usgin.org/uri-gin/nbmg/thermalspring/NBMG:19813/	Folsom Spring	NV	38.97364	-119.9356	1990										7
http://resources.usgin.org/uri-gin/nbmg/thermalspring/NBMG:19813/	Folsom Spring	NV	38.97364	-119.9356	1990										7.2
http://resources.usgin.org/uri-gin/nbmg/thermalspring/NBMG:19813/	Folsom Spring	NV	38.97364	-119.9356	1990										7.4
http://resources.usgin.org/uri-gin/nbmg/thermalspring/NBMG:19813/	Folsom Spring	NV	38.97364	-119.9356	1991										6.9
http://resources.usgin.org/uri-gin/nbmg/thermalspring/NBMG:19813/	Folsom Spring	NV	38.97364	-119.9356	1991										7
http://resources.usgin.org/uri-gin/nbmg/thermalspring/NBMG:19813/	Folsom Spring	NV	38.97364	-119.9356	1992										7.1
http://resources.usgin.org/uri-gin/nbmg/thermalspring/NBMG:19813/	Folsom Spring	NV	38.97364	-119.9356	1995										7.3
http://resources.usgin.org/uri-gin/nbmg/thermalspring/NBMG:19813/	Folsom Spring	NV	38.97364	-119.9356	1996										6.6
http://resources.usgin.org/uri-gin/nbmg/thermalspring/NBMG:19813/	Folsom Spring	NV	38.97364	-119.9356	1996										7.5
http://resources.usgin.org/uri-gin/nbmg/thermalspring/NBMG:19813/	Folsom Spring	NV	38.97364	-119.9356	1997										7.3
http://resources.usgin.org/uri-gin/nbmg/thermalspring/NBMG:19813/	Folsom Spring	NV	38.97364	-119.9356	1997										7.5
http://resources.usgin.org/uri-gin/nbmg/thermalspring/NBMG:19813/	Folsom Spring	NV	38.97364	-119.9356	1998										6.5
http://resources.usgin.org/uri-gin/nbmg/thermalspring/NBMG:19813/	Folsom Spring	NV	38.97364	-119.9356	1999										7.4
http://resources.usgin.org/uri-gin/nbmg/thermalspring/NBMG:19813/	Folsom Spring	NV	38.97364	-119.9356	1999										7.6
http://resources.usgin.org/uri-gin/nbmg/thermalspring/NBMG:19813/	Folsom Spring	NV	38.97364	-119.9356	2000										7.5
http://resources.usgin.org/uri-gin/nbmg/thermalspring/NBMG:19813/	Folsom Spring	NV	38.97364	-119.9356	2001										6.9
http://resources.usgin.org/uri-gin/nbmg/thermalspring/NBMG:19813/	Folsom Spring	NV	38.97364	-119.9356	2002										6.9
http://resources.usgin.org/uri-gin/nbmg/thermalspring/NBMG:19814/	Walleys Hot Springs / Genoa Hot Springs	NV	38.9813	-119.83296	1959						46			0.01	
http://resources.usgin.org/uri-gin/nbmg/thermalspring/NBMG:19814/	Walleys Hot Springs / Genoa Hot Springs	NV	38.9813	-119.83296	1959						46				
http://resources.usgin.org/uri-gin/nbmg/thermalspring/NBMG:19814/	Walleys Hot Springs / Genoa Hot Springs	NV	38.9813	-119.83296	1959										9
http://resources.usgin.org/uri-gin/nbmg/thermalspring/NBMG:19814/	Walleys Hot Springs / Genoa Hot Springs	NV	38.9813	-119.83296	1961	9.7					46		13		
http://resources.usgin.org/uri-gin/nbmg/thermalspring/NBMG:19814/	Walleys Hot Springs / Genoa Hot Springs	NV	38.9813	-119.83296	1961	9.7					46				
http://resources.usgin.org/uri-gin/nbmg/thermalspring/NBMG:19814/	Walleys Hot Springs / Genoa Hot Springs	NV	38.9813	-119.83296	1961										9.02
http://resources.usgin.org/uri-gin/nbmg/thermalspring/NBMG:19814/	Walleys Hot Springs / Genoa Hot Springs	NV	38.9813	-119.83296	1974	10	0.01	145	3.6	58	44	235			
http://resources.usgin.org/uri-gin/nbmg/thermalspring/NBMG:19814/	Walleys Hot Springs / Genoa Hot Springs	NV	38.9813	-119.83296	1974	10		145	3.6	58	44	235		4.9	
http://resources.usgin.org/uri-gin/nbmg/thermalspring/NBMG:19814/	Walleys Hot Springs / Genoa Hot Springs	NV	38.9813	-119.83296	1974										8.8
http://resources.usgin.org/uri-gin/nbmg/thermalspring/NBMG:19814/	Walleys Hot Springs / Genoa Hot Springs	NV	38.9813	-119.83296	1978	9.3	0.11	130	2.8	61	38	90			
http://resources.usgin.org/uri-gin/nbmg/thermalspring/NBMG:19814/	Walleys Hot Springs / Genoa Hot Springs	NV	38.9813	-119.83296	1978	9.3		130	2.8	61	38	90		0.03	
http://resources.usgin.org/uri-gin/nbmg/thermalspring/NBMG:19814/	Walleys Hot Springs / Genoa Hot Springs	NV	38.9813	-119.83296	1978										9.2
http://resources.usgin.org/uri-gin/nbmg/thermalspring/NBMG:19818/	Zephyr Fen Spring	NV	39.01991	-119.90435	1986	12	2.4	5.5	2	18	0.5	1.1			
http://resources.usgin.org/uri-gin/nbmg/thermalspring/NBMG:19818/	Zephyr Fen Spring	NV	39.01991	-119.90435	1986	12		5.5	2	18	0.5	1.1		0.1	
http://resources.usgin.org/uri-gin/nbmg/thermalspring/NBMG:19818/	Zephyr Fen Spring	NV	39.01991	-119.90435	1986										7.6
http://resources.usgin.org/uri-gin/nbmg/thermalspring/NBMG:19832/	Spring 1331 - Carson Range	NV	39.10269	-119.88379	1960						0.3			0.01	
http://resources.usgin.org/uri-gin/nbmg/thermalspring/NBMG:19832/	Spring 1331 - Carson Range	NV	39.10269	-119.88379	1960						0.3				
http://resources.usgin.org/uri-gin/nbmg/thermalspring/NBMG:19832/	Spring 1331 - Carson Range	NV	39.10269	-119.88379	1960										7.2
http://resources.usgin.org/uri-gin/nbmg/thermalspring/NBMG:19838/	Spring 1132 - Carson Range	NV	39.11019	-119.88379	1959						0.1			0.01	
http://resources.usgin.org/uri-gin/nbmg/thermalspring/NBMG:19838/	Spring 1132 - Carson Range	NV	39.11019	-119.88379	1959						0.1				
http://resources.usgin.org/uri-gin/nbmg/thermalspring/NBMG:19838/	Spring 1132 - Carson Range	NV	39.11019	-119.88379	1959										7.5
http://resources.usgin.org/uri-gin/nbmg/thermalspring/NBMG:19839/	Monitor Spring / Spring 1226	NV	39.1181	-119.87353	1959						0.4			0.02	
http://resources.usgin.org/uri-gin/nbmg/thermalspring/NBMG:19839/	Monitor Spring / Spring 1226	NV	39.1181	-119.87353	1959						0.4				
http://resources.usgin.org/uri-gin/nbmg/thermalspring/NBMG:19839/	Monitor Spring / Spring 1226	NV	39.1181	-119.87353	1959										7.1
http://resources.usgin.org/uri-gin/nbmg/thermalspring/NBMG:19839/	Monitor Spring / Spring 1226	NV	39.1181	-119.87353	1960						0.2			0.01	
http://resources.usgin.org/uri-gin/nbmg/thermalspring/NBMG:19839/	Monitor Spring / Spring 1226	NV	39.1181	-119.87353	1960						0.2				
http://resources.usgin.org/uri-gin/nbmg/thermalspring/NBMG:19839/	Monitor Spring / Spring 1226	NV	39.1181	-119.87353	1960										8.2
http://resources.usgin.org/uri-gin/nbmg/thermalspring/NBMG:19841/	Cold Spring - Carson Range	NV	39.12213	-119.82074	1989								93		
http://resources.usgin.org/uri-gin/nbmg/thermalspring/NBMG:19841/	Cold Spring - Carson Range	NV	39.12213	-119.82074	1989										6.7
http://resources.usgin.org/uri-gin/nbmg/thermalspring/NBMG:19842/	Upper Spring - Kings Canyon	NV	39.13713	-119.84435	1989								85		
http://resources.usgin.org/uri-gin/nbmg/thermalspring/NBMG:19842/	Upper Spring - Kings Canyon	NV	39.13713	-119.84435	1989										6.9
http://resources.usgin.org/uri-gin/nbmg/thermalspring/NBMG:19843/	Badger Spring	NV	39.1416	-119.64993	1989	74	18	27	4	31	5.8	140			
http://resources.usgin.org/uri-gin/nbmg/thermalspring/NBMG:19843/	Badger Spring	NV	39.1416	-119.64993	1989	74		27	4	31	5.8	140	168		
http://resources.usgin.org/uri-gin/nbmg/thermalspring/NBMG:19843/	Badger Spring	NV	39.1416	-119.64993	1989										6.6
http://resources.usgin.org/uri-gin/nbmg/thermalspring/NBMG:19844/	Cold Spring - Carson Range	NV	39.14602	-119.8224	1989	16	4.9	7.1	3.2	23	0.5	5			
http://resources.usgin.org/uri-gin/nbmg/thermalspring/NBMG:19844/	Cold Spring - Carson Range	NV	39.14602	-119.8224	1989	16		7.1	3.2	23	0.5	5	89		
http://resources.usgin.org/uri-gin/nbmg/thermalspring/NBMG:19844/	Cold Spring - Carson Range	NV	39.14602	-119.8224	1989										6.8
http://resources.usgin.org/uri-gin/nbmg/thermalspring/NBMG:19845/	Secret Seep Spring	NV	39.15102	-119.92935	1987	15	3.1	8.7	2.7	31	7.3	3.1			
http://resources.usgin.org/uri-gin/nbmg/thermalspring/NBMG:19845/	Secret Seep Spring	NV	39.15102	-119.92935	1987	15		8.7	2.7	31	7.3	3.1		0.1	
http://resources.usgin.org/uri-gin/nbmg/thermalspring/NBMG:19845/	Secret Seep Spring	NV	39.15102	-119.92935	1987										7.2
http://resources.usgin.org/uri-gin/nbmg/thermalspring/NBMG:19846/	Murry Spring	NV	39.22919	-114.90079	1983	46	18	3.6	0.7	8.9	2.6	11			
http://resources.usgin.org/uri-gin/nbmg/thermalspring/NBMG:19846/	Murry Spring	NV	39.22919	-114.90079	1983	46		3.6	0.7	8.9	2.6	11		0.1	
http://resources.usgin.org/uri-gin/nbmg/thermalspring/NBMG:19846/	Murry Spring	NV	39.22919	-114.90079	1983										7.7
http://resources.usgin.org/uri-gin/nbmg/thermalspring/NBMG:19846/	Murry Spring	NV	39.22919	-114.90079	2003	45.1	17.2	3.54	0.76	9.21	3.37	10.6			
http://resources.usgin.org/uri-gin/nbmg/thermalspring/NBMG:19846/	Murry Spring	NV	39.22919	-114.90079	2003	45.1		3.54	0.76	9.21	3.37	10.6	220	0.2	
http://resources.usgin.org/uri-gin/nbmg/thermalspring/NBMG:19846/	Murry Spring	NV	39.22919	-114.90079	2003										7.6
http://resources.usgin.org/uri-gin/nbmg/thermalspring/NBMG:19848/	Washoe Lake Spring (lakebed)	NV	39.26685	-119.78657	1991					67	6.1	-0.1		0.7	
http://resources.usgin.org/uri-gin/nbmg/thermalspring/NBMG:19848/	Washoe Lake Spring (lakebed)	NV	39.26685	-119.78657	1991					67	6.1	-0.1			
http://resources.usgin.org/uri-gin/nbmg/thermalspring/NBMG:19848/	Washoe Lake Spring (lakebed)	NV	39.26685	-119.78657	1991										6.4
http://resources.usgin.org/uri-gin/nbmg/thermalspring/NBMG:19848/	Washoe Lake Spring (lakebed)	NV	39.26685	-119.78657	1992										7.2
http://resources.usgin.org/uri-gin/nbmg/thermalspring/NBMG:19850/	Cold Spring - Virginia Range	NV	39.28325	-119.68351	1989	81	15	16	1.5	18	3.6	29			
http://resources.usgin.org/uri-gin/nbmg/thermalspring/NBMG:19850/	Cold Spring - Virginia Range	NV	39.28325	-119.68351	1989	81		16	1.5	18	3.6	29	260		
http://resources.usgin.org/uri-gin/nbmg/thermalspring/NBMG:19850/	Cold Spring - Virginia Range	NV	39.28325	-119.68351	1989										7.2
http://resources.usgin.org/uri-gin/nbmg/thermalspring/NBMG:19851/	Bowers Mansion Supply Spring	NV	39.2863	-119.8688	1989	7.6	1.8	6	1.6	29	0.2	-1			
http://resources.usgin.org/uri-gin/nbmg/thermalspring/NBMG:19851/	Bowers Mansion Supply Spring	NV	39.2863	-119.8688	1989	7.6		6	1.6	29	0.2	-1	50		
http://resources.usgin.org/uri-gin/nbmg/thermalspring/NBMG:19851/	Bowers Mansion Supply Spring	NV	39.2863	-119.8688	1989										6.6
http://resources.usgin.org/uri-gin/nbmg/thermalspring/NBMG:19855/	Corral Spring 1 - Carson Lake Hot Springs	NV	39.35633	-118.66428	1987	70	2.9	1400	32	120	2200	62			
http://resources.usgin.org/uri-gin/nbmg/thermalspring/NBMG:19855/	Corral Spring 1 - Carson Lake Hot Springs	NV	39.35633	-118.66428	1987	70		1400	32	120	2200	62		0.5	
http://resources.usgin.org/uri-gin/nbmg/thermalspring/NBMG:19855/	Corral Spring 1 - Carson Lake Hot Springs	NV	39.35633	-118.66428	1987										6.6
http://resources.usgin.org/uri-gin/nbmg/thermalspring/NBMG:19855/	Corral Spring 1 - Carson Lake Hot Springs	NV	39.35633	-118.66428	2003	71.7	3.78	1250	34.5	128	2090	54.7			
http://resources.usgin.org/uri-gin/nbmg/thermalspring/NBMG:19855/	Corral Spring 1 - Carson Lake Hot Springs	NV	39.35633	-118.66428	2003	71.7		1250	34.5	128	2090	54.7	158	1.8	
http://resources.usgin.org/uri-gin/nbmg/thermalspring/NBMG:19855/	Corral Spring 1 - Carson Lake Hot Springs	NV	39.35633	-118.66428	2003										7.1
http://resources.usgin.org/uri-gin/nbmg/thermalspring/NBMG:19873/	Washoe County Desert Springs Well 2	NV	39.62824	-119.72102	1991										7.9
http://resources.usgin.org/uri-gin/nbmg/thermalspring/NBMG:19877/	Timber Lake	NV	39.65992	-118.65154	1987	2.8	0.96	520	7.1	47	370	97			
http://resources.usgin.org/uri-gin/nbmg/thermalspring/NBMG:19877/	Timber Lake	NV	39.65992	-118.65154	1987	2.8		520	7.1	47	370	97		1.9	
http://resources.usgin.org/uri-gin/nbmg/thermalspring/NBMG:19877/	Timber Lake	NV	39.65992	-118.65154	1987										8.6
http://resources.usgin.org/uri-gin/nbmg/thermalspring/NBMG:19880/	Hot Well - Bradys Hot Springs / Springers Hot Springs / Fernley Hot Springs / Nightingale Hot Springs	NV	39.78324	-119.00544	1966	33		813	6	190	986	336		5	
http://resources.usgin.org/uri-gin/nbmg/thermalspring/NBMG:19880/	Hot Well - Bradys Hot Springs / Springers Hot Springs / Fernley Hot Springs / Nightingale Hot Springs	NV	39.78324	-119.00544	1966	33		813	6	190	986	336			
http://resources.usgin.org/uri-gin/nbmg/thermalspring/NBMG:19880/	Hot Well - Bradys Hot Springs / Springers Hot Springs / Fernley Hot Springs / Nightingale Hot Springs	NV	39.78324	-119.00544	1966	9		277		49	352				
http://resources.usgin.org/uri-gin/nbmg/thermalspring/NBMG:19880/	Hot Well - Bradys Hot Springs / Springers Hot Springs / Fernley Hot Springs / Nightingale Hot Springs	NV	39.78324	-119.00544	1966	9		277		49	352				
http://resources.usgin.org/uri-gin/nbmg/thermalspring/NBMG:19880/	Hot Well - Bradys Hot Springs / Springers Hot Springs / Fernley Hot Springs / Nightingale Hot Springs	NV	39.78324	-119.00544	1966										5.5
http://resources.usgin.org/uri-gin/nbmg/thermalspring/NBMG:19880/	Hot Well - Bradys Hot Springs / Springers Hot Springs / Fernley Hot Springs / Nightingale Hot Springs	NV	39.78324	-119.00544	1966										8.8
http://resources.usgin.org/uri-gin/nbmg/thermalspring/NBMG:19881/	Hot Well - Bradys Hot Springs / Springers Hot Springs / Fernley Hot Springs / Nightingale Hot Springs	NV	39.79074	-119.01711	1966	14		738	5	166	834	282		-1	
http://resources.usgin.org/uri-gin/nbmg/thermalspring/NBMG:19881/	Hot Well - Bradys Hot Springs / Springers Hot Springs / Fernley Hot Springs / Nightingale Hot Springs	NV	39.79074	-119.01711	1966	14		738	5	166	834	282			
http://resources.usgin.org/uri-gin/nbmg/thermalspring/NBMG:19881/	Hot Well - Bradys Hot Springs / Springers Hot Springs / Fernley Hot Springs / Nightingale Hot Springs	NV	39.79074	-119.01711	1966										6.4
http://resources.usgin.org/uri-gin/nbmg/thermalspring/NBMG:19882/	Cold Spring - Pah Rah Range	NV	39.82948	-119.4778	1967	27	13	14	1.4	44	3.6	22			
http://resources.usgin.org/uri-gin/nbmg/thermalspring/NBMG:19882/	Cold Spring - Pah Rah Range	NV	39.82948	-119.4778	1967	27		14	1.4	44	3.6	22			
http://resources.usgin.org/uri-gin/nbmg/thermalspring/NBMG:19882/	Cold Spring - Pah Rah Range	NV	39.82948	-119.4778	1967										8
http://resources.usgin.org/uri-gin/nbmg/thermalspring/NBMG:19883/	Mullen Pass Spring	NV	39.86282	-119.61699	1970	122	21				16	292			
http://resources.usgin.org/uri-gin/nbmg/thermalspring/NBMG:19883/	Mullen Pass Spring	NV	39.86282	-119.61699	1970	122					16	292			
http://resources.usgin.org/uri-gin/nbmg/thermalspring/NBMG:19883/	Mullen Pass Spring	NV	39.86282	-119.61699	1970										7.8
http://resources.usgin.org/uri-gin/nbmg/thermalspring/NBMG:19884/	Hardscrabble Creek Spring	NV	39.94317	-119.67637	1967	24	7.1				2.6	6.1			
http://resources.usgin.org/uri-gin/nbmg/thermalspring/NBMG:19884/	Hardscrabble Creek Spring	NV	39.94317	-119.67637	1967	24					2.6	6.1			
http://resources.usgin.org/uri-gin/nbmg/thermalspring/NBMG:19884/	Hardscrabble Creek Spring	NV	39.94317	-119.67637	1967										8.2
http://resources.usgin.org/uri-gin/nbmg/thermalspring/NBMG:19885/	Toy Spring	NV	40.01741	-118.6696	1992	5.7	6.5	1700	21		1900	400			
http://resources.usgin.org/uri-gin/nbmg/thermalspring/NBMG:19885/	Toy Spring	NV	40.01741	-118.6696	1992	5.7		1700	21		1900	400		5.6	
http://resources.usgin.org/uri-gin/nbmg/thermalspring/NBMG:19885/	Toy Spring	NV	40.01741	-118.6696	1992										8.6
http://resources.usgin.org/uri-gin/nbmg/thermalspring/NBMG:19893/	Cave Creek Spring	NV	40.20179	-115.49608	2002	36.3	10.5	1.43	0.36	5.75	1.08	2.6			
http://resources.usgin.org/uri-gin/nbmg/thermalspring/NBMG:19893/	Cave Creek Spring	NV	40.20179	-115.49608	2002	36.3		1.43	0.36	5.75	1.08	2.6	172	0.1	
http://resources.usgin.org/uri-gin/nbmg/thermalspring/NBMG:19893/	Cave Creek Spring	NV	40.20179	-115.49608	2002										8.1
http://resources.usgin.org/uri-gin/nbmg/thermalspring/NBMG:199/	MacFarlanes Bath House Spring / MacFarlanes Hot Spring / MacFarlanes Bathhouse Hot Spring	NV	41.05094	-118.71876	1982	43	11	1350	28	82	870	210			
http://resources.usgin.org/uri-gin/nbmg/thermalspring/NBMG:199/	MacFarlanes Bath House Spring / MacFarlanes Hot Spring / MacFarlanes Bathhouse Hot Spring	NV	41.05094	-118.71876	1982	43		1350	28	82	870	210	2050	2.6	
http://resources.usgin.org/uri-gin/nbmg/thermalspring/NBMG:199/	MacFarlanes Bath House Spring / MacFarlanes Hot Spring / MacFarlanes Bathhouse Hot Spring	NV	41.05094	-118.71876	1982										6.61
http://resources.usgin.org/uri-gin/nbmg/thermalspring/NBMG:199/	MacFarlanes Bath House Spring / MacFarlanes Hot Spring / MacFarlanes Bathhouse Hot Spring	NV	41.05094	-118.71876	2002	30.8	10.6	1260	33.3	98	921	239			
http://resources.usgin.org/uri-gin/nbmg/thermalspring/NBMG:199/	MacFarlanes Bath House Spring / MacFarlanes Hot Spring / MacFarlanes Bathhouse Hot Spring	NV	41.05094	-118.71876	2002	30.8		1260	33.3	98	921	239	1790	1.91	
http://resources.usgin.org/uri-gin/nbmg/thermalspring/NBMG:199/	MacFarlanes Bath House Spring / MacFarlanes Hot Spring / MacFarlanes Bathhouse Hot Spring	NV	41.05094	-118.71876	2002										6.92
http://resources.usgin.org/uri-gin/nbmg/thermalspring/NBMG:19916/	Primeaux Springs	NV	40.64964	-116.29953	1991	52	13	38	4.5	53	58	20			
http://resources.usgin.org/uri-gin/nbmg/thermalspring/NBMG:19916/	Primeaux Springs	NV	40.64964	-116.29953	1991	52		38	4.5	53	58	20	195	0.5	
http://resources.usgin.org/uri-gin/nbmg/thermalspring/NBMG:19916/	Primeaux Springs	NV	40.64964	-116.29953	1991										7.1
http://resources.usgin.org/uri-gin/nbmg/thermalspring/NBMG:19919/	Rye Patch Spring - Carlin	NV	40.68075	-116.07619		81	40	37	5.5	19	22.7	146			
http://resources.usgin.org/uri-gin/nbmg/thermalspring/NBMG:19919/	Rye Patch Spring - Carlin	NV	40.68075	-116.07619		81		37	5.5	19	22.7	146	321.4	0.55	
http://resources.usgin.org/uri-gin/nbmg/thermalspring/NBMG:19919/	Rye Patch Spring - Carlin	NV	40.68075	-116.07619											7.6
http://resources.usgin.org/uri-gin/nbmg/thermalspring/NBMG:19920/	Tyrol Spring / Long John Warm Spring	NV	40.68441	-116.15431	1990	43	8.8	27	7.6	67	17	38			
http://resources.usgin.org/uri-gin/nbmg/thermalspring/NBMG:19920/	Tyrol Spring / Long John Warm Spring	NV	40.68441	-116.15431	1990	43		27	7.6	67	17	38	180	0.5	
http://resources.usgin.org/uri-gin/nbmg/thermalspring/NBMG:19920/	Tyrol Spring / Long John Warm Spring	NV	40.68441	-116.15431	1990										7.5
http://resources.usgin.org/uri-gin/nbmg/thermalspring/NBMG:19920/	Tyrol Spring / Long John Warm Spring	NV	40.68441	-116.15431		42	9.6	28	10	68	17	40			
http://resources.usgin.org/uri-gin/nbmg/thermalspring/NBMG:19920/	Tyrol Spring / Long John Warm Spring	NV	40.68441	-116.15431		42		28	10	68	17	40	178.4	0.54	
http://resources.usgin.org/uri-gin/nbmg/thermalspring/NBMG:19920/	Tyrol Spring / Long John Warm Spring	NV	40.68441	-116.15431											7.7
http://resources.usgin.org/uri-gin/nbmg/thermalspring/NBMG:19922/	Carlin Spring / SP Spring	NV	40.7135	-116.12884	1989	47	12	27	8.5	54	15	46			
http://resources.usgin.org/uri-gin/nbmg/thermalspring/NBMG:19922/	Carlin Spring / SP Spring	NV	40.7135	-116.12884	1989	47		27	8.5	54	15	46	195	0.4	
http://resources.usgin.org/uri-gin/nbmg/thermalspring/NBMG:19922/	Carlin Spring / SP Spring	NV	40.7135	-116.12884	1989										7.5
http://resources.usgin.org/uri-gin/nbmg/thermalspring/NBMG:19922/	Carlin Spring / SP Spring	NV	40.7135	-116.12884	1990	46	12	28	8.4	53	18	45			
http://resources.usgin.org/uri-gin/nbmg/thermalspring/NBMG:19922/	Carlin Spring / SP Spring	NV	40.7135	-116.12884	1990	46		28	8.4	53	18	45	200	0.2	
http://resources.usgin.org/uri-gin/nbmg/thermalspring/NBMG:19922/	Carlin Spring / SP Spring	NV	40.7135	-116.12884	1990										7
http://resources.usgin.org/uri-gin/nbmg/thermalspring/NBMG:19922/	Carlin Spring / SP Spring	NV	40.7135	-116.12884		48	12.1	28	9.7	55	15.9	46			
http://resources.usgin.org/uri-gin/nbmg/thermalspring/NBMG:19922/	Carlin Spring / SP Spring	NV	40.7135	-116.12884		48		28	9.7	55	15.9	46	196.6	0.42	
http://resources.usgin.org/uri-gin/nbmg/thermalspring/NBMG:19922/	Carlin Spring / SP Spring	NV	40.7135	-116.12884											7.5
http://resources.usgin.org/uri-gin/nbmg/thermalspring/NBMG:19934/	Brahma Corral Spring	NV	40.88713	-116.28036	1990	8.5	1.9	10	2.3	26	3.9	5.7			
http://resources.usgin.org/uri-gin/nbmg/thermalspring/NBMG:19934/	Brahma Corral Spring	NV	40.88713	-116.28036	1990	8.5		10	2.3	26	3.9	5.7	51	0.1	
http://resources.usgin.org/uri-gin/nbmg/thermalspring/NBMG:19934/	Brahma Corral Spring	NV	40.88713	-116.28036	1990										6.6
http://resources.usgin.org/uri-gin/nbmg/thermalspring/NBMG:19936/	S Black Rock Hot Springs	NV	40.92494	-119.0146	1980	40	31	3000	120	59	2600	560			
http://resources.usgin.org/uri-gin/nbmg/thermalspring/NBMG:19936/	S Black Rock Hot Springs	NV	40.92494	-119.0146	1980	40		3000	120	59	2600	560		6.2	
http://resources.usgin.org/uri-gin/nbmg/thermalspring/NBMG:19936/	S Black Rock Hot Springs	NV	40.92494	-119.0146	1980										8.2
http://resources.usgin.org/uri-gin/nbmg/thermalspring/NBMG:19937/	Simon Spring	NV	40.91547	-116.30981	1990	160	60	120	7.2	17	180	400			
http://resources.usgin.org/uri-gin/nbmg/thermalspring/NBMG:19937/	Simon Spring	NV	40.91547	-116.30981	1990	160		120	7.2	17	180	400	270	0.6	
http://resources.usgin.org/uri-gin/nbmg/thermalspring/NBMG:19937/	Simon Spring	NV	40.91547	-116.30981	1990										6.6
http://resources.usgin.org/uri-gin/nbmg/thermalspring/NBMG:19941/	S Black Rock Hot Springs	NV	40.95313	-119.00061	1980	23	4.7	420	26	53	570	180			
http://resources.usgin.org/uri-gin/nbmg/thermalspring/NBMG:19941/	S Black Rock Hot Springs	NV	40.95313	-119.00061	1980	23		420	26	53	570	180		1.1	
http://resources.usgin.org/uri-gin/nbmg/thermalspring/NBMG:19941/	S Black Rock Hot Springs	NV	40.95313	-119.00061	1980										8.2
http://resources.usgin.org/uri-gin/nbmg/thermalspring/NBMG:19944/	Golconda Hot Springs / Segerstroms Hot Springs	NV	40.96101	-117.49429	1978	34	6.6	130	20	145	20.5	48			
http://resources.usgin.org/uri-gin/nbmg/thermalspring/NBMG:19944/	Golconda Hot Springs / Segerstroms Hot Springs	NV	40.96101	-117.49429	1978	34		130	20	145	20.5	48		-0.03	
http://resources.usgin.org/uri-gin/nbmg/thermalspring/NBMG:19944/	Golconda Hot Springs / Segerstroms Hot Springs	NV	40.96101	-117.49429	1978										7.8
http://resources.usgin.org/uri-gin/nbmg/thermalspring/NBMG:19945/	Golconda Hot Springs / Segerstroms Hot Springs	NV	40.96167	-117.49436	1977	36	7.6	150	23	57	23	60			
http://resources.usgin.org/uri-gin/nbmg/thermalspring/NBMG:19945/	Golconda Hot Springs / Segerstroms Hot Springs	NV	40.96167	-117.49436	1977	36		150	23	57	23	60		2.3	
http://resources.usgin.org/uri-gin/nbmg/thermalspring/NBMG:19945/	Golconda Hot Springs / Segerstroms Hot Springs	NV	40.96167	-117.49436	1977										7
http://resources.usgin.org/uri-gin/nbmg/thermalspring/NBMG:19948/	Black Rock Hot Springs Well Deephole 1	NV	40.97379	-119.00795	1980	14	3	460	14	68	180	130			
http://resources.usgin.org/uri-gin/nbmg/thermalspring/NBMG:19948/	Black Rock Hot Springs Well Deephole 1	NV	40.97379	-119.00795	1980	14		460	14	68	180	130		9.4	
http://resources.usgin.org/uri-gin/nbmg/thermalspring/NBMG:19948/	Black Rock Hot Springs Well Deephole 1	NV	40.97379	-119.00795	1980										7.5
http://resources.usgin.org/uri-gin/nbmg/thermalspring/NBMG:19952/	Spring 4 Orifice A - Casey Springs / Casey Hot Springs	NV	41.00323	-119.01484	1980	24	2.1	330	16	110	210	160			
http://resources.usgin.org/uri-gin/nbmg/thermalspring/NBMG:19952/	Spring 4 Orifice A - Casey Springs / Casey Hot Springs	NV	41.00323	-119.01484	1980	24		330	16	110	210	160		0.01	
http://resources.usgin.org/uri-gin/nbmg/thermalspring/NBMG:19952/	Spring 4 Orifice A - Casey Springs / Casey Hot Springs	NV	41.00323	-119.01484	1980										7.3
http://resources.usgin.org/uri-gin/nbmg/thermalspring/NBMG:19953/	Spring 3 Orifice G - W Black Rock Range	NV	41.0124	-119.01629	1980	25	3.6	300	15	54	160	140			
http://resources.usgin.org/uri-gin/nbmg/thermalspring/NBMG:19953/	Spring 3 Orifice G - W Black Rock Range	NV	41.0124	-119.01629	1980	25		300	15	54	160	140		9.4	
http://resources.usgin.org/uri-gin/nbmg/thermalspring/NBMG:19953/	Spring 3 Orifice G - W Black Rock Range	NV	41.0124	-119.01629	1980										7.1
http://resources.usgin.org/uri-gin/nbmg/thermalspring/NBMG:19954/	Spring 3 Orifice A - W Black Rock Range	NV	41.01519	-119.01621	1980	19	2.4	270	11	80	120	150			
http://resources.usgin.org/uri-gin/nbmg/thermalspring/NBMG:19954/	Spring 3 Orifice A - W Black Rock Range	NV	41.01519	-119.01621	1980	19		270	11	80	120	150		0.01	
http://resources.usgin.org/uri-gin/nbmg/thermalspring/NBMG:19954/	Spring 3 Orifice A - W Black Rock Range	NV	41.01519	-119.01621	1980										7.3
http://resources.usgin.org/uri-gin/nbmg/thermalspring/NBMG:19957/	Spring 2 Orifice E - W Black Rock Range	NV	41.02347	-119.01551	1980	9.4	0.5	240	10	130	84	160			
http://resources.usgin.org/uri-gin/nbmg/thermalspring/NBMG:19957/	Spring 2 Orifice E - W Black Rock Range	NV	41.02347	-119.01551	1980	9.4		240	10	130	84	160		0.01	
http://resources.usgin.org/uri-gin/nbmg/thermalspring/NBMG:19957/	Spring 2 Orifice E - W Black Rock Range	NV	41.02347	-119.01551	1980										7.9
http://resources.usgin.org/uri-gin/nbmg/thermalspring/NBMG:19958/	Cold Spring - Black Rock Desert	NV	41.04129	-119.14824	1980	59	15	55	20	77	100	69			
http://resources.usgin.org/uri-gin/nbmg/thermalspring/NBMG:19958/	Cold Spring - Black Rock Desert	NV	41.04129	-119.14824	1980	59		55	20	77	100	69		0.4	
http://resources.usgin.org/uri-gin/nbmg/thermalspring/NBMG:19958/	Cold Spring - Black Rock Desert	NV	41.04129	-119.14824	1980										7.5
http://resources.usgin.org/uri-gin/nbmg/thermalspring/NBMG:19959/	Donna Schee Spring / Dunwisher Spring	NV	41.04507	-118.45216	1961	101	24	106	8.3	44	214	114			
http://resources.usgin.org/uri-gin/nbmg/thermalspring/NBMG:19959/	Donna Schee Spring / Dunwisher Spring	NV	41.04507	-118.45216	1961	101		106	8.3	44	214	114		0.2	
http://resources.usgin.org/uri-gin/nbmg/thermalspring/NBMG:19959/	Donna Schee Spring / Dunwisher Spring	NV	41.04507	-118.45216	1961										7.2
http://resources.usgin.org/uri-gin/nbmg/thermalspring/NBMG:19976/	Spring 2Z Orifice G - Soldier Meadows Hot Springs / Mud Meadow Hot Springs	NV	41.08551	-119.16815	1980	37	3.4	44	10	62	50	34			
http://resources.usgin.org/uri-gin/nbmg/thermalspring/NBMG:19976/	Spring 2Z Orifice G - Soldier Meadows Hot Springs / Mud Meadow Hot Springs	NV	41.08551	-119.16815	1980	37		44	10	62	50	34		0.3	
http://resources.usgin.org/uri-gin/nbmg/thermalspring/NBMG:19976/	Spring 2Z Orifice G - Soldier Meadows Hot Springs / Mud Meadow Hot Springs	NV	41.08551	-119.16815	1980										7.6
http://resources.usgin.org/uri-gin/nbmg/thermalspring/NBMG:19977/	SRF Spring	NV	41.09907	-116.46343	1990	51	22	44	6.6	21	15	82			
http://resources.usgin.org/uri-gin/nbmg/thermalspring/NBMG:19977/	SRF Spring	NV	41.09907	-116.46343	1990	51		44	6.6	21	15	82	271	1.2	
http://resources.usgin.org/uri-gin/nbmg/thermalspring/NBMG:19977/	SRF Spring	NV	41.09907	-116.46343	1990										7.3
http://resources.usgin.org/uri-gin/nbmg/thermalspring/NBMG:19981/	Hardin City Hot Spring 1	NV	41.11546	-119.00184	1980	1.5	-0.04	210	4.4	64	76	120			
http://resources.usgin.org/uri-gin/nbmg/thermalspring/NBMG:19981/	Hardin City Hot Spring 1	NV	41.11546	-119.00184	1980	1.5		210	4.4	64	76	120		0.1	
http://resources.usgin.org/uri-gin/nbmg/thermalspring/NBMG:19981/	Hardin City Hot Spring 1	NV	41.11546	-119.00184	1980										8.8
http://resources.usgin.org/uri-gin/nbmg/thermalspring/NBMG:19981/	Hardin City Hot Spring 1	NV	41.11546	-119.00184		1.5	0.04	210	4.4	64	76	120			
http://resources.usgin.org/uri-gin/nbmg/thermalspring/NBMG:19981/	Hardin City Hot Spring 1	NV	41.11546	-119.00184		1.5		210	4.4	64	76	120	280	0.1	
http://resources.usgin.org/uri-gin/nbmg/thermalspring/NBMG:19981/	Hardin City Hot Spring 1	NV	41.11546	-119.00184											8.8
http://resources.usgin.org/uri-gin/nbmg/thermalspring/NBMG:19987/	Spring 1 Orifice D - W Black Rock Range	NV	41.14765	-119.02151	1980	1.9	0.25	170	5.2	89	57	110			
http://resources.usgin.org/uri-gin/nbmg/thermalspring/NBMG:19987/	Spring 1 Orifice D - W Black Rock Range	NV	41.14765	-119.02151	1980	1.9		170	5.2	89	57	110		120.01	
http://resources.usgin.org/uri-gin/nbmg/thermalspring/NBMG:19987/	Spring 1 Orifice D - W Black Rock Range	NV	41.14765	-119.02151	1980										8.8
http://resources.usgin.org/uri-gin/nbmg/thermalspring/NBMG:19992/	Wheeler Spring	NV	41.28672	-119.17068	1980	27	5.5	120	9.6	56	41	110			
http://resources.usgin.org/uri-gin/nbmg/thermalspring/NBMG:19992/	Wheeler Spring	NV	41.28672	-119.17068	1980	27		120	9.6	56	41	110		7.6	
http://resources.usgin.org/uri-gin/nbmg/thermalspring/NBMG:19992/	Wheeler Spring	NV	41.28672	-119.17068	1980										8
http://resources.usgin.org/uri-gin/nbmg/thermalspring/NBMG:19992/	Wheeler Spring	NV	41.28672	-119.17068	2002	17.8	3.83	61.3	7.01	62.3	17.3	47.9			
http://resources.usgin.org/uri-gin/nbmg/thermalspring/NBMG:19992/	Wheeler Spring	NV	41.28672	-119.17068	2002	17.8		61.3	7.01	62.3	17.3	47.9	152	2.3	
http://resources.usgin.org/uri-gin/nbmg/thermalspring/NBMG:19998/	Spring 3 Orifice B - Soldier Meadows Hot Springs / Mud Meadow Hot Springs	NV	41.32122	-119.20732	1980	11	1.4	55	5.4	63	17	30			
http://resources.usgin.org/uri-gin/nbmg/thermalspring/NBMG:19998/	Spring 3 Orifice B - Soldier Meadows Hot Springs / Mud Meadow Hot Springs	NV	41.32122	-119.20732	1980	11		55	5.4	63	17	30		5.6	
http://resources.usgin.org/uri-gin/nbmg/thermalspring/NBMG:19998/	Spring 3 Orifice B - Soldier Meadows Hot Springs / Mud Meadow Hot Springs	NV	41.32122	-119.20732	1980										8.3
http://resources.usgin.org/uri-gin/nbmg/thermalspring/NBMG:2000/	Twin Spring / Vya Spring	NV	41.59037	-119.86248	2007	10.5	3.83	29.1	5.48	59.9020152389091	15.7869	10.1712			
http://resources.usgin.org/uri-gin/nbmg/thermalspring/NBMG:2000/	Twin Spring / Vya Spring	NV	41.59037	-119.86248	2007	10.5		29.1	5.48	59.9020152389091	15.7869	10.1712	86.4	0.0645	
http://resources.usgin.org/uri-gin/nbmg/thermalspring/NBMG:2000/	Twin Spring / Vya Spring	NV	41.59037	-119.86248	2007										7.39
http://resources.usgin.org/uri-gin/nbmg/thermalspring/NBMG:20003/	Spring 5 Orifice E - Soldier Meadows Hot Springs / Mud Meadow Hot Springs	NV	41.33848	-119.16894	1980	3	0.1	75	0.9	65	21	46			
http://resources.usgin.org/uri-gin/nbmg/thermalspring/NBMG:20003/	Spring 5 Orifice E - Soldier Meadows Hot Springs / Mud Meadow Hot Springs	NV	41.33848	-119.16894	1980	3		75	0.9	65	21	46		0.01	
http://resources.usgin.org/uri-gin/nbmg/thermalspring/NBMG:20003/	Spring 5 Orifice E - Soldier Meadows Hot Springs / Mud Meadow Hot Springs	NV	41.33848	-119.16894	1980										7.2
http://resources.usgin.org/uri-gin/nbmg/thermalspring/NBMG:20006/	Spring 10 Orifice B - Soldier Meadows Hot Springs / Mud Meadow Hot Springs	NV	41.33933	-119.19292	1980	3.1	0.1	71	1.2	61	17	38			
http://resources.usgin.org/uri-gin/nbmg/thermalspring/NBMG:20006/	Spring 10 Orifice B - Soldier Meadows Hot Springs / Mud Meadow Hot Springs	NV	41.33933	-119.19292	1980	3.1		71	1.2	61	17	38		0.01	
http://resources.usgin.org/uri-gin/nbmg/thermalspring/NBMG:20006/	Spring 10 Orifice B - Soldier Meadows Hot Springs / Mud Meadow Hot Springs	NV	41.33933	-119.19292	1980										8.8
http://resources.usgin.org/uri-gin/nbmg/thermalspring/NBMG:20016/	Spring 2 - Soldier Meadows Hot Springs / Mud Meadow Hot Springs	NV	41.35273	-119.2178	1980	3.1	0.13	73	1.2	60	17	38			
http://resources.usgin.org/uri-gin/nbmg/thermalspring/NBMG:20016/	Spring 2 - Soldier Meadows Hot Springs / Mud Meadow Hot Springs	NV	41.35273	-119.2178	1980	3.1		73	1.2	60	17	38		3.8	
http://resources.usgin.org/uri-gin/nbmg/thermalspring/NBMG:20016/	Spring 2 - Soldier Meadows Hot Springs / Mud Meadow Hot Springs	NV	41.35273	-119.2178	1980										8.8
http://resources.usgin.org/uri-gin/nbmg/thermalspring/NBMG:20016/	Spring 2 - Soldier Meadows Hot Springs / Mud Meadow Hot Springs	NV	41.35273	-119.2178	2002	3	0.06	63.5	1.3	63.5	14.4	40.7			
http://resources.usgin.org/uri-gin/nbmg/thermalspring/NBMG:20016/	Spring 2 - Soldier Meadows Hot Springs / Mud Meadow Hot Springs	NV	41.35273	-119.2178	2002	3		63.5	1.3	63.5	14.4	40.7	77	11.7	
http://resources.usgin.org/uri-gin/nbmg/thermalspring/NBMG:20019/	Spring 3Y - Soldier Meadows Hot Springs / Mud Meadow Hot Springs	NV	41.35379	-119.22463	1980	3.9	0.12	72	1.2	64	12	37			
http://resources.usgin.org/uri-gin/nbmg/thermalspring/NBMG:20019/	Spring 3Y - Soldier Meadows Hot Springs / Mud Meadow Hot Springs	NV	41.35379	-119.22463	1980	3.9		72	1.2	64	12	37		0.01	
http://resources.usgin.org/uri-gin/nbmg/thermalspring/NBMG:20019/	Spring 3Y - Soldier Meadows Hot Springs / Mud Meadow Hot Springs	NV	41.35379	-119.22463	1980										8.7
http://resources.usgin.org/uri-gin/nbmg/thermalspring/NBMG:20022/	Spring 4 - Soldier Meadows Hot Springs / Mud Meadow Hot Springs	NV	41.35684	-119.18904	1980	2.8	0.2	75	0.8	60	18	39			
http://resources.usgin.org/uri-gin/nbmg/thermalspring/NBMG:20022/	Spring 4 - Soldier Meadows Hot Springs / Mud Meadow Hot Springs	NV	41.35684	-119.18904	1980	2.8		75	0.8	60	18	39		0.01	
http://resources.usgin.org/uri-gin/nbmg/thermalspring/NBMG:20022/	Spring 4 - Soldier Meadows Hot Springs / Mud Meadow Hot Springs	NV	41.35684	-119.18904	1980	3.1	0.9	77	0.8	60	26	41			
http://resources.usgin.org/uri-gin/nbmg/thermalspring/NBMG:20022/	Spring 4 - Soldier Meadows Hot Springs / Mud Meadow Hot Springs	NV	41.35684	-119.18904	1980	3.1		77	0.8	60	26	41		0.01	
http://resources.usgin.org/uri-gin/nbmg/thermalspring/NBMG:20022/	Spring 4 - Soldier Meadows Hot Springs / Mud Meadow Hot Springs	NV	41.35684	-119.18904	1980										8.8
http://resources.usgin.org/uri-gin/nbmg/thermalspring/NBMG:20022/	Spring 4 - Soldier Meadows Hot Springs / Mud Meadow Hot Springs	NV	41.35684	-119.18904	1980										8.9
http://resources.usgin.org/uri-gin/nbmg/thermalspring/NBMG:20022/	Spring 4 - Soldier Meadows Hot Springs / Mud Meadow Hot Springs	NV	41.35684	-119.18904	2002	2.7	0.03	63.3	0.87	64.6	13.8	38.9			
http://resources.usgin.org/uri-gin/nbmg/thermalspring/NBMG:20022/	Spring 4 - Soldier Meadows Hot Springs / Mud Meadow Hot Springs	NV	41.35684	-119.18904	2002	2.7		63.3	0.87	64.6	13.8	38.9	77	130.017	
http://resources.usgin.org/uri-gin/nbmg/thermalspring/NBMG:20027/	Spring 6 - Soldier Meadows Hot Springs / Mud Meadow Hot Springs	NV	41.36094	-119.22467	2002	3.8	0.1	58.3	1.2	64.6	12.4	33.5			
http://resources.usgin.org/uri-gin/nbmg/thermalspring/NBMG:20027/	Spring 6 - Soldier Meadows Hot Springs / Mud Meadow Hot Springs	NV	41.36094	-119.22467	2002	3.8		58.3	1.2	64.6	12.4	33.5	75	11.2	
http://resources.usgin.org/uri-gin/nbmg/thermalspring/NBMG:20028/	Cold Spring - Soldier Meadows	NV	41.36434	-119.19574	1980	6.4	1.3	130	4.3	75	52	140			
http://resources.usgin.org/uri-gin/nbmg/thermalspring/NBMG:20028/	Cold Spring - Soldier Meadows	NV	41.36434	-119.19574	1980	6.4		130	4.3	75	52	140		8.8	
http://resources.usgin.org/uri-gin/nbmg/thermalspring/NBMG:20028/	Cold Spring - Soldier Meadows	NV	41.36434	-119.19574	1980										7.5
http://resources.usgin.org/uri-gin/nbmg/thermalspring/NBMG:20029/	Spring 6 Orifice A - Soldier Meadows Hot Springs / Mud Meadow Hot Springs	NV	41.36014	-119.2245	1980	3.9	0.07	69	1	63	14	34			
http://resources.usgin.org/uri-gin/nbmg/thermalspring/NBMG:20029/	Spring 6 Orifice A - Soldier Meadows Hot Springs / Mud Meadow Hot Springs	NV	41.36014	-119.2245	1980	3.9		69	1	63	14	34		0.01	
http://resources.usgin.org/uri-gin/nbmg/thermalspring/NBMG:20029/	Spring 6 Orifice A - Soldier Meadows Hot Springs / Mud Meadow Hot Springs	NV	41.36014	-119.2245	1980										8.8
http://resources.usgin.org/uri-gin/nbmg/thermalspring/NBMG:20030/	Cold Spring - Soldier Meadows	NV	41.36073	-119.19547	1980	7.4	1.5	160	4.5	73	68	120			
http://resources.usgin.org/uri-gin/nbmg/thermalspring/NBMG:20030/	Cold Spring - Soldier Meadows	NV	41.36073	-119.19547	1980	7.4		160	4.5	73	68	120		110.1	
http://resources.usgin.org/uri-gin/nbmg/thermalspring/NBMG:20030/	Cold Spring - Soldier Meadows	NV	41.36073	-119.19547	1980										7.3
http://resources.usgin.org/uri-gin/nbmg/thermalspring/NBMG:20034/	Spring 9 - Soldier Meadows Hot Springs / Mud Meadow Hot Springs	NV	41.36365	-119.21758	1980	3.2	-0.01	73	1.1	62	18	39			
http://resources.usgin.org/uri-gin/nbmg/thermalspring/NBMG:20034/	Spring 9 - Soldier Meadows Hot Springs / Mud Meadow Hot Springs	NV	41.36365	-119.21758	1980	3.2		73	1.1	62	18	39		0.01	
http://resources.usgin.org/uri-gin/nbmg/thermalspring/NBMG:20034/	Spring 9 - Soldier Meadows Hot Springs / Mud Meadow Hot Springs	NV	41.36365	-119.21758	1980										9
http://resources.usgin.org/uri-gin/nbmg/thermalspring/NBMG:20049/	Spring 1X Orifice A - Soldier Meadows Hot Springs / Mud Meadow Hot Springs	NV	41.38021	-119.18255	1980	13	3.5	40	9.8	64	13	18			
http://resources.usgin.org/uri-gin/nbmg/thermalspring/NBMG:20049/	Spring 1X Orifice A - Soldier Meadows Hot Springs / Mud Meadow Hot Springs	NV	41.38021	-119.18255	1980	13		40	9.8	64	13	18		1.9	
http://resources.usgin.org/uri-gin/nbmg/thermalspring/NBMG:20049/	Spring 1X Orifice A - Soldier Meadows Hot Springs / Mud Meadow Hot Springs	NV	41.38021	-119.18255	1980										8.9
http://resources.usgin.org/uri-gin/nbmg/thermalspring/NBMG:20049/	Spring 1X Orifice A - Soldier Meadows Hot Springs / Mud Meadow Hot Springs	NV	41.38021	-119.18255	2002	3.1	0.06	64.8	1.1	71	16	43.6			
http://resources.usgin.org/uri-gin/nbmg/thermalspring/NBMG:20049/	Spring 1X Orifice A - Soldier Meadows Hot Springs / Mud Meadow Hot Springs	NV	41.38021	-119.18255	2002	3.1		64.8	1.1	71	16	43.6	79	11.1	
http://resources.usgin.org/uri-gin/nbmg/thermalspring/NBMG:20049/	Spring 1X Orifice A - Soldier Meadows Hot Springs / Mud Meadow Hot Springs	NV	41.38021	-119.18255	2002										9.19
http://resources.usgin.org/uri-gin/nbmg/thermalspring/NBMG:20052/	Spring 3X - Soldier Meadows Hot Springs / Mud Meadow Hot Springs	NV	41.39732	-119.16757	1980	10	3	23	7.6	63	12	14			
http://resources.usgin.org/uri-gin/nbmg/thermalspring/NBMG:20052/	Spring 3X - Soldier Meadows Hot Springs / Mud Meadow Hot Springs	NV	41.39732	-119.16757	1980	10		23	7.6	63	12	14		0.5	
http://resources.usgin.org/uri-gin/nbmg/thermalspring/NBMG:20052/	Spring 3X - Soldier Meadows Hot Springs / Mud Meadow Hot Springs	NV	41.39732	-119.16757	1980										7.5
http://resources.usgin.org/uri-gin/nbmg/thermalspring/NBMG:20052/	Spring 3X - Soldier Meadows Hot Springs / Mud Meadow Hot Springs	NV	41.39732	-119.16757	2002	8.9	2.97	19.4	6.28	66.5	9.8	12.9			
http://resources.usgin.org/uri-gin/nbmg/thermalspring/NBMG:20052/	Spring 3X - Soldier Meadows Hot Springs / Mud Meadow Hot Springs	NV	41.39732	-119.16757	2002	8.9		19.4	6.28	66.5	9.8	12.9	65	0.2	
http://resources.usgin.org/uri-gin/nbmg/thermalspring/NBMG:20053/	Cold Spring - Soldier Meadows	NV	41.40295	-119.23908	1980	10	3.8	15	3	43	6.8	9.4			
http://resources.usgin.org/uri-gin/nbmg/thermalspring/NBMG:20053/	Cold Spring - Soldier Meadows	NV	41.40295	-119.23908	1980	10		15	3	43	6.8	9.4		0.5	
http://resources.usgin.org/uri-gin/nbmg/thermalspring/NBMG:20053/	Cold Spring - Soldier Meadows	NV	41.40295	-119.23908	1980										6.8
http://resources.usgin.org/uri-gin/nbmg/thermalspring/NBMG:2006/	Surprise Valley Hot Spring	NV	41.16602	-119.97864	1989	4	0	110	1	51	39	119			
http://resources.usgin.org/uri-gin/nbmg/thermalspring/NBMG:2006/	Surprise Valley Hot Spring	NV	41.16602	-119.97864	1989	4		110	1	51	39	119	63	4.6	
http://resources.usgin.org/uri-gin/nbmg/thermalspring/NBMG:2006/	Surprise Valley Hot Spring	NV	41.16602	-119.97864	1989										9.1
http://resources.usgin.org/uri-gin/nbmg/thermalspring/NBMG:20061/	Onemile Spring - Summit Lake Reservation	NV	41.56379	-119.04801	2001	7.12	2.15	12.4	2.24	36.9	6.57	6.8			
http://resources.usgin.org/uri-gin/nbmg/thermalspring/NBMG:20061/	Onemile Spring - Summit Lake Reservation	NV	41.56379	-119.04801	2001	7.12		12.4	2.24	36.9	6.57	6.8	38	0.1	
http://resources.usgin.org/uri-gin/nbmg/thermalspring/NBMG:20061/	Onemile Spring - Summit Lake Reservation	NV	41.56379	-119.04801	2001										7.3
http://resources.usgin.org/uri-gin/nbmg/thermalspring/NBMG:20063/	Hot Spring - Wild Horse Reservoir	NV	41.64717	-115.7766	1974	48	12	130	22	40	14	40			
http://resources.usgin.org/uri-gin/nbmg/thermalspring/NBMG:20063/	Hot Spring - Wild Horse Reservoir	NV	41.64717	-115.7766	1974	48		130	22	40	14	40		5.2	
http://resources.usgin.org/uri-gin/nbmg/thermalspring/NBMG:20063/	Hot Spring - Wild Horse Reservoir	NV	41.64717	-115.7766	1974										7.2
http://resources.usgin.org/uri-gin/nbmg/thermalspring/NBMG:20063/	Hot Spring - Wild Horse Reservoir	NV	41.64717	-115.7766	1999										6.7
http://resources.usgin.org/uri-gin/nbmg/thermalspring/NBMG:20064/	Robinson Hole Hot Spring / Murphys Hot Hole Spring / Murphys Hot Springs / Kittys Hot Hole Spring	NV	41.9313	-115.32979	1957	0.8		39	2.5	80	3	6.2	64	3	
http://resources.usgin.org/uri-gin/nbmg/thermalspring/NBMG:20064/	Robinson Hole Hot Spring / Murphys Hot Hole Spring / Murphys Hot Springs / Kittys Hot Hole Spring	NV	41.9313	-115.32979	1957	0.8		39	2.5	80	3	6.2			
http://resources.usgin.org/uri-gin/nbmg/thermalspring/NBMG:20064/	Robinson Hole Hot Spring / Murphys Hot Hole Spring / Murphys Hot Springs / Kittys Hot Hole Spring	NV	41.9313	-115.32979	1957										7.6
http://resources.usgin.org/uri-gin/nbmg/thermalspring/NBMG:20064/	Robinson Hole Hot Spring / Murphys Hot Hole Spring / Murphys Hot Springs / Kittys Hot Hole Spring	NV	41.9313	-115.32979	1998										7.2
http://resources.usgin.org/uri-gin/nbmg/thermalspring/NBMG:2007/	Cold Spring - E Red Mountain	NV	41.21586	-119.86374	2008	20.9078689937513	5.28881860465116	14.8389720276678	3.56	43.2150252794987	4.5552	4.3357			
http://resources.usgin.org/uri-gin/nbmg/thermalspring/NBMG:2007/	Cold Spring - E Red Mountain	NV	41.21586	-119.86374	2008	20.9078689937513		14.8389720276678	3.56	43.2150252794987	4.5552	4.3357	92	0.0745	
http://resources.usgin.org/uri-gin/nbmg/thermalspring/NBMG:201/	East Pinto Hot Springs	NV	41.36221	-118.78971	1972	14	0.4	330	23	150	160	120			
http://resources.usgin.org/uri-gin/nbmg/thermalspring/NBMG:201/	East Pinto Hot Springs	NV	41.36221	-118.78971	1972	14		330	23	150	160	120	495.25	120.084	
http://resources.usgin.org/uri-gin/nbmg/thermalspring/NBMG:201/	East Pinto Hot Springs	NV	41.36221	-118.78971	1972										7.14
http://resources.usgin.org/uri-gin/nbmg/thermalspring/NBMG:201/	East Pinto Hot Springs	NV	41.36221	-118.78971		5	0.1	325	26	162	160	130			
http://resources.usgin.org/uri-gin/nbmg/thermalspring/NBMG:201/	East Pinto Hot Springs	NV	41.36221	-118.78971		5		325	26	162	160	130	440	15	
http://resources.usgin.org/uri-gin/nbmg/thermalspring/NBMG:201/	East Pinto Hot Springs	NV	41.36221	-118.78971											7.7
http://resources.usgin.org/uri-gin/nbmg/thermalspring/NBMG:202/	East Pinto Hot Springs	NV	41.36247	-118.78891	1972	4.6	0.1	320	25	160	160	130			
http://resources.usgin.org/uri-gin/nbmg/thermalspring/NBMG:202/	East Pinto Hot Springs	NV	41.36247	-118.78891	1972	4.6		320	25	160	160	130	444	140.078	
http://resources.usgin.org/uri-gin/nbmg/thermalspring/NBMG:202/	East Pinto Hot Springs	NV	41.36247	-118.78891	1972										7.65
http://resources.usgin.org/uri-gin/nbmg/thermalspring/NBMG:2020/	Cold Spring - Warm Spring Canyon	NV	41.03961	-119.46982	2008	10.9291133376427	3.36384418604651	20.6322693261409	7.37	75.5193263547675	19.9962	17.2648			
http://resources.usgin.org/uri-gin/nbmg/thermalspring/NBMG:2020/	Cold Spring - Warm Spring Canyon	NV	41.03961	-119.46982	2008	10.9291133376427		20.6322693261409	7.37	75.5193263547675	19.9962	17.2648	47.6	0.11	
http://resources.usgin.org/uri-gin/nbmg/thermalspring/NBMG:203/	South Big Alkali Spring - Rose Creek Springs / North East Range Springs	NV	40.87322	-117.93717	1960	81	11	522	53	79	235	92			
http://resources.usgin.org/uri-gin/nbmg/thermalspring/NBMG:203/	South Big Alkali Spring - Rose Creek Springs / North East Range Springs	NV	40.87322	-117.93717	1960	81		522	53	79	235	92	1300	7.4	
http://resources.usgin.org/uri-gin/nbmg/thermalspring/NBMG:203/	South Big Alkali Spring - Rose Creek Springs / North East Range Springs	NV	40.87322	-117.93717	1960										6.5
http://resources.usgin.org/uri-gin/nbmg/thermalspring/NBMG:203/	South Big Alkali Spring - Rose Creek Springs / North East Range Springs	NV	40.87322	-117.93717		61	12	550	51	73	237	100			
http://resources.usgin.org/uri-gin/nbmg/thermalspring/NBMG:203/	South Big Alkali Spring - Rose Creek Springs / North East Range Springs	NV	40.87322	-117.93717		61		550	51	73	237	100	1270	60.08	
http://resources.usgin.org/uri-gin/nbmg/thermalspring/NBMG:203/	South Big Alkali Spring - Rose Creek Springs / North East Range Springs	NV	40.87322	-117.93717											8.3
http://resources.usgin.org/uri-gin/nbmg/thermalspring/NBMG:206/	Hot Spring - Hot Springs Ranch	NV	40.76083	-117.49288	1972	16	0.9	200	18	125	41	140			
http://resources.usgin.org/uri-gin/nbmg/thermalspring/NBMG:206/	Hot Spring - Hot Springs Ranch	NV	40.76083	-117.49288	1972	16		200	18	125	41	140	385	100.18	
http://resources.usgin.org/uri-gin/nbmg/thermalspring/NBMG:206/	Hot Spring - Hot Springs Ranch	NV	40.76083	-117.49288	1972										8.36
http://resources.usgin.org/uri-gin/nbmg/thermalspring/NBMG:2091/	Wall Spring	NV	40.68054	-119.60533	1975	2		113	-9999999		60	49	98		
http://resources.usgin.org/uri-gin/nbmg/thermalspring/NBMG:2091/	Wall Spring	NV	40.68054	-119.60533	1975	2		113	-9999999		60	49			
http://resources.usgin.org/uri-gin/nbmg/thermalspring/NBMG:2091/	Wall Spring	NV	40.68054	-119.60533	1975										8.4
http://resources.usgin.org/uri-gin/nbmg/thermalspring/NBMG:2091/	Wall Spring	NV	40.68054	-119.60533		2		113	-9999999		60	49	98		
http://resources.usgin.org/uri-gin/nbmg/thermalspring/NBMG:2091/	Wall Spring	NV	40.68054	-119.60533		2		113	-9999999		60	49			
http://resources.usgin.org/uri-gin/nbmg/thermalspring/NBMG:2091/	Wall Spring	NV	40.68054	-119.60533											8.4
http://resources.usgin.org/uri-gin/nbmg/thermalspring/NBMG:2093/	Buckbrush Spring - Smoke Creek Desert	NV	40.39588	-119.82603	2005	79.2	16	590	27.8	54.1	832	325			
http://resources.usgin.org/uri-gin/nbmg/thermalspring/NBMG:2093/	Buckbrush Spring - Smoke Creek Desert	NV	40.39588	-119.82603	2005	79.2		590	27.8	54.1	832	325	143	0.1	
http://resources.usgin.org/uri-gin/nbmg/thermalspring/NBMG:2093/	Buckbrush Spring - Smoke Creek Desert	NV	40.39588	-119.82603	2005										7.78
http://resources.usgin.org/uri-gin/nbmg/thermalspring/NBMG:20939/	Cold Spring - Seven Lakes Mountain	NV	39.92272	-119.92872	2003	12.3	2.86	67	3.73	48.7	23.1	29.4			
http://resources.usgin.org/uri-gin/nbmg/thermalspring/NBMG:20939/	Cold Spring - Seven Lakes Mountain	NV	39.92272	-119.92872	2003	12.3		67	3.73	48.7	23.1	29.4	151	0.25	
http://resources.usgin.org/uri-gin/nbmg/thermalspring/NBMG:20939/	Cold Spring - Seven Lakes Mountain	NV	39.92272	-119.92872	2003										7.4
http://resources.usgin.org/uri-gin/nbmg/thermalspring/NBMG:20940/	Cold Spring - Seven Lakes Mountain	NV	39.95102	-119.94687	2003	3.79	1.33	73	2.01	57	10.8	23.1			
http://resources.usgin.org/uri-gin/nbmg/thermalspring/NBMG:20940/	Cold Spring - Seven Lakes Mountain	NV	39.95102	-119.94687	2003	3.79		73	2.01	57	10.8	23.1	156	0.4	
http://resources.usgin.org/uri-gin/nbmg/thermalspring/NBMG:20940/	Cold Spring - Seven Lakes Mountain	NV	39.95102	-119.94687	2003										6.7
http://resources.usgin.org/uri-gin/nbmg/thermalspring/NBMG:20941/	Upper Wildcat Spring	NV	39.97935	-119.86714	2003	2.76	0.851	21.1	2.67	58.5	8.67	10.8			
http://resources.usgin.org/uri-gin/nbmg/thermalspring/NBMG:20941/	Upper Wildcat Spring	NV	39.97935	-119.86714	2003	2.76		21.1	2.67	58.5	8.67	10.8	40	0.1	
http://resources.usgin.org/uri-gin/nbmg/thermalspring/NBMG:20941/	Upper Wildcat Spring	NV	39.97935	-119.86714	2003										6.3
http://resources.usgin.org/uri-gin/nbmg/thermalspring/NBMG:2096/	Fish Springs - Honey Lake Valley	NV	40.1023	-119.88464	1975	3	1	83	-9999999	25	0.01	18			
http://resources.usgin.org/uri-gin/nbmg/thermalspring/NBMG:2096/	Fish Springs - Honey Lake Valley	NV	40.1023	-119.88464	1975	3		83	-9999999	25	0.01	18	170	0.004	
http://resources.usgin.org/uri-gin/nbmg/thermalspring/NBMG:2096/	Fish Springs - Honey Lake Valley	NV	40.1023	-119.88464	1975										9
http://resources.usgin.org/uri-gin/nbmg/thermalspring/NBMG:20977/	NWIS Spring 213 S27 E64 12CBD 1	NV	35.60777	-114.79164	1976	240	36	170	14	16	78	780			
http://resources.usgin.org/uri-gin/nbmg/thermalspring/NBMG:20977/	NWIS Spring 213 S27 E64 12CBD 1	NV	35.60777	-114.79164	1976	240		170	14	16	78	780		1.8	
http://resources.usgin.org/uri-gin/nbmg/thermalspring/NBMG:20977/	NWIS Spring 213 S27 E64 12CBD 1	NV	35.60777	-114.79164	1976										7.5
http://resources.usgin.org/uri-gin/nbmg/thermalspring/NBMG:20978/	NWIS Spring 213 S26 E64 11BBB 1	NV	35.70499	-114.81081	1976	120	21	49	4.8	31	21	290			
http://resources.usgin.org/uri-gin/nbmg/thermalspring/NBMG:20978/	NWIS Spring 213 S26 E64 11BBB 1	NV	35.70499	-114.81081	1976	120		49	4.8	31	21	290		1.7	
http://resources.usgin.org/uri-gin/nbmg/thermalspring/NBMG:20978/	NWIS Spring 213 S26 E64 11BBB 1	NV	35.70499	-114.81081	1976										7.8
http://resources.usgin.org/uri-gin/nbmg/thermalspring/NBMG:20979/	Huse Spring	NV	35.70499	-114.81276	1976	180	41	93	3.8	34	55	550			
http://resources.usgin.org/uri-gin/nbmg/thermalspring/NBMG:20979/	Huse Spring	NV	35.70499	-114.81276	1976	180		93	3.8	34	55	550		1.5	
http://resources.usgin.org/uri-gin/nbmg/thermalspring/NBMG:20979/	Huse Spring	NV	35.70499	-114.81276	1976										7.6
http://resources.usgin.org/uri-gin/nbmg/thermalspring/NBMG:20980/	Goldstrike Hot Springs / Nevada Hot Springs - Black Canyon Hot Springs / Hoover Dam Hot Springs	NV	35.98345	-114.74792	1976	200	4.5	480	12	45	480	780			
http://resources.usgin.org/uri-gin/nbmg/thermalspring/NBMG:20980/	Goldstrike Hot Springs / Nevada Hot Springs - Black Canyon Hot Springs / Hoover Dam Hot Springs	NV	35.98345	-114.74792	1976	200		480	12	45	480	780		4.1	
http://resources.usgin.org/uri-gin/nbmg/thermalspring/NBMG:20980/	Goldstrike Hot Springs / Nevada Hot Springs - Black Canyon Hot Springs / Hoover Dam Hot Springs	NV	35.98345	-114.74792	1976										8.2
http://resources.usgin.org/uri-gin/nbmg/thermalspring/NBMG:20983/	NWIS Spring 213 S22 E65 29DBB 1	NV	36.01276	-114.74276	1976	70	3.1	190	4.5	28	130	360			
http://resources.usgin.org/uri-gin/nbmg/thermalspring/NBMG:20983/	NWIS Spring 213 S22 E65 29DBB 1	NV	36.01276	-114.74276	1976	70		190	4.5	28	130	360		3.6	
http://resources.usgin.org/uri-gin/nbmg/thermalspring/NBMG:20983/	NWIS Spring 213 S22 E65 29DBB 1	NV	36.01276	-114.74276	1976										8.5
http://resources.usgin.org/uri-gin/nbmg/thermalspring/NBMG:20986/	Aqua Chiquita Spring	NV	36.24637	-114.30969	1978	71	26	43	5.6	32	77	92			
http://resources.usgin.org/uri-gin/nbmg/thermalspring/NBMG:20986/	Aqua Chiquita Spring	NV	36.24637	-114.30969	1978	71		43	5.6	32	77	92		1.9	
http://resources.usgin.org/uri-gin/nbmg/thermalspring/NBMG:20986/	Aqua Chiquita Spring	NV	36.24637	-114.30969	1978										6.7
http://resources.usgin.org/uri-gin/nbmg/thermalspring/NBMG:2099/	Sevenmile Springs	NV	40.05236	-119.39268	1969	32	7				19	21			
http://resources.usgin.org/uri-gin/nbmg/thermalspring/NBMG:2099/	Sevenmile Springs	NV	40.05236	-119.39268	1969	32	7				19	21			
http://resources.usgin.org/uri-gin/nbmg/thermalspring/NBMG:2099/	Sevenmile Springs	NV	40.05236	-119.39268	1969	32					19	21	200		
http://resources.usgin.org/uri-gin/nbmg/thermalspring/NBMG:2099/	Sevenmile Springs	NV	40.05236	-119.39268	1969	32					19	21			
http://resources.usgin.org/uri-gin/nbmg/thermalspring/NBMG:2099/	Sevenmile Springs	NV	40.05236	-119.39268	1969										8
http://resources.usgin.org/uri-gin/nbmg/thermalspring/NBMG:20990/	Blue Eagle Springs	NV	38.56282	-115.52847	1981	71	23	36	5.5	24	9.5	29			
http://resources.usgin.org/uri-gin/nbmg/thermalspring/NBMG:20990/	Blue Eagle Springs	NV	38.56282	-115.52847	1981	71		36	5.5	24	9.5	29		0.9	
http://resources.usgin.org/uri-gin/nbmg/thermalspring/NBMG:20990/	Blue Eagle Springs	NV	38.56282	-115.52847	1981										6.9
http://resources.usgin.org/uri-gin/nbmg/thermalspring/NBMG:20994/	Fish Creek Springs	NV	39.27687	-116.03922	1967	62	30	26	5.9	16	8.8	25			
http://resources.usgin.org/uri-gin/nbmg/thermalspring/NBMG:20994/	Fish Creek Springs	NV	39.27687	-116.03922	1967	62		26	5.9	16	8.8	25		0.4	
http://resources.usgin.org/uri-gin/nbmg/thermalspring/NBMG:20994/	Fish Creek Springs	NV	39.27687	-116.03922	1967										7.9
http://resources.usgin.org/uri-gin/nbmg/thermalspring/NBMG:20994/	Fish Creek Springs	NV	39.27687	-116.03922	1981	65	28	27	7.5	24	8.3	31			
http://resources.usgin.org/uri-gin/nbmg/thermalspring/NBMG:20994/	Fish Creek Springs	NV	39.27687	-116.03922	1981	65		27	7.5	24	8.3	31		0.5	
http://resources.usgin.org/uri-gin/nbmg/thermalspring/NBMG:20994/	Fish Creek Springs	NV	39.27687	-116.03922	1981										6.7
http://resources.usgin.org/uri-gin/nbmg/thermalspring/NBMG:20996/	Geothermal Well - Spencer Hot Springs	NV	39.32699	-116.85822	1973	51	10.2	198	34	79	26	46.5			
http://resources.usgin.org/uri-gin/nbmg/thermalspring/NBMG:20996/	Geothermal Well - Spencer Hot Springs	NV	39.32699	-116.85822	1973	51		198	34	79	26	46.5		5.2	
http://resources.usgin.org/uri-gin/nbmg/thermalspring/NBMG:20996/	Geothermal Well - Spencer Hot Springs	NV	39.32699	-116.85822	1973										7.4
http://resources.usgin.org/uri-gin/nbmg/thermalspring/NBMG:20997/	Thompson Ranch Springs / Jacobson Ranch Springs	NV	39.90095	-115.86869	1981	69	22	21	4.6	21	6.9	53			
http://resources.usgin.org/uri-gin/nbmg/thermalspring/NBMG:20997/	Thompson Ranch Springs / Jacobson Ranch Springs	NV	39.90095	-115.86869	1981	69		21	4.6	21	6.9	53		0.4	
http://resources.usgin.org/uri-gin/nbmg/thermalspring/NBMG:20997/	Thompson Ranch Springs / Jacobson Ranch Springs	NV	39.90095	-115.86869	1981										6.8
http://resources.usgin.org/uri-gin/nbmg/thermalspring/NBMG:2100/	Cold Spring - Lake Range	NV	40.1374	-119.3802	1969	6	3				16	18			
http://resources.usgin.org/uri-gin/nbmg/thermalspring/NBMG:2100/	Cold Spring - Lake Range	NV	40.1374	-119.3802	1969	6	3				16	18			
http://resources.usgin.org/uri-gin/nbmg/thermalspring/NBMG:2100/	Cold Spring - Lake Range	NV	40.1374	-119.3802	1969	6					16	18	206		
http://resources.usgin.org/uri-gin/nbmg/thermalspring/NBMG:2100/	Cold Spring - Lake Range	NV	40.1374	-119.3802	1969	6					16	18			
http://resources.usgin.org/uri-gin/nbmg/thermalspring/NBMG:2100/	Cold Spring - Lake Range	NV	40.1374	-119.3802	1969										8.2
http://resources.usgin.org/uri-gin/nbmg/thermalspring/NBMG:2100/	Cold Spring - Lake Range	NV	40.1374	-119.3802		6	3				16	18			
http://resources.usgin.org/uri-gin/nbmg/thermalspring/NBMG:2100/	Cold Spring - Lake Range	NV	40.1374	-119.3802		6					16	18	206		
http://resources.usgin.org/uri-gin/nbmg/thermalspring/NBMG:21003/	Ninemile Springs	NV	41.70557	-118.26169	1959	25		27	6.3	54	22	20		0.1	
http://resources.usgin.org/uri-gin/nbmg/thermalspring/NBMG:21003/	Ninemile Springs	NV	41.70557	-118.26169	1959	25		27	6.3	54	22	20			
http://resources.usgin.org/uri-gin/nbmg/thermalspring/NBMG:21003/	Ninemile Springs	NV	41.70557	-118.26169	1959										8
http://resources.usgin.org/uri-gin/nbmg/thermalspring/NBMG:21003/	Ninemile Springs	NV	41.70557	-118.26169	1973	25	5.8			54	20	20			
http://resources.usgin.org/uri-gin/nbmg/thermalspring/NBMG:21003/	Ninemile Springs	NV	41.70557	-118.26169	1973	25				54	20	20	117	0.1	
http://resources.usgin.org/uri-gin/nbmg/thermalspring/NBMG:21003/	Ninemile Springs	NV	41.70557	-118.26169	1973										8
http://resources.usgin.org/uri-gin/nbmg/thermalspring/NBMG:2101/	Warm Spring - Sweetwater Canyon	NV	40.21609	-119.50898	1969	56	22				34	70			
http://resources.usgin.org/uri-gin/nbmg/thermalspring/NBMG:2101/	Warm Spring - Sweetwater Canyon	NV	40.21609	-119.50898	1969	56	22				34	70			
http://resources.usgin.org/uri-gin/nbmg/thermalspring/NBMG:2101/	Warm Spring - Sweetwater Canyon	NV	40.21609	-119.50898	1969	56					34	70	277		
http://resources.usgin.org/uri-gin/nbmg/thermalspring/NBMG:2101/	Warm Spring - Sweetwater Canyon	NV	40.21609	-119.50898	1969	56					34	70			
http://resources.usgin.org/uri-gin/nbmg/thermalspring/NBMG:2101/	Warm Spring - Sweetwater Canyon	NV	40.21609	-119.50898	1969										8.2
http://resources.usgin.org/uri-gin/nbmg/thermalspring/NBMG:2102/	Lower Stonehouse Spring	NV	40.21775	-119.19546	1969	86	28				126	132			
http://resources.usgin.org/uri-gin/nbmg/thermalspring/NBMG:2102/	Lower Stonehouse Spring	NV	40.21775	-119.19546	1969	86	28				126	132			
http://resources.usgin.org/uri-gin/nbmg/thermalspring/NBMG:2102/	Lower Stonehouse Spring	NV	40.21775	-119.19546	1969	86					126	132	286		
http://resources.usgin.org/uri-gin/nbmg/thermalspring/NBMG:2102/	Lower Stonehouse Spring	NV	40.21775	-119.19546	1969	86					126	132			
http://resources.usgin.org/uri-gin/nbmg/thermalspring/NBMG:2102/	Lower Stonehouse Spring	NV	40.21775	-119.19546	1969										7.9
http://resources.usgin.org/uri-gin/nbmg/thermalspring/NBMG:2117/	Porter Spring 1	NV	40.41585	-118.86518	1969	24	11				38	26			
http://resources.usgin.org/uri-gin/nbmg/thermalspring/NBMG:2117/	Porter Spring 1	NV	40.41585	-118.86518	1969	24	11				38	26			
http://resources.usgin.org/uri-gin/nbmg/thermalspring/NBMG:2117/	Porter Spring 1	NV	40.41585	-118.86518	1969	24					38	26	110		
http://resources.usgin.org/uri-gin/nbmg/thermalspring/NBMG:2117/	Porter Spring 1	NV	40.41585	-118.86518	1969	24					38	26			
http://resources.usgin.org/uri-gin/nbmg/thermalspring/NBMG:2117/	Porter Spring 1	NV	40.41585	-118.86518	1969										8.1
http://resources.usgin.org/uri-gin/nbmg/thermalspring/NBMG:215/	Hot Well - Baltazor Hot Springs / Baltazar Hot Springs / Continental Hot Springs	NV	41.9238	-118.71241	1972	10	0.1	180	8.2	150	47	230			
http://resources.usgin.org/uri-gin/nbmg/thermalspring/NBMG:215/	Hot Well - Baltazor Hot Springs / Baltazar Hot Springs / Continental Hot Springs	NV	41.9238	-118.71241	1972	10		180	8.2	150	47	230	155.9	6.8	
http://resources.usgin.org/uri-gin/nbmg/thermalspring/NBMG:215/	Hot Well - Baltazor Hot Springs / Baltazar Hot Springs / Continental Hot Springs	NV	41.9238	-118.71241	1972										7.5
http://resources.usgin.org/uri-gin/nbmg/thermalspring/NBMG:215/	Hot Well - Baltazor Hot Springs / Baltazar Hot Springs / Continental Hot Springs	NV	41.9238	-118.71241	1978	9.6	0.22	180	8	154	49	48			
http://resources.usgin.org/uri-gin/nbmg/thermalspring/NBMG:215/	Hot Well - Baltazor Hot Springs / Baltazar Hot Springs / Continental Hot Springs	NV	41.9238	-118.71241	1978	9.6		180	8	154	49	48		0.17	
http://resources.usgin.org/uri-gin/nbmg/thermalspring/NBMG:215/	Hot Well - Baltazor Hot Springs / Baltazar Hot Springs / Continental Hot Springs	NV	41.9238	-118.71241	1978										8.4
http://resources.usgin.org/uri-gin/nbmg/thermalspring/NBMG:2150/	Sulphur Spring / Sulfur Spring	NV	40.86423	-117.35005		22.5	3.3	180	15	63	37.9	52			
http://resources.usgin.org/uri-gin/nbmg/thermalspring/NBMG:2150/	Sulphur Spring / Sulfur Spring	NV	40.86423	-117.35005		22.5		180	15	63	37.9	52	462.6	3.8	
http://resources.usgin.org/uri-gin/nbmg/thermalspring/NBMG:2150/	Sulphur Spring / Sulfur Spring	NV	40.86423	-117.35005											7.7
http://resources.usgin.org/uri-gin/nbmg/thermalspring/NBMG:21500/	Hot Creek Ranch Spring	NV	38.5136	-116.34878	1967	66	30	73	8.8	33	31	85			
http://resources.usgin.org/uri-gin/nbmg/thermalspring/NBMG:21500/	Hot Creek Ranch Spring	NV	38.5136	-116.34878	1967	66		73	8.8	33	31	85		1.6	
http://resources.usgin.org/uri-gin/nbmg/thermalspring/NBMG:21500/	Hot Creek Ranch Spring	NV	38.5136	-116.34878	1967										7.8
http://resources.usgin.org/uri-gin/nbmg/thermalspring/NBMG:21500/	Hot Creek Ranch Spring	NV	38.5136	-116.34878	1968	42	29								
http://resources.usgin.org/uri-gin/nbmg/thermalspring/NBMG:21500/	Hot Creek Ranch Spring	NV	38.5136	-116.34878	1968	42									
http://resources.usgin.org/uri-gin/nbmg/thermalspring/NBMG:21500/	Hot Creek Ranch Spring	NV	38.5136	-116.34878	1968	50	29								
http://resources.usgin.org/uri-gin/nbmg/thermalspring/NBMG:21500/	Hot Creek Ranch Spring	NV	38.5136	-116.34878	1968	50									
http://resources.usgin.org/uri-gin/nbmg/thermalspring/NBMG:21500/	Hot Creek Ranch Spring	NV	38.5136	-116.34878	1968	57	31								
http://resources.usgin.org/uri-gin/nbmg/thermalspring/NBMG:21500/	Hot Creek Ranch Spring	NV	38.5136	-116.34878	1968	57									
http://resources.usgin.org/uri-gin/nbmg/thermalspring/NBMG:21500/	Hot Creek Ranch Spring	NV	38.5136	-116.34878	1968										8
http://resources.usgin.org/uri-gin/nbmg/thermalspring/NBMG:21500/	Hot Creek Ranch Spring	NV	38.5136	-116.34878	1968										8.1
http://resources.usgin.org/uri-gin/nbmg/thermalspring/NBMG:21500/	Hot Creek Ranch Spring	NV	38.5136	-116.34878	1968										8.2
http://resources.usgin.org/uri-gin/nbmg/thermalspring/NBMG:21502/	Upper Hot Creek Ranch Springs - Hot Creek Canyon	NV	38.51827	-116.35756	1967	46	23	178	8.6	40	50	98			
http://resources.usgin.org/uri-gin/nbmg/thermalspring/NBMG:21502/	Upper Hot Creek Ranch Springs - Hot Creek Canyon	NV	38.51827	-116.35756	1967	46		178	8.6	40	50	98		2.6	
http://resources.usgin.org/uri-gin/nbmg/thermalspring/NBMG:21502/	Upper Hot Creek Ranch Springs - Hot Creek Canyon	NV	38.51827	-116.35756	1967										7.6
http://resources.usgin.org/uri-gin/nbmg/thermalspring/NBMG:21502/	Upper Hot Creek Ranch Springs - Hot Creek Canyon	NV	38.51827	-116.35756	1968	43	23								
http://resources.usgin.org/uri-gin/nbmg/thermalspring/NBMG:21502/	Upper Hot Creek Ranch Springs - Hot Creek Canyon	NV	38.51827	-116.35756	1968	43									
http://resources.usgin.org/uri-gin/nbmg/thermalspring/NBMG:21502/	Upper Hot Creek Ranch Springs - Hot Creek Canyon	NV	38.51827	-116.35756	1968										8
http://resources.usgin.org/uri-gin/nbmg/thermalspring/NBMG:21506/	Butterfield Spring - Railroad Valley	NV	38.52105	-115.54697	1983						18				
http://resources.usgin.org/uri-gin/nbmg/thermalspring/NBMG:21506/	Butterfield Spring - Railroad Valley	NV	38.52105	-115.54697	1983						18				
http://resources.usgin.org/uri-gin/nbmg/thermalspring/NBMG:21513/	Old Dugan Place Hot Springs / Old Dugan Ranch Hot Springs - Hot Creek Canyon	NV	38.53062	-116.4056	1968	75	27								
http://resources.usgin.org/uri-gin/nbmg/thermalspring/NBMG:21513/	Old Dugan Place Hot Springs / Old Dugan Ranch Hot Springs - Hot Creek Canyon	NV	38.53062	-116.4056	1968	75									
http://resources.usgin.org/uri-gin/nbmg/thermalspring/NBMG:21513/	Old Dugan Place Hot Springs / Old Dugan Ranch Hot Springs - Hot Creek Canyon	NV	38.53062	-116.4056	1968										7.9
http://resources.usgin.org/uri-gin/nbmg/thermalspring/NBMG:21514/	Page Springs	NV	38.53095	-116.46912	1968	62	9								
http://resources.usgin.org/uri-gin/nbmg/thermalspring/NBMG:21514/	Page Springs	NV	38.53095	-116.46912	1968	62									
http://resources.usgin.org/uri-gin/nbmg/thermalspring/NBMG:21514/	Page Springs	NV	38.53095	-116.46912	1968										7.6
http://resources.usgin.org/uri-gin/nbmg/thermalspring/NBMG:21515/	Warm Spring - Hot Creek Canyon	NV	38.5354	-116.41953	1967	66	28	74	8.4	32	28	76			
http://resources.usgin.org/uri-gin/nbmg/thermalspring/NBMG:21515/	Warm Spring - Hot Creek Canyon	NV	38.5354	-116.41953	1967	66		74	8.4	32	28	76		1.7	
http://resources.usgin.org/uri-gin/nbmg/thermalspring/NBMG:21515/	Warm Spring - Hot Creek Canyon	NV	38.5354	-116.41953	1967										8.1
http://resources.usgin.org/uri-gin/nbmg/thermalspring/NBMG:21515/	Warm Spring - Hot Creek Canyon	NV	38.5354	-116.41953	1968	71	27								
http://resources.usgin.org/uri-gin/nbmg/thermalspring/NBMG:21515/	Warm Spring - Hot Creek Canyon	NV	38.5354	-116.41953	1968	71									
http://resources.usgin.org/uri-gin/nbmg/thermalspring/NBMG:21515/	Warm Spring - Hot Creek Canyon	NV	38.5354	-116.41953	1968										7.7
http://resources.usgin.org/uri-gin/nbmg/thermalspring/NBMG:21516/	Upper Warm Spring - Hot Creek Canyon	NV	38.53195	-116.4652	1967	4.7	0.1	38	0.8	46	7	19			
http://resources.usgin.org/uri-gin/nbmg/thermalspring/NBMG:21516/	Upper Warm Spring - Hot Creek Canyon	NV	38.53195	-116.4652	1967	4.7		38	0.8	46	7	19		0.4	
http://resources.usgin.org/uri-gin/nbmg/thermalspring/NBMG:21516/	Upper Warm Spring - Hot Creek Canyon	NV	38.53195	-116.4652	1967										7.6
http://resources.usgin.org/uri-gin/nbmg/thermalspring/NBMG:21516/	Upper Warm Spring - Hot Creek Canyon	NV	38.53195	-116.4652	1968	4.3	0.1								
http://resources.usgin.org/uri-gin/nbmg/thermalspring/NBMG:21516/	Upper Warm Spring - Hot Creek Canyon	NV	38.53195	-116.4652	1968	4.3									
http://resources.usgin.org/uri-gin/nbmg/thermalspring/NBMG:21516/	Upper Warm Spring - Hot Creek Canyon	NV	38.53195	-116.4652	1968										7.7
http://resources.usgin.org/uri-gin/nbmg/thermalspring/NBMG:21516/	Upper Warm Spring - Hot Creek Canyon	NV	38.53195	-116.4652	2002	3.5	0.2	37.1	1.3	43.4	9.1	19.3			
http://resources.usgin.org/uri-gin/nbmg/thermalspring/NBMG:21516/	Upper Warm Spring - Hot Creek Canyon	NV	38.53195	-116.4652	2002	3.5		37.1	1.3	43.4	9.1	19.3	67	0.3	
http://resources.usgin.org/uri-gin/nbmg/thermalspring/NBMG:21517/	Cold Spring - Hot Creek Canyon	NV	38.53771	-116.46062	1968	5.2	0.9								
http://resources.usgin.org/uri-gin/nbmg/thermalspring/NBMG:21517/	Cold Spring - Hot Creek Canyon	NV	38.53771	-116.46062	1968	5.2									
http://resources.usgin.org/uri-gin/nbmg/thermalspring/NBMG:21517/	Cold Spring - Hot Creek Canyon	NV	38.53771	-116.46062	1968										7.5
http://resources.usgin.org/uri-gin/nbmg/thermalspring/NBMG:21518/	Cold Spring - Hot Creek Canyon	NV	38.53827	-116.45034	1969	10	1								
http://resources.usgin.org/uri-gin/nbmg/thermalspring/NBMG:21518/	Cold Spring - Hot Creek Canyon	NV	38.53827	-116.45034	1969	10									
http://resources.usgin.org/uri-gin/nbmg/thermalspring/NBMG:21518/	Cold Spring - Hot Creek Canyon	NV	38.53827	-116.45034	1969										7.4
http://resources.usgin.org/uri-gin/nbmg/thermalspring/NBMG:21521/	Cold Spring - Hot Creek Canyon	NV	38.53966	-116.44701	1968	16	2								
http://resources.usgin.org/uri-gin/nbmg/thermalspring/NBMG:21521/	Cold Spring - Hot Creek Canyon	NV	38.53966	-116.44701	1968	16									
http://resources.usgin.org/uri-gin/nbmg/thermalspring/NBMG:21521/	Cold Spring - Hot Creek Canyon	NV	38.53966	-116.44701	1968										7.6
http://resources.usgin.org/uri-gin/nbmg/thermalspring/NBMG:21530/	Cold Spring - Monitor Range	NV	38.59048	-116.64772	1967	24	2.9	17	6	47	4.8	42			
http://resources.usgin.org/uri-gin/nbmg/thermalspring/NBMG:21530/	Cold Spring - Monitor Range	NV	38.59048	-116.64772	1967	24		17	6	47	4.8	42		0.7	
http://resources.usgin.org/uri-gin/nbmg/thermalspring/NBMG:21530/	Cold Spring - Monitor Range	NV	38.59048	-116.64772	1967										7.3
http://resources.usgin.org/uri-gin/nbmg/thermalspring/NBMG:21531/	Combination Spring	NV	38.59581	-116.8596	1967	52	9.4	6.1	1.4	30	2.9	16			
http://resources.usgin.org/uri-gin/nbmg/thermalspring/NBMG:21531/	Combination Spring	NV	38.59581	-116.8596	1967	52		6.1	1.4	30	2.9	16		0.3	
http://resources.usgin.org/uri-gin/nbmg/thermalspring/NBMG:21531/	Combination Spring	NV	38.59581	-116.8596	1967										7.6
http://resources.usgin.org/uri-gin/nbmg/thermalspring/NBMG:21532/	Big Springs - Egan Range	NV	38.59941	-114.91613	1985	34	5.8	13		50	4.2	7.2			
http://resources.usgin.org/uri-gin/nbmg/thermalspring/NBMG:21532/	Big Springs - Egan Range	NV	38.59941	-114.91613	1985	34		13		50	4.2	7.2		0.1	
http://resources.usgin.org/uri-gin/nbmg/thermalspring/NBMG:21532/	Big Springs - Egan Range	NV	38.59941	-114.91613	1985										6.8
http://resources.usgin.org/uri-gin/nbmg/thermalspring/NBMG:21535/	Cave Spring - Cave Valley	NV	38.64106	-114.79667	1985	16	2.2	3.1		14	1	4.5			
http://resources.usgin.org/uri-gin/nbmg/thermalspring/NBMG:21535/	Cave Spring - Cave Valley	NV	38.64106	-114.79667	1985	16		3.1		14	1	4.5		0.1	
http://resources.usgin.org/uri-gin/nbmg/thermalspring/NBMG:21535/	Cave Spring - Cave Valley	NV	38.64106	-114.79667	1985										7.4
http://resources.usgin.org/uri-gin/nbmg/thermalspring/NBMG:21536/	South Big Spring - Geyser Ranch Springs	NV	38.65558	-114.62627	1985	45	18	5.4	1.9	18	5.6	12			
http://resources.usgin.org/uri-gin/nbmg/thermalspring/NBMG:21536/	South Big Spring - Geyser Ranch Springs	NV	38.65558	-114.62627	1985	45		5.4	1.9	18	5.6	12		0.2	
http://resources.usgin.org/uri-gin/nbmg/thermalspring/NBMG:21536/	South Big Spring - Geyser Ranch Springs	NV	38.65558	-114.62627	1985										7.5
http://resources.usgin.org/uri-gin/nbmg/thermalspring/NBMG:21537/	North Big Spring - Geyser Ranch Springs	NV	38.6572	-114.62727	1985	49	19	5.3	2.1	21	6	12			
http://resources.usgin.org/uri-gin/nbmg/thermalspring/NBMG:21537/	North Big Spring - Geyser Ranch Springs	NV	38.6572	-114.62727	1985	49		5.3	2.1	21	6	12		0.2	
http://resources.usgin.org/uri-gin/nbmg/thermalspring/NBMG:21537/	North Big Spring - Geyser Ranch Springs	NV	38.6572	-114.62727	1985										7.6
http://resources.usgin.org/uri-gin/nbmg/thermalspring/NBMG:21538/	Cold Spring - Hot Creek Range	NV	38.66184	-116.28391	1967	40	4.8	7.3	1	25	2.6	20			
http://resources.usgin.org/uri-gin/nbmg/thermalspring/NBMG:21538/	Cold Spring - Hot Creek Range	NV	38.66184	-116.28391	1967	40		7.3	1	25	2.6	20		0.3	
http://resources.usgin.org/uri-gin/nbmg/thermalspring/NBMG:21538/	Cold Spring - Hot Creek Range	NV	38.66184	-116.28391	1967										7.6
http://resources.usgin.org/uri-gin/nbmg/thermalspring/NBMG:21539/	Sheep Spring - Cave Valley	NV	38.67606	-114.77751	1985	8	2.1	2.8		14	1.5	4.1			
http://resources.usgin.org/uri-gin/nbmg/thermalspring/NBMG:21539/	Sheep Spring - Cave Valley	NV	38.67606	-114.77751	1985	8		2.8		14	1.5	4.1		0.1	
http://resources.usgin.org/uri-gin/nbmg/thermalspring/NBMG:21539/	Sheep Spring - Cave Valley	NV	38.67606	-114.77751	1985										6.6
http://resources.usgin.org/uri-gin/nbmg/thermalspring/NBMG:21540/	North Sixmile Canyon Spring	NV	38.6792	-116.30371	1967	43	24	6.9	1.1	22	2.2	7.3			
http://resources.usgin.org/uri-gin/nbmg/thermalspring/NBMG:21540/	North Sixmile Canyon Spring	NV	38.6792	-116.30371	1967	43		6.9	1.1	22	2.2	7.3		0.2	
http://resources.usgin.org/uri-gin/nbmg/thermalspring/NBMG:21540/	North Sixmile Canyon Spring	NV	38.6792	-116.30371	1967										7.6
http://resources.usgin.org/uri-gin/nbmg/thermalspring/NBMG:21541/	Cold Spring - Little Fish Lake Valley	NV	38.68393	-116.511	1967	25	5.8	10	2.2	37	3.1	14			
http://resources.usgin.org/uri-gin/nbmg/thermalspring/NBMG:21541/	Cold Spring - Little Fish Lake Valley	NV	38.68393	-116.511	1967	25		10	2.2	37	3.1	14		0.3	
http://resources.usgin.org/uri-gin/nbmg/thermalspring/NBMG:21541/	Cold Spring - Little Fish Lake Valley	NV	38.68393	-116.511	1967										7.4
http://resources.usgin.org/uri-gin/nbmg/thermalspring/NBMG:21542/	Dripping Vat Spring	NV	38.67909	-118.26126	1974	60	13	46	1.1	20	45	55			
http://resources.usgin.org/uri-gin/nbmg/thermalspring/NBMG:21542/	Dripping Vat Spring	NV	38.67909	-118.26126	1974	60		46	1.1	20	45	55		0.2	
http://resources.usgin.org/uri-gin/nbmg/thermalspring/NBMG:21542/	Dripping Vat Spring	NV	38.67909	-118.26126	1974										7.3
http://resources.usgin.org/uri-gin/nbmg/thermalspring/NBMG:21543/	Cold Spring - Little Fish Lake Valley	NV	38.68768	-116.49538	1967	87	16	13	1.2	30	6.1	32			
http://resources.usgin.org/uri-gin/nbmg/thermalspring/NBMG:21543/	Cold Spring - Little Fish Lake Valley	NV	38.68768	-116.49538	1967	87		13	1.2	30	6.1	32		0.3	
http://resources.usgin.org/uri-gin/nbmg/thermalspring/NBMG:21543/	Cold Spring - Little Fish Lake Valley	NV	38.68768	-116.49538	1967										8
http://resources.usgin.org/uri-gin/nbmg/thermalspring/NBMG:21548/	Big Springs - Big Springs Ranch	NV	38.6994	-114.13193	1983	48	20	5.4	1.5	12	5.6	8.7			
http://resources.usgin.org/uri-gin/nbmg/thermalspring/NBMG:21548/	Big Springs - Big Springs Ranch	NV	38.6994	-114.13193	1983	48		5.4	1.5	12	5.6	8.7		0.1	
http://resources.usgin.org/uri-gin/nbmg/thermalspring/NBMG:21548/	Big Springs - Big Springs Ranch	NV	38.6994	-114.13193	1983										8
http://resources.usgin.org/uri-gin/nbmg/thermalspring/NBMG:21549/	Gillis Spring	NV	38.69861	-118.27773	1974	190	42	80	2.9	54	110	570			
http://resources.usgin.org/uri-gin/nbmg/thermalspring/NBMG:21549/	Gillis Spring	NV	38.69861	-118.27773	1974	190		80	2.9	54	110	570		0.5	
http://resources.usgin.org/uri-gin/nbmg/thermalspring/NBMG:21549/	Gillis Spring	NV	38.69861	-118.27773	1974										7.3
http://resources.usgin.org/uri-gin/nbmg/thermalspring/NBMG:21550/	North Creek Spring	NV	38.71038	-114.73017	1985	9.1	1.6	2.2	0.9	12	1.3	3.8			
http://resources.usgin.org/uri-gin/nbmg/thermalspring/NBMG:21550/	North Creek Spring	NV	38.71038	-114.73017	1985	9.1		2.2	0.9	12	1.3	3.8		0.4	
http://resources.usgin.org/uri-gin/nbmg/thermalspring/NBMG:21550/	North Creek Spring	NV	38.71038	-114.73017	1985										6.9
http://resources.usgin.org/uri-gin/nbmg/thermalspring/NBMG:21552/	Squaw Wells Spring	NV	38.7201	-116.08306	1967	61	27	50	1.6	27	35	120			
http://resources.usgin.org/uri-gin/nbmg/thermalspring/NBMG:21552/	Squaw Wells Spring	NV	38.7201	-116.08306	1967	61		50	1.6	27	35	120		0.6	
http://resources.usgin.org/uri-gin/nbmg/thermalspring/NBMG:21552/	Squaw Wells Spring	NV	38.7201	-116.08306	1967										8
http://resources.usgin.org/uri-gin/nbmg/thermalspring/NBMG:21555/	Ike Spring	NV	38.74143	-115.7911	1968	46	2.5	34	2	45	18	26			
http://resources.usgin.org/uri-gin/nbmg/thermalspring/NBMG:21555/	Ike Spring	NV	38.74143	-115.7911	1968	46		34	2	45	18	26		0.3	
http://resources.usgin.org/uri-gin/nbmg/thermalspring/NBMG:21555/	Ike Spring	NV	38.74143	-115.7911	1968										7.6
http://resources.usgin.org/uri-gin/nbmg/thermalspring/NBMG:21556/	Indian Spring - Pancake Range	NV	38.77493	-115.72171	1967	37	5.8	36	7.9	73	623	528			
http://resources.usgin.org/uri-gin/nbmg/thermalspring/NBMG:21556/	Indian Spring - Pancake Range	NV	38.77493	-115.72171	1967	37		36	7.9	73	623	528		17	
http://resources.usgin.org/uri-gin/nbmg/thermalspring/NBMG:21556/	Indian Spring - Pancake Range	NV	38.77493	-115.72171	1967										7.7
http://resources.usgin.org/uri-gin/nbmg/thermalspring/NBMG:21557/	Pritchards Spring	NV	38.78022	-116.17065	1967	12	1.6	5.5	0.8	25	1.8	5.2			
http://resources.usgin.org/uri-gin/nbmg/thermalspring/NBMG:21557/	Pritchards Spring	NV	38.78022	-116.17065	1967	12		5.5	0.8	25	1.8	5.2		-0.1	
http://resources.usgin.org/uri-gin/nbmg/thermalspring/NBMG:21557/	Pritchards Spring	NV	38.78022	-116.17065	1967	24	3.8	16	4.5	64	6.4	9.7			
http://resources.usgin.org/uri-gin/nbmg/thermalspring/NBMG:21557/	Pritchards Spring	NV	38.78022	-116.17065	1967	24		16	4.5	64	6.4	9.7		0.4	
http://resources.usgin.org/uri-gin/nbmg/thermalspring/NBMG:21557/	Pritchards Spring	NV	38.78022	-116.17065	1967										7.1
http://resources.usgin.org/uri-gin/nbmg/thermalspring/NBMG:21557/	Pritchards Spring	NV	38.78022	-116.17065	1967										7.2
http://resources.usgin.org/uri-gin/nbmg/thermalspring/NBMG:21561/	Fish Springs - Little Fish Lake Valley	NV	38.80942	-116.3977	1967	29	2.2	20	7.8	60	7	22			
http://resources.usgin.org/uri-gin/nbmg/thermalspring/NBMG:21561/	Fish Springs - Little Fish Lake Valley	NV	38.80942	-116.3977	1967	29		20	7.8	60	7	22		0.4	
http://resources.usgin.org/uri-gin/nbmg/thermalspring/NBMG:21561/	Fish Springs - Little Fish Lake Valley	NV	38.80942	-116.3977	1967										7.6
http://resources.usgin.org/uri-gin/nbmg/thermalspring/NBMG:21562/	Hot Well - Darroughs Hot Springs	NV	38.82157	-117.18372	1978	1.8	4.4	110	2	179	9.8	36			
http://resources.usgin.org/uri-gin/nbmg/thermalspring/NBMG:21562/	Hot Well - Darroughs Hot Springs	NV	38.82157	-117.18372	1978	1.8		110	2	179	9.8	36		-0.03	
http://resources.usgin.org/uri-gin/nbmg/thermalspring/NBMG:21562/	Hot Well - Darroughs Hot Springs	NV	38.82157	-117.18372	1978										9.2
http://resources.usgin.org/uri-gin/nbmg/thermalspring/NBMG:21563/	Cold Spring - Monitor Range	NV	38.81727	-116.61967	1967	60	11	6.9	1.9	23	2.6	22			
http://resources.usgin.org/uri-gin/nbmg/thermalspring/NBMG:21563/	Cold Spring - Monitor Range	NV	38.81727	-116.61967	1967	60		6.9	1.9	23	2.6	22		0.1	
http://resources.usgin.org/uri-gin/nbmg/thermalspring/NBMG:21563/	Cold Spring - Monitor Range	NV	38.81727	-116.61967	1967										8.2
http://resources.usgin.org/uri-gin/nbmg/thermalspring/NBMG:21566/	Chimney Rock Spring	NV	38.83522	-114.88501	1985	56	6.8	12		56	5.4	21			
http://resources.usgin.org/uri-gin/nbmg/thermalspring/NBMG:21566/	Chimney Rock Spring	NV	38.83522	-114.88501	1985	56		12		56	5.4	21		0.2	
http://resources.usgin.org/uri-gin/nbmg/thermalspring/NBMG:21566/	Chimney Rock Spring	NV	38.83522	-114.88501	1985										6.8
http://resources.usgin.org/uri-gin/nbmg/thermalspring/NBMG:21567/	Sand Spring - Big Sand Springs Valley	NV	38.83901	-115.83672	1967	36	7.4	60	11	34	23	28			
http://resources.usgin.org/uri-gin/nbmg/thermalspring/NBMG:21567/	Sand Spring - Big Sand Springs Valley	NV	38.83901	-115.83672	1967	36		60	11	34	23	28		0.7	
http://resources.usgin.org/uri-gin/nbmg/thermalspring/NBMG:21567/	Sand Spring - Big Sand Springs Valley	NV	38.83901	-115.83672	1967										8
http://resources.usgin.org/uri-gin/nbmg/thermalspring/NBMG:21568/	Secret Spring	NV	38.84006	-115.29014	1983						11				
http://resources.usgin.org/uri-gin/nbmg/thermalspring/NBMG:21568/	Secret Spring	NV	38.84006	-115.29014	1983						11				
http://resources.usgin.org/uri-gin/nbmg/thermalspring/NBMG:21569/	Cold Spring - Hot Creek Range	NV	38.8416	-116.26756	1967	21	3.1	14	1.9	44	6.4	7.9			
http://resources.usgin.org/uri-gin/nbmg/thermalspring/NBMG:21569/	Cold Spring - Hot Creek Range	NV	38.8416	-116.26756	1967	21		14	1.9	44	6.4	7.9		0.3	
http://resources.usgin.org/uri-gin/nbmg/thermalspring/NBMG:21569/	Cold Spring - Hot Creek Range	NV	38.8416	-116.26756	1967										7.3
http://resources.usgin.org/uri-gin/nbmg/thermalspring/NBMG:21570/	Little Swallow Spring	NV	38.84493	-114.3651	1983						1.3				
http://resources.usgin.org/uri-gin/nbmg/thermalspring/NBMG:21570/	Little Swallow Spring	NV	38.84493	-114.3651	1983						1.3				
http://resources.usgin.org/uri-gin/nbmg/thermalspring/NBMG:21578/	Veg Spring	NV	38.88437	-117.35454	1984	2.6	0.3	3.1		16	0.8	1.2			
http://resources.usgin.org/uri-gin/nbmg/thermalspring/NBMG:21578/	Veg Spring	NV	38.88437	-117.35454	1984	2.6		3.1		16	0.8	1.2		0.04	
http://resources.usgin.org/uri-gin/nbmg/thermalspring/NBMG:21578/	Veg Spring	NV	38.88437	-117.35454	1984										7.1
http://resources.usgin.org/uri-gin/nbmg/thermalspring/NBMG:21578/	Veg Spring	NV	38.88437	-117.35454	1985	2.4	0.3	3.2		16	0.6	1.2			
http://resources.usgin.org/uri-gin/nbmg/thermalspring/NBMG:21578/	Veg Spring	NV	38.88437	-117.35454	1985	2.4		3.2		16	0.6	1.2		0.03	
http://resources.usgin.org/uri-gin/nbmg/thermalspring/NBMG:21578/	Veg Spring	NV	38.88437	-117.35454	1985	2.5	0.4	2.8		16	0.6	1.2			
http://resources.usgin.org/uri-gin/nbmg/thermalspring/NBMG:21578/	Veg Spring	NV	38.88437	-117.35454	1985	2.5		2.8		16	0.6	1.2		0.04	
http://resources.usgin.org/uri-gin/nbmg/thermalspring/NBMG:21578/	Veg Spring	NV	38.88437	-117.35454	1985										5.8
http://resources.usgin.org/uri-gin/nbmg/thermalspring/NBMG:21578/	Veg Spring	NV	38.88437	-117.35454	1985										6.1
http://resources.usgin.org/uri-gin/nbmg/thermalspring/NBMG:21578/	Veg Spring	NV	38.88437	-117.35454	1986	2.1	0.24	3.4	0.5		0.6	1.1			
http://resources.usgin.org/uri-gin/nbmg/thermalspring/NBMG:21578/	Veg Spring	NV	38.88437	-117.35454	1986	2.1		3.4	0.5		0.6	1.1		-0.01	
http://resources.usgin.org/uri-gin/nbmg/thermalspring/NBMG:21578/	Veg Spring	NV	38.88437	-117.35454	1986	2.2	0.24	3.3	0.46	17	0.6	1.2			
http://resources.usgin.org/uri-gin/nbmg/thermalspring/NBMG:21578/	Veg Spring	NV	38.88437	-117.35454	1986	2.2		3.3	0.46	17	0.6	1.2		0.03	
http://resources.usgin.org/uri-gin/nbmg/thermalspring/NBMG:21578/	Veg Spring	NV	38.88437	-117.35454	1986	2.3	0.29	3.4	0.51	17	0.6	1.1			
http://resources.usgin.org/uri-gin/nbmg/thermalspring/NBMG:21578/	Veg Spring	NV	38.88437	-117.35454	1986	2.3		3.4	0.51	17	0.6	1.1		0.01	
http://resources.usgin.org/uri-gin/nbmg/thermalspring/NBMG:21578/	Veg Spring	NV	38.88437	-117.35454	1986										6.7
http://resources.usgin.org/uri-gin/nbmg/thermalspring/NBMG:21578/	Veg Spring	NV	38.88437	-117.35454	1986										6.7
http://resources.usgin.org/uri-gin/nbmg/thermalspring/NBMG:21578/	Veg Spring	NV	38.88437	-117.35454	1986										7.1
http://resources.usgin.org/uri-gin/nbmg/thermalspring/NBMG:21578/	Veg Spring	NV	38.88437	-117.35454	1987	2.3	0.33	3	0.5	16	0.7	1.4			
http://resources.usgin.org/uri-gin/nbmg/thermalspring/NBMG:21578/	Veg Spring	NV	38.88437	-117.35454	1987	2.3		3	0.5	16	0.7	1.4		0.05	
http://resources.usgin.org/uri-gin/nbmg/thermalspring/NBMG:21578/	Veg Spring	NV	38.88437	-117.35454	1987	2.4	0.31	3.1	0.5	17	0.6	1.3			
http://resources.usgin.org/uri-gin/nbmg/thermalspring/NBMG:21578/	Veg Spring	NV	38.88437	-117.35454	1987	2.4		3.1	0.5	17	0.6	1.3		-0.003	
http://resources.usgin.org/uri-gin/nbmg/thermalspring/NBMG:21578/	Veg Spring	NV	38.88437	-117.35454	1987	3	0.38	3.7	0.63	16	1.2	1.8			
http://resources.usgin.org/uri-gin/nbmg/thermalspring/NBMG:21578/	Veg Spring	NV	38.88437	-117.35454	1987	3		3.7	0.63	16	1.2	1.8		0.04	
http://resources.usgin.org/uri-gin/nbmg/thermalspring/NBMG:21578/	Veg Spring	NV	38.88437	-117.35454	1987										6.7
http://resources.usgin.org/uri-gin/nbmg/thermalspring/NBMG:21578/	Veg Spring	NV	38.88437	-117.35454	1987										7
http://resources.usgin.org/uri-gin/nbmg/thermalspring/NBMG:21578/	Veg Spring	NV	38.88437	-117.35454	1987										8
http://resources.usgin.org/uri-gin/nbmg/thermalspring/NBMG:21578/	Veg Spring	NV	38.88437	-117.35454	1988	2.5	0.41	3.3	0.6	17	0.7	1.2			
http://resources.usgin.org/uri-gin/nbmg/thermalspring/NBMG:21578/	Veg Spring	NV	38.88437	-117.35454	1988	2.5		3.3	0.6	17	0.7	1.2		0.012	
http://resources.usgin.org/uri-gin/nbmg/thermalspring/NBMG:21578/	Veg Spring	NV	38.88437	-117.35454	1988	2.6	0.33	3.2	0.45	16	0.7	1.3			
http://resources.usgin.org/uri-gin/nbmg/thermalspring/NBMG:21578/	Veg Spring	NV	38.88437	-117.35454	1988	2.6	0.4	3.3	0.58	16	0.7	1.2			
http://resources.usgin.org/uri-gin/nbmg/thermalspring/NBMG:21578/	Veg Spring	NV	38.88437	-117.35454	1988	2.6		3.2	0.45	16	0.7	1.3		0.004	
http://resources.usgin.org/uri-gin/nbmg/thermalspring/NBMG:21578/	Veg Spring	NV	38.88437	-117.35454	1988	2.6		3.3	0.58	16	0.7	1.2		0.008	
http://resources.usgin.org/uri-gin/nbmg/thermalspring/NBMG:21578/	Veg Spring	NV	38.88437	-117.35454	1988										6.3
http://resources.usgin.org/uri-gin/nbmg/thermalspring/NBMG:21578/	Veg Spring	NV	38.88437	-117.35454	1988										6.3
http://resources.usgin.org/uri-gin/nbmg/thermalspring/NBMG:21578/	Veg Spring	NV	38.88437	-117.35454	1988										7
http://resources.usgin.org/uri-gin/nbmg/thermalspring/NBMG:21578/	Veg Spring	NV	38.88437	-117.35454	1989	2.3	0.29	3.5		17	0.68	1.2			
http://resources.usgin.org/uri-gin/nbmg/thermalspring/NBMG:21578/	Veg Spring	NV	38.88437	-117.35454	1989	2.3		3.5		17	0.68	1.2		0.05	
http://resources.usgin.org/uri-gin/nbmg/thermalspring/NBMG:21578/	Veg Spring	NV	38.88437	-117.35454	1989	2.5	0.07	3.1	0.51	16	0.6	1			
http://resources.usgin.org/uri-gin/nbmg/thermalspring/NBMG:21578/	Veg Spring	NV	38.88437	-117.35454	1989	2.5		3.1	0.51	16	0.6	1		0.1	
http://resources.usgin.org/uri-gin/nbmg/thermalspring/NBMG:21578/	Veg Spring	NV	38.88437	-117.35454	1989	2.6	0.2	3.3		16	0.65	1.3			
http://resources.usgin.org/uri-gin/nbmg/thermalspring/NBMG:21578/	Veg Spring	NV	38.88437	-117.35454	1989	2.6		3.3		16	0.65	1.3		0.05	
http://resources.usgin.org/uri-gin/nbmg/thermalspring/NBMG:21578/	Veg Spring	NV	38.88437	-117.35454	1989										6.8
http://resources.usgin.org/uri-gin/nbmg/thermalspring/NBMG:21578/	Veg Spring	NV	38.88437	-117.35454	1989										6.9
http://resources.usgin.org/uri-gin/nbmg/thermalspring/NBMG:21578/	Veg Spring	NV	38.88437	-117.35454	1989										7
http://resources.usgin.org/uri-gin/nbmg/thermalspring/NBMG:21578/	Veg Spring	NV	38.88437	-117.35454	1990	2.2	0.33	3.4		17	0.6	1.2			
http://resources.usgin.org/uri-gin/nbmg/thermalspring/NBMG:21578/	Veg Spring	NV	38.88437	-117.35454	1990	2.2		3.4		17	0.6	1.2		0.05	
http://resources.usgin.org/uri-gin/nbmg/thermalspring/NBMG:21578/	Veg Spring	NV	38.88437	-117.35454	1990	2.4	0.27	3.1		15	0.73	1.4			
http://resources.usgin.org/uri-gin/nbmg/thermalspring/NBMG:21578/	Veg Spring	NV	38.88437	-117.35454	1990	2.4	0.31	3.4	0.5	16	0.66	1.2			
http://resources.usgin.org/uri-gin/nbmg/thermalspring/NBMG:21578/	Veg Spring	NV	38.88437	-117.35454	1990	2.4		3.1		15	0.73	1.4		0.04	
http://resources.usgin.org/uri-gin/nbmg/thermalspring/NBMG:21578/	Veg Spring	NV	38.88437	-117.35454	1990	2.4		3.4	0.5	16	0.66	1.2		0.05	
http://resources.usgin.org/uri-gin/nbmg/thermalspring/NBMG:21578/	Veg Spring	NV	38.88437	-117.35454	1990	2.7	0.35	3.4	0.5	17	0.97	1.9			
http://resources.usgin.org/uri-gin/nbmg/thermalspring/NBMG:21578/	Veg Spring	NV	38.88437	-117.35454	1990	2.7		3.4	0.5	17	0.97	1.9		0.06	
http://resources.usgin.org/uri-gin/nbmg/thermalspring/NBMG:21578/	Veg Spring	NV	38.88437	-117.35454	1990										6.9
http://resources.usgin.org/uri-gin/nbmg/thermalspring/NBMG:21578/	Veg Spring	NV	38.88437	-117.35454	1990										6.9
http://resources.usgin.org/uri-gin/nbmg/thermalspring/NBMG:21578/	Veg Spring	NV	38.88437	-117.35454	1990										7
http://resources.usgin.org/uri-gin/nbmg/thermalspring/NBMG:21578/	Veg Spring	NV	38.88437	-117.35454	1990										7
http://resources.usgin.org/uri-gin/nbmg/thermalspring/NBMG:21578/	Veg Spring	NV	38.88437	-117.35454	1991	2	0.35	2.6	0.5	15	0.59	1.3			
http://resources.usgin.org/uri-gin/nbmg/thermalspring/NBMG:21578/	Veg Spring	NV	38.88437	-117.35454	1991	2		2.6	0.5	15	0.59	1.3		0.06	
http://resources.usgin.org/uri-gin/nbmg/thermalspring/NBMG:21578/	Veg Spring	NV	38.88437	-117.35454	1991	2.3	0.29	3.2	0.5	16	0.62	1.2			
http://resources.usgin.org/uri-gin/nbmg/thermalspring/NBMG:21578/	Veg Spring	NV	38.88437	-117.35454	1991	2.3		3.2	0.5	16	0.62	1.2		0.05	
http://resources.usgin.org/uri-gin/nbmg/thermalspring/NBMG:21578/	Veg Spring	NV	38.88437	-117.35454	1991										6.3
http://resources.usgin.org/uri-gin/nbmg/thermalspring/NBMG:21578/	Veg Spring	NV	38.88437	-117.35454	1991										6.6
http://resources.usgin.org/uri-gin/nbmg/thermalspring/NBMG:21578/	Veg Spring	NV	38.88437	-117.35454	1992	2.2	0.27	3.2	0.4	17	0.56	1.1			
http://resources.usgin.org/uri-gin/nbmg/thermalspring/NBMG:21578/	Veg Spring	NV	38.88437	-117.35454	1992	2.2		3.2	0.4	17	0.56	1.1		0.07	
http://resources.usgin.org/uri-gin/nbmg/thermalspring/NBMG:21578/	Veg Spring	NV	38.88437	-117.35454	1992	2.3	0.28	3.3	0.5	19	0.59	1.2			
http://resources.usgin.org/uri-gin/nbmg/thermalspring/NBMG:21578/	Veg Spring	NV	38.88437	-117.35454	1992	2.3	0.31	3.1	0.5	18	0.55	1.2			
http://resources.usgin.org/uri-gin/nbmg/thermalspring/NBMG:21578/	Veg Spring	NV	38.88437	-117.35454	1992	2.3		3.1	0.5	18	0.55	1.2		0.03	
http://resources.usgin.org/uri-gin/nbmg/thermalspring/NBMG:21578/	Veg Spring	NV	38.88437	-117.35454	1992	2.3		3.3	0.5	19	0.59	1.2		0.05	
http://resources.usgin.org/uri-gin/nbmg/thermalspring/NBMG:21578/	Veg Spring	NV	38.88437	-117.35454	1992										6.3
http://resources.usgin.org/uri-gin/nbmg/thermalspring/NBMG:21578/	Veg Spring	NV	38.88437	-117.35454	1992										6.5
http://resources.usgin.org/uri-gin/nbmg/thermalspring/NBMG:21578/	Veg Spring	NV	38.88437	-117.35454	1992										6.6
http://resources.usgin.org/uri-gin/nbmg/thermalspring/NBMG:21580/	Hellebore Spring	NV	38.88993	-117.36093	1986	3.6	0.49	4.3	1.1	20	1.2	1.6			
http://resources.usgin.org/uri-gin/nbmg/thermalspring/NBMG:21580/	Hellebore Spring	NV	38.88993	-117.36093	1986	3.6		4.3	1.1	20	1.2	1.6		0.01	
http://resources.usgin.org/uri-gin/nbmg/thermalspring/NBMG:21580/	Hellebore Spring	NV	38.88993	-117.36093	1986	3.8	0.49	3.8	0.8	21	1	1.8			
http://resources.usgin.org/uri-gin/nbmg/thermalspring/NBMG:21580/	Hellebore Spring	NV	38.88993	-117.36093	1986	3.8	0.55	4.2	0.66	20	1.2	1.6			
http://resources.usgin.org/uri-gin/nbmg/thermalspring/NBMG:21580/	Hellebore Spring	NV	38.88993	-117.36093	1986	3.8		3.8	0.8	21	1	1.8		0.09	
http://resources.usgin.org/uri-gin/nbmg/thermalspring/NBMG:21580/	Hellebore Spring	NV	38.88993	-117.36093	1986	3.8		4.2	0.66	20	1.2	1.6		0.01	
http://resources.usgin.org/uri-gin/nbmg/thermalspring/NBMG:21580/	Hellebore Spring	NV	38.88993	-117.36093	1986	3.9	0.51	4.3	0.7	19	1.9	1.9			
http://resources.usgin.org/uri-gin/nbmg/thermalspring/NBMG:21580/	Hellebore Spring	NV	38.88993	-117.36093	1986	3.9		4.3	0.7	19	1.9	1.9		0.05	
http://resources.usgin.org/uri-gin/nbmg/thermalspring/NBMG:21580/	Hellebore Spring	NV	38.88993	-117.36093	1986										6.8
http://resources.usgin.org/uri-gin/nbmg/thermalspring/NBMG:21580/	Hellebore Spring	NV	38.88993	-117.36093	1986										7
http://resources.usgin.org/uri-gin/nbmg/thermalspring/NBMG:21580/	Hellebore Spring	NV	38.88993	-117.36093	1986										7.5
http://resources.usgin.org/uri-gin/nbmg/thermalspring/NBMG:21580/	Hellebore Spring	NV	38.88993	-117.36093	1986										7.5
http://resources.usgin.org/uri-gin/nbmg/thermalspring/NBMG:21580/	Hellebore Spring	NV	38.88993	-117.36093	1987	3.8	0.52	4.2	0.68	19	1.1	1.8			
http://resources.usgin.org/uri-gin/nbmg/thermalspring/NBMG:21580/	Hellebore Spring	NV	38.88993	-117.36093	1987	3.8		4.2	0.68	19	1.1	1.8		0.09	
http://resources.usgin.org/uri-gin/nbmg/thermalspring/NBMG:21580/	Hellebore Spring	NV	38.88993	-117.36093	1987	4.1	0.56	3.9	0.66	20	1.3	1.9			
http://resources.usgin.org/uri-gin/nbmg/thermalspring/NBMG:21580/	Hellebore Spring	NV	38.88993	-117.36093	1987	4.1		3.9	0.66	20	1.3	1.9		0.07	
http://resources.usgin.org/uri-gin/nbmg/thermalspring/NBMG:21580/	Hellebore Spring	NV	38.88993	-117.36093	1987	4.2	0.56	3.9	0.68	20	1.1	2			
http://resources.usgin.org/uri-gin/nbmg/thermalspring/NBMG:21580/	Hellebore Spring	NV	38.88993	-117.36093	1987	4.2		3.9	0.68	20	1.1	2		-0.003	
http://resources.usgin.org/uri-gin/nbmg/thermalspring/NBMG:21580/	Hellebore Spring	NV	38.88993	-117.36093	1987										6.7
http://resources.usgin.org/uri-gin/nbmg/thermalspring/NBMG:21580/	Hellebore Spring	NV	38.88993	-117.36093	1987										6.8
http://resources.usgin.org/uri-gin/nbmg/thermalspring/NBMG:21580/	Hellebore Spring	NV	38.88993	-117.36093	1987										7.9
http://resources.usgin.org/uri-gin/nbmg/thermalspring/NBMG:21580/	Hellebore Spring	NV	38.88993	-117.36093	1988	3.9	0.53	4	0.57	19	1.1	1.7			
http://resources.usgin.org/uri-gin/nbmg/thermalspring/NBMG:21580/	Hellebore Spring	NV	38.88993	-117.36093	1988	3.9		4	0.57	19	1.1	1.7		-0.003	
http://resources.usgin.org/uri-gin/nbmg/thermalspring/NBMG:21580/	Hellebore Spring	NV	38.88993	-117.36093	1988	4	0.59	4.2	0.67	20	1.2	2			
http://resources.usgin.org/uri-gin/nbmg/thermalspring/NBMG:21580/	Hellebore Spring	NV	38.88993	-117.36093	1988	4		4.2	0.67	20	1.2	2		0.1	
http://resources.usgin.org/uri-gin/nbmg/thermalspring/NBMG:21580/	Hellebore Spring	NV	38.88993	-117.36093	1988	4.1	0.71	4.1	0.97	21	1.2	1.9			
http://resources.usgin.org/uri-gin/nbmg/thermalspring/NBMG:21580/	Hellebore Spring	NV	38.88993	-117.36093	1988	4.1		4.1	0.97	21	1.2	1.9		0.04	
http://resources.usgin.org/uri-gin/nbmg/thermalspring/NBMG:21580/	Hellebore Spring	NV	38.88993	-117.36093	1988	4.2	0.68	4.1	0.81	20	1.2	2			
http://resources.usgin.org/uri-gin/nbmg/thermalspring/NBMG:21580/	Hellebore Spring	NV	38.88993	-117.36093	1988	4.2		4.1	0.81	20	1.2	2		-0.003	
http://resources.usgin.org/uri-gin/nbmg/thermalspring/NBMG:21580/	Hellebore Spring	NV	38.88993	-117.36093	1988										6.4
http://resources.usgin.org/uri-gin/nbmg/thermalspring/NBMG:21580/	Hellebore Spring	NV	38.88993	-117.36093	1988										6.4
http://resources.usgin.org/uri-gin/nbmg/thermalspring/NBMG:21580/	Hellebore Spring	NV	38.88993	-117.36093	1988										7
http://resources.usgin.org/uri-gin/nbmg/thermalspring/NBMG:21580/	Hellebore Spring	NV	38.88993	-117.36093	1988										7.6
http://resources.usgin.org/uri-gin/nbmg/thermalspring/NBMG:21580/	Hellebore Spring	NV	38.88993	-117.36093	1989	3.7	0.5	4.2		20	1.1	1.8			
http://resources.usgin.org/uri-gin/nbmg/thermalspring/NBMG:21580/	Hellebore Spring	NV	38.88993	-117.36093	1989	3.7		4.2		20	1.1	1.8		0.11	
http://resources.usgin.org/uri-gin/nbmg/thermalspring/NBMG:21580/	Hellebore Spring	NV	38.88993	-117.36093	1989	3.8	0.54	4	0.65	19	1.2	1.9			
http://resources.usgin.org/uri-gin/nbmg/thermalspring/NBMG:21580/	Hellebore Spring	NV	38.88993	-117.36093	1989	3.8		4	0.65	19	1.2	1.9		0.08	
http://resources.usgin.org/uri-gin/nbmg/thermalspring/NBMG:21580/	Hellebore Spring	NV	38.88993	-117.36093	1989										7.1
http://resources.usgin.org/uri-gin/nbmg/thermalspring/NBMG:21580/	Hellebore Spring	NV	38.88993	-117.36093	1989										7.2
http://resources.usgin.org/uri-gin/nbmg/thermalspring/NBMG:21580/	Hellebore Spring	NV	38.88993	-117.36093	1990	3.8	0.55	4		20	1.1	1.7			
http://resources.usgin.org/uri-gin/nbmg/thermalspring/NBMG:21580/	Hellebore Spring	NV	38.88993	-117.36093	1990	3.8		4		20	1.1	1.7		0.05	
http://resources.usgin.org/uri-gin/nbmg/thermalspring/NBMG:21580/	Hellebore Spring	NV	38.88993	-117.36093	1990	3.9	0.52	4	0.7	19	1.1	2			
http://resources.usgin.org/uri-gin/nbmg/thermalspring/NBMG:21580/	Hellebore Spring	NV	38.88993	-117.36093	1990	3.9		4	0.7	19	1.1	2		0.07	
http://resources.usgin.org/uri-gin/nbmg/thermalspring/NBMG:21580/	Hellebore Spring	NV	38.88993	-117.36093	1990										6.9
http://resources.usgin.org/uri-gin/nbmg/thermalspring/NBMG:21580/	Hellebore Spring	NV	38.88993	-117.36093	1990										6.9
http://resources.usgin.org/uri-gin/nbmg/thermalspring/NBMG:21580/	Hellebore Spring	NV	38.88993	-117.36093	1991	3.8	0.57	4	0.6	20	1.1	1.9			
http://resources.usgin.org/uri-gin/nbmg/thermalspring/NBMG:21580/	Hellebore Spring	NV	38.88993	-117.36093	1991	3.8		4	0.6	20	1.1	1.9		0.08	
http://resources.usgin.org/uri-gin/nbmg/thermalspring/NBMG:21580/	Hellebore Spring	NV	38.88993	-117.36093	1991										6.6
http://resources.usgin.org/uri-gin/nbmg/thermalspring/NBMG:21580/	Hellebore Spring	NV	38.88993	-117.36093	1992	3.6	0.51	3.9	0.7	21	0.94	1.7			
http://resources.usgin.org/uri-gin/nbmg/thermalspring/NBMG:21580/	Hellebore Spring	NV	38.88993	-117.36093	1992	3.6		3.9	0.7	21	0.94	1.7		0.1	
http://resources.usgin.org/uri-gin/nbmg/thermalspring/NBMG:21580/	Hellebore Spring	NV	38.88993	-117.36093	1992										5.8
http://resources.usgin.org/uri-gin/nbmg/thermalspring/NBMG:21581/	Cold Spring - White Pine Range	NV	38.8939	-115.38392	1983						11				
http://resources.usgin.org/uri-gin/nbmg/thermalspring/NBMG:21581/	Cold Spring - White Pine Range	NV	38.8939	-115.38392	1983						11				
http://resources.usgin.org/uri-gin/nbmg/thermalspring/NBMG:21583/	Lone Pine Spring	NV	38.8955	-114.90029	1985	67	4.2	3.5		17	1.6	3.7			
http://resources.usgin.org/uri-gin/nbmg/thermalspring/NBMG:21583/	Lone Pine Spring	NV	38.8955	-114.90029	1985	67		3.5		17	1.6	3.7		0.1	
http://resources.usgin.org/uri-gin/nbmg/thermalspring/NBMG:21583/	Lone Pine Spring	NV	38.8955	-114.90029	1985										7.5
http://resources.usgin.org/uri-gin/nbmg/thermalspring/NBMG:21583/	Lone Pine Spring	NV	38.8955	-114.90029	1985										7.5
http://resources.usgin.org/uri-gin/nbmg/thermalspring/NBMG:21585/	Snowmelt Spring	NV	38.90627	-115.38636	1983						0.6				
http://resources.usgin.org/uri-gin/nbmg/thermalspring/NBMG:21585/	Snowmelt Spring	NV	38.90627	-115.38636	1983						0.6				
http://resources.usgin.org/uri-gin/nbmg/thermalspring/NBMG:21586/	Saddle Spring	NV	38.97543	-115.39982	1983						3.1				
http://resources.usgin.org/uri-gin/nbmg/thermalspring/NBMG:21586/	Saddle Spring	NV	38.97543	-115.39982	1983						3.1				
http://resources.usgin.org/uri-gin/nbmg/thermalspring/NBMG:21589/	Cold Spring - Walker River Reservation	NV	38.91603	-118.75348	1978	1.7	0.3	200	4.3	50	55	99			
http://resources.usgin.org/uri-gin/nbmg/thermalspring/NBMG:21589/	Cold Spring - Walker River Reservation	NV	38.91603	-118.75348	1978	1.7		200	4.3	50	55	99		0.7	
http://resources.usgin.org/uri-gin/nbmg/thermalspring/NBMG:21589/	Cold Spring - Walker River Reservation	NV	38.91603	-118.75348	1978										8.9
http://resources.usgin.org/uri-gin/nbmg/thermalspring/NBMG:21594/	East Dobbin Summit Spring	NV	38.92318	-116.50945	1967	54	7.2	17	2.5	32	5	33			
http://resources.usgin.org/uri-gin/nbmg/thermalspring/NBMG:21594/	East Dobbin Summit Spring	NV	38.92318	-116.50945	1967	54		17	2.5	32	5	33		0.3	
http://resources.usgin.org/uri-gin/nbmg/thermalspring/NBMG:21594/	East Dobbin Summit Spring	NV	38.92318	-116.50945	1967										7.7
http://resources.usgin.org/uri-gin/nbmg/thermalspring/NBMG:21614/	Big Louie Spring	NV	39.01516	-115.82078	1968	13	4.4	50	6.4	74	0.1	17			
http://resources.usgin.org/uri-gin/nbmg/thermalspring/NBMG:21614/	Big Louie Spring	NV	39.01516	-115.82078	1968	13		50	6.4	74	0.1	17		2.4	
http://resources.usgin.org/uri-gin/nbmg/thermalspring/NBMG:21614/	Big Louie Spring	NV	39.01516	-115.82078	1968	56	11	23	6	95	12	24			
http://resources.usgin.org/uri-gin/nbmg/thermalspring/NBMG:21614/	Big Louie Spring	NV	39.01516	-115.82078	1968	56		23	6	95	12	24		0.3	
http://resources.usgin.org/uri-gin/nbmg/thermalspring/NBMG:21614/	Big Louie Spring	NV	39.01516	-115.82078	1968										7.6
http://resources.usgin.org/uri-gin/nbmg/thermalspring/NBMG:21614/	Big Louie Spring	NV	39.01516	-115.82078	1968										7.8
http://resources.usgin.org/uri-gin/nbmg/thermalspring/NBMG:21615/	Tailings Seepage - North Base	NV	39.01881	-119.19182	1976	240	13	110	24	83	78	860			
http://resources.usgin.org/uri-gin/nbmg/thermalspring/NBMG:21615/	Tailings Seepage - North Base	NV	39.01881	-119.19182	1976	240		110	24	83	78	860		2.5	
http://resources.usgin.org/uri-gin/nbmg/thermalspring/NBMG:21615/	Tailings Seepage - North Base	NV	39.01881	-119.19182	1976										4.2
http://resources.usgin.org/uri-gin/nbmg/thermalspring/NBMG:21616/	Tailings Seepage - North Ditch	NV	39.01881	-119.19682	1976	210	2.2	110	27	32	86	580			
http://resources.usgin.org/uri-gin/nbmg/thermalspring/NBMG:21616/	Tailings Seepage - North Ditch	NV	39.01881	-119.19682	1976	210		110	27	32	86	580		1.8	
http://resources.usgin.org/uri-gin/nbmg/thermalspring/NBMG:21616/	Tailings Seepage - North Ditch	NV	39.01881	-119.19682	1976										11.3
http://resources.usgin.org/uri-gin/nbmg/thermalspring/NBMG:21618/	Acid Waste Pond North Shore	NV	39.02547	-119.20849	1976	700	4700	2700	1.6	9.3	1000	47000			
http://resources.usgin.org/uri-gin/nbmg/thermalspring/NBMG:21618/	Acid Waste Pond North Shore	NV	39.02547	-119.20849	1976	700		2700	1.6	9.3	1000	47000		47030000	
http://resources.usgin.org/uri-gin/nbmg/thermalspring/NBMG:21618/	Acid Waste Pond North Shore	NV	39.02547	-119.20849	1976										1.8
http://resources.usgin.org/uri-gin/nbmg/thermalspring/NBMG:21630/	Cold Spring - Antelope Valley	NV	39.08646	-116.32367	1967	26	4.9	20	4.8	56	12	13			
http://resources.usgin.org/uri-gin/nbmg/thermalspring/NBMG:21630/	Cold Spring - Antelope Valley	NV	39.08646	-116.32367	1967	26		20	4.8	56	12	13		0.5	
http://resources.usgin.org/uri-gin/nbmg/thermalspring/NBMG:21630/	Cold Spring - Antelope Valley	NV	39.08646	-116.32367	1967										7.4
http://resources.usgin.org/uri-gin/nbmg/thermalspring/NBMG:21633/	Cold Spring - Monitor Range	NV	39.10764	-116.53711	1967	29	3.5	18	4.7	42	9.8	16			
http://resources.usgin.org/uri-gin/nbmg/thermalspring/NBMG:21633/	Cold Spring - Monitor Range	NV	39.10764	-116.53711	1967	29		18	4.7	42	9.8	16		0.2	
http://resources.usgin.org/uri-gin/nbmg/thermalspring/NBMG:21633/	Cold Spring - Monitor Range	NV	39.10764	-116.53711	1967										7.4
http://resources.usgin.org/uri-gin/nbmg/thermalspring/NBMG:21634/	Cold Spring - Antelope Valley	NV	39.10938	-116.34896	1967	39	14	9.5	2.9	26	6.3	17			
http://resources.usgin.org/uri-gin/nbmg/thermalspring/NBMG:21634/	Cold Spring - Antelope Valley	NV	39.10938	-116.34896	1967	39		9.5	2.9	26	6.3	17		0.2	
http://resources.usgin.org/uri-gin/nbmg/thermalspring/NBMG:21634/	Cold Spring - Antelope Valley	NV	39.10938	-116.34896	1967										7.7
http://resources.usgin.org/uri-gin/nbmg/thermalspring/NBMG:21635/	Cold Spring - Egan Range	NV	39.13486	-114.95835	1983						2.4				
http://resources.usgin.org/uri-gin/nbmg/thermalspring/NBMG:21635/	Cold Spring - Egan Range	NV	39.13486	-114.95835	1983						2.4				
http://resources.usgin.org/uri-gin/nbmg/thermalspring/NBMG:21636/	South Spring	NV	39.1455	-114.97085	1983						3				
http://resources.usgin.org/uri-gin/nbmg/thermalspring/NBMG:21636/	South Spring	NV	39.1455	-114.97085	1983						3				
http://resources.usgin.org/uri-gin/nbmg/thermalspring/NBMG:21637/	North Spring - Egan Range	NV	39.15605	-114.96391	1983						4.2				
http://resources.usgin.org/uri-gin/nbmg/thermalspring/NBMG:21637/	North Spring - Egan Range	NV	39.15605	-114.96391	1983						4.2				
http://resources.usgin.org/uri-gin/nbmg/thermalspring/NBMG:21639/	Geothermal Well - Wabuska Hot Springs	NV	39.16377	-119.17859	1974	46	0.1	332	13.8	100	54	658			
http://resources.usgin.org/uri-gin/nbmg/thermalspring/NBMG:21639/	Geothermal Well - Wabuska Hot Springs	NV	39.16377	-119.17859	1974	46		332	13.8	100	54	658		9.21	
http://resources.usgin.org/uri-gin/nbmg/thermalspring/NBMG:21639/	Geothermal Well - Wabuska Hot Springs	NV	39.16377	-119.17859	1974										8.6
http://resources.usgin.org/uri-gin/nbmg/thermalspring/NBMG:21646/	Fish Creek Springs	NV	39.27715	-116.03867	1967	49	12	17	3	18	7.7	25			
http://resources.usgin.org/uri-gin/nbmg/thermalspring/NBMG:21646/	Fish Creek Springs	NV	39.27715	-116.03867	1967	49		17	3	18	7.7	25		0.2	
http://resources.usgin.org/uri-gin/nbmg/thermalspring/NBMG:21646/	Fish Creek Springs	NV	39.27715	-116.03867	1967										7.9
http://resources.usgin.org/uri-gin/nbmg/thermalspring/NBMG:2165/	White House Spring / White Rock Spring	NV	40.74574	-116.68954	1992	33	12	38	5	52	31	33			
http://resources.usgin.org/uri-gin/nbmg/thermalspring/NBMG:2165/	White House Spring / White Rock Spring	NV	40.74574	-116.68954	1992	33		38	5	52	31	33	152	10.008	
http://resources.usgin.org/uri-gin/nbmg/thermalspring/NBMG:2165/	White House Spring / White Rock Spring	NV	40.74574	-116.68954	1992										7.6
http://resources.usgin.org/uri-gin/nbmg/thermalspring/NBMG:21657/	Smith Creek Hot Springs	NV	39.31569	-117.54684	1982	10	0.27	160	7.5	115	27	110			
http://resources.usgin.org/uri-gin/nbmg/thermalspring/NBMG:21657/	Smith Creek Hot Springs	NV	39.31569	-117.54684	1982	10		160	7.5	115	27	110		8.3	
http://resources.usgin.org/uri-gin/nbmg/thermalspring/NBMG:21657/	Smith Creek Hot Springs	NV	39.31569	-117.54684	1982										8.3
http://resources.usgin.org/uri-gin/nbmg/thermalspring/NBMG:21657/	Smith Creek Hot Springs	NV	39.31569	-117.54684	1983	5.7	0.16	150	6.5	110	28	110			
http://resources.usgin.org/uri-gin/nbmg/thermalspring/NBMG:21657/	Smith Creek Hot Springs	NV	39.31569	-117.54684	1983	5.7		150	6.5	110	28	110		9.1	
http://resources.usgin.org/uri-gin/nbmg/thermalspring/NBMG:21657/	Smith Creek Hot Springs	NV	39.31569	-117.54684	1983										8.3
http://resources.usgin.org/uri-gin/nbmg/thermalspring/NBMG:21661/	Cedar Hill Canyon Spring 18	NV	39.32852	-119.65268	1970	120	36				4	300			
http://resources.usgin.org/uri-gin/nbmg/thermalspring/NBMG:21661/	Cedar Hill Canyon Spring 18	NV	39.32852	-119.65268	1970	120					4	300		0.4	
http://resources.usgin.org/uri-gin/nbmg/thermalspring/NBMG:21661/	Cedar Hill Canyon Spring 18	NV	39.32852	-119.65268	1970										7.9
http://resources.usgin.org/uri-gin/nbmg/thermalspring/NBMG:21674/	Cottonwood Spring / Cold Spring 4 - Flowery Range	NV	39.37491	-119.5824	1970	37	14				5	12			
http://resources.usgin.org/uri-gin/nbmg/thermalspring/NBMG:21674/	Cottonwood Spring / Cold Spring 4 - Flowery Range	NV	39.37491	-119.5824	1970	37					5	12		0.1	
http://resources.usgin.org/uri-gin/nbmg/thermalspring/NBMG:21674/	Cottonwood Spring / Cold Spring 4 - Flowery Range	NV	39.37491	-119.5824	1970										7.8
http://resources.usgin.org/uri-gin/nbmg/thermalspring/NBMG:21674/	Cottonwood Spring / Cold Spring 4 - Flowery Range	NV	39.37491	-119.5824	1971	35	14				9	48			
http://resources.usgin.org/uri-gin/nbmg/thermalspring/NBMG:21674/	Cottonwood Spring / Cold Spring 4 - Flowery Range	NV	39.37491	-119.5824	1971	35					9	48		0.2	
http://resources.usgin.org/uri-gin/nbmg/thermalspring/NBMG:21674/	Cottonwood Spring / Cold Spring 4 - Flowery Range	NV	39.37491	-119.5824	1971										7.8
http://resources.usgin.org/uri-gin/nbmg/thermalspring/NBMG:21677/	Cold Spring 7 - Virginia Range	NV	39.37575	-119.63796	1970	123	44				12	274			
http://resources.usgin.org/uri-gin/nbmg/thermalspring/NBMG:21677/	Cold Spring 7 - Virginia Range	NV	39.37575	-119.63796	1970	123					12	274		0.3	
http://resources.usgin.org/uri-gin/nbmg/thermalspring/NBMG:21677/	Cold Spring 7 - Virginia Range	NV	39.37575	-119.63796	1970										7.6
http://resources.usgin.org/uri-gin/nbmg/thermalspring/NBMG:21678/	Cold Spring - Stagecoach	NV	39.37748	-119.41612	1981	34	14	34	6.1	95	11	55			
http://resources.usgin.org/uri-gin/nbmg/thermalspring/NBMG:21678/	Cold Spring - Stagecoach	NV	39.37748	-119.41612	1981	34		34	6.1	95	11	55		0.2	
http://resources.usgin.org/uri-gin/nbmg/thermalspring/NBMG:21678/	Cold Spring - Stagecoach	NV	39.37748	-119.41612	1981										7.5
http://resources.usgin.org/uri-gin/nbmg/thermalspring/NBMG:21679/	Cold Spring 1 - Virginia Range	NV	39.39551	-119.43006	1981	38	13	36	4.7	85	11	53			
http://resources.usgin.org/uri-gin/nbmg/thermalspring/NBMG:21679/	Cold Spring 1 - Virginia Range	NV	39.39551	-119.43006	1981	38		36	4.7	85	11	53		0.2	
http://resources.usgin.org/uri-gin/nbmg/thermalspring/NBMG:21679/	Cold Spring 1 - Virginia Range	NV	39.39551	-119.43006	1981										7.7
http://resources.usgin.org/uri-gin/nbmg/thermalspring/NBMG:21680/	Corral Spring - Stagecoach	NV	39.37811	-119.41744	1981	34	14	34	5.9	90	11	54			
http://resources.usgin.org/uri-gin/nbmg/thermalspring/NBMG:21680/	Corral Spring - Stagecoach	NV	39.37811	-119.41744	1981	34		34	5.9	90	11	54		0.2	
http://resources.usgin.org/uri-gin/nbmg/thermalspring/NBMG:21680/	Corral Spring - Stagecoach	NV	39.37811	-119.41744	1981										7.4
http://resources.usgin.org/uri-gin/nbmg/thermalspring/NBMG:21684/	Cold Spring 2 - Virginia Range	NV	39.39238	-119.42201	1981	31	17	36	10	90	11	71			
http://resources.usgin.org/uri-gin/nbmg/thermalspring/NBMG:21684/	Cold Spring 2 - Virginia Range	NV	39.39238	-119.42201	1981	31		36	10	90	11	71		0.2	
http://resources.usgin.org/uri-gin/nbmg/thermalspring/NBMG:21684/	Cold Spring 2 - Virginia Range	NV	39.39238	-119.42201	1981										7.1
http://resources.usgin.org/uri-gin/nbmg/thermalspring/NBMG:21685/	Cooney Spring	NV	39.3951	-119.45419	1981	36	13	25	2.1	130	8.1	30			
http://resources.usgin.org/uri-gin/nbmg/thermalspring/NBMG:21685/	Cooney Spring	NV	39.3951	-119.45419	1981	36		25	2.1	130	8.1	30		0.1	
http://resources.usgin.org/uri-gin/nbmg/thermalspring/NBMG:21685/	Cooney Spring	NV	39.3951	-119.45419	1981										7.3
http://resources.usgin.org/uri-gin/nbmg/thermalspring/NBMG:21695/	Cold Spring 10 - Virginia Range	NV	39.42686	-119.59685	1970	32	15				12	16			
http://resources.usgin.org/uri-gin/nbmg/thermalspring/NBMG:21695/	Cold Spring 10 - Virginia Range	NV	39.42686	-119.59685	1970	32					12	16		0.1	
http://resources.usgin.org/uri-gin/nbmg/thermalspring/NBMG:21695/	Cold Spring 10 - Virginia Range	NV	39.42686	-119.59685	1970										8
http://resources.usgin.org/uri-gin/nbmg/thermalspring/NBMG:21696/	Cold Spring - Toiyabe Range	NV	39.42758	-116.96901	1985	91	28	88	7.9	26	85	78			
http://resources.usgin.org/uri-gin/nbmg/thermalspring/NBMG:21696/	Cold Spring - Toiyabe Range	NV	39.42758	-116.96901	1985	91		88	7.9	26	85	78		0.5	
http://resources.usgin.org/uri-gin/nbmg/thermalspring/NBMG:21696/	Cold Spring - Toiyabe Range	NV	39.42758	-116.96901	1985										7.4
http://resources.usgin.org/uri-gin/nbmg/thermalspring/NBMG:21699/	Schoolhouse Spring - McGill Warm Springs	NV	39.45365	-114.75675	1981	51	16	8.2	2.3	21	3.2	19			
http://resources.usgin.org/uri-gin/nbmg/thermalspring/NBMG:21699/	Schoolhouse Spring - McGill Warm Springs	NV	39.45365	-114.75675	1981	51		8.2	2.3	21	3.2	19		0.2	
http://resources.usgin.org/uri-gin/nbmg/thermalspring/NBMG:21699/	Schoolhouse Spring - McGill Warm Springs	NV	39.45365	-114.75675	1981										6.8
http://resources.usgin.org/uri-gin/nbmg/thermalspring/NBMG:217/	Beowawe Well 1 - Beowawe Geysers / Beowawe Hot Springs	NV	40.56991	-116.59092						70			800		
http://resources.usgin.org/uri-gin/nbmg/thermalspring/NBMG:217/	Beowawe Well 1 - Beowawe Geysers / Beowawe Hot Springs	NV	40.56991	-116.59092						70					
http://resources.usgin.org/uri-gin/nbmg/thermalspring/NBMG:217/	Beowawe Well 1 - Beowawe Geysers / Beowawe Hot Springs	NV	40.56991	-116.59092											8.62
http://resources.usgin.org/uri-gin/nbmg/thermalspring/NBMG:21706/	Lawtons Hot Springs / Lawton Hot Springs / Granite Hot Springs / River Inn Natural Hot Springs	NV	39.51102	-119.90464	1962	8	0.9			46	68	137			
http://resources.usgin.org/uri-gin/nbmg/thermalspring/NBMG:21706/	Lawtons Hot Springs / Lawton Hot Springs / Granite Hot Springs / River Inn Natural Hot Springs	NV	39.51102	-119.90464	1962	8				46	68	137	16		
http://resources.usgin.org/uri-gin/nbmg/thermalspring/NBMG:21706/	Lawtons Hot Springs / Lawton Hot Springs / Granite Hot Springs / River Inn Natural Hot Springs	NV	39.51102	-119.90464	1978	6.8	0.11	110	1.4	430	620	63			
http://resources.usgin.org/uri-gin/nbmg/thermalspring/NBMG:21706/	Lawtons Hot Springs / Lawton Hot Springs / Granite Hot Springs / River Inn Natural Hot Springs	NV	39.51102	-119.90464	1978	6.8		110	1.4	430	620	63		-0.03	
http://resources.usgin.org/uri-gin/nbmg/thermalspring/NBMG:21706/	Lawtons Hot Springs / Lawton Hot Springs / Granite Hot Springs / River Inn Natural Hot Springs	NV	39.51102	-119.90464	1978										9.2
http://resources.usgin.org/uri-gin/nbmg/thermalspring/NBMG:21706/	Lawtons Hot Springs / Lawton Hot Springs / Granite Hot Springs / River Inn Natural Hot Springs	NV	39.51102	-119.90464		6.2	0.1	117	5.4	46	57	144			
http://resources.usgin.org/uri-gin/nbmg/thermalspring/NBMG:21706/	Lawtons Hot Springs / Lawton Hot Springs / Granite Hot Springs / River Inn Natural Hot Springs	NV	39.51102	-119.90464		6.2		117	5.4	46	57	144	12	-9999999	
http://resources.usgin.org/uri-gin/nbmg/thermalspring/NBMG:21706/	Lawtons Hot Springs / Lawton Hot Springs / Granite Hot Springs / River Inn Natural Hot Springs	NV	39.51102	-119.90464							57				
http://resources.usgin.org/uri-gin/nbmg/thermalspring/NBMG:21706/	Lawtons Hot Springs / Lawton Hot Springs / Granite Hot Springs / River Inn Natural Hot Springs	NV	39.51102	-119.90464							57				
http://resources.usgin.org/uri-gin/nbmg/thermalspring/NBMG:21706/	Lawtons Hot Springs / Lawton Hot Springs / Granite Hot Springs / River Inn Natural Hot Springs	NV	39.51102	-119.90464											9
http://resources.usgin.org/uri-gin/nbmg/thermalspring/NBMG:21706/	Lawtons Hot Springs / Lawton Hot Springs / Granite Hot Springs / River Inn Natural Hot Springs	NV	39.51102	-119.90464											9
http://resources.usgin.org/uri-gin/nbmg/thermalspring/NBMG:21711/	Thirtymile Spring	NV	39.55549	-115.21892	1983	29	4.6	13	2.8	43	5.5	7.9			
http://resources.usgin.org/uri-gin/nbmg/thermalspring/NBMG:21711/	Thirtymile Spring	NV	39.55549	-115.21892	1983	29		13	2.8	43	5.5	7.9		0.2	
http://resources.usgin.org/uri-gin/nbmg/thermalspring/NBMG:21711/	Thirtymile Spring	NV	39.55549	-115.21892	1983										8
http://resources.usgin.org/uri-gin/nbmg/thermalspring/NBMG:21720/	Warm Spring - Eagle Rock	NV	39.74047	-118.99655	1981	130	9.8	2100	160	17	4200	7			
http://resources.usgin.org/uri-gin/nbmg/thermalspring/NBMG:21720/	Warm Spring - Eagle Rock	NV	39.74047	-118.99655	1981	130		2100	160	17	4200	7		3.1	
http://resources.usgin.org/uri-gin/nbmg/thermalspring/NBMG:21720/	Warm Spring - Eagle Rock	NV	39.74047	-118.99655	1981										8.2
http://resources.usgin.org/uri-gin/nbmg/thermalspring/NBMG:21724/	Cold Spring - Hot Springs Flat	NV	39.76736	-119.04115	1981	56	6.9	1100	39	12	1600	65			
http://resources.usgin.org/uri-gin/nbmg/thermalspring/NBMG:21724/	Cold Spring - Hot Springs Flat	NV	39.76736	-119.04115	1981	56		1100	39	12	1600	65		0.03	
http://resources.usgin.org/uri-gin/nbmg/thermalspring/NBMG:21724/	Cold Spring - Hot Springs Flat	NV	39.76736	-119.04115	1981										8.3
http://resources.usgin.org/uri-gin/nbmg/thermalspring/NBMG:21726/	Warm Spring - Bradys Hot Springs / Springers Hot Springs / Fernley Hot Springs / Nightingale Hot Springs	NV	39.77408	-119.02405	1981	40	2.2	690	49	0.8	940	150			
http://resources.usgin.org/uri-gin/nbmg/thermalspring/NBMG:21726/	Warm Spring - Bradys Hot Springs / Springers Hot Springs / Fernley Hot Springs / Nightingale Hot Springs	NV	39.77408	-119.02405	1981	40		690	49	0.8	940	150		5.2	
http://resources.usgin.org/uri-gin/nbmg/thermalspring/NBMG:21726/	Warm Spring - Bradys Hot Springs / Springers Hot Springs / Fernley Hot Springs / Nightingale Hot Springs	NV	39.77408	-119.02405	1981					0.7					
http://resources.usgin.org/uri-gin/nbmg/thermalspring/NBMG:21726/	Warm Spring - Bradys Hot Springs / Springers Hot Springs / Fernley Hot Springs / Nightingale Hot Springs	NV	39.77408	-119.02405	1981					0.7					
http://resources.usgin.org/uri-gin/nbmg/thermalspring/NBMG:21726/	Warm Spring - Bradys Hot Springs / Springers Hot Springs / Fernley Hot Springs / Nightingale Hot Springs	NV	39.77408	-119.02405	1981										9.2
http://resources.usgin.org/uri-gin/nbmg/thermalspring/NBMG:21727/	Hot Spring - Bradys Hot Springs / Springers Hot Springs / Fernley Hot Springs / Nightingale Hot Springs	NV	39.78213	-119.02127	1981	48	2.3	700	30	99	910	150			
http://resources.usgin.org/uri-gin/nbmg/thermalspring/NBMG:21727/	Hot Spring - Bradys Hot Springs / Springers Hot Springs / Fernley Hot Springs / Nightingale Hot Springs	NV	39.78213	-119.02127	1981	48		700	30	99	910	150		50.14	
http://resources.usgin.org/uri-gin/nbmg/thermalspring/NBMG:21727/	Hot Spring - Bradys Hot Springs / Springers Hot Springs / Fernley Hot Springs / Nightingale Hot Springs	NV	39.78213	-119.02127	1981										7.7
http://resources.usgin.org/uri-gin/nbmg/thermalspring/NBMG:21728/	Hot Spring - Bradys Hot Springs / Springers Hot Springs / Fernley Hot Springs / Nightingale Hot Springs	NV	39.7874	-119.01875	1981	47	2.2	690	47	32	910	160			
http://resources.usgin.org/uri-gin/nbmg/thermalspring/NBMG:21728/	Hot Spring - Bradys Hot Springs / Springers Hot Springs / Fernley Hot Springs / Nightingale Hot Springs	NV	39.7874	-119.01875	1981	47		690	47	32	910	160		6.6	
http://resources.usgin.org/uri-gin/nbmg/thermalspring/NBMG:21728/	Hot Spring - Bradys Hot Springs / Springers Hot Springs / Fernley Hot Springs / Nightingale Hot Springs	NV	39.7874	-119.01875	1981										8.2
http://resources.usgin.org/uri-gin/nbmg/thermalspring/NBMG:21729/	Hot Spring - Bradys Hot Springs / Springers Hot Springs / Fernley Hot Springs / Nightingale Hot Springs	NV	39.79077	-119.02659	1981	56	2.6	780	42	110	1100	67			
http://resources.usgin.org/uri-gin/nbmg/thermalspring/NBMG:21729/	Hot Spring - Bradys Hot Springs / Springers Hot Springs / Fernley Hot Springs / Nightingale Hot Springs	NV	39.79077	-119.02659	1981	56		780	42	110	1100	67		2.9	
http://resources.usgin.org/uri-gin/nbmg/thermalspring/NBMG:21729/	Hot Spring - Bradys Hot Springs / Springers Hot Springs / Fernley Hot Springs / Nightingale Hot Springs	NV	39.79077	-119.02659	1981										8
http://resources.usgin.org/uri-gin/nbmg/thermalspring/NBMG:21733/	Warm Spring - Bradys Hot Springs / Springers Hot Springs / Fernley Hot Springs / Nightingale Hot Springs	NV	39.79241	-119.03627	1981	34	1.9	690	40	1.3	990	77			
http://resources.usgin.org/uri-gin/nbmg/thermalspring/NBMG:21733/	Warm Spring - Bradys Hot Springs / Springers Hot Springs / Fernley Hot Springs / Nightingale Hot Springs	NV	39.79241	-119.03627	1981	34		690	40	1.3	990	77		4.8	
http://resources.usgin.org/uri-gin/nbmg/thermalspring/NBMG:21733/	Warm Spring - Bradys Hot Springs / Springers Hot Springs / Fernley Hot Springs / Nightingale Hot Springs	NV	39.79241	-119.03627	1981										9.8
http://resources.usgin.org/uri-gin/nbmg/thermalspring/NBMG:21736/	Warm Spring - Bradys Hot Springs / Springers Hot Springs / Fernley Hot Springs / Nightingale Hot Springs	NV	39.81091	-119.01691	1981	25	0.37	660	31	1.2	940	89			
http://resources.usgin.org/uri-gin/nbmg/thermalspring/NBMG:21736/	Warm Spring - Bradys Hot Springs / Springers Hot Springs / Fernley Hot Springs / Nightingale Hot Springs	NV	39.81091	-119.01691	1981	25		660	31	1.2	940	89		4.4	
http://resources.usgin.org/uri-gin/nbmg/thermalspring/NBMG:21736/	Warm Spring - Bradys Hot Springs / Springers Hot Springs / Fernley Hot Springs / Nightingale Hot Springs	NV	39.81091	-119.01691	1981										10.2
http://resources.usgin.org/uri-gin/nbmg/thermalspring/NBMG:21738/	Dixie Hot Springs	NV	39.79917	-118.06627	1978	3.6	0.08	210	5.4	208	140	65			
http://resources.usgin.org/uri-gin/nbmg/thermalspring/NBMG:21738/	Dixie Hot Springs	NV	39.79917	-118.06627	1978	3.6		210	5.4	208	140	65		0.03	
http://resources.usgin.org/uri-gin/nbmg/thermalspring/NBMG:21738/	Dixie Hot Springs	NV	39.79917	-118.06627	1978										8.8
http://resources.usgin.org/uri-gin/nbmg/thermalspring/NBMG:21741/	Cold Spring - Nightingale Mountains	NV	40.03262	-119.25272	1941	504	185				560	1430			
http://resources.usgin.org/uri-gin/nbmg/thermalspring/NBMG:21741/	Cold Spring - Nightingale Mountains	NV	40.03262	-119.25272	1941	504					560	1430			
http://resources.usgin.org/uri-gin/nbmg/thermalspring/NBMG:21748/	The Needle Rocks Hot Springs	NV	40.13967	-119.68553	1969	152	16				1830	307			
http://resources.usgin.org/uri-gin/nbmg/thermalspring/NBMG:21748/	The Needle Rocks Hot Springs	NV	40.13967	-119.68553	1969	152					1830	307			
http://resources.usgin.org/uri-gin/nbmg/thermalspring/NBMG:21748/	The Needle Rocks Hot Springs	NV	40.13967	-119.68553	1969										8.1
http://resources.usgin.org/uri-gin/nbmg/thermalspring/NBMG:21749/	Steam Geyser - The Needle Rocks Hot Springs	NV	40.14587	-119.67693	1978	230	40	1000	18	96	2510	37			
http://resources.usgin.org/uri-gin/nbmg/thermalspring/NBMG:21749/	Steam Geyser - The Needle Rocks Hot Springs	NV	40.14587	-119.67693	1978	230		1000	18	96	2510	37		-0.03	
http://resources.usgin.org/uri-gin/nbmg/thermalspring/NBMG:21749/	Steam Geyser - The Needle Rocks Hot Springs	NV	40.14587	-119.67693	1978										7.8
http://resources.usgin.org/uri-gin/nbmg/thermalspring/NBMG:21752/	Orifice 88 - Jersey Hot Springs	NV	40.17823	-117.4968	1980	28.9	3.77	180	18	122	36.9	91.9			
http://resources.usgin.org/uri-gin/nbmg/thermalspring/NBMG:21752/	Orifice 88 - Jersey Hot Springs	NV	40.17823	-117.4968	1980	28.9		180	18	122	36.9	91.9		1.3	
http://resources.usgin.org/uri-gin/nbmg/thermalspring/NBMG:21752/	Orifice 88 - Jersey Hot Springs	NV	40.17823	-117.4968	1980										6.8
http://resources.usgin.org/uri-gin/nbmg/thermalspring/NBMG:21755/	Orifice 89 - Jersey Hot Springs	NV	40.18393	-117.50115	1980	61.1	9.7	67.2	4	42	39.6	53.4			
http://resources.usgin.org/uri-gin/nbmg/thermalspring/NBMG:21755/	Orifice 89 - Jersey Hot Springs	NV	40.18393	-117.50115	1980	61.1		67.2	4	42	39.6	53.4		0.23	
http://resources.usgin.org/uri-gin/nbmg/thermalspring/NBMG:21755/	Orifice 89 - Jersey Hot Springs	NV	40.18393	-117.50115	1980										5.5
http://resources.usgin.org/uri-gin/nbmg/thermalspring/NBMG:21760/	Black Knob Spring	NV	40.24434	-118.19954	1970	66	14				100	75			
http://resources.usgin.org/uri-gin/nbmg/thermalspring/NBMG:21760/	Black Knob Spring	NV	40.24434	-118.19954	1970	66					100	75			
http://resources.usgin.org/uri-gin/nbmg/thermalspring/NBMG:21760/	Black Knob Spring	NV	40.24434	-118.19954	1970										7.6
http://resources.usgin.org/uri-gin/nbmg/thermalspring/NBMG:21765/	Kyle Hot Springs	NV	40.4063	-117.88346	1978	94	32	590	58	167	850	62			
http://resources.usgin.org/uri-gin/nbmg/thermalspring/NBMG:21765/	Kyle Hot Springs	NV	40.4063	-117.88346	1978	94		590	58	167	850	62		0.07	
http://resources.usgin.org/uri-gin/nbmg/thermalspring/NBMG:21765/	Kyle Hot Springs	NV	40.4063	-117.88346	1978										7.4
http://resources.usgin.org/uri-gin/nbmg/thermalspring/NBMG:21766/	Coyote Spring - Pleasant Valley	NV	40.43862	-117.62706	1977	73	17	130	8.2	40	70	65			
http://resources.usgin.org/uri-gin/nbmg/thermalspring/NBMG:21766/	Coyote Spring - Pleasant Valley	NV	40.43862	-117.62706	1977	73		130	8.2	40	70	65		1.4	
http://resources.usgin.org/uri-gin/nbmg/thermalspring/NBMG:21766/	Coyote Spring - Pleasant Valley	NV	40.43862	-117.62706	1977										7
http://resources.usgin.org/uri-gin/nbmg/thermalspring/NBMG:21768/	Goldbanks Windmill Spring	NV	40.47269	-117.59679	1978	50	9.2	28	2.8	46	40	30			
http://resources.usgin.org/uri-gin/nbmg/thermalspring/NBMG:21768/	Goldbanks Windmill Spring	NV	40.47269	-117.59679	1978	50		28	2.8	46	40	30		0.26	
http://resources.usgin.org/uri-gin/nbmg/thermalspring/NBMG:21768/	Goldbanks Windmill Spring	NV	40.47269	-117.59679	1978										8.1
http://resources.usgin.org/uri-gin/nbmg/thermalspring/NBMG:21769/	Cold Spring - East Range	NV	40.48206	-117.68788	1978	74	27	87	1	34	96	52			
http://resources.usgin.org/uri-gin/nbmg/thermalspring/NBMG:21769/	Cold Spring - East Range	NV	40.48206	-117.68788	1978	74		87	1	34	96	52		0.96	
http://resources.usgin.org/uri-gin/nbmg/thermalspring/NBMG:21769/	Cold Spring - East Range	NV	40.48206	-117.68788	1978										8.1
http://resources.usgin.org/uri-gin/nbmg/thermalspring/NBMG:21777/	Geothermal Well - Beowawe Geysers / Beowawe Hot Springs	NV	40.56316	-116.5908	1978	1	4.4	250	26	375	62	63			
http://resources.usgin.org/uri-gin/nbmg/thermalspring/NBMG:21777/	Geothermal Well - Beowawe Geysers / Beowawe Hot Springs	NV	40.56316	-116.5908	1978	1		250	26	375	62	63		0.05	
http://resources.usgin.org/uri-gin/nbmg/thermalspring/NBMG:21777/	Geothermal Well - Beowawe Geysers / Beowawe Hot Springs	NV	40.56316	-116.5908	1978										9.8
http://resources.usgin.org/uri-gin/nbmg/thermalspring/NBMG:21781/	Sulphur Hot Springs / Stonier Ranch Hot Springs / Millers Hot Springs / Sulfur Hot Springs	NV	40.58678	-115.28698	1978	68	16	70	13	51	6.6	17			
http://resources.usgin.org/uri-gin/nbmg/thermalspring/NBMG:21781/	Sulphur Hot Springs / Stonier Ranch Hot Springs / Millers Hot Springs / Sulfur Hot Springs	NV	40.58678	-115.28698	1978	68		70	13	51	6.6	17		-0.03	
http://resources.usgin.org/uri-gin/nbmg/thermalspring/NBMG:21781/	Sulphur Hot Springs / Stonier Ranch Hot Springs / Millers Hot Springs / Sulfur Hot Springs	NV	40.58678	-115.28698	1978										7.1
http://resources.usgin.org/uri-gin/nbmg/thermalspring/NBMG:21785/	Mud Springs 2 - Gerlach	NV	40.65306	-119.37498	1980	79	2.8	1500	100	140	2200	380			
http://resources.usgin.org/uri-gin/nbmg/thermalspring/NBMG:21785/	Mud Springs 2 - Gerlach	NV	40.65306	-119.37498	1980	79		1500	100	140	2200	380		4.6	
http://resources.usgin.org/uri-gin/nbmg/thermalspring/NBMG:21785/	Mud Springs 2 - Gerlach	NV	40.65306	-119.37498	1980										7.7
http://resources.usgin.org/uri-gin/nbmg/thermalspring/NBMG:21785/	Mud Springs 2 - Gerlach	NV	40.65306	-119.37498	2003	66.7	2.6	1378	58.7	145.1	1960	351			
http://resources.usgin.org/uri-gin/nbmg/thermalspring/NBMG:21785/	Mud Springs 2 - Gerlach	NV	40.65306	-119.37498	2003	66.7		1378	58.7	145.1	1960	351	100	1.8	
http://resources.usgin.org/uri-gin/nbmg/thermalspring/NBMG:21785/	Mud Springs 2 - Gerlach	NV	40.65306	-119.37498	2003										7.72
http://resources.usgin.org/uri-gin/nbmg/thermalspring/NBMG:218/	Beowawe Well 16 - Beowawe Geysers / Beowawe Hot Springs	NV	40.57991	-116.62092						61			180		
http://resources.usgin.org/uri-gin/nbmg/thermalspring/NBMG:218/	Beowawe Well 16 - Beowawe Geysers / Beowawe Hot Springs	NV	40.57991	-116.62092						61					
http://resources.usgin.org/uri-gin/nbmg/thermalspring/NBMG:218/	Beowawe Well 16 - Beowawe Geysers / Beowawe Hot Springs	NV	40.57991	-116.62092											8.11
http://resources.usgin.org/uri-gin/nbmg/thermalspring/NBMG:21808/	Orifice 48 - Great Boiling Springs / Gerlach Hot Springs	NV	40.66152	-119.36622	1980	67	1.5	1500	100	160	2300	370			
http://resources.usgin.org/uri-gin/nbmg/thermalspring/NBMG:21808/	Orifice 48 - Great Boiling Springs / Gerlach Hot Springs	NV	40.66152	-119.36622	1980	67		1500	100	160	2300	370		5.1	
http://resources.usgin.org/uri-gin/nbmg/thermalspring/NBMG:21808/	Orifice 48 - Great Boiling Springs / Gerlach Hot Springs	NV	40.66152	-119.36622	1980										7.2
http://resources.usgin.org/uri-gin/nbmg/thermalspring/NBMG:21811/	Manganese Spring	NV	40.67434	-117.53933	1978	79	23	31	1.2	23	34	84			
http://resources.usgin.org/uri-gin/nbmg/thermalspring/NBMG:21811/	Manganese Spring	NV	40.67434	-117.53933	1978	79		31	1.2	23	34	84		0.5	
http://resources.usgin.org/uri-gin/nbmg/thermalspring/NBMG:21811/	Manganese Spring	NV	40.67434	-117.53933	1978										8
http://resources.usgin.org/uri-gin/nbmg/thermalspring/NBMG:21812/	Cold Spring - Sonoma Range	NV	40.68197	-117.60881	1978	65	12	30	2.1	46	50	36			
http://resources.usgin.org/uri-gin/nbmg/thermalspring/NBMG:21812/	Cold Spring - Sonoma Range	NV	40.68197	-117.60881	1978	65		30	2.1	46	50	36		2.7	
http://resources.usgin.org/uri-gin/nbmg/thermalspring/NBMG:21812/	Cold Spring - Sonoma Range	NV	40.68197	-117.60881	1978										7.7
http://resources.usgin.org/uri-gin/nbmg/thermalspring/NBMG:21815/	Cold Spring - Deephole Ranch	NV	40.71756	-119.48096	1966	38	9				76	48			
http://resources.usgin.org/uri-gin/nbmg/thermalspring/NBMG:21815/	Cold Spring - Deephole Ranch	NV	40.71756	-119.48096	1966	38					76	48			
http://resources.usgin.org/uri-gin/nbmg/thermalspring/NBMG:21815/	Cold Spring - Deephole Ranch	NV	40.71756	-119.48096	1966										8
http://resources.usgin.org/uri-gin/nbmg/thermalspring/NBMG:21816/	Deep Spring	NV	40.71834	-119.48314	1975	1	3	74	5	50	106	38			
http://resources.usgin.org/uri-gin/nbmg/thermalspring/NBMG:21816/	Deep Spring	NV	40.71834	-119.48314	1975	1		74	5	50	106	38			
http://resources.usgin.org/uri-gin/nbmg/thermalspring/NBMG:21816/	Deep Spring	NV	40.71834	-119.48314	1975										8.1
http://resources.usgin.org/uri-gin/nbmg/thermalspring/NBMG:21817/	Bowen Spring	NV	40.72254	-119.34532	1975	1	4	152	21	45	192	52			
http://resources.usgin.org/uri-gin/nbmg/thermalspring/NBMG:21817/	Bowen Spring	NV	40.72254	-119.34532	1975	1		152	21	45	192	52			
http://resources.usgin.org/uri-gin/nbmg/thermalspring/NBMG:21817/	Bowen Spring	NV	40.72254	-119.34532	1975										9.1
http://resources.usgin.org/uri-gin/nbmg/thermalspring/NBMG:21818/	Freds Field Spring	NV	40.72738	-119.52441	1966	5.6	2.9				45	26			
http://resources.usgin.org/uri-gin/nbmg/thermalspring/NBMG:21818/	Freds Field Spring	NV	40.72738	-119.52441	1966	5.6					45	26			
http://resources.usgin.org/uri-gin/nbmg/thermalspring/NBMG:21818/	Freds Field Spring	NV	40.72738	-119.52441	1966										8.1
http://resources.usgin.org/uri-gin/nbmg/thermalspring/NBMG:21819/	Gerlach Water Supply Springs	NV	40.74268	-119.43713	1980	47	5.7	22	6.2	13	67	32			
http://resources.usgin.org/uri-gin/nbmg/thermalspring/NBMG:21819/	Gerlach Water Supply Springs	NV	40.74268	-119.43713	1980	47		22	6.2	13	67	32		0.1	
http://resources.usgin.org/uri-gin/nbmg/thermalspring/NBMG:21819/	Gerlach Water Supply Springs	NV	40.74268	-119.43713	1980										8
http://resources.usgin.org/uri-gin/nbmg/thermalspring/NBMG:21821/	Garrett Ranch Well - Trego Hot Springs / Butte Hot Springs	NV	40.74584	-119.16891	1975	21	0.2	315	21	86	290	141			
http://resources.usgin.org/uri-gin/nbmg/thermalspring/NBMG:21821/	Garrett Ranch Well - Trego Hot Springs / Butte Hot Springs	NV	40.74584	-119.16891	1975	21		315	21	86	290	141		3	
http://resources.usgin.org/uri-gin/nbmg/thermalspring/NBMG:21821/	Garrett Ranch Well - Trego Hot Springs / Butte Hot Springs	NV	40.74584	-119.16891	1975										8.6
http://resources.usgin.org/uri-gin/nbmg/thermalspring/NBMG:21822/	Garrett Ranch Well - Trego Hot Springs / Butte Hot Springs	NV	40.74462	-119.17407	1947	15	4	272	9	101	272	163			
http://resources.usgin.org/uri-gin/nbmg/thermalspring/NBMG:21822/	Garrett Ranch Well - Trego Hot Springs / Butte Hot Springs	NV	40.74462	-119.17407	1947	15		272	9	101	272	163			
http://resources.usgin.org/uri-gin/nbmg/thermalspring/NBMG:21822/	Garrett Ranch Well - Trego Hot Springs / Butte Hot Springs	NV	40.74462	-119.17407	1947										8.4
http://resources.usgin.org/uri-gin/nbmg/thermalspring/NBMG:21823/	Garrett Ranch Well - Trego Hot Springs / Butte Hot Springs	NV	40.74417	-119.17371	1961	13	0.6	272	8.4	94	278	156			
http://resources.usgin.org/uri-gin/nbmg/thermalspring/NBMG:21823/	Garrett Ranch Well - Trego Hot Springs / Butte Hot Springs	NV	40.74417	-119.17371	1961	13		272	8.4	94	278	156		2.8	
http://resources.usgin.org/uri-gin/nbmg/thermalspring/NBMG:21823/	Garrett Ranch Well - Trego Hot Springs / Butte Hot Springs	NV	40.74417	-119.17371	1961										7.4
http://resources.usgin.org/uri-gin/nbmg/thermalspring/NBMG:21824/	Granite Springs - Gerlach	NV	40.74518	-119.43825	1966	50	5.6				69	34			
http://resources.usgin.org/uri-gin/nbmg/thermalspring/NBMG:21824/	Granite Springs - Gerlach	NV	40.74518	-119.43825	1966	50					69	34			
http://resources.usgin.org/uri-gin/nbmg/thermalspring/NBMG:21824/	Granite Springs - Gerlach	NV	40.74518	-119.43825	1966										8.1
http://resources.usgin.org/uri-gin/nbmg/thermalspring/NBMG:21825/	Cold Spring - Buffalo Meadows Ranch	NV	40.74816	-119.84138	1966	17	7.4				17	26			
http://resources.usgin.org/uri-gin/nbmg/thermalspring/NBMG:21825/	Cold Spring - Buffalo Meadows Ranch	NV	40.74816	-119.84138	1966	17					17	26			
http://resources.usgin.org/uri-gin/nbmg/thermalspring/NBMG:21825/	Cold Spring - Buffalo Meadows Ranch	NV	40.74816	-119.84138	1966										7.3
http://resources.usgin.org/uri-gin/nbmg/thermalspring/NBMG:21831/	Granite Creek Ranch Spring	NV	40.79379	-119.33519	1961	19	3.8	18	3.5	18	21	9			
http://resources.usgin.org/uri-gin/nbmg/thermalspring/NBMG:21831/	Granite Creek Ranch Spring	NV	40.79379	-119.33519	1961	19		18	3.5	18	21	9		0.1	
http://resources.usgin.org/uri-gin/nbmg/thermalspring/NBMG:21831/	Granite Creek Ranch Spring	NV	40.79379	-119.33519	1961										7.5
http://resources.usgin.org/uri-gin/nbmg/thermalspring/NBMG:21832/	Cold Spring - Sonoma Range	NV	40.81824	-117.58845	1963	49	8.9	32	2.8	44	41	35			
http://resources.usgin.org/uri-gin/nbmg/thermalspring/NBMG:21832/	Cold Spring - Sonoma Range	NV	40.81824	-117.58845	1963	49		32	2.8	44	41	35		0.3	
http://resources.usgin.org/uri-gin/nbmg/thermalspring/NBMG:21832/	Cold Spring - Sonoma Range	NV	40.81824	-117.58845	1963										7.7
http://resources.usgin.org/uri-gin/nbmg/thermalspring/NBMG:21834/	Coyote Spring - Black Rock Desert	NV	40.76317	-119.19291	1961	12	19	1160	15	58	1170	5.8			
http://resources.usgin.org/uri-gin/nbmg/thermalspring/NBMG:21834/	Coyote Spring - Black Rock Desert	NV	40.76317	-119.19291	1961	12		1160	15	58	1170	5.8		1.5	
http://resources.usgin.org/uri-gin/nbmg/thermalspring/NBMG:21834/	Coyote Spring - Black Rock Desert	NV	40.76317	-119.19291	1961										7.8
http://resources.usgin.org/uri-gin/nbmg/thermalspring/NBMG:21836/	Fish Ranch Spring	NV	40.82129	-119.52853	1966	23	5.2				30	36			
http://resources.usgin.org/uri-gin/nbmg/thermalspring/NBMG:21836/	Fish Ranch Spring	NV	40.82129	-119.52853	1966	23					30	36			
http://resources.usgin.org/uri-gin/nbmg/thermalspring/NBMG:21836/	Fish Ranch Spring	NV	40.82129	-119.52853	1966										7.9
http://resources.usgin.org/uri-gin/nbmg/thermalspring/NBMG:21837/	Squaw Spring	NV	40.82171	-119.48308	1975	30	3	298	4	32	26	9			
http://resources.usgin.org/uri-gin/nbmg/thermalspring/NBMG:21837/	Squaw Spring	NV	40.82171	-119.48308	1975	30		298	4	32	26	9		0.2	
http://resources.usgin.org/uri-gin/nbmg/thermalspring/NBMG:21837/	Squaw Spring	NV	40.82171	-119.48308	1975										8.1
http://resources.usgin.org/uri-gin/nbmg/thermalspring/NBMG:21844/	Spring H16 - Fly Ranch Hot Springs / Wards Hot Springs / Hualapai Flat Hot Springs	NV	40.8627	-119.31872	1975	22	0.2	405	17	90	250	205			
http://resources.usgin.org/uri-gin/nbmg/thermalspring/NBMG:21844/	Spring H16 - Fly Ranch Hot Springs / Wards Hot Springs / Hualapai Flat Hot Springs	NV	40.8627	-119.31872	1975	22		405	17	90	250	205			
http://resources.usgin.org/uri-gin/nbmg/thermalspring/NBMG:21844/	Spring H16 - Fly Ranch Hot Springs / Wards Hot Springs / Hualapai Flat Hot Springs	NV	40.8627	-119.31872	1975										7.2
http://resources.usgin.org/uri-gin/nbmg/thermalspring/NBMG:21851/	Fly Ranch Hot Springs / Wards Hot Springs / Hualapai Flat Hot Springs	NV	40.86129	-119.32572	1978	18	4	320	13	84.5	275	48			
http://resources.usgin.org/uri-gin/nbmg/thermalspring/NBMG:21851/	Fly Ranch Hot Springs / Wards Hot Springs / Hualapai Flat Hot Springs	NV	40.86129	-119.32572	1978	18		320	13	84.5	275	48		0.13	
http://resources.usgin.org/uri-gin/nbmg/thermalspring/NBMG:21851/	Fly Ranch Hot Springs / Wards Hot Springs / Hualapai Flat Hot Springs	NV	40.86129	-119.32572	1978										8.1
http://resources.usgin.org/uri-gin/nbmg/thermalspring/NBMG:21853/	Crutcher Canyon Spring	NV	40.92088	-119.56265	1966	16	6.3				14	18			
http://resources.usgin.org/uri-gin/nbmg/thermalspring/NBMG:21853/	Crutcher Canyon Spring	NV	40.92088	-119.56265	1966	16					14	18			
http://resources.usgin.org/uri-gin/nbmg/thermalspring/NBMG:21853/	Crutcher Canyon Spring	NV	40.92088	-119.56265	1966										7.8
http://resources.usgin.org/uri-gin/nbmg/thermalspring/NBMG:21854/	Iveson Ranch Spring	NV	40.94229	-119.36544	1975	9	4	21	7	64	13	12			
http://resources.usgin.org/uri-gin/nbmg/thermalspring/NBMG:21854/	Iveson Ranch Spring	NV	40.94229	-119.36544	1975	9		21	7	64	13	12		0.1	
http://resources.usgin.org/uri-gin/nbmg/thermalspring/NBMG:21854/	Iveson Ranch Spring	NV	40.94229	-119.36544	1975										7.4
http://resources.usgin.org/uri-gin/nbmg/thermalspring/NBMG:2187/	Warm Spring - Warm Creek Ranch	NV	40.75039	-115.03628		52	20			35	23	39			
http://resources.usgin.org/uri-gin/nbmg/thermalspring/NBMG:2187/	Warm Spring - Warm Creek Ranch	NV	40.75039	-115.03628		52				35	23	39	334	1	
http://resources.usgin.org/uri-gin/nbmg/thermalspring/NBMG:21871/	Hot Sulphur Springs / Ellison Ranch Springs / Tuscarora Hot Springs / Hot Sulfur Springs	NV	41.46824	-116.15037	1978	86	33	310	33	135	61	19			
http://resources.usgin.org/uri-gin/nbmg/thermalspring/NBMG:21871/	Hot Sulphur Springs / Ellison Ranch Springs / Tuscarora Hot Springs / Hot Sulfur Springs	NV	41.46824	-116.15037	1978	86		310	33	135	61	19		0.07	
http://resources.usgin.org/uri-gin/nbmg/thermalspring/NBMG:21871/	Hot Sulphur Springs / Ellison Ranch Springs / Tuscarora Hot Springs / Hot Sulfur Springs	NV	41.46824	-116.15037	1978										6.8
http://resources.usgin.org/uri-gin/nbmg/thermalspring/NBMG:21877/	Cold Spring - Jarbidge Mountains	NV	41.84324	-115.24867	1978	1.9	-0.1	1.7	2.8	33	0.4	2.7			
http://resources.usgin.org/uri-gin/nbmg/thermalspring/NBMG:21877/	Cold Spring - Jarbidge Mountains	NV	41.84324	-115.24867	1978	1.9		1.7	2.8	33	0.4	2.7		0.1	
http://resources.usgin.org/uri-gin/nbmg/thermalspring/NBMG:21877/	Cold Spring - Jarbidge Mountains	NV	41.84324	-115.24867	1978										6.1
http://resources.usgin.org/uri-gin/nbmg/thermalspring/NBMG:21885/	Hot Spring - Bog Hot Springs	NV	41.92378	-118.80581	1961	0.4	0	78	0.6	51	15	41			
http://resources.usgin.org/uri-gin/nbmg/thermalspring/NBMG:21885/	Hot Spring - Bog Hot Springs	NV	41.92378	-118.80581	1961	0.4		78	0.6	51	15	41		2	
http://resources.usgin.org/uri-gin/nbmg/thermalspring/NBMG:21885/	Hot Spring - Bog Hot Springs	NV	41.92378	-118.80581	1961										8.4
http://resources.usgin.org/uri-gin/nbmg/thermalspring/NBMG:219/	Beowawe Well 2 - Beowawe Geysers / Beowawe Hot Springs	NV	40.56991	-116.59092						100			195		
http://resources.usgin.org/uri-gin/nbmg/thermalspring/NBMG:219/	Beowawe Well 2 - Beowawe Geysers / Beowawe Hot Springs	NV	40.56991	-116.59092						100					
http://resources.usgin.org/uri-gin/nbmg/thermalspring/NBMG:219/	Beowawe Well 2 - Beowawe Geysers / Beowawe Hot Springs	NV	40.56991	-116.59092											8.11
http://resources.usgin.org/uri-gin/nbmg/thermalspring/NBMG:2192/	Pyramid Spring - Pyramid Lake	NV	39.98022	-119.50293	2005	762	1.56	3240	128	132.6	6350	205			
http://resources.usgin.org/uri-gin/nbmg/thermalspring/NBMG:2192/	Pyramid Spring - Pyramid Lake	NV	39.98022	-119.50293	2005	762		3240	128	132.6	6350	205	23.2	1.5	
http://resources.usgin.org/uri-gin/nbmg/thermalspring/NBMG:2192/	Pyramid Spring - Pyramid Lake	NV	39.98022	-119.50293	2005										7.71
http://resources.usgin.org/uri-gin/nbmg/thermalspring/NBMG:220/	Beowawe Well 5 - Beowawe Geysers / Beowawe Hot Springs	NV	40.57991	-116.59092						57			180		
http://resources.usgin.org/uri-gin/nbmg/thermalspring/NBMG:220/	Beowawe Well 5 - Beowawe Geysers / Beowawe Hot Springs	NV	40.57991	-116.59092						57					
http://resources.usgin.org/uri-gin/nbmg/thermalspring/NBMG:220/	Beowawe Well 5 - Beowawe Geysers / Beowawe Hot Springs	NV	40.57991	-116.59092						63			170		
http://resources.usgin.org/uri-gin/nbmg/thermalspring/NBMG:220/	Beowawe Well 5 - Beowawe Geysers / Beowawe Hot Springs	NV	40.57991	-116.59092						63					
http://resources.usgin.org/uri-gin/nbmg/thermalspring/NBMG:220/	Beowawe Well 5 - Beowawe Geysers / Beowawe Hot Springs	NV	40.57991	-116.59092											7.55
http://resources.usgin.org/uri-gin/nbmg/thermalspring/NBMG:220/	Beowawe Well 5 - Beowawe Geysers / Beowawe Hot Springs	NV	40.57991	-116.59092											7.66
http://resources.usgin.org/uri-gin/nbmg/thermalspring/NBMG:2200/	Eagle Salt Works Spring	NV	39.72996	-119.0397		32	2			259	955	334			
http://resources.usgin.org/uri-gin/nbmg/thermalspring/NBMG:2200/	Eagle Salt Works Spring	NV	39.72996	-119.0397		32	2			259	955	334			
http://resources.usgin.org/uri-gin/nbmg/thermalspring/NBMG:2200/	Eagle Salt Works Spring	NV	39.72996	-119.0397		32				259	955	334	31		
http://resources.usgin.org/uri-gin/nbmg/thermalspring/NBMG:2200/	Eagle Salt Works Spring	NV	39.72996	-119.0397		32				259	955	334	31		
http://resources.usgin.org/uri-gin/nbmg/thermalspring/NBMG:2202/	Patua Hot Springs / Hazen Hot Springs	NV	39.59897	-119.1116	1989	52	0.6	656	52	198	829	405			
http://resources.usgin.org/uri-gin/nbmg/thermalspring/NBMG:2202/	Patua Hot Springs / Hazen Hot Springs	NV	39.59897	-119.1116	1989	52		656	52	198	829	405	93	4.7	
http://resources.usgin.org/uri-gin/nbmg/thermalspring/NBMG:2202/	Patua Hot Springs / Hazen Hot Springs	NV	39.59897	-119.1116	1989										7.6
http://resources.usgin.org/uri-gin/nbmg/thermalspring/NBMG:2208/	Ormat Well - Steamboat Hot Springs / Reno Hot Springs / Mount Rose Hot Springs / Radium Hot Springs	NV	39.39491	-119.71601	1989	15	0.3	611	58	278	790	120			
http://resources.usgin.org/uri-gin/nbmg/thermalspring/NBMG:2208/	Ormat Well - Steamboat Hot Springs / Reno Hot Springs / Mount Rose Hot Springs / Radium Hot Springs	NV	39.39491	-119.71601	1989	15		611	58	278	790	120	369	2	
http://resources.usgin.org/uri-gin/nbmg/thermalspring/NBMG:2208/	Ormat Well - Steamboat Hot Springs / Reno Hot Springs / Mount Rose Hot Springs / Radium Hot Springs	NV	39.39491	-119.71601	1989										6.3
http://resources.usgin.org/uri-gin/nbmg/thermalspring/NBMG:221/	Beowawe Well 7 - Beowawe Geysers / Beowawe Hot Springs	NV	40.56991	-116.59092						45			250		
http://resources.usgin.org/uri-gin/nbmg/thermalspring/NBMG:221/	Beowawe Well 7 - Beowawe Geysers / Beowawe Hot Springs	NV	40.56991	-116.59092						45					
http://resources.usgin.org/uri-gin/nbmg/thermalspring/NBMG:221/	Beowawe Well 7 - Beowawe Geysers / Beowawe Hot Springs	NV	40.56991	-116.59092											8.5
http://resources.usgin.org/uri-gin/nbmg/thermalspring/NBMG:2212/	Cold Spring 9 - Virginia Range	NV	39.42574	-119.61212	1970	37	19				13	47			
http://resources.usgin.org/uri-gin/nbmg/thermalspring/NBMG:2212/	Cold Spring 9 - Virginia Range	NV	39.42574	-119.61212	1970	37	19				13	47			
http://resources.usgin.org/uri-gin/nbmg/thermalspring/NBMG:2212/	Cold Spring 9 - Virginia Range	NV	39.42574	-119.61212	1970	37					13	47	212	0.1	
http://resources.usgin.org/uri-gin/nbmg/thermalspring/NBMG:2212/	Cold Spring 9 - Virginia Range	NV	39.42574	-119.61212	1970	37					13	47		0.1	
http://resources.usgin.org/uri-gin/nbmg/thermalspring/NBMG:2212/	Cold Spring 9 - Virginia Range	NV	39.42574	-119.61212	1970										7.9
http://resources.usgin.org/uri-gin/nbmg/thermalspring/NBMG:2212/	Cold Spring 9 - Virginia Range	NV	39.42574	-119.61212	1970										7.9
http://resources.usgin.org/uri-gin/nbmg/thermalspring/NBMG:2212/	Cold Spring 9 - Virginia Range	NV	39.42574	-119.61212		37	19				13	47			
http://resources.usgin.org/uri-gin/nbmg/thermalspring/NBMG:2212/	Cold Spring 9 - Virginia Range	NV	39.42574	-119.61212		37					13	47	212	0.1	
http://resources.usgin.org/uri-gin/nbmg/thermalspring/NBMG:2212/	Cold Spring 9 - Virginia Range	NV	39.42574	-119.61212											7.9
http://resources.usgin.org/uri-gin/nbmg/thermalspring/NBMG:2216/	Warm Spring 6 - Flowery Range	NV	39.33402	-119.59342	1970	47	14				7	5			
http://resources.usgin.org/uri-gin/nbmg/thermalspring/NBMG:2216/	Warm Spring 6 - Flowery Range	NV	39.33402	-119.59342	1970	47	14				7	5			
http://resources.usgin.org/uri-gin/nbmg/thermalspring/NBMG:2216/	Warm Spring 6 - Flowery Range	NV	39.33402	-119.59342	1970	47					7	5	232	0.1	
http://resources.usgin.org/uri-gin/nbmg/thermalspring/NBMG:2216/	Warm Spring 6 - Flowery Range	NV	39.33402	-119.59342	1970	47					7	5		0.1	
http://resources.usgin.org/uri-gin/nbmg/thermalspring/NBMG:2216/	Warm Spring 6 - Flowery Range	NV	39.33402	-119.59342	1970										7.7
http://resources.usgin.org/uri-gin/nbmg/thermalspring/NBMG:2216/	Warm Spring 6 - Flowery Range	NV	39.33402	-119.59342	1970										7.7
http://resources.usgin.org/uri-gin/nbmg/thermalspring/NBMG:2216/	Warm Spring 6 - Flowery Range	NV	39.33402	-119.59342		47	14				7	5			
http://resources.usgin.org/uri-gin/nbmg/thermalspring/NBMG:2216/	Warm Spring 6 - Flowery Range	NV	39.33402	-119.59342		47					7	5	232	0.1	
http://resources.usgin.org/uri-gin/nbmg/thermalspring/NBMG:2216/	Warm Spring 6 - Flowery Range	NV	39.33402	-119.59342											7.7
http://resources.usgin.org/uri-gin/nbmg/thermalspring/NBMG:223/	Buffalo Valley Hot Springs	NV	40.36737	-117.32531	1973	43	5.2	295	33	71	29	104			
http://resources.usgin.org/uri-gin/nbmg/thermalspring/NBMG:223/	Buffalo Valley Hot Springs	NV	40.36737	-117.32531	1973	43		295	33	71	29	104		4.6	
http://resources.usgin.org/uri-gin/nbmg/thermalspring/NBMG:223/	Buffalo Valley Hot Springs	NV	40.36737	-117.32531				263			27				
http://resources.usgin.org/uri-gin/nbmg/thermalspring/NBMG:223/	Buffalo Valley Hot Springs	NV	40.36737	-117.32531				263			27				
http://resources.usgin.org/uri-gin/nbmg/thermalspring/NBMG:223/	Buffalo Valley Hot Springs	NV	40.36737	-117.32531				264			27				
http://resources.usgin.org/uri-gin/nbmg/thermalspring/NBMG:223/	Buffalo Valley Hot Springs	NV	40.36737	-117.32531				264			27				
http://resources.usgin.org/uri-gin/nbmg/thermalspring/NBMG:224/	Buffalo Valley Hot Springs	NV	40.36741	-117.32816	1972	45	4.9	250	34	80	29	110			
http://resources.usgin.org/uri-gin/nbmg/thermalspring/NBMG:224/	Buffalo Valley Hot Springs	NV	40.36741	-117.32816	1972	45		250	34	80	29	110	812.68	4.8	
http://resources.usgin.org/uri-gin/nbmg/thermalspring/NBMG:224/	Buffalo Valley Hot Springs	NV	40.36741	-117.32816	1972	5	6	675	28	45	65	120			
http://resources.usgin.org/uri-gin/nbmg/thermalspring/NBMG:224/	Buffalo Valley Hot Springs	NV	40.36741	-117.32816	1972	5		675	28	45	65	120	1587		
http://resources.usgin.org/uri-gin/nbmg/thermalspring/NBMG:224/	Buffalo Valley Hot Springs	NV	40.36741	-117.32816	1972										6.53
http://resources.usgin.org/uri-gin/nbmg/thermalspring/NBMG:224/	Buffalo Valley Hot Springs	NV	40.36741	-117.32816	1972										7.9
http://resources.usgin.org/uri-gin/nbmg/thermalspring/NBMG:2257/	Stinking Spring	NV	39.17382	-118.73428		5.7	6.2	4400	87	24	4843	1700			
http://resources.usgin.org/uri-gin/nbmg/thermalspring/NBMG:2257/	Stinking Spring	NV	39.17382	-118.73428		5.7		4400	87	24	4843	1700	575	7.8	
http://resources.usgin.org/uri-gin/nbmg/thermalspring/NBMG:2257/	Stinking Spring	NV	39.17382	-118.73428											9.9
http://resources.usgin.org/uri-gin/nbmg/thermalspring/NBMG:226/	Cold Spring - Whirlwind Valley	NV	40.56211	-116.68732						50			200		
http://resources.usgin.org/uri-gin/nbmg/thermalspring/NBMG:226/	Cold Spring - Whirlwind Valley	NV	40.56211	-116.68732						50					
http://resources.usgin.org/uri-gin/nbmg/thermalspring/NBMG:226/	Cold Spring - Whirlwind Valley	NV	40.56211	-116.68732											7.34
http://resources.usgin.org/uri-gin/nbmg/thermalspring/NBMG:227/	Golconda Mines Pool	NV	40.9449	-117.43295	1972	590	760	1900	4.2	84	1000	8800			
http://resources.usgin.org/uri-gin/nbmg/thermalspring/NBMG:227/	Golconda Mines Pool	NV	40.9449	-117.43295	1972	590		1900	4.2	84	1000	8800			
http://resources.usgin.org/uri-gin/nbmg/thermalspring/NBMG:227/	Golconda Mines Pool	NV	40.9449	-117.43295	1972										2.6
http://resources.usgin.org/uri-gin/nbmg/thermalspring/NBMG:2273/	Bartine Hot Springs	NV	39.55884	-116.3608	1945	69	17	37	12	37	9	25			
http://resources.usgin.org/uri-gin/nbmg/thermalspring/NBMG:2273/	Bartine Hot Springs	NV	39.55884	-116.3608	1945	69		37	12	37	9	25	334	0.889	
http://resources.usgin.org/uri-gin/nbmg/thermalspring/NBMG:2273/	Bartine Hot Springs	NV	39.55884	-116.3608	1945										7.47
http://resources.usgin.org/uri-gin/nbmg/thermalspring/NBMG:229/	Hot Spring - Hot Springs Point	NV	39.94246	-116.68192	1982	66	11	135	42	83	32	58			
http://resources.usgin.org/uri-gin/nbmg/thermalspring/NBMG:229/	Hot Spring - Hot Springs Point	NV	39.94246	-116.68192	1982	66		135	42	83	32	58	559	4.1	
http://resources.usgin.org/uri-gin/nbmg/thermalspring/NBMG:229/	Hot Spring - Hot Springs Point	NV	39.94246	-116.68192	1982										6.51
http://resources.usgin.org/uri-gin/nbmg/thermalspring/NBMG:22926/	NWIS Site	NV	38.84894	-119.77857	1988	130	11	130	7.4	28	360	120			
http://resources.usgin.org/uri-gin/nbmg/thermalspring/NBMG:22926/	NWIS Site	NV	38.84894	-119.77857	1988	130		130	7.4	28	360	120		0.7	
http://resources.usgin.org/uri-gin/nbmg/thermalspring/NBMG:2293/	Borchert John Warm Spring	NV	39.77771	-114.85058	1978	49	21	4.8	1	11	4	17			
http://resources.usgin.org/uri-gin/nbmg/thermalspring/NBMG:2293/	Borchert John Warm Spring	NV	39.77771	-114.85058	1978	49		4.8	1	11	4	17	180	0.1	
http://resources.usgin.org/uri-gin/nbmg/thermalspring/NBMG:2293/	Borchert John Warm Spring	NV	39.77771	-114.85058	1978										7.8
http://resources.usgin.org/uri-gin/nbmg/thermalspring/NBMG:2299/	Campbell Ranch Springs / Steptoe Ranch Springs / North Group Springs	NV	39.53863	-114.91545	1978	51	21	9.3	3.4	19	4.4	18			
http://resources.usgin.org/uri-gin/nbmg/thermalspring/NBMG:2299/	Campbell Ranch Springs / Steptoe Ranch Springs / North Group Springs	NV	39.53863	-114.91545	1978	51		9.3	3.4	19	4.4	18	250	0.4	
http://resources.usgin.org/uri-gin/nbmg/thermalspring/NBMG:2299/	Campbell Ranch Springs / Steptoe Ranch Springs / North Group Springs	NV	39.53863	-114.91545	1978										7.3
http://resources.usgin.org/uri-gin/nbmg/thermalspring/NBMG:2299/	Campbell Ranch Springs / Steptoe Ranch Springs / North Group Springs	NV	39.53863	-114.91545	1981	52	20	9.3	3.6	19	4.1	19			
http://resources.usgin.org/uri-gin/nbmg/thermalspring/NBMG:2299/	Campbell Ranch Springs / Steptoe Ranch Springs / North Group Springs	NV	39.53863	-114.91545	1981	52		9.3	3.6	19	4.1	19		0.3	
http://resources.usgin.org/uri-gin/nbmg/thermalspring/NBMG:2299/	Campbell Ranch Springs / Steptoe Ranch Springs / North Group Springs	NV	39.53863	-114.91545	1981										7
http://resources.usgin.org/uri-gin/nbmg/thermalspring/NBMG:23045/	NWIS Site	NV	35.46193	-114.98942	2003										7.9
http://resources.usgin.org/uri-gin/nbmg/thermalspring/NBMG:2306/	Benson Spring	NV	38.87463	-119.8149	1981						1.2				
http://resources.usgin.org/uri-gin/nbmg/thermalspring/NBMG:2306/	Benson Spring	NV	38.87463	-119.8149	1981						1.2				
http://resources.usgin.org/uri-gin/nbmg/thermalspring/NBMG:2306/	Benson Spring	NV	38.87463	-119.8149	1981						1.2				
http://resources.usgin.org/uri-gin/nbmg/thermalspring/NBMG:2306/	Benson Spring	NV	38.87463	-119.8149	1981						1.2				
http://resources.usgin.org/uri-gin/nbmg/thermalspring/NBMG:2306/	Benson Spring	NV	38.87463	-119.8149	1981						1.3				
http://resources.usgin.org/uri-gin/nbmg/thermalspring/NBMG:2306/	Benson Spring	NV	38.87463	-119.8149	1981						1.3				
http://resources.usgin.org/uri-gin/nbmg/thermalspring/NBMG:2306/	Benson Spring	NV	38.87463	-119.8149	2008	10.2638629605688	0.139025930232558	52.7494964545178	3	26.3140995513779	9.7267	48.2663			
http://resources.usgin.org/uri-gin/nbmg/thermalspring/NBMG:2306/	Benson Spring	NV	38.87463	-119.8149	2008	10.2638629605688		52.7494964545178	3	26.3140995513779	9.7267	48.2663	67.2	1.6597	
http://resources.usgin.org/uri-gin/nbmg/thermalspring/NBMG:2306/	Benson Spring	NV	38.87463	-119.8149	2008										8.16
http://resources.usgin.org/uri-gin/nbmg/thermalspring/NBMG:2306/	Benson Spring	NV	38.87463	-119.8149							1.2				
http://resources.usgin.org/uri-gin/nbmg/thermalspring/NBMG:2306/	Benson Spring	NV	38.87463	-119.8149							1.2				
http://resources.usgin.org/uri-gin/nbmg/thermalspring/NBMG:2314/	Double Spring North	NV	38.96447	-118.69007	2008	0.415782117774995	0	657	10.6	41.2896033611052	266.3277	314.4252			
http://resources.usgin.org/uri-gin/nbmg/thermalspring/NBMG:2314/	Double Spring North	NV	38.96447	-118.69007	2008	0.415782117774995		657	10.6	41.2896033611052	266.3277	314.4252	712.6	9.24	
http://resources.usgin.org/uri-gin/nbmg/thermalspring/NBMG:2314/	Double Spring North	NV	38.96447	-118.69007	2008										9.45
http://resources.usgin.org/uri-gin/nbmg/thermalspring/NBMG:233/	Smith Creek Hot Springs	NV	39.31325	-117.54927	1973	4.8	0.06	170	8.4	110	22	102			
http://resources.usgin.org/uri-gin/nbmg/thermalspring/NBMG:233/	Smith Creek Hot Springs	NV	39.31325	-117.54927	1973	4.8		170	8.4	110	22	102	246	8.9	
http://resources.usgin.org/uri-gin/nbmg/thermalspring/NBMG:233/	Smith Creek Hot Springs	NV	39.31325	-117.54927	1973										7.72
http://resources.usgin.org/uri-gin/nbmg/thermalspring/NBMG:2338/	Hot Well UCE-16 - Mosquito Creek Springs / Mosquito Ranch Springs	NV	38.87034	-116.70431	1967	59	6.3	103	19	52	12	86			
http://resources.usgin.org/uri-gin/nbmg/thermalspring/NBMG:2338/	Hot Well UCE-16 - Mosquito Creek Springs / Mosquito Ranch Springs	NV	38.87034	-116.70431	1967	59		103	19	52	12	86		2.4	
http://resources.usgin.org/uri-gin/nbmg/thermalspring/NBMG:2338/	Hot Well UCE-16 - Mosquito Creek Springs / Mosquito Ranch Springs	NV	38.87034	-116.70431	1967	8.6	5	108	29	33	13	21			
http://resources.usgin.org/uri-gin/nbmg/thermalspring/NBMG:2338/	Hot Well UCE-16 - Mosquito Creek Springs / Mosquito Ranch Springs	NV	38.87034	-116.70431	1967	8.6		108	29	33	13	21		2.3	
http://resources.usgin.org/uri-gin/nbmg/thermalspring/NBMG:2338/	Hot Well UCE-16 - Mosquito Creek Springs / Mosquito Ranch Springs	NV	38.87034	-116.70431	1967										8
http://resources.usgin.org/uri-gin/nbmg/thermalspring/NBMG:2338/	Hot Well UCE-16 - Mosquito Creek Springs / Mosquito Ranch Springs	NV	38.87034	-116.70431	1967										8.5
http://resources.usgin.org/uri-gin/nbmg/thermalspring/NBMG:2338/	Hot Well UCE-16 - Mosquito Creek Springs / Mosquito Ranch Springs	NV	38.87034	-116.70431	1968	21	5.8	115	33	63	11	67			
http://resources.usgin.org/uri-gin/nbmg/thermalspring/NBMG:2338/	Hot Well UCE-16 - Mosquito Creek Springs / Mosquito Ranch Springs	NV	38.87034	-116.70431	1968	21		115	33	63	11	67		2.6	
http://resources.usgin.org/uri-gin/nbmg/thermalspring/NBMG:2338/	Hot Well UCE-16 - Mosquito Creek Springs / Mosquito Ranch Springs	NV	38.87034	-116.70431	1968	52	5.8	114	33	63	11	81			
http://resources.usgin.org/uri-gin/nbmg/thermalspring/NBMG:2338/	Hot Well UCE-16 - Mosquito Creek Springs / Mosquito Ranch Springs	NV	38.87034	-116.70431	1968	52	5.9	117	33	64	10	78			
http://resources.usgin.org/uri-gin/nbmg/thermalspring/NBMG:2338/	Hot Well UCE-16 - Mosquito Creek Springs / Mosquito Ranch Springs	NV	38.87034	-116.70431	1968	52		114	33	63	11	81		2.5	
http://resources.usgin.org/uri-gin/nbmg/thermalspring/NBMG:2338/	Hot Well UCE-16 - Mosquito Creek Springs / Mosquito Ranch Springs	NV	38.87034	-116.70431	1968	52		117	33	64	10	78		2.6	
http://resources.usgin.org/uri-gin/nbmg/thermalspring/NBMG:2338/	Hot Well UCE-16 - Mosquito Creek Springs / Mosquito Ranch Springs	NV	38.87034	-116.70431	1968										7.9
http://resources.usgin.org/uri-gin/nbmg/thermalspring/NBMG:2338/	Hot Well UCE-16 - Mosquito Creek Springs / Mosquito Ranch Springs	NV	38.87034	-116.70431	1968										8
http://resources.usgin.org/uri-gin/nbmg/thermalspring/NBMG:2338/	Hot Well UCE-16 - Mosquito Creek Springs / Mosquito Ranch Springs	NV	38.87034	-116.70431	1968										8.4
http://resources.usgin.org/uri-gin/nbmg/thermalspring/NBMG:234/	Spencer Hot Springs Well (Artesian)	NV	39.32492	-116.85032	1972	35	10	207	32	85	22	40			
http://resources.usgin.org/uri-gin/nbmg/thermalspring/NBMG:234/	Spencer Hot Springs Well (Artesian)	NV	39.32492	-116.85032	1972	35		207	32	85	22	40	677		
http://resources.usgin.org/uri-gin/nbmg/thermalspring/NBMG:234/	Spencer Hot Springs Well (Artesian)	NV	39.32492	-116.85032	1972										8
http://resources.usgin.org/uri-gin/nbmg/thermalspring/NBMG:236/	Spencer Hot Springs Well 1 (Artesian)	NV	39.32532	-116.85002	1969	37	10.3	200	38	84	23	48			
http://resources.usgin.org/uri-gin/nbmg/thermalspring/NBMG:236/	Spencer Hot Springs Well 1 (Artesian)	NV	39.32532	-116.85002	1969	37		200	38	84	23	48	695	4.8	
http://resources.usgin.org/uri-gin/nbmg/thermalspring/NBMG:236/	Spencer Hot Springs Well 1 (Artesian)	NV	39.32532	-116.85002	1969										7.62
http://resources.usgin.org/uri-gin/nbmg/thermalspring/NBMG:237/	Spencer Hot Springs Well 2 (Artesian)	NV	39.32572	-116.85002	1969	34	10	200	39	84	22	48			
http://resources.usgin.org/uri-gin/nbmg/thermalspring/NBMG:237/	Spencer Hot Springs Well 2 (Artesian)	NV	39.32572	-116.85002	1969	34		200	39	84	22	48	675	4.6	
http://resources.usgin.org/uri-gin/nbmg/thermalspring/NBMG:237/	Spencer Hot Springs Well 2 (Artesian)	NV	39.32572	-116.85002	1969										7.58
http://resources.usgin.org/uri-gin/nbmg/thermalspring/NBMG:2375/	Warm Spring - S Columbus Marsh	NV	37.99303	-117.98574	1978						578				
http://resources.usgin.org/uri-gin/nbmg/thermalspring/NBMG:2375/	Warm Spring - S Columbus Marsh	NV	37.99303	-117.98574	1978						578				
http://resources.usgin.org/uri-gin/nbmg/thermalspring/NBMG:2375/	Warm Spring - S Columbus Marsh	NV	37.99303	-117.98574							578				
http://resources.usgin.org/uri-gin/nbmg/thermalspring/NBMG:2375/	Warm Spring - S Columbus Marsh	NV	37.99303	-117.98574							578				
http://resources.usgin.org/uri-gin/nbmg/thermalspring/NBMG:2388/	Warm Seep - Death Valley NP	NV	37.01611	-117.2094		9.6	2.4				47				
http://resources.usgin.org/uri-gin/nbmg/thermalspring/NBMG:2388/	Warm Seep - Death Valley NP	NV	37.01611	-117.2094		9.6	2.4				47				
http://resources.usgin.org/uri-gin/nbmg/thermalspring/NBMG:2388/	Warm Seep - Death Valley NP	NV	37.01611	-117.2094		9.6					47				
http://resources.usgin.org/uri-gin/nbmg/thermalspring/NBMG:2388/	Warm Seep - Death Valley NP	NV	37.01611	-117.2094		9.6					47				
http://resources.usgin.org/uri-gin/nbmg/thermalspring/NBMG:2391/	Climax Seep - Climax Mine	NV	37.22439	-116.05893	1978	220	0.4	240	0.4	17	49	890			
http://resources.usgin.org/uri-gin/nbmg/thermalspring/NBMG:2391/	Climax Seep - Climax Mine	NV	37.22439	-116.05893	1978	220		240	0.4	17	49	890	110	0.8	
http://resources.usgin.org/uri-gin/nbmg/thermalspring/NBMG:2391/	Climax Seep - Climax Mine	NV	37.22439	-116.05893	1978										7.75
http://resources.usgin.org/uri-gin/nbmg/thermalspring/NBMG:2418/	Warm Spring - Ash Meadows	NV	36.44957	-116.31531	1958	45	20	69	6.8	29	21	81			
http://resources.usgin.org/uri-gin/nbmg/thermalspring/NBMG:2418/	Warm Spring - Ash Meadows	NV	36.44957	-116.31531	1958	45		69	6.8	29	21	81	285	1.3	
http://resources.usgin.org/uri-gin/nbmg/thermalspring/NBMG:2418/	Warm Spring - Ash Meadows	NV	36.44957	-116.31531	1958										7.9
http://resources.usgin.org/uri-gin/nbmg/thermalspring/NBMG:242/	Wabuska Hot Springs	NV	39.1602	-119.18321	1974	39	0.1	300	14	110	55	620			
http://resources.usgin.org/uri-gin/nbmg/thermalspring/NBMG:242/	Wabuska Hot Springs	NV	39.1602	-119.18321	1974	39		300	14	110	55	620	71	8.2	
http://resources.usgin.org/uri-gin/nbmg/thermalspring/NBMG:242/	Wabuska Hot Springs	NV	39.1602	-119.18321	1974										8.06
http://resources.usgin.org/uri-gin/nbmg/thermalspring/NBMG:242/	Wabuska Hot Springs	NV	39.1602	-119.18321	1978	38	0.17	290	12	155	49	720			
http://resources.usgin.org/uri-gin/nbmg/thermalspring/NBMG:242/	Wabuska Hot Springs	NV	39.1602	-119.18321	1978	38		290	12	155	49	720		0.03	
http://resources.usgin.org/uri-gin/nbmg/thermalspring/NBMG:242/	Wabuska Hot Springs	NV	39.1602	-119.18321	1978										7.9
http://resources.usgin.org/uri-gin/nbmg/thermalspring/NBMG:243/	Wabuska Hot Springs	NV	39.16048	-119.18377	1972	38	0.2	277	14.7	115	46	580			
http://resources.usgin.org/uri-gin/nbmg/thermalspring/NBMG:243/	Wabuska Hot Springs	NV	39.16048	-119.18377	1972	38		277	14.7	115	46	580	70	8.5	
http://resources.usgin.org/uri-gin/nbmg/thermalspring/NBMG:243/	Wabuska Hot Springs	NV	39.16048	-119.18377	1972										8.47
http://resources.usgin.org/uri-gin/nbmg/thermalspring/NBMG:2433/	Las Vegas Springs	NV	36.16448	-115.19074		48	25	8.1	3.6	14	6.5	51			
http://resources.usgin.org/uri-gin/nbmg/thermalspring/NBMG:2433/	Las Vegas Springs	NV	36.16448	-115.19074		48		8.1	3.6	14	6.5	51	222	0.2	
http://resources.usgin.org/uri-gin/nbmg/thermalspring/NBMG:2433/	Las Vegas Springs	NV	36.16448	-115.19074											7.4
http://resources.usgin.org/uri-gin/nbmg/thermalspring/NBMG:245/	Spring 2 - Rawhide Hot Springs / Wedell Springs	NV	38.91937	-118.19617	1982	13	0.21	270	9.2	153	78	315			
http://resources.usgin.org/uri-gin/nbmg/thermalspring/NBMG:245/	Spring 2 - Rawhide Hot Springs / Wedell Springs	NV	38.91937	-118.19617	1982	13		270	9.2	153	78	315	214	0.02	
http://resources.usgin.org/uri-gin/nbmg/thermalspring/NBMG:245/	Spring 2 - Rawhide Hot Springs / Wedell Springs	NV	38.91937	-118.19617	1982										7.83
http://resources.usgin.org/uri-gin/nbmg/thermalspring/NBMG:245/	Spring 2 - Rawhide Hot Springs / Wedell Springs	NV	38.91937	-118.19617	2006						66.9	276.2389	146	14.4621	
http://resources.usgin.org/uri-gin/nbmg/thermalspring/NBMG:245/	Spring 2 - Rawhide Hot Springs / Wedell Springs	NV	38.91937	-118.19617	2006						66.9	276.2389			
http://resources.usgin.org/uri-gin/nbmg/thermalspring/NBMG:245/	Spring 2 - Rawhide Hot Springs / Wedell Springs	NV	38.91937	-118.19617	2008	10.0908918471235	0	228.991864967155	7.13	149.113230791141	67.6726	240.7337			
http://resources.usgin.org/uri-gin/nbmg/thermalspring/NBMG:245/	Spring 2 - Rawhide Hot Springs / Wedell Springs	NV	38.91937	-118.19617	2008	10.0908918471235		228.991864967155	7.13	149.113230791141	67.6726	240.7337	146	12.8885	
http://resources.usgin.org/uri-gin/nbmg/thermalspring/NBMG:245/	Spring 2 - Rawhide Hot Springs / Wedell Springs	NV	38.91937	-118.19617	2008										7.77
http://resources.usgin.org/uri-gin/nbmg/thermalspring/NBMG:248/	Alkali Hot Spring	NV	37.82464	-117.33752	1957	47	2.7	334	16	62	56	487			
http://resources.usgin.org/uri-gin/nbmg/thermalspring/NBMG:248/	Alkali Hot Spring	NV	37.82464	-117.33752	1957	47		334	16	62	56	487	328	70.12	
http://resources.usgin.org/uri-gin/nbmg/thermalspring/NBMG:248/	Alkali Hot Spring	NV	37.82464	-117.33752	1957										7.1
http://resources.usgin.org/uri-gin/nbmg/thermalspring/NBMG:248/	Alkali Hot Spring	NV	37.82464	-117.33752		46	4.6				68	492			
http://resources.usgin.org/uri-gin/nbmg/thermalspring/NBMG:248/	Alkali Hot Spring	NV	37.82464	-117.33752		46					68	492	348		
http://resources.usgin.org/uri-gin/nbmg/thermalspring/NBMG:248/	Alkali Hot Spring	NV	37.82464	-117.33752											8.1
http://resources.usgin.org/uri-gin/nbmg/thermalspring/NBMG:249/	Hot Well - Darroughs Hot Springs	NV	38.82093	-117.18082	1972	1.3	0.1	110	2.6	98	12	53			
http://resources.usgin.org/uri-gin/nbmg/thermalspring/NBMG:249/	Hot Well - Darroughs Hot Springs	NV	38.82093	-117.18082	1972	1.3		110	2.6	98	12	53	146.09	0.02	
http://resources.usgin.org/uri-gin/nbmg/thermalspring/NBMG:249/	Hot Well - Darroughs Hot Springs	NV	38.82093	-117.18082	1972	1.4	0.1	110	2.9	105	12	55			
http://resources.usgin.org/uri-gin/nbmg/thermalspring/NBMG:249/	Hot Well - Darroughs Hot Springs	NV	38.82093	-117.18082	1972	1.4		110	2.9	105	12	55	165.39	0.02	
http://resources.usgin.org/uri-gin/nbmg/thermalspring/NBMG:249/	Hot Well - Darroughs Hot Springs	NV	38.82093	-117.18082	1972										8.29
http://resources.usgin.org/uri-gin/nbmg/thermalspring/NBMG:249/	Hot Well - Darroughs Hot Springs	NV	38.82093	-117.18082	1972										8.29
http://resources.usgin.org/uri-gin/nbmg/thermalspring/NBMG:249/	Hot Well - Darroughs Hot Springs	NV	38.82093	-117.18082		12	-0.05	98	3	114	14	51			
http://resources.usgin.org/uri-gin/nbmg/thermalspring/NBMG:249/	Hot Well - Darroughs Hot Springs	NV	38.82093	-117.18082		12		98	3	114	14	51	108	140.091	
http://resources.usgin.org/uri-gin/nbmg/thermalspring/NBMG:249/	Hot Well - Darroughs Hot Springs	NV	38.82093	-117.18082											8.85
http://resources.usgin.org/uri-gin/nbmg/thermalspring/NBMG:2505/	Lone Tree Spring	NV	39.44621	-119.82742	1958	18	6.6	19	4.1	76	3	6.4			
http://resources.usgin.org/uri-gin/nbmg/thermalspring/NBMG:2505/	Lone Tree Spring	NV	39.44621	-119.82742	1958	18		19	4.1	76	3	6.4	138	0.1	
http://resources.usgin.org/uri-gin/nbmg/thermalspring/NBMG:2505/	Lone Tree Spring	NV	39.44621	-119.82742	1958										7.6
http://resources.usgin.org/uri-gin/nbmg/thermalspring/NBMG:2507/	Last Chance Ditch	NV	39.44641	-119.7938	1956	10	3.4	4.8	1.2	24	0	9.1			
http://resources.usgin.org/uri-gin/nbmg/thermalspring/NBMG:2507/	Last Chance Ditch	NV	39.44641	-119.7938	1956	10		4.8	1.2	24	0	9.1	48	0	
http://resources.usgin.org/uri-gin/nbmg/thermalspring/NBMG:2507/	Last Chance Ditch	NV	39.44641	-119.7938	1956										7.7
http://resources.usgin.org/uri-gin/nbmg/thermalspring/NBMG:2510/	Thomas Creek	NV	39.42501	-119.7935	1956	6.6	3.4	4.1	2.3	39	0	0			
http://resources.usgin.org/uri-gin/nbmg/thermalspring/NBMG:2510/	Thomas Creek	NV	39.42501	-119.7935	1956	6.6		4.1	2.3	39	0	0	43	0	
http://resources.usgin.org/uri-gin/nbmg/thermalspring/NBMG:2510/	Thomas Creek	NV	39.42501	-119.7935	1956										8.2
http://resources.usgin.org/uri-gin/nbmg/thermalspring/NBMG:2512/	Alexander Lake	NV	39.45961	-119.73427	1947	60	17			45	58	12			
http://resources.usgin.org/uri-gin/nbmg/thermalspring/NBMG:2512/	Alexander Lake	NV	39.45961	-119.73427	1947	60				45	58	12	329		
http://resources.usgin.org/uri-gin/nbmg/thermalspring/NBMG:253/	Dianas Punch Bowl / Diannas Punch Bowl	NV	39.03031	-116.66821	1972								203		
http://resources.usgin.org/uri-gin/nbmg/thermalspring/NBMG:253/	Dianas Punch Bowl / Diannas Punch Bowl	NV	39.03031	-116.66821	1972										8.1
http://resources.usgin.org/uri-gin/nbmg/thermalspring/NBMG:2534/	Whites Creek	NV	39.40252	-119.78133	1956	6.6	1.7	3.2	1.6	22	0	6.2			
http://resources.usgin.org/uri-gin/nbmg/thermalspring/NBMG:2534/	Whites Creek	NV	39.40252	-119.78133	1956	6.6		3.2	1.6	22	0	6.2	27	0	
http://resources.usgin.org/uri-gin/nbmg/thermalspring/NBMG:2534/	Whites Creek	NV	39.40252	-119.78133	1956										7
http://resources.usgin.org/uri-gin/nbmg/thermalspring/NBMG:2536/	Hot Spring - Steamboat Hot Springs / Reno Hot Springs / Mount Rose Hot Springs / Radium Hot Springs	NV	39.38058	-119.74099	1956	7.8	1.2	665	69	125	889	118			
http://resources.usgin.org/uri-gin/nbmg/thermalspring/NBMG:2536/	Hot Spring - Steamboat Hot Springs / Reno Hot Springs / Mount Rose Hot Springs / Radium Hot Springs	NV	39.38058	-119.74099	1956	7.8		665	69	125	889	118	212	2	
http://resources.usgin.org/uri-gin/nbmg/thermalspring/NBMG:2536/	Hot Spring - Steamboat Hot Springs / Reno Hot Springs / Mount Rose Hot Springs / Radium Hot Springs	NV	39.38058	-119.74099	1956										8.3
http://resources.usgin.org/uri-gin/nbmg/thermalspring/NBMG:2539/	Cold Well - Steamboat Hot Springs / Reno Hot Springs / Mount Rose Hot Springs / Radium Hot Springs	NV	39.38321	-119.72602	1958	71	20	29	4.2	22	7	154			
http://resources.usgin.org/uri-gin/nbmg/thermalspring/NBMG:2539/	Cold Well - Steamboat Hot Springs / Reno Hot Springs / Mount Rose Hot Springs / Radium Hot Springs	NV	39.38321	-119.72602	1958	71		29	4.2	22	7	154	198	0.2	
http://resources.usgin.org/uri-gin/nbmg/thermalspring/NBMG:2539/	Cold Well - Steamboat Hot Springs / Reno Hot Springs / Mount Rose Hot Springs / Radium Hot Springs	NV	39.38321	-119.72602	1958										7.2
http://resources.usgin.org/uri-gin/nbmg/thermalspring/NBMG:2541/	Truckee River water	NV	39.51135	-119.90813	1959	7.6	3.4	7.6	1.6	21	2	8.7			
http://resources.usgin.org/uri-gin/nbmg/thermalspring/NBMG:2541/	Truckee River water	NV	39.51135	-119.90813	1959										7.1
http://resources.usgin.org/uri-gin/nbmg/thermalspring/NBMG:255/	Dianas Punch Bowl / Diannas Punch Bowl	NV	39.03024	-116.66661	1967	47	11	55	15	44	9	55			
http://resources.usgin.org/uri-gin/nbmg/thermalspring/NBMG:255/	Dianas Punch Bowl / Diannas Punch Bowl	NV	39.03024	-116.66661	1967	47		55	15	44	9	55		2.9	
http://resources.usgin.org/uri-gin/nbmg/thermalspring/NBMG:255/	Dianas Punch Bowl / Diannas Punch Bowl	NV	39.03024	-116.66661	1967										7.9
http://resources.usgin.org/uri-gin/nbmg/thermalspring/NBMG:255/	Dianas Punch Bowl / Diannas Punch Bowl	NV	39.03024	-116.66661	1972	47	11	57	15	46	8	59			
http://resources.usgin.org/uri-gin/nbmg/thermalspring/NBMG:255/	Dianas Punch Bowl / Diannas Punch Bowl	NV	39.03024	-116.66661	1972	47		57	15	46	8	59	270.08	2.8	
http://resources.usgin.org/uri-gin/nbmg/thermalspring/NBMG:255/	Dianas Punch Bowl / Diannas Punch Bowl	NV	39.03024	-116.66661	1972										6.73
http://resources.usgin.org/uri-gin/nbmg/thermalspring/NBMG:2555/	Unnamed Well - Moana Hot Springs	NV	39.50652	-119.83283	1941	60	15			14	15	32			
http://resources.usgin.org/uri-gin/nbmg/thermalspring/NBMG:2555/	Unnamed Well - Moana Hot Springs	NV	39.50652	-119.83283	1941	60				14	15	32	224		
http://resources.usgin.org/uri-gin/nbmg/thermalspring/NBMG:2559/	Truckee River	NV	39.50587	-119.89147	1956	6	2.1	2.5	0.4	18	0	1.4			
http://resources.usgin.org/uri-gin/nbmg/thermalspring/NBMG:2559/	Truckee River	NV	39.50587	-119.89147	1956	6		2.5	0.4	18	0	1.4	30	0	
http://resources.usgin.org/uri-gin/nbmg/thermalspring/NBMG:2559/	Truckee River	NV	39.50587	-119.89147	1956										7.5
http://resources.usgin.org/uri-gin/nbmg/thermalspring/NBMG:256/	Potts Ranch Hot Springs	NV	39.07867	-116.63991	1972	52	11	47	13	36	10	57			
http://resources.usgin.org/uri-gin/nbmg/thermalspring/NBMG:256/	Potts Ranch Hot Springs	NV	39.07867	-116.63991	1972	52		47	13	36	10	57	249.3	0.02	
http://resources.usgin.org/uri-gin/nbmg/thermalspring/NBMG:256/	Potts Ranch Hot Springs	NV	39.07867	-116.63991	1972										6.62
http://resources.usgin.org/uri-gin/nbmg/thermalspring/NBMG:2560/	Hunter Creek	NV	39.50298	-119.89016	1956	9	3.3	3.9	0.8	27	0	16			
http://resources.usgin.org/uri-gin/nbmg/thermalspring/NBMG:2560/	Hunter Creek	NV	39.50298	-119.89016	1956	9		3.9	0.8	27	0	16	29	0	
http://resources.usgin.org/uri-gin/nbmg/thermalspring/NBMG:2560/	Hunter Creek	NV	39.50298	-119.89016	1956										7.5
http://resources.usgin.org/uri-gin/nbmg/thermalspring/NBMG:2562/	Warm Well - Moana Hot Springs	NV	39.49314	-119.83788	1946	336	112			41	26	1959			
http://resources.usgin.org/uri-gin/nbmg/thermalspring/NBMG:2562/	Warm Well - Moana Hot Springs	NV	39.49314	-119.83788	1946	336				41	26	1959	378		
http://resources.usgin.org/uri-gin/nbmg/thermalspring/NBMG:2563/	Unnamed Well - Moana Hot Springs	NV	39.49343	-119.83278	1956	186	7			87	24	886			
http://resources.usgin.org/uri-gin/nbmg/thermalspring/NBMG:2563/	Unnamed Well - Moana Hot Springs	NV	39.49343	-119.83278	1956	186				87	24	886	68		
http://resources.usgin.org/uri-gin/nbmg/thermalspring/NBMG:2563/	Unnamed Well - Moana Hot Springs	NV	39.49343	-119.83278	1956										7.2
http://resources.usgin.org/uri-gin/nbmg/thermalspring/NBMG:2565/	Unnamed Well - Moana Hot Springs	NV	39.495	-119.79552	1959	22	2.4			102	35	288			
http://resources.usgin.org/uri-gin/nbmg/thermalspring/NBMG:2565/	Unnamed Well - Moana Hot Springs	NV	39.495	-119.79552	1959	22				102	35	288	128	70	
http://resources.usgin.org/uri-gin/nbmg/thermalspring/NBMG:2565/	Unnamed Well - Moana Hot Springs	NV	39.495	-119.79552	1959										8.5
http://resources.usgin.org/uri-gin/nbmg/thermalspring/NBMG:2569/	Unnamed Well - Moana Hot Springs	NV	39.48026	-119.79617	1934	-8888888	0			76	30	191			
http://resources.usgin.org/uri-gin/nbmg/thermalspring/NBMG:2569/	Unnamed Well - Moana Hot Springs	NV	39.48026	-119.79617	1934	-8888888				76	30	191	188		
http://resources.usgin.org/uri-gin/nbmg/thermalspring/NBMG:2570/	Unnamed Well - Moana Hot Springs	NV	39.48838	-119.81471	1946	34	11			60	12	26			
http://resources.usgin.org/uri-gin/nbmg/thermalspring/NBMG:2570/	Unnamed Well - Moana Hot Springs	NV	39.48838	-119.81471	1946	34				60	12	26	220		
http://resources.usgin.org/uri-gin/nbmg/thermalspring/NBMG:2571/	Unnamed Well - Moana Hot Springs	NV	39.48855	-119.81923	1945	116	40			94	64	1062			
http://resources.usgin.org/uri-gin/nbmg/thermalspring/NBMG:2571/	Unnamed Well - Moana Hot Springs	NV	39.48855	-119.81923	1945	116				94	64	1062	1.5		
http://resources.usgin.org/uri-gin/nbmg/thermalspring/NBMG:2573/	Alum Creek	NV	39.48691	-119.86857	1956	24	15	13	2.7	40	1.8	119			
http://resources.usgin.org/uri-gin/nbmg/thermalspring/NBMG:2573/	Alum Creek	NV	39.48691	-119.86857	1956	24		13	2.7	40	1.8	119	0	0	
http://resources.usgin.org/uri-gin/nbmg/thermalspring/NBMG:2573/	Alum Creek	NV	39.48691	-119.86857	1956										4.9
http://resources.usgin.org/uri-gin/nbmg/thermalspring/NBMG:2574/	Evans Creek	NV	39.46923	-119.80983	1956	19	6	10	2.7	45	1.4	13			
http://resources.usgin.org/uri-gin/nbmg/thermalspring/NBMG:2574/	Evans Creek	NV	39.46923	-119.80983	1956	19		10	2.7	45	1.4	13	85	0	
http://resources.usgin.org/uri-gin/nbmg/thermalspring/NBMG:2574/	Evans Creek	NV	39.46923	-119.80983	1956										8.2
http://resources.usgin.org/uri-gin/nbmg/thermalspring/NBMG:258/	Nanny Goat Springs / Hot Springs W of Rte 6 and 25	NV	38.18599	-116.37399	1972	43	24	175	24.2	60	32	120			
http://resources.usgin.org/uri-gin/nbmg/thermalspring/NBMG:258/	Nanny Goat Springs / Hot Springs W of Rte 6 and 25	NV	38.18599	-116.37399	1972	43		175	24.2	60	32	120	714	3.2	
http://resources.usgin.org/uri-gin/nbmg/thermalspring/NBMG:258/	Nanny Goat Springs / Hot Springs W of Rte 6 and 25	NV	38.18599	-116.37399	1972										8.1
http://resources.usgin.org/uri-gin/nbmg/thermalspring/NBMG:258/	Nanny Goat Springs / Hot Springs W of Rte 6 and 25	NV	38.18599	-116.37399	1974	43	24	175	24	60	32	120			
http://resources.usgin.org/uri-gin/nbmg/thermalspring/NBMG:258/	Nanny Goat Springs / Hot Springs W of Rte 6 and 25	NV	38.18599	-116.37399	1974	43		175	24	60	32	120			
http://resources.usgin.org/uri-gin/nbmg/thermalspring/NBMG:258/	Nanny Goat Springs / Hot Springs W of Rte 6 and 25	NV	38.18599	-116.37399	1974										8.1
http://resources.usgin.org/uri-gin/nbmg/thermalspring/NBMG:258/	Nanny Goat Springs / Hot Springs W of Rte 6 and 25	NV	38.18599	-116.37399		96	28	168				90			
http://resources.usgin.org/uri-gin/nbmg/thermalspring/NBMG:258/	Nanny Goat Springs / Hot Springs W of Rte 6 and 25	NV	38.18599	-116.37399		96		168				90	693		
http://resources.usgin.org/uri-gin/nbmg/thermalspring/NBMG:2588/	Truckee River	NV	39.52096	-119.68914	1959	19	6.3	22	4.8	28	13	21			
http://resources.usgin.org/uri-gin/nbmg/thermalspring/NBMG:2588/	Truckee River	NV	39.52096	-119.68914	1959	19		22	4.8	28	13	21	100	0.3	
http://resources.usgin.org/uri-gin/nbmg/thermalspring/NBMG:2588/	Truckee River	NV	39.52096	-119.68914	1959										6.9
http://resources.usgin.org/uri-gin/nbmg/thermalspring/NBMG:259/	Cold Well - Mud Springs Ranch	NV	40.51528	-117.60165	1977	68	19	38	2.3	20	81	53			
http://resources.usgin.org/uri-gin/nbmg/thermalspring/NBMG:259/	Cold Well - Mud Springs Ranch	NV	40.51528	-117.60165	1977	68		38	2.3	20	81	53		0.1	
http://resources.usgin.org/uri-gin/nbmg/thermalspring/NBMG:259/	Cold Well - Mud Springs Ranch	NV	40.51528	-117.60165	1977										7.7
http://resources.usgin.org/uri-gin/nbmg/thermalspring/NBMG:259/	Cold Well - Mud Springs Ranch	NV	40.51528	-117.60165						20			190		
http://resources.usgin.org/uri-gin/nbmg/thermalspring/NBMG:259/	Cold Well - Mud Springs Ranch	NV	40.51528	-117.60165						20					
http://resources.usgin.org/uri-gin/nbmg/thermalspring/NBMG:259/	Cold Well - Mud Springs Ranch	NV	40.51528	-117.60165											7.66
http://resources.usgin.org/uri-gin/nbmg/thermalspring/NBMG:2606/	Cold Spring - Reno	NV	39.47424	-119.75399	1956	24	14	18	5.1	90	2.8	6.2			
http://resources.usgin.org/uri-gin/nbmg/thermalspring/NBMG:2606/	Cold Spring - Reno	NV	39.47424	-119.75399	1956	24		18	5.1	90	2.8	6.2	149	0	
http://resources.usgin.org/uri-gin/nbmg/thermalspring/NBMG:2606/	Cold Spring - Reno	NV	39.47424	-119.75399	1956										8.7
http://resources.usgin.org/uri-gin/nbmg/thermalspring/NBMG:2608/	Cold Spring - Reno	NV	39.47167	-119.7484	1956	20	12	34	5.9	93	7.1	7.2			
http://resources.usgin.org/uri-gin/nbmg/thermalspring/NBMG:2608/	Cold Spring - Reno	NV	39.47167	-119.7484	1956	20		34	5.9	93	7.1	7.2	145	0	
http://resources.usgin.org/uri-gin/nbmg/thermalspring/NBMG:2608/	Cold Spring - Reno	NV	39.47167	-119.7484	1956										8.8
http://resources.usgin.org/uri-gin/nbmg/thermalspring/NBMG:2610/	Cold Spring - Reno	NV	39.47054	-119.74334	1958	21	8.7	60	4.9	67	29	15			
http://resources.usgin.org/uri-gin/nbmg/thermalspring/NBMG:2610/	Cold Spring - Reno	NV	39.47054	-119.74334	1958	21		60	4.9	67	29	15	207	0.2	
http://resources.usgin.org/uri-gin/nbmg/thermalspring/NBMG:2610/	Cold Spring - Reno	NV	39.47054	-119.74334	1958										7.8
http://resources.usgin.org/uri-gin/nbmg/thermalspring/NBMG:2614/	Hot Spring nr Well GS-5 - Steamboat Hot Springs / Reno Hot Springs / Mount Rose Hot Springs / Radium Hot Springs	NV	39.38891	-119.74402		2.5	-0.02	720	64	246	925	145			
http://resources.usgin.org/uri-gin/nbmg/thermalspring/NBMG:2614/	Hot Spring nr Well GS-5 - Steamboat Hot Springs / Reno Hot Springs / Mount Rose Hot Springs / Radium Hot Springs	NV	39.38891	-119.74402		2.5		720	64	246	925	145	215	2.44	
http://resources.usgin.org/uri-gin/nbmg/thermalspring/NBMG:2614/	Hot Spring nr Well GS-5 - Steamboat Hot Springs / Reno Hot Springs / Mount Rose Hot Springs / Radium Hot Springs	NV	39.38891	-119.74402		3.47	0.26	678	66	255	887	153			
http://resources.usgin.org/uri-gin/nbmg/thermalspring/NBMG:2614/	Hot Spring nr Well GS-5 - Steamboat Hot Springs / Reno Hot Springs / Mount Rose Hot Springs / Radium Hot Springs	NV	39.38891	-119.74402		3.47		678	66	255	887	153	0	2.2	
http://resources.usgin.org/uri-gin/nbmg/thermalspring/NBMG:2614/	Hot Spring nr Well GS-5 - Steamboat Hot Springs / Reno Hot Springs / Mount Rose Hot Springs / Radium Hot Springs	NV	39.38891	-119.74402											8.56
http://resources.usgin.org/uri-gin/nbmg/thermalspring/NBMG:2614/	Hot Spring nr Well GS-5 - Steamboat Hot Springs / Reno Hot Springs / Mount Rose Hot Springs / Radium Hot Springs	NV	39.38891	-119.74402											8.66
http://resources.usgin.org/uri-gin/nbmg/thermalspring/NBMG:263/	Cold Spring (LDMW for Rye Patch Hot Well)	NV	40.54229	-118.24385	1978			17	1.9	21	12	18		0.19	
http://resources.usgin.org/uri-gin/nbmg/thermalspring/NBMG:263/	Cold Spring (LDMW for Rye Patch Hot Well)	NV	40.54229	-118.24385	1978			17	1.9	21	12	18			
http://resources.usgin.org/uri-gin/nbmg/thermalspring/NBMG:264/	Cold Spring - Selenite Range	NV	40.61502	-119.25296	1975	49	11	33	5	29	51	28			
http://resources.usgin.org/uri-gin/nbmg/thermalspring/NBMG:264/	Cold Spring - Selenite Range	NV	40.61502	-119.25296	1975	49		33	5	29	51	28	177	-0.1	
http://resources.usgin.org/uri-gin/nbmg/thermalspring/NBMG:264/	Cold Spring - Selenite Range	NV	40.61502	-119.25296	1975										7.15
http://resources.usgin.org/uri-gin/nbmg/thermalspring/NBMG:2641/	Hot Spring (northernmost) - Steamboat Hot Springs / Reno Hot Springs / Mount Rose Hot Springs / Radium Hot Springs	NV	39.38965	-119.74441	1945										6.9
http://resources.usgin.org/uri-gin/nbmg/thermalspring/NBMG:2642/	Hot Spring (intermittent) - Steamboat Hot Springs / Reno Hot Springs / Mount Rose Hot Springs / Radium Hot Springs	NV	39.38324	-119.73435	1945										7.7
http://resources.usgin.org/uri-gin/nbmg/thermalspring/NBMG:2643/	Hot Spring (small geyser) - Steamboat Hot Springs / Reno Hot Springs / Mount Rose Hot Springs / Radium Hot Springs	NV	39.38324	-119.73435	1945										8.3
http://resources.usgin.org/uri-gin/nbmg/thermalspring/NBMG:2644/	Hot Spring (spouter) - Steamboat Hot Springs / Reno Hot Springs / Mount Rose Hot Springs / Radium Hot Springs	NV	39.38324	-119.73435	1945										7.2
http://resources.usgin.org/uri-gin/nbmg/thermalspring/NBMG:2648/	Slide Mountain Spring	NV	39.30954	-119.89694	1977	9	0.05	7.6	0.3	12	0	0			
http://resources.usgin.org/uri-gin/nbmg/thermalspring/NBMG:2648/	Slide Mountain Spring	NV	39.30954	-119.89694	1977	9		7.6	0.3	12	0	0	20	0.05	
http://resources.usgin.org/uri-gin/nbmg/thermalspring/NBMG:2648/	Slide Mountain Spring	NV	39.30954	-119.89694	1977										8.3
http://resources.usgin.org/uri-gin/nbmg/thermalspring/NBMG:2651/	Pleasant Valley School	NV	39.35187	-119.78062	1977	12	0.38	8	2.3	45	1.5	6.3			
http://resources.usgin.org/uri-gin/nbmg/thermalspring/NBMG:2651/	Pleasant Valley School	NV	39.35187	-119.78062	1977	12		8	2.3	45	1.5	6.3	107	0.07	
http://resources.usgin.org/uri-gin/nbmg/thermalspring/NBMG:2651/	Pleasant Valley School	NV	39.35187	-119.78062	1977	14.6	5.98	6.28	3.68	61.1754					
http://resources.usgin.org/uri-gin/nbmg/thermalspring/NBMG:2651/	Pleasant Valley School	NV	39.35187	-119.78062	1977	14.6		6.28	3.68	61.1754				-0.02	
http://resources.usgin.org/uri-gin/nbmg/thermalspring/NBMG:2651/	Pleasant Valley School	NV	39.35187	-119.78062	1977										7.5
http://resources.usgin.org/uri-gin/nbmg/thermalspring/NBMG:2664/	Hot Spring 6 - Steamboat Hot Springs / Reno Hot Springs / Mount Rose Hot Springs / Radium Hot Springs	NV	39.38324	-119.73435	1977	6.8	0.016	660	65	214	871	123			
http://resources.usgin.org/uri-gin/nbmg/thermalspring/NBMG:2664/	Hot Spring 6 - Steamboat Hot Springs / Reno Hot Springs / Mount Rose Hot Springs / Radium Hot Springs	NV	39.38324	-119.73435	1977	6.8		660	65	214	871	123	387	2.2	
http://resources.usgin.org/uri-gin/nbmg/thermalspring/NBMG:2664/	Hot Spring 6 - Steamboat Hot Springs / Reno Hot Springs / Mount Rose Hot Springs / Radium Hot Springs	NV	39.38324	-119.73435	1977										7.4
http://resources.usgin.org/uri-gin/nbmg/thermalspring/NBMG:2679/	Davis Creek Spring	NV	39.30329	-119.83299	1977	32	0.32	10.5	2.2	20	0	3.6			
http://resources.usgin.org/uri-gin/nbmg/thermalspring/NBMG:2679/	Davis Creek Spring	NV	39.30329	-119.83299	1977	32		10.5	2.2	20	0	3.6	148	0.06	
http://resources.usgin.org/uri-gin/nbmg/thermalspring/NBMG:2679/	Davis Creek Spring	NV	39.30329	-119.83299	1977										8
http://resources.usgin.org/uri-gin/nbmg/thermalspring/NBMG:268/	Hyder Hot Springs / Cone Hot Springs	NV	40.00306	-117.71786	1975	41	10	390	20	63	45	120			
http://resources.usgin.org/uri-gin/nbmg/thermalspring/NBMG:268/	Hyder Hot Springs / Cone Hot Springs	NV	40.00306	-117.71786	1975	41		390	20	63	45	120	926	8.6	
http://resources.usgin.org/uri-gin/nbmg/thermalspring/NBMG:268/	Hyder Hot Springs / Cone Hot Springs	NV	40.00306	-117.71786	1975										6.77
http://resources.usgin.org/uri-gin/nbmg/thermalspring/NBMG:268/	Hyder Hot Springs / Cone Hot Springs	NV	40.00306	-117.71786		43	10	334	20.2	69	47.5	111			
http://resources.usgin.org/uri-gin/nbmg/thermalspring/NBMG:268/	Hyder Hot Springs / Cone Hot Springs	NV	40.00306	-117.71786		43		334	20.2	69	47.5	111	869	8.1	
http://resources.usgin.org/uri-gin/nbmg/thermalspring/NBMG:268/	Hyder Hot Springs / Cone Hot Springs	NV	40.00306	-117.71786											7.22
http://resources.usgin.org/uri-gin/nbmg/thermalspring/NBMG:269/	Jersey Hot Springs	NV	40.17772	-117.4902	1972	36	4.4	180	20	110	40	150			
http://resources.usgin.org/uri-gin/nbmg/thermalspring/NBMG:269/	Jersey Hot Springs	NV	40.17772	-117.4902	1972	36		180	20	110	40	150	373.75	7.8	
http://resources.usgin.org/uri-gin/nbmg/thermalspring/NBMG:269/	Jersey Hot Springs	NV	40.17772	-117.4902	1972										7.1
http://resources.usgin.org/uri-gin/nbmg/thermalspring/NBMG:2697/	Hot Spring 3 - Steamboat Hot Springs / Reno Hot Springs / Mount Rose Hot Springs / Radium Hot Springs	NV	39.38321	-119.73432	1977						804				
http://resources.usgin.org/uri-gin/nbmg/thermalspring/NBMG:2697/	Hot Spring 3 - Steamboat Hot Springs / Reno Hot Springs / Mount Rose Hot Springs / Radium Hot Springs	NV	39.38321	-119.73432	1977						804				
http://resources.usgin.org/uri-gin/nbmg/thermalspring/NBMG:270/	Kyle Hot Springs	NV	40.40685	-117.88402	1972	100	23	537	61	175	782	110			
http://resources.usgin.org/uri-gin/nbmg/thermalspring/NBMG:270/	Kyle Hot Springs	NV	40.40685	-117.88402	1972	100		537	61	175	782	110	508		
http://resources.usgin.org/uri-gin/nbmg/thermalspring/NBMG:270/	Kyle Hot Springs	NV	40.40685	-117.88402	1972										8.1
http://resources.usgin.org/uri-gin/nbmg/thermalspring/NBMG:270/	Kyle Hot Springs	NV	40.40685	-117.88402	1973	95	25.5	540	80	150	770	51			
http://resources.usgin.org/uri-gin/nbmg/thermalspring/NBMG:270/	Kyle Hot Springs	NV	40.40685	-117.88402	1973	95		540	80	150	770	51	544	5.7	
http://resources.usgin.org/uri-gin/nbmg/thermalspring/NBMG:270/	Kyle Hot Springs	NV	40.40685	-117.88402	1973										6.5
http://resources.usgin.org/uri-gin/nbmg/thermalspring/NBMG:270/	Kyle Hot Springs	NV	40.40685	-117.88402	1977	95	22	540	82	110	790	66			
http://resources.usgin.org/uri-gin/nbmg/thermalspring/NBMG:270/	Kyle Hot Springs	NV	40.40685	-117.88402	1977	95		540	82	110	790	66	490	5.7	
http://resources.usgin.org/uri-gin/nbmg/thermalspring/NBMG:270/	Kyle Hot Springs	NV	40.40685	-117.88402	1977										6.9
http://resources.usgin.org/uri-gin/nbmg/thermalspring/NBMG:275/	Orifice 1 - Leach Hot Springs / Nelson Hot Springs / Guthrie Hot Springs / Pleasant Valley Hot Springs	NV	40.60363	-117.64956	1977	9.7	0.8	170	12	115	26	53			
http://resources.usgin.org/uri-gin/nbmg/thermalspring/NBMG:275/	Orifice 1 - Leach Hot Springs / Nelson Hot Springs / Guthrie Hot Springs / Pleasant Valley Hot Springs	NV	40.60363	-117.64956	1977	9.7		170	12	115	26	53		8.2	
http://resources.usgin.org/uri-gin/nbmg/thermalspring/NBMG:275/	Orifice 1 - Leach Hot Springs / Nelson Hot Springs / Guthrie Hot Springs / Pleasant Valley Hot Springs	NV	40.60363	-117.64956	1977										7.2
http://resources.usgin.org/uri-gin/nbmg/thermalspring/NBMG:275/	Orifice 22 - Leach Hot Springs / Nelson Hot Springs / Guthrie Hot Springs / Pleasant Valley Hot Springs	NV	40.60363	-117.64956	1977	10	1	170	12	100	28	50			
http://resources.usgin.org/uri-gin/nbmg/thermalspring/NBMG:275/	Orifice 22 - Leach Hot Springs / Nelson Hot Springs / Guthrie Hot Springs / Pleasant Valley Hot Springs	NV	40.60363	-117.64956	1977	10		170	12	100	28	50		8.5	
http://resources.usgin.org/uri-gin/nbmg/thermalspring/NBMG:275/	Orifice 22 - Leach Hot Springs / Nelson Hot Springs / Guthrie Hot Springs / Pleasant Valley Hot Springs	NV	40.60363	-117.64956	1977										7
http://resources.usgin.org/uri-gin/nbmg/thermalspring/NBMG:275/	Orifice 1 - Leach Hot Springs / Nelson Hot Springs / Guthrie Hot Springs / Pleasant Valley Hot Springs	NV	40.60363	-117.64956	1978	11	1.1	180	13	105	26	56			
http://resources.usgin.org/uri-gin/nbmg/thermalspring/NBMG:275/	Orifice 1 - Leach Hot Springs / Nelson Hot Springs / Guthrie Hot Springs / Pleasant Valley Hot Springs	NV	40.60363	-117.64956	1978	11		180	13	105	26	56		9	
http://resources.usgin.org/uri-gin/nbmg/thermalspring/NBMG:275/	Orifice 1 - Leach Hot Springs / Nelson Hot Springs / Guthrie Hot Springs / Pleasant Valley Hot Springs	NV	40.60363	-117.64956	1978	13	1.6	160	12	120	21	49			
http://resources.usgin.org/uri-gin/nbmg/thermalspring/NBMG:275/	Orifice 1 - Leach Hot Springs / Nelson Hot Springs / Guthrie Hot Springs / Pleasant Valley Hot Springs	NV	40.60363	-117.64956	1978	13		160	12	120	21	49		6.6	
http://resources.usgin.org/uri-gin/nbmg/thermalspring/NBMG:275/	Orifice 1 - Leach Hot Springs / Nelson Hot Springs / Guthrie Hot Springs / Pleasant Valley Hot Springs	NV	40.60363	-117.64956	1978										6.7
http://resources.usgin.org/uri-gin/nbmg/thermalspring/NBMG:275/	Orifice 1 - Leach Hot Springs / Nelson Hot Springs / Guthrie Hot Springs / Pleasant Valley Hot Springs	NV	40.60363	-117.64956	1978										7.4
http://resources.usgin.org/uri-gin/nbmg/thermalspring/NBMG:275/	Orifice 22 - Leach Hot Springs / Nelson Hot Springs / Guthrie Hot Springs / Pleasant Valley Hot Springs	NV	40.60363	-117.64956	1978	11	1.2	170	11	95	25	52			
http://resources.usgin.org/uri-gin/nbmg/thermalspring/NBMG:275/	Orifice 22 - Leach Hot Springs / Nelson Hot Springs / Guthrie Hot Springs / Pleasant Valley Hot Springs	NV	40.60363	-117.64956	1978	11		170	11	95	25	52		9	
http://resources.usgin.org/uri-gin/nbmg/thermalspring/NBMG:275/	Orifice 22 - Leach Hot Springs / Nelson Hot Springs / Guthrie Hot Springs / Pleasant Valley Hot Springs	NV	40.60363	-117.64956	1978										6.6
http://resources.usgin.org/uri-gin/nbmg/thermalspring/NBMG:275/	Orifice 23 - Leach Hot Springs / Nelson Hot Springs / Guthrie Hot Springs / Pleasant Valley Hot Springs	NV	40.60363	-117.64956	1978	13	1.8	160	11	96	21	46			
http://resources.usgin.org/uri-gin/nbmg/thermalspring/NBMG:275/	Orifice 23 - Leach Hot Springs / Nelson Hot Springs / Guthrie Hot Springs / Pleasant Valley Hot Springs	NV	40.60363	-117.64956	1978	13		160	11	96	21	46		6.6	
http://resources.usgin.org/uri-gin/nbmg/thermalspring/NBMG:275/	Orifice 23 - Leach Hot Springs / Nelson Hot Springs / Guthrie Hot Springs / Pleasant Valley Hot Springs	NV	40.60363	-117.64956	1978										7.5
http://resources.usgin.org/uri-gin/nbmg/thermalspring/NBMG:275/	Orifice 5 - Leach Hot Springs / Nelson Hot Springs / Guthrie Hot Springs / Pleasant Valley Hot Springs	NV	40.60363	-117.64956	1978	14	1.6	160	12	100	23	47			
http://resources.usgin.org/uri-gin/nbmg/thermalspring/NBMG:275/	Orifice 5 - Leach Hot Springs / Nelson Hot Springs / Guthrie Hot Springs / Pleasant Valley Hot Springs	NV	40.60363	-117.64956	1978	14		160	12	100	23	47		6.6	
http://resources.usgin.org/uri-gin/nbmg/thermalspring/NBMG:275/	Orifice 5 - Leach Hot Springs / Nelson Hot Springs / Guthrie Hot Springs / Pleasant Valley Hot Springs	NV	40.60363	-117.64956	1978										7.6
http://resources.usgin.org/uri-gin/nbmg/thermalspring/NBMG:275/	Orifice 1 - Leach Hot Springs / Nelson Hot Springs / Guthrie Hot Springs / Pleasant Valley Hot Springs	NV	40.60363	-117.64956	1983	9.5	0.87	160	11	125	31	52			
http://resources.usgin.org/uri-gin/nbmg/thermalspring/NBMG:275/	Orifice 1 - Leach Hot Springs / Nelson Hot Springs / Guthrie Hot Springs / Pleasant Valley Hot Springs	NV	40.60363	-117.64956	1983	9.5		160	11	125	31	52		8.5	
http://resources.usgin.org/uri-gin/nbmg/thermalspring/NBMG:275/	Orifice 1 - Leach Hot Springs / Nelson Hot Springs / Guthrie Hot Springs / Pleasant Valley Hot Springs	NV	40.60363	-117.64956	1983										6.9
http://resources.usgin.org/uri-gin/nbmg/thermalspring/NBMG:275/	Orifice 22 - Leach Hot Springs / Nelson Hot Springs / Guthrie Hot Springs / Pleasant Valley Hot Springs	NV	40.60363	-117.64956	1983	9.7	1	160	12	115	29	48			
http://resources.usgin.org/uri-gin/nbmg/thermalspring/NBMG:275/	Orifice 22 - Leach Hot Springs / Nelson Hot Springs / Guthrie Hot Springs / Pleasant Valley Hot Springs	NV	40.60363	-117.64956	1983	9.7		160	12	115	29	48		8.7	
http://resources.usgin.org/uri-gin/nbmg/thermalspring/NBMG:275/	Orifice 22 - Leach Hot Springs / Nelson Hot Springs / Guthrie Hot Springs / Pleasant Valley Hot Springs	NV	40.60363	-117.64956	1983										7
http://resources.usgin.org/uri-gin/nbmg/thermalspring/NBMG:275/	Orifice 1 - Leach Hot Springs / Nelson Hot Springs / Guthrie Hot Springs / Pleasant Valley Hot Springs	NV	40.60363	-117.64956						115			390		
http://resources.usgin.org/uri-gin/nbmg/thermalspring/NBMG:275/	Orifice 1 - Leach Hot Springs / Nelson Hot Springs / Guthrie Hot Springs / Pleasant Valley Hot Springs	NV	40.60363	-117.64956						115					
http://resources.usgin.org/uri-gin/nbmg/thermalspring/NBMG:275/	Orifice 1 - Leach Hot Springs / Nelson Hot Springs / Guthrie Hot Springs / Pleasant Valley Hot Springs	NV	40.60363	-117.64956											7.18
http://resources.usgin.org/uri-gin/nbmg/thermalspring/NBMG:275/	Orifice 22 - Leach Hot Springs / Nelson Hot Springs / Guthrie Hot Springs / Pleasant Valley Hot Springs	NV	40.60363	-117.64956						100			390		
http://resources.usgin.org/uri-gin/nbmg/thermalspring/NBMG:275/	Orifice 22 - Leach Hot Springs / Nelson Hot Springs / Guthrie Hot Springs / Pleasant Valley Hot Springs	NV	40.60363	-117.64956						100					
http://resources.usgin.org/uri-gin/nbmg/thermalspring/NBMG:275/	Orifice 22 - Leach Hot Springs / Nelson Hot Springs / Guthrie Hot Springs / Pleasant Valley Hot Springs	NV	40.60363	-117.64956											7.03
http://resources.usgin.org/uri-gin/nbmg/thermalspring/NBMG:2751/	Schellbourne Springs / Warm Sulphur Springs / Warm Sulfur Springs	NV	39.79327	-114.68918	1980	56.4	16.7	4.28	1.38	22.8	3.58	18.8			
http://resources.usgin.org/uri-gin/nbmg/thermalspring/NBMG:2751/	Schellbourne Springs / Warm Sulphur Springs / Warm Sulfur Springs	NV	39.79327	-114.68918	1980	56.4		4.28	1.38	22.8	3.58	18.8	232	0.235	
http://resources.usgin.org/uri-gin/nbmg/thermalspring/NBMG:2751/	Schellbourne Springs / Warm Sulphur Springs / Warm Sulfur Springs	NV	39.79327	-114.68918	1980										8.29
http://resources.usgin.org/uri-gin/nbmg/thermalspring/NBMG:2751/	Schellbourne Springs / Warm Sulphur Springs / Warm Sulfur Springs	NV	39.79327	-114.68918		56	17	4.3	1.4	23	3.6	19			
http://resources.usgin.org/uri-gin/nbmg/thermalspring/NBMG:2751/	Schellbourne Springs / Warm Sulphur Springs / Warm Sulfur Springs	NV	39.79327	-114.68918		56		4.3	1.4	23	3.6	19	232	0.265	
http://resources.usgin.org/uri-gin/nbmg/thermalspring/NBMG:2751/	Schellbourne Springs / Warm Sulphur Springs / Warm Sulfur Springs	NV	39.79327	-114.68918											8.29
http://resources.usgin.org/uri-gin/nbmg/thermalspring/NBMG:278/	Lower Ranch Hot Springs	NV	40.03585	-117.60485	1972	31	15	143	11.8	42	29	63			
http://resources.usgin.org/uri-gin/nbmg/thermalspring/NBMG:278/	Lower Ranch Hot Springs	NV	40.03585	-117.60485	1972	31		143	11.8	42	29	63	456	3.4	
http://resources.usgin.org/uri-gin/nbmg/thermalspring/NBMG:278/	Lower Ranch Hot Springs	NV	40.03585	-117.60485	1972										8.1
http://resources.usgin.org/uri-gin/nbmg/thermalspring/NBMG:278/	Lower Ranch Hot Springs	NV	40.03585	-117.60485	1974	31	15	143	12	42	29	63			
http://resources.usgin.org/uri-gin/nbmg/thermalspring/NBMG:278/	Lower Ranch Hot Springs	NV	40.03585	-117.60485	1974	31		143	12	42	29	63			
http://resources.usgin.org/uri-gin/nbmg/thermalspring/NBMG:278/	Lower Ranch Hot Springs	NV	40.03585	-117.60485	1974										8.1
http://resources.usgin.org/uri-gin/nbmg/thermalspring/NBMG:27834/	Hot Sulphur Springs / Ellison Ranch Springs / Tuscarora Hot Springs / Hot Sulfur Springs	NV	41.46761	-116.14892		49	13	390	41	84	40	18			
http://resources.usgin.org/uri-gin/nbmg/thermalspring/NBMG:27834/	Hot Sulphur Springs / Ellison Ranch Springs / Tuscarora Hot Springs / Hot Sulfur Springs	NV	41.46761	-116.14892		49		390	41	84	40	18	1180	7.2	
http://resources.usgin.org/uri-gin/nbmg/thermalspring/NBMG:27834/	Hot Sulphur Springs / Ellison Ranch Springs / Tuscarora Hot Springs / Hot Sulfur Springs	NV	41.46761	-116.14892											7
http://resources.usgin.org/uri-gin/nbmg/thermalspring/NBMG:279/	Mud Spring - Grass Valley	NV	40.52147	-117.61458	1977	66	18	32	1.8	22	56	59			
http://resources.usgin.org/uri-gin/nbmg/thermalspring/NBMG:279/	Mud Spring - Grass Valley	NV	40.52147	-117.61458	1977	66		32	1.8	22	56	59		0.2	
http://resources.usgin.org/uri-gin/nbmg/thermalspring/NBMG:279/	Mud Spring - Grass Valley	NV	40.52147	-117.61458	1977										7.3
http://resources.usgin.org/uri-gin/nbmg/thermalspring/NBMG:279/	Mud Spring - Grass Valley	NV	40.52147	-117.61458						22			200		
http://resources.usgin.org/uri-gin/nbmg/thermalspring/NBMG:279/	Mud Spring - Grass Valley	NV	40.52147	-117.61458						22					
http://resources.usgin.org/uri-gin/nbmg/thermalspring/NBMG:279/	Mud Spring - Grass Valley	NV	40.52147	-117.61458											7.26
http://resources.usgin.org/uri-gin/nbmg/thermalspring/NBMG:27907/	Kyle Hot Springs	NV	40.40824	-117.88597		97	20	518	80	155	775	48			
http://resources.usgin.org/uri-gin/nbmg/thermalspring/NBMG:27907/	Kyle Hot Springs	NV	40.40824	-117.88597		97		518	80	155	775	48	544	6.3	
http://resources.usgin.org/uri-gin/nbmg/thermalspring/NBMG:27907/	Kyle Hot Springs	NV	40.40824	-117.88597											7
http://resources.usgin.org/uri-gin/nbmg/thermalspring/NBMG:27971/	Warm Spring 1 - Warm Springs Valley	NV	39.84708	-119.72002		43	14	35	8.69999980926513	71	42	44			
http://resources.usgin.org/uri-gin/nbmg/thermalspring/NBMG:27971/	Warm Spring 1 - Warm Springs Valley	NV	39.84708	-119.72002		43		35	8.69999980926513	71	42	44	118	3.09999990463256	
http://resources.usgin.org/uri-gin/nbmg/thermalspring/NBMG:27971/	Warm Spring 1 - Warm Springs Valley	NV	39.84708	-119.72002											7.650000095367432
http://resources.usgin.org/uri-gin/nbmg/thermalspring/NBMG:280/	Mustang Spring	NV	40.08589	-117.87627	1983	110	82	290	1.1	24	330	395			
http://resources.usgin.org/uri-gin/nbmg/thermalspring/NBMG:280/	Mustang Spring	NV	40.08589	-117.87627	1983	110		290	1.1	24	330	395	408	1.1	
http://resources.usgin.org/uri-gin/nbmg/thermalspring/NBMG:280/	Mustang Spring	NV	40.08589	-117.87627	1983										7.67
http://resources.usgin.org/uri-gin/nbmg/thermalspring/NBMG:280/	Mustang Spring	NV	40.08589	-117.87627	1997	104.65	76.3895	262	1.43	29.532	311	333			
http://resources.usgin.org/uri-gin/nbmg/thermalspring/NBMG:280/	Mustang Spring	NV	40.08589	-117.87627	1997	104.65		262	1.43	29.532	311	333	394	0.9	
http://resources.usgin.org/uri-gin/nbmg/thermalspring/NBMG:280/	Mustang Spring	NV	40.08589	-117.87627	1997										6.5
http://resources.usgin.org/uri-gin/nbmg/thermalspring/NBMG:281/	Petain Spring	NV	40.55974	-117.5142	1977	67	9.1	29	4.6	58	39	38			
http://resources.usgin.org/uri-gin/nbmg/thermalspring/NBMG:281/	Petain Spring	NV	40.55974	-117.5142	1977	67		29	4.6	58	39	38		0.3	
http://resources.usgin.org/uri-gin/nbmg/thermalspring/NBMG:281/	Petain Spring	NV	40.55974	-117.5142	1977										7.6
http://resources.usgin.org/uri-gin/nbmg/thermalspring/NBMG:281/	Petain Spring	NV	40.55974	-117.5142	1978	65	9.6	29	4.2	54	36	39			
http://resources.usgin.org/uri-gin/nbmg/thermalspring/NBMG:281/	Petain Spring	NV	40.55974	-117.5142	1978	65		29	4.2	54	36	39		0.2	
http://resources.usgin.org/uri-gin/nbmg/thermalspring/NBMG:281/	Petain Spring	NV	40.55974	-117.5142	1978	66	10	27	4.6	54	37	31			
http://resources.usgin.org/uri-gin/nbmg/thermalspring/NBMG:281/	Petain Spring	NV	40.55974	-117.5142	1978	66		27	4.6	54	37	31		0.5	
http://resources.usgin.org/uri-gin/nbmg/thermalspring/NBMG:281/	Petain Spring	NV	40.55974	-117.5142	1978										7.8
http://resources.usgin.org/uri-gin/nbmg/thermalspring/NBMG:281/	Petain Spring	NV	40.55974	-117.5142	1978										8
http://resources.usgin.org/uri-gin/nbmg/thermalspring/NBMG:281/	Petain Spring	NV	40.55974	-117.5142						58			210		
http://resources.usgin.org/uri-gin/nbmg/thermalspring/NBMG:281/	Petain Spring	NV	40.55974	-117.5142						58					
http://resources.usgin.org/uri-gin/nbmg/thermalspring/NBMG:281/	Petain Spring	NV	40.55974	-117.5142											7.61
http://resources.usgin.org/uri-gin/nbmg/thermalspring/NBMG:285/	Point Spring	NV	40.63744	-117.79167	1977	150	61	65	6.5	19	110	350			
http://resources.usgin.org/uri-gin/nbmg/thermalspring/NBMG:285/	Point Spring	NV	40.63744	-117.79167	1977	150		65	6.5	19	110	350		0.5	
http://resources.usgin.org/uri-gin/nbmg/thermalspring/NBMG:285/	Point Spring	NV	40.63744	-117.79167	1977										7.5
http://resources.usgin.org/uri-gin/nbmg/thermalspring/NBMG:285/	Point Spring	NV	40.63744	-117.79167						19			300		
http://resources.usgin.org/uri-gin/nbmg/thermalspring/NBMG:285/	Point Spring	NV	40.63744	-117.79167						19					
http://resources.usgin.org/uri-gin/nbmg/thermalspring/NBMG:285/	Point Spring	NV	40.63744	-117.79167											7.55
http://resources.usgin.org/uri-gin/nbmg/thermalspring/NBMG:287/	Seep Spring (LDMW for Kyle Hot Spring)	NV	40.41658	-117.85096	1973	88	55	120	2.6	25	120	190			
http://resources.usgin.org/uri-gin/nbmg/thermalspring/NBMG:287/	Seep Spring (LDMW for Kyle Hot Spring)	NV	40.41658	-117.85096	1973	88		120	2.6	25	120	190	380	0.4	
http://resources.usgin.org/uri-gin/nbmg/thermalspring/NBMG:287/	Seep Spring (LDMW for Kyle Hot Spring)	NV	40.41658	-117.85096	1973										8.1
http://resources.usgin.org/uri-gin/nbmg/thermalspring/NBMG:289/	Sheep Ranch Spring	NV	40.64815	-117.60637	1977	72	32	29	2.5	21	59	110			
http://resources.usgin.org/uri-gin/nbmg/thermalspring/NBMG:289/	Sheep Ranch Spring	NV	40.64815	-117.60637	1977	72		29	2.5	21	59	110		0.2	
http://resources.usgin.org/uri-gin/nbmg/thermalspring/NBMG:289/	Sheep Ranch Spring	NV	40.64815	-117.60637	1977										7.7
http://resources.usgin.org/uri-gin/nbmg/thermalspring/NBMG:289/	Sheep Ranch Spring	NV	40.64815	-117.60637	1978	72	34	31	3.5	20	62	110			
http://resources.usgin.org/uri-gin/nbmg/thermalspring/NBMG:289/	Sheep Ranch Spring	NV	40.64815	-117.60637	1978	72		31	3.5	20	62	110		0.3	
http://resources.usgin.org/uri-gin/nbmg/thermalspring/NBMG:289/	Sheep Ranch Spring	NV	40.64815	-117.60637	1978										7.5
http://resources.usgin.org/uri-gin/nbmg/thermalspring/NBMG:289/	Sheep Ranch Spring	NV	40.64815	-117.60637						21			210		
http://resources.usgin.org/uri-gin/nbmg/thermalspring/NBMG:289/	Sheep Ranch Spring	NV	40.64815	-117.60637						21					
http://resources.usgin.org/uri-gin/nbmg/thermalspring/NBMG:289/	Sheep Ranch Spring	NV	40.64815	-117.60637											7.66
http://resources.usgin.org/uri-gin/nbmg/thermalspring/NBMG:291/	Seven Devils Hot Spring / Sou Hot Springs / Gilbert Hot Springs	NV	40.08732	-117.72576	1959	106	23	169	26	61	73	355			
http://resources.usgin.org/uri-gin/nbmg/thermalspring/NBMG:291/	Seven Devils Hot Spring / Sou Hot Springs / Gilbert Hot Springs	NV	40.08732	-117.72576	1959	106		169	26	61	73	355	313	5.2	
http://resources.usgin.org/uri-gin/nbmg/thermalspring/NBMG:291/	Seven Devils Hot Spring / Sou Hot Springs / Gilbert Hot Springs	NV	40.08732	-117.72576	1959										6.6
http://resources.usgin.org/uri-gin/nbmg/thermalspring/NBMG:293/	Steele Spring	NV	40.19605	-118.33895	1983	175	90	185	3.1	24	165	680			
http://resources.usgin.org/uri-gin/nbmg/thermalspring/NBMG:293/	Steele Spring	NV	40.19605	-118.33895	1983	175		185	3.1	24	165	680	333	0.42	
http://resources.usgin.org/uri-gin/nbmg/thermalspring/NBMG:293/	Steele Spring	NV	40.19605	-118.33895	1983										7.15
http://resources.usgin.org/uri-gin/nbmg/thermalspring/NBMG:294/	Summit Spring 1 - Tobin Range	NV	40.42596	-117.50735	1982	4.4	1.2	6.6	0.41	7.4	4	4			
http://resources.usgin.org/uri-gin/nbmg/thermalspring/NBMG:294/	Summit Spring 1 - Tobin Range	NV	40.42596	-117.50735	1982	4.4		6.6	0.41	7.4	4	4	25	-0.1	
http://resources.usgin.org/uri-gin/nbmg/thermalspring/NBMG:294/	Summit Spring 1 - Tobin Range	NV	40.42596	-117.50735	1982										6.97
http://resources.usgin.org/uri-gin/nbmg/thermalspring/NBMG:295/	Toulon Spring	NV	40.08658	-118.69849	1983	72	26	100	24	68	150	110			
http://resources.usgin.org/uri-gin/nbmg/thermalspring/NBMG:295/	Toulon Spring	NV	40.08658	-118.69849	1983	72		100	24	68	150	110	211	0.9	
http://resources.usgin.org/uri-gin/nbmg/thermalspring/NBMG:295/	Toulon Spring	NV	40.08658	-118.69849	1983										7.44
http://resources.usgin.org/uri-gin/nbmg/thermalspring/NBMG:296/	Trego Hot Springs / Butte Hot Springs	NV	40.77185	-119.11679	1969	25	0.2	463	9.3	85	520	86			
http://resources.usgin.org/uri-gin/nbmg/thermalspring/NBMG:296/	Trego Hot Springs / Butte Hot Springs	NV	40.77185	-119.11679	1969	25		463	9.3	85	520	86	154		
http://resources.usgin.org/uri-gin/nbmg/thermalspring/NBMG:296/	Trego Hot Springs / Butte Hot Springs	NV	40.77185	-119.11679	1969										8.4
http://resources.usgin.org/uri-gin/nbmg/thermalspring/NBMG:296/	Trego Hot Springs / Butte Hot Springs	NV	40.77185	-119.11679	1975	11	0.2	430	8.6	79	500	180			
http://resources.usgin.org/uri-gin/nbmg/thermalspring/NBMG:296/	Trego Hot Springs / Butte Hot Springs	NV	40.77185	-119.11679	1975	11	0.2	445	9	85	280	86			
http://resources.usgin.org/uri-gin/nbmg/thermalspring/NBMG:296/	Trego Hot Springs / Butte Hot Springs	NV	40.77185	-119.11679	1975	11		430	8.6	79	500	180	161	4.1	
http://resources.usgin.org/uri-gin/nbmg/thermalspring/NBMG:296/	Trego Hot Springs / Butte Hot Springs	NV	40.77185	-119.11679	1975	11		445	9	85	280	86		4.4	
http://resources.usgin.org/uri-gin/nbmg/thermalspring/NBMG:296/	Trego Hot Springs / Butte Hot Springs	NV	40.77185	-119.11679	1975										7.93
http://resources.usgin.org/uri-gin/nbmg/thermalspring/NBMG:296/	Trego Hot Springs / Butte Hot Springs	NV	40.77185	-119.11679	1975										8.2
http://resources.usgin.org/uri-gin/nbmg/thermalspring/NBMG:296/	Trego Hot Springs / Butte Hot Springs	NV	40.77185	-119.11679	1980	14	-0.1	470	10	83	550	170			
http://resources.usgin.org/uri-gin/nbmg/thermalspring/NBMG:296/	Trego Hot Springs / Butte Hot Springs	NV	40.77185	-119.11679	1980	14		470	10	83	550	170		4.4	
http://resources.usgin.org/uri-gin/nbmg/thermalspring/NBMG:296/	Trego Hot Springs / Butte Hot Springs	NV	40.77185	-119.11679	1980										8.3
http://resources.usgin.org/uri-gin/nbmg/thermalspring/NBMG:296/	Trego Hot Springs / Butte Hot Springs	NV	40.77185	-119.11679	1980										8.3
http://resources.usgin.org/uri-gin/nbmg/thermalspring/NBMG:296/	Trego Hot Springs / Butte Hot Springs	NV	40.77185	-119.11679	2003	12	0.2	420	9.4	73.6	451	164			
http://resources.usgin.org/uri-gin/nbmg/thermalspring/NBMG:296/	Trego Hot Springs / Butte Hot Springs	NV	40.77185	-119.11679	2003	12		420	9.4	73.6	451	164	106	2.6	
http://resources.usgin.org/uri-gin/nbmg/thermalspring/NBMG:296/	Trego Hot Springs / Butte Hot Springs	NV	40.77185	-119.11679	2003										8.09
http://resources.usgin.org/uri-gin/nbmg/thermalspring/NBMG:298/	Cold Spring - East Range	NV	40.5265	-117.79907	1977	99	32	65	3.8	19	86	150			
http://resources.usgin.org/uri-gin/nbmg/thermalspring/NBMG:298/	Cold Spring - East Range	NV	40.5265	-117.79907	1977	99		65	3.8	19	86	150		1	
http://resources.usgin.org/uri-gin/nbmg/thermalspring/NBMG:298/	Cold Spring - East Range	NV	40.5265	-117.79907	1977										7.2
http://resources.usgin.org/uri-gin/nbmg/thermalspring/NBMG:298/	Cold Spring - East Range	NV	40.5265	-117.79907						19			290		
http://resources.usgin.org/uri-gin/nbmg/thermalspring/NBMG:298/	Cold Spring - East Range	NV	40.5265	-117.79907						19					
http://resources.usgin.org/uri-gin/nbmg/thermalspring/NBMG:298/	Cold Spring - East Range	NV	40.5265	-117.79907											7.17
http://resources.usgin.org/uri-gin/nbmg/thermalspring/NBMG:299/	Warm Spring - Leach Hot Springs / Nelson Hot Springs / Guthrie Hot Springs / Pleasant Valley Hot Springs	NV	40.57719	-117.71591	1977	91	32	110	4.7	26	180	190			
http://resources.usgin.org/uri-gin/nbmg/thermalspring/NBMG:299/	Warm Spring - Leach Hot Springs / Nelson Hot Springs / Guthrie Hot Springs / Pleasant Valley Hot Springs	NV	40.57719	-117.71591	1977	91		110	4.7	26	180	190		0.7	
http://resources.usgin.org/uri-gin/nbmg/thermalspring/NBMG:299/	Warm Spring - Leach Hot Springs / Nelson Hot Springs / Guthrie Hot Springs / Pleasant Valley Hot Springs	NV	40.57719	-117.71591	1977										7.6
http://resources.usgin.org/uri-gin/nbmg/thermalspring/NBMG:299/	Warm Spring - Leach Hot Springs / Nelson Hot Springs / Guthrie Hot Springs / Pleasant Valley Hot Springs	NV	40.57719	-117.71591						26			180		
http://resources.usgin.org/uri-gin/nbmg/thermalspring/NBMG:299/	Warm Spring - Leach Hot Springs / Nelson Hot Springs / Guthrie Hot Springs / Pleasant Valley Hot Springs	NV	40.57719	-117.71591						26					
http://resources.usgin.org/uri-gin/nbmg/thermalspring/NBMG:299/	Warm Spring - Leach Hot Springs / Nelson Hot Springs / Guthrie Hot Springs / Pleasant Valley Hot Springs	NV	40.57719	-117.71591											7.64
http://resources.usgin.org/uri-gin/nbmg/thermalspring/NBMG:300/	Cold Spring - Humboldt Range	NV	40.31169	-118.20934	1983	120	27	120	5.1	33	180	185			
http://resources.usgin.org/uri-gin/nbmg/thermalspring/NBMG:300/	Cold Spring - Humboldt Range	NV	40.31169	-118.20934	1983	120		120	5.1	33	180	185	247	0.76	
http://resources.usgin.org/uri-gin/nbmg/thermalspring/NBMG:300/	Cold Spring - Humboldt Range	NV	40.31169	-118.20934	1983										7.48
http://resources.usgin.org/uri-gin/nbmg/thermalspring/NBMG:3009/	Geothermal Plant Brine - Dixie Valley	NV	39.96671	-117.85716	1996	1.3	0.12	0.65	0.11	1.6692	0.42	26.4			
http://resources.usgin.org/uri-gin/nbmg/thermalspring/NBMG:3009/	Geothermal Plant Brine - Dixie Valley	NV	39.96671	-117.85716	1996	1.3		0.65	0.11	1.6692	0.42	26.4	7.5	0.01	
http://resources.usgin.org/uri-gin/nbmg/thermalspring/NBMG:3009/	Geothermal Plant Brine - Dixie Valley	NV	39.96671	-117.85716	1996										6.28
http://resources.usgin.org/uri-gin/nbmg/thermalspring/NBMG:3009/	Geothermal Plant LP Brine - Dixie Valley	NV	39.96671	-117.85716	1996	8.74	0.027	493	73.4	627.02	519	228			
http://resources.usgin.org/uri-gin/nbmg/thermalspring/NBMG:3009/	Geothermal Plant LP Brine - Dixie Valley	NV	39.96671	-117.85716	1996	8.74		493	73.4	627.02	519	228	184	17.8	
http://resources.usgin.org/uri-gin/nbmg/thermalspring/NBMG:3009/	Geothermal Plant LP Brine - Dixie Valley	NV	39.96671	-117.85716	1996										9.31
http://resources.usgin.org/uri-gin/nbmg/thermalspring/NBMG:3009/	Geothermal Plant Brine - Dixie Valley	NV	39.96671	-117.85716	1997	8.85	-0.01	483	72.6	654.84	579	217			
http://resources.usgin.org/uri-gin/nbmg/thermalspring/NBMG:3009/	Geothermal Plant Brine - Dixie Valley	NV	39.96671	-117.85716	1997	8.85		483	72.6	654.84	579	217	204	16.1	
http://resources.usgin.org/uri-gin/nbmg/thermalspring/NBMG:3009/	Geothermal Plant Brine - Dixie Valley	NV	39.96671	-117.85716	1997	9.03	0.03	465	72.5	642	571	219			
http://resources.usgin.org/uri-gin/nbmg/thermalspring/NBMG:3009/	Geothermal Plant Brine - Dixie Valley	NV	39.96671	-117.85716	1997	9.03		465	72.5	642	571	219	178	15.6	
http://resources.usgin.org/uri-gin/nbmg/thermalspring/NBMG:3009/	Geothermal Plant Brine - Dixie Valley	NV	39.96671	-117.85716	1997			56.1	7.78		63.1	51.4	-0.8	1.48	
http://resources.usgin.org/uri-gin/nbmg/thermalspring/NBMG:3009/	Geothermal Plant Brine - Dixie Valley	NV	39.96671	-117.85716	1997			56.1	7.78		63.1	51.4			
http://resources.usgin.org/uri-gin/nbmg/thermalspring/NBMG:3009/	Geothermal Plant Brine - Dixie Valley	NV	39.96671	-117.85716	1997			56.4	7.83		62.2	49.9	9.7	1.46	
http://resources.usgin.org/uri-gin/nbmg/thermalspring/NBMG:3009/	Geothermal Plant Brine - Dixie Valley	NV	39.96671	-117.85716	1997			56.4	7.83		62.2	49.9			
http://resources.usgin.org/uri-gin/nbmg/thermalspring/NBMG:3009/	Geothermal Plant Brine - Dixie Valley	NV	39.96671	-117.85716	1997										6.22
http://resources.usgin.org/uri-gin/nbmg/thermalspring/NBMG:3009/	Geothermal Plant Brine - Dixie Valley	NV	39.96671	-117.85716	1997										6.66
http://resources.usgin.org/uri-gin/nbmg/thermalspring/NBMG:3009/	Geothermal Plant Brine - Dixie Valley	NV	39.96671	-117.85716	1997										8.97
http://resources.usgin.org/uri-gin/nbmg/thermalspring/NBMG:3009/	Geothermal Plant Brine - Dixie Valley	NV	39.96671	-117.85716	1997										9
http://resources.usgin.org/uri-gin/nbmg/thermalspring/NBMG:3009/	Geothermal Plant HP Brine - Dixie Valley	NV	39.96671	-117.85716	1997	7.25	0.03	432	70	592.78	464	193			
http://resources.usgin.org/uri-gin/nbmg/thermalspring/NBMG:3009/	Geothermal Plant HP Brine - Dixie Valley	NV	39.96671	-117.85716	1997	7.25		432	70	592.78	464	193	29.4	15.4	
http://resources.usgin.org/uri-gin/nbmg/thermalspring/NBMG:3009/	Geothermal Plant HP Brine - Dixie Valley	NV	39.96671	-117.85716	1997										8.86
http://resources.usgin.org/uri-gin/nbmg/thermalspring/NBMG:3009/	Geothermal Plant Brine - Dixie Valley	NV	39.96671	-117.85716	1998	0.65	0.15	1.17	0.2	1.09089	0.7	21.5			
http://resources.usgin.org/uri-gin/nbmg/thermalspring/NBMG:3009/	Geothermal Plant Brine - Dixie Valley	NV	39.96671	-117.85716	1998	0.65		1.17	0.2	1.09089	0.7	21.5	16.2	0.04	
http://resources.usgin.org/uri-gin/nbmg/thermalspring/NBMG:3009/	Geothermal Plant Brine - Dixie Valley	NV	39.96671	-117.85716	1998										6.29
http://resources.usgin.org/uri-gin/nbmg/thermalspring/NBMG:3009/	Geothermal Plant LP Brine - Dixie Valley	NV	39.96671	-117.85716	1998	9.69	0.17	536.18	79.9	596.781	589	228			
http://resources.usgin.org/uri-gin/nbmg/thermalspring/NBMG:3009/	Geothermal Plant LP Brine - Dixie Valley	NV	39.96671	-117.85716	1998	9.69		536.18	79.9	596.781	589	228	166	0.01	
http://resources.usgin.org/uri-gin/nbmg/thermalspring/NBMG:3009/	Geothermal Plant LP Brine - Dixie Valley	NV	39.96671	-117.85716	1998										9.07
http://resources.usgin.org/uri-gin/nbmg/thermalspring/NBMG:3023/	Geothermal Separator V105 - Dixie Valley	NV	39.96621	-117.85466	1997	9.53	0.02	502	73.5	594.92	574	213			
http://resources.usgin.org/uri-gin/nbmg/thermalspring/NBMG:3023/	Geothermal Separator V105 - Dixie Valley	NV	39.96621	-117.85466	1997	9.53		502	73.5	594.92	574	213	28.9	14.3	
http://resources.usgin.org/uri-gin/nbmg/thermalspring/NBMG:3023/	Geothermal Separator V105 - Dixie Valley	NV	39.96621	-117.85466	1997			0.16	0.14		0.31	0.87	47	-0.01	
http://resources.usgin.org/uri-gin/nbmg/thermalspring/NBMG:3023/	Geothermal Separator V105 - Dixie Valley	NV	39.96621	-117.85466	1997			0.16	0.14		0.31	0.87			
http://resources.usgin.org/uri-gin/nbmg/thermalspring/NBMG:3023/	Geothermal Separator V105 - Dixie Valley	NV	39.96621	-117.85466	1997										5.24
http://resources.usgin.org/uri-gin/nbmg/thermalspring/NBMG:3023/	Geothermal Separator V105 - Dixie Valley	NV	39.96621	-117.85466	1997										8.68
http://resources.usgin.org/uri-gin/nbmg/thermalspring/NBMG:3023/	Geothermal Separator V105 - Dixie Valley	NV	39.96621	-117.85466	1998	0.05	-0.01	0.29	0.26	0.55614	0.03	2.92			
http://resources.usgin.org/uri-gin/nbmg/thermalspring/NBMG:3023/	Geothermal Separator V105 - Dixie Valley	NV	39.96621	-117.85466	1998	0.05		0.29	0.26	0.55614	0.03	2.92	45	-0.01	
http://resources.usgin.org/uri-gin/nbmg/thermalspring/NBMG:3023/	Geothermal Separator V105 - Dixie Valley	NV	39.96621	-117.85466	1998	8.65	-0.01	496.34	75.9	526.194	572	218			
http://resources.usgin.org/uri-gin/nbmg/thermalspring/NBMG:3023/	Geothermal Separator V105 - Dixie Valley	NV	39.96621	-117.85466	1998	8.65		496.34	75.9	526.194	572	218	15.4	15.8	
http://resources.usgin.org/uri-gin/nbmg/thermalspring/NBMG:3023/	Geothermal Separator V105 - Dixie Valley	NV	39.96621	-117.85466	1998										5.7
http://resources.usgin.org/uri-gin/nbmg/thermalspring/NBMG:3023/	Geothermal Separator V105 - Dixie Valley	NV	39.96621	-117.85466	1998										8.74
http://resources.usgin.org/uri-gin/nbmg/thermalspring/NBMG:303/	Lousetown Spring / Cold Spring 8	NV	39.40158	-119.63129	1970	87	20				7	203			
http://resources.usgin.org/uri-gin/nbmg/thermalspring/NBMG:303/	Lousetown Spring / Cold Spring 8	NV	39.40158	-119.63129	1970	87					7	203		0.2	
http://resources.usgin.org/uri-gin/nbmg/thermalspring/NBMG:303/	Lousetown Spring / Cold Spring 8	NV	39.40158	-119.63129	1970										7.8
http://resources.usgin.org/uri-gin/nbmg/thermalspring/NBMG:304/	Sutro Springs	NV	39.34913	-119.53954	1959	32	17	19	6.7	60	5	15			
http://resources.usgin.org/uri-gin/nbmg/thermalspring/NBMG:304/	Sutro Springs	NV	39.34913	-119.53954	1959	32		19	6.7	60	5	15	225	0.2	
http://resources.usgin.org/uri-gin/nbmg/thermalspring/NBMG:304/	Sutro Springs	NV	39.34913	-119.53954	1959										8
http://resources.usgin.org/uri-gin/nbmg/thermalspring/NBMG:3049/	Senator Fumarole	NV	39.99538	-117.85826	1997	4.0131	0.7854	4.3	1.24		2.9	37.8			
http://resources.usgin.org/uri-gin/nbmg/thermalspring/NBMG:3049/	Senator Fumarole	NV	39.99538	-117.85826	1997	4.0131		4.3	1.24		2.9	37.8		0.06	
http://resources.usgin.org/uri-gin/nbmg/thermalspring/NBMG:3049/	Senator Fumarole	NV	39.99538	-117.85826	1998	0.04	0.06	0.23	0.06	1.83954	0.44	1.62			
http://resources.usgin.org/uri-gin/nbmg/thermalspring/NBMG:3049/	Senator Fumarole	NV	39.99538	-117.85826	1998	0.04		0.23	0.06	1.83954	0.44	1.62	75.4	-0.01	
http://resources.usgin.org/uri-gin/nbmg/thermalspring/NBMG:3049/	Senator Fumarole	NV	39.99538	-117.85826	1998										7.11
http://resources.usgin.org/uri-gin/nbmg/thermalspring/NBMG:305/	Tick Spring	NV	39.35123	-119.64332	1970	95	19				13	103			
http://resources.usgin.org/uri-gin/nbmg/thermalspring/NBMG:305/	Tick Spring	NV	39.35123	-119.64332	1970	95					13	103		0	
http://resources.usgin.org/uri-gin/nbmg/thermalspring/NBMG:305/	Tick Spring	NV	39.35123	-119.64332	1970										8
http://resources.usgin.org/uri-gin/nbmg/thermalspring/NBMG:305/	Tick Spring	NV	39.35123	-119.64332	1993	100	21	20	0.4	19	48	143			
http://resources.usgin.org/uri-gin/nbmg/thermalspring/NBMG:305/	Tick Spring	NV	39.35123	-119.64332	1993	100		20	0.4	19	48	143	210	0.03	
http://resources.usgin.org/uri-gin/nbmg/thermalspring/NBMG:305/	Tick Spring	NV	39.35123	-119.64332	1993										7.9
http://resources.usgin.org/uri-gin/nbmg/thermalspring/NBMG:3050/	Seven Devils Hot Spring / Sou Hot Springs / Gilbert Hot Springs	NV	40.08684	-117.72626	1997	107.38	21.0375	166	29.3	64.2	79	385			
http://resources.usgin.org/uri-gin/nbmg/thermalspring/NBMG:3050/	Seven Devils Hot Spring / Sou Hot Springs / Gilbert Hot Springs	NV	40.08684	-117.72626	1997	107.38		166	29.3	64.2	79	385	278	4.95	
http://resources.usgin.org/uri-gin/nbmg/thermalspring/NBMG:3050/	Seven Devils Hot Spring / Sou Hot Springs / Gilbert Hot Springs	NV	40.08684	-117.72626	1997										7.2
http://resources.usgin.org/uri-gin/nbmg/thermalspring/NBMG:3051/	Seven Devils Hot Spring / Sou Hot Springs / Gilbert Hot Springs	NV	40.0889	-117.72506	1997	112	20.944	162	28.2	62.702	77.1	379			
http://resources.usgin.org/uri-gin/nbmg/thermalspring/NBMG:3051/	Seven Devils Hot Spring / Sou Hot Springs / Gilbert Hot Springs	NV	40.0889	-117.72506	1997	112		162	28.2	62.702	77.1	379	315	4.72	
http://resources.usgin.org/uri-gin/nbmg/thermalspring/NBMG:3051/	Seven Devils Hot Spring / Sou Hot Springs / Gilbert Hot Springs	NV	40.0889	-117.72506	1997										7
http://resources.usgin.org/uri-gin/nbmg/thermalspring/NBMG:3051/	Seven Devils Hot Spring / Sou Hot Springs / Gilbert Hot Springs	NV	40.0889	-117.72506	1998	106	20.7	174.3	28.7	58.6086	74.6	363			
http://resources.usgin.org/uri-gin/nbmg/thermalspring/NBMG:3051/	Seven Devils Hot Spring / Sou Hot Springs / Gilbert Hot Springs	NV	40.0889	-117.72506	1998	106		174.3	28.7	58.6086	74.6	363	318	5.28	
http://resources.usgin.org/uri-gin/nbmg/thermalspring/NBMG:3051/	Seven Devils Hot Spring / Sou Hot Springs / Gilbert Hot Springs	NV	40.0889	-117.72506	1998										6.46
http://resources.usgin.org/uri-gin/nbmg/thermalspring/NBMG:3052/	Hyder Hot Springs / Cone Hot Springs	NV	40.00364	-117.71786	1997	42.1	10.098	325	20.5	60.348	46.6	119			
http://resources.usgin.org/uri-gin/nbmg/thermalspring/NBMG:3052/	Hyder Hot Springs / Cone Hot Springs	NV	40.00364	-117.71786	1997	42.1		325	20.5	60.348	46.6	119	817	7.38	
http://resources.usgin.org/uri-gin/nbmg/thermalspring/NBMG:3052/	Hyder Hot Springs / Cone Hot Springs	NV	40.00364	-117.71786	1997										6.3
http://resources.usgin.org/uri-gin/nbmg/thermalspring/NBMG:3052/	Hyder Hot Springs / Cone Hot Springs	NV	40.00364	-117.71786	1998	42.8	10.1	356.9	20.5	57.5391	45.4	118			
http://resources.usgin.org/uri-gin/nbmg/thermalspring/NBMG:3052/	Hyder Hot Springs / Cone Hot Springs	NV	40.00364	-117.71786	1998	42.8		356.9	20.5	57.5391	45.4	118	897	7.8	
http://resources.usgin.org/uri-gin/nbmg/thermalspring/NBMG:3052/	Hyder Hot Springs / Cone Hot Springs	NV	40.00364	-117.71786	1998										6.44
http://resources.usgin.org/uri-gin/nbmg/thermalspring/NBMG:3054/	Edward Creek Spring	NV	39.68182	-117.64535	1997	33.306	1.65495	50.7	7.61	87.526	26.4	58.7			
http://resources.usgin.org/uri-gin/nbmg/thermalspring/NBMG:3054/	Edward Creek Spring	NV	39.68182	-117.64535	1997	33.306		50.7	7.61	87.526	26.4	58.7	139	2.18	
http://resources.usgin.org/uri-gin/nbmg/thermalspring/NBMG:3054/	Edward Creek Spring	NV	39.68182	-117.64535	1997										6.5
http://resources.usgin.org/uri-gin/nbmg/thermalspring/NBMG:3055/	Old Man Spring	NV	39.79992	-117.66695	1997	32.396	1.3838	228	7.78	44.94	130	228			
http://resources.usgin.org/uri-gin/nbmg/thermalspring/NBMG:3055/	Old Man Spring	NV	39.79992	-117.66695	1997	32.396		228	7.78	44.94	130	228	185	0.74	
http://resources.usgin.org/uri-gin/nbmg/thermalspring/NBMG:3055/	Old Man Spring	NV	39.79992	-117.66695	1997										6.5
http://resources.usgin.org/uri-gin/nbmg/thermalspring/NBMG:3056/	Horse Heaven Spring	NV	39.83607	-117.72324	1997	36.218	4.3571	152	7.53	44.084	141	113			
http://resources.usgin.org/uri-gin/nbmg/thermalspring/NBMG:3056/	Horse Heaven Spring	NV	39.83607	-117.72324	1997	36.218		152	7.53	44.084	141	113	193	0.58	
http://resources.usgin.org/uri-gin/nbmg/thermalspring/NBMG:3056/	Horse Heaven Spring	NV	39.83607	-117.72324	1997										6
http://resources.usgin.org/uri-gin/nbmg/thermalspring/NBMG:3060/	Dead Travertine Spring / Cottonwood Travertine Spring	NV	39.98781	-117.89386	1997	201	79.3815	325	48.5	27.82	527	422			
http://resources.usgin.org/uri-gin/nbmg/thermalspring/NBMG:3060/	Dead Travertine Spring / Cottonwood Travertine Spring	NV	39.98781	-117.89386	1997	201		325	48.5	27.82	527	422	419	2.34	
http://resources.usgin.org/uri-gin/nbmg/thermalspring/NBMG:3060/	Dead Travertine Spring / Cottonwood Travertine Spring	NV	39.98781	-117.89386	1997										6.5
http://resources.usgin.org/uri-gin/nbmg/thermalspring/NBMG:3062/	Cottonwood Creek	NV	39.97621	-117.88176	1997	66.157	46.2825	147	3.17	34.454	216	148			
http://resources.usgin.org/uri-gin/nbmg/thermalspring/NBMG:3062/	Cottonwood Creek	NV	39.97621	-117.88176	1997	66.157		147	3.17	34.454	216	148	274	0.31	
http://resources.usgin.org/uri-gin/nbmg/thermalspring/NBMG:3062/	Cottonwood Creek	NV	39.97621	-117.88176	1997										7
http://resources.usgin.org/uri-gin/nbmg/thermalspring/NBMG:3064/	Fault Line Spring	NV	40.03162	-117.63065	1997	67	18.513	162	11.9	41.516	32.1	133			
http://resources.usgin.org/uri-gin/nbmg/thermalspring/NBMG:3064/	Fault Line Spring	NV	40.03162	-117.63065	1997	67		162	11.9	41.516	32.1	133	496	2.62	
http://resources.usgin.org/uri-gin/nbmg/thermalspring/NBMG:3064/	Fault Line Spring	NV	40.03162	-117.63065	1997										7
http://resources.usgin.org/uri-gin/nbmg/thermalspring/NBMG:3065/	Lower Ranch Hot Springs	NV	40.03664	-117.60385	1997	37.5	13.1835	141	11.4	40.66	29.9	68.4			
http://resources.usgin.org/uri-gin/nbmg/thermalspring/NBMG:3065/	Lower Ranch Hot Springs	NV	40.03664	-117.60385	1997	37.5		141	11.4	40.66	29.9	68.4	408	3.09	
http://resources.usgin.org/uri-gin/nbmg/thermalspring/NBMG:3065/	Lower Ranch Hot Springs	NV	40.03664	-117.60385	1997										7
http://resources.usgin.org/uri-gin/nbmg/thermalspring/NBMG:3065/	Lower Ranch Hot Springs	NV	40.03664	-117.60385	1998	38.6	13.3	157.202	11.4	35.9352	27.8	66.2			
http://resources.usgin.org/uri-gin/nbmg/thermalspring/NBMG:3065/	Lower Ranch Hot Springs	NV	40.03664	-117.60385	1998	38.6		157.202	11.4	35.9352	27.8	66.2	453	3.26	
http://resources.usgin.org/uri-gin/nbmg/thermalspring/NBMG:3065/	Lower Ranch Hot Springs	NV	40.03664	-117.60385	1998										7.05
http://resources.usgin.org/uri-gin/nbmg/thermalspring/NBMG:3066/	Real McCoy Spring - McCoy Springs / J Saval Ranch Springs / JS Ranch Springs	NV	40.07942	-117.60456	1997	78.6	30.0135	185	9.05	35.738	228	199			
http://resources.usgin.org/uri-gin/nbmg/thermalspring/NBMG:3066/	Real McCoy Spring - McCoy Springs / J Saval Ranch Springs / JS Ranch Springs	NV	40.07942	-117.60456	1997	78.6		185	9.05	35.738	228	199	292	1.47	
http://resources.usgin.org/uri-gin/nbmg/thermalspring/NBMG:3066/	Real McCoy Spring - McCoy Springs / J Saval Ranch Springs / JS Ranch Springs	NV	40.07942	-117.60456	1997										7
http://resources.usgin.org/uri-gin/nbmg/thermalspring/NBMG:3066/	Real McCoy Spring - McCoy Springs / J Saval Ranch Springs / JS Ranch Springs	NV	40.07942	-117.60456	1998	79.4	30.4	205.84	9.12	32.2989	219	186			
http://resources.usgin.org/uri-gin/nbmg/thermalspring/NBMG:3066/	Real McCoy Spring - McCoy Springs / J Saval Ranch Springs / JS Ranch Springs	NV	40.07942	-117.60456	1998	79.4		205.84	9.12	32.2989	219	186	326	1.52	
http://resources.usgin.org/uri-gin/nbmg/thermalspring/NBMG:3066/	Real McCoy Spring - McCoy Springs / J Saval Ranch Springs / JS Ranch Springs	NV	40.07942	-117.60456	1998										7.05
http://resources.usgin.org/uri-gin/nbmg/thermalspring/NBMG:3067/	Kyle Spring	NV	40.17351	-117.78516	1997	90.545	41.4205	84.7	2.32	17.1414	189	142			
http://resources.usgin.org/uri-gin/nbmg/thermalspring/NBMG:3067/	Kyle Spring	NV	40.17351	-117.78516	1997	90.545		84.7	2.32	17.1414	189	142	219	0.59	
http://resources.usgin.org/uri-gin/nbmg/thermalspring/NBMG:3067/	Kyle Spring	NV	40.17351	-117.78516	1997										7.5
http://resources.usgin.org/uri-gin/nbmg/thermalspring/NBMG:3068/	Dago Spring	NV	40.21409	-117.82841	1997	104.65	29.2655	186	1.96	38.306	253	179			
http://resources.usgin.org/uri-gin/nbmg/thermalspring/NBMG:3068/	Dago Spring	NV	40.21409	-117.82841	1997	104.65		186	1.96	38.306	253	179	292	1.31	
http://resources.usgin.org/uri-gin/nbmg/thermalspring/NBMG:3068/	Dago Spring	NV	40.21409	-117.82841	1997										6.8
http://resources.usgin.org/uri-gin/nbmg/thermalspring/NBMG:3070/	Kitten Spring	NV	40.0548	-117.92358	1997	95.55	35.4365	50.6	3.89	43.656	202	123			
http://resources.usgin.org/uri-gin/nbmg/thermalspring/NBMG:3070/	Kitten Spring	NV	40.0548	-117.92358	1997	95.55		50.6	3.89	43.656	202	123	132	0.1	
http://resources.usgin.org/uri-gin/nbmg/thermalspring/NBMG:3070/	Kitten Spring	NV	40.0548	-117.92358	1997										6.5
http://resources.usgin.org/uri-gin/nbmg/thermalspring/NBMG:3072/	Big Horn Spring	NV	39.90802	-117.98746	1997	87.2	47.4	427	4.52	36.38	707	181			
http://resources.usgin.org/uri-gin/nbmg/thermalspring/NBMG:3072/	Big Horn Spring	NV	39.90802	-117.98746	1997	87.2		427	4.52	36.38	707	181	221	0.74	
http://resources.usgin.org/uri-gin/nbmg/thermalspring/NBMG:3072/	Big Horn Spring	NV	39.90802	-117.98746	1997										6.8
http://resources.usgin.org/uri-gin/nbmg/thermalspring/NBMG:3072/	Big Horn Spring	NV	39.90802	-117.98746	1998	131	69.5	801.78	6.83	33.7962	1359	243			
http://resources.usgin.org/uri-gin/nbmg/thermalspring/NBMG:3072/	Big Horn Spring	NV	39.90802	-117.98746	1998	131		801.78	6.83	33.7962	1359	243	213	0.36	
http://resources.usgin.org/uri-gin/nbmg/thermalspring/NBMG:3072/	Big Horn Spring	NV	39.90802	-117.98746	1998										7.35
http://resources.usgin.org/uri-gin/nbmg/thermalspring/NBMG:3073/	Dixie Hot Springs	NV	39.80032	-118.06017	1997	11	0.12	194	4.94	105.074	161	139			
http://resources.usgin.org/uri-gin/nbmg/thermalspring/NBMG:3073/	Dixie Hot Springs	NV	39.80032	-118.06017	1997	11		194	4.94	105.074	161	139	93.5	11.1	
http://resources.usgin.org/uri-gin/nbmg/thermalspring/NBMG:3073/	Dixie Hot Springs	NV	39.80032	-118.06017	1997										7.2
http://resources.usgin.org/uri-gin/nbmg/thermalspring/NBMG:3073/	Dixie Hot Springs	NV	39.80032	-118.06017	1998	10.7	0.22	210.82	4.91	106.95	162	121			
http://resources.usgin.org/uri-gin/nbmg/thermalspring/NBMG:3073/	Dixie Hot Springs	NV	39.80032	-118.06017	1998	10.7		210.82	4.91	106.95	162	121	70.9	12.6	
http://resources.usgin.org/uri-gin/nbmg/thermalspring/NBMG:3073/	Dixie Hot Springs	NV	39.80032	-118.06017	1998										8.14
http://resources.usgin.org/uri-gin/nbmg/thermalspring/NBMG:3076/	Horse Creek Spring	NV	39.52372	-118.01476	1997	12.4	2.01	16	0.98	26.75	7.95	8.05			
http://resources.usgin.org/uri-gin/nbmg/thermalspring/NBMG:3076/	Horse Creek Spring	NV	39.52372	-118.01476	1997	12.4		16	0.98	26.75	7.95	8.05	68.8	0.15	
http://resources.usgin.org/uri-gin/nbmg/thermalspring/NBMG:3076/	Horse Creek Spring	NV	39.52372	-118.01476	1997										6.2
http://resources.usgin.org/uri-gin/nbmg/thermalspring/NBMG:3082/	Stus Seep Spring	NV	39.94491	-117.93276	1998	33.3	47.2	283.86	7.4	18.84459	257	213			
http://resources.usgin.org/uri-gin/nbmg/thermalspring/NBMG:3082/	Stus Seep Spring	NV	39.94491	-117.93276	1998	33.3		283.86	7.4	18.84459	257	213	326	0.58	
http://resources.usgin.org/uri-gin/nbmg/thermalspring/NBMG:3082/	Stus Seep Spring	NV	39.94491	-117.93276	1998										7
http://resources.usgin.org/uri-gin/nbmg/thermalspring/NBMG:3083/	Unnamed stream - White Rock Canyon	NV	39.94551	-117.93266	1998	48.5	52.5	307.1	9.72	21.04776	322	222			
http://resources.usgin.org/uri-gin/nbmg/thermalspring/NBMG:3083/	Unnamed stream - White Rock Canyon	NV	39.94551	-117.93266	1998	48.5		307.1	9.72	21.04776	322	222	351	0.51	
http://resources.usgin.org/uri-gin/nbmg/thermalspring/NBMG:3083/	Unnamed stream - White Rock Canyon	NV	39.94551	-117.93266	1998										8
http://resources.usgin.org/uri-gin/nbmg/thermalspring/NBMG:3085/	Calcite Fumarole	NV	39.99433	-117.85306	1998	0.16	0.03	0.26	0.12	1.60425	0.18	3.09			
http://resources.usgin.org/uri-gin/nbmg/thermalspring/NBMG:3085/	Calcite Fumarole	NV	39.99433	-117.85306	1998	0.16		0.26	0.12	1.60425	0.18	3.09	195	-0.01	
http://resources.usgin.org/uri-gin/nbmg/thermalspring/NBMG:3085/	Calcite Fumarole	NV	39.99433	-117.85306	1998										6.56
http://resources.usgin.org/uri-gin/nbmg/thermalspring/NBMG:3086/	Cottonwood Creek	NV	39.99211	-117.91376	1998	89.4	40.7	155.376	6.4	38.2881	191	153			
http://resources.usgin.org/uri-gin/nbmg/thermalspring/NBMG:3086/	Cottonwood Creek	NV	39.99211	-117.91376	1998	89.4		155.376	6.4	38.2881	191	153	264	0.41	
http://resources.usgin.org/uri-gin/nbmg/thermalspring/NBMG:3086/	Cottonwood Creek	NV	39.99211	-117.91376	1998										8
http://resources.usgin.org/uri-gin/nbmg/thermalspring/NBMG:309/	Bowers Mansion Hot Springs / Franktown Hot Springs	NV	39.2836	-119.84129	1952	3.2	0.7				6				
http://resources.usgin.org/uri-gin/nbmg/thermalspring/NBMG:309/	Bowers Mansion Hot Springs / Franktown Hot Springs	NV	39.2836	-119.84129	1952	3.2					6		52		
http://resources.usgin.org/uri-gin/nbmg/thermalspring/NBMG:309/	Bowers Mansion Hot Springs / Franktown Hot Springs	NV	39.2836	-119.84129	1952										9.1
http://resources.usgin.org/uri-gin/nbmg/thermalspring/NBMG:309/	Bowers Mansion Hot Springs / Franktown Hot Springs	NV	39.2836	-119.84129	1959	3.2	1	45	0.6	45	4	36			
http://resources.usgin.org/uri-gin/nbmg/thermalspring/NBMG:309/	Bowers Mansion Hot Springs / Franktown Hot Springs	NV	39.2836	-119.84129	1959	3.2		45	0.6	45	4	36	32	3.4	
http://resources.usgin.org/uri-gin/nbmg/thermalspring/NBMG:309/	Bowers Mansion Hot Springs / Franktown Hot Springs	NV	39.2836	-119.84129	1959										9.2
http://resources.usgin.org/uri-gin/nbmg/thermalspring/NBMG:309/	Bowers Mansion Hot Springs / Franktown Hot Springs	NV	39.2836	-119.84129	1961						6				
http://resources.usgin.org/uri-gin/nbmg/thermalspring/NBMG:309/	Bowers Mansion Hot Springs / Franktown Hot Springs	NV	39.2836	-119.84129	1961						6				
http://resources.usgin.org/uri-gin/nbmg/thermalspring/NBMG:309/	Bowers Mansion Hot Springs / Franktown Hot Springs	NV	39.2836	-119.84129	1961										9.4
http://resources.usgin.org/uri-gin/nbmg/thermalspring/NBMG:309/	Bowers Mansion Hot Springs / Franktown Hot Springs	NV	39.2836	-119.84129	1970									-0.02	
http://resources.usgin.org/uri-gin/nbmg/thermalspring/NBMG:309/	Bowers Mansion Hot Springs / Franktown Hot Springs	NV	39.2836	-119.84129	1972	3	-9999999				15	32			
http://resources.usgin.org/uri-gin/nbmg/thermalspring/NBMG:309/	Bowers Mansion Hot Springs / Franktown Hot Springs	NV	39.2836	-119.84129	1972	3					15	32	34	3.5	
http://resources.usgin.org/uri-gin/nbmg/thermalspring/NBMG:309/	Bowers Mansion Hot Springs / Franktown Hot Springs	NV	39.2836	-119.84129	1972			57	1.1		6.5	67			
http://resources.usgin.org/uri-gin/nbmg/thermalspring/NBMG:309/	Bowers Mansion Hot Springs / Franktown Hot Springs	NV	39.2836	-119.84129	1972			57	1.1		6.5	67			
http://resources.usgin.org/uri-gin/nbmg/thermalspring/NBMG:309/	Bowers Mansion Hot Springs / Franktown Hot Springs	NV	39.2836	-119.84129	1972										9.2
http://resources.usgin.org/uri-gin/nbmg/thermalspring/NBMG:309/	Bowers Mansion Hot Springs / Franktown Hot Springs	NV	39.2836	-119.84129	1974	2.8	1	49	0.4	44	5.4	35			
http://resources.usgin.org/uri-gin/nbmg/thermalspring/NBMG:309/	Bowers Mansion Hot Springs / Franktown Hot Springs	NV	39.2836	-119.84129	1974	2.8		49	0.4	44	5.4	35	34		
http://resources.usgin.org/uri-gin/nbmg/thermalspring/NBMG:309/	Bowers Mansion Hot Springs / Franktown Hot Springs	NV	39.2836	-119.84129	1974	2.9	0.2	50	0.6	47	6.3	38			
http://resources.usgin.org/uri-gin/nbmg/thermalspring/NBMG:309/	Bowers Mansion Hot Springs / Franktown Hot Springs	NV	39.2836	-119.84129	1974	2.9		50	0.6	47	6.3	38	64	2.8	
http://resources.usgin.org/uri-gin/nbmg/thermalspring/NBMG:309/	Bowers Mansion Hot Springs / Franktown Hot Springs	NV	39.2836	-119.84129	1974			57	0.7		8				
http://resources.usgin.org/uri-gin/nbmg/thermalspring/NBMG:309/	Bowers Mansion Hot Springs / Franktown Hot Springs	NV	39.2836	-119.84129	1974			57	0.7		8				
http://resources.usgin.org/uri-gin/nbmg/thermalspring/NBMG:309/	Bowers Mansion Hot Springs / Franktown Hot Springs	NV	39.2836	-119.84129	1974										9.1
http://resources.usgin.org/uri-gin/nbmg/thermalspring/NBMG:309/	Bowers Mansion Hot Springs / Franktown Hot Springs	NV	39.2836	-119.84129	1974										9.3
http://resources.usgin.org/uri-gin/nbmg/thermalspring/NBMG:309/	Bowers Mansion Hot Springs / Franktown Hot Springs	NV	39.2836	-119.84129	1974										9.36
http://resources.usgin.org/uri-gin/nbmg/thermalspring/NBMG:309/	Bowers Mansion Hot Springs / Franktown Hot Springs	NV	39.2836	-119.84129	1978	2	-0.05	50	0.3	112	3.9	31			
http://resources.usgin.org/uri-gin/nbmg/thermalspring/NBMG:309/	Bowers Mansion Hot Springs / Franktown Hot Springs	NV	39.2836	-119.84129	1978	2		50	0.3	112	3.9	31		0.06	
http://resources.usgin.org/uri-gin/nbmg/thermalspring/NBMG:309/	Bowers Mansion Hot Springs / Franktown Hot Springs	NV	39.2836	-119.84129	1978	2.6	0.11	50	0.3	102	4.4	23			
http://resources.usgin.org/uri-gin/nbmg/thermalspring/NBMG:309/	Bowers Mansion Hot Springs / Franktown Hot Springs	NV	39.2836	-119.84129	1978	2.6		50	0.3	102	4.4	23		-0.03	
http://resources.usgin.org/uri-gin/nbmg/thermalspring/NBMG:309/	Bowers Mansion Hot Springs / Franktown Hot Springs	NV	39.2836	-119.84129	1978										9.4
http://resources.usgin.org/uri-gin/nbmg/thermalspring/NBMG:309/	Bowers Mansion Hot Springs / Franktown Hot Springs	NV	39.2836	-119.84129	1978										9.5
http://resources.usgin.org/uri-gin/nbmg/thermalspring/NBMG:309/	Bowers Mansion Hot Springs / Franktown Hot Springs	NV	39.2836	-119.84129	1982	1.7	0.02	53	0.42	43	4.4	33			
http://resources.usgin.org/uri-gin/nbmg/thermalspring/NBMG:309/	Bowers Mansion Hot Springs / Franktown Hot Springs	NV	39.2836	-119.84129	1982	1.7		53	0.42	43	4.4	33	87	3.2	
http://resources.usgin.org/uri-gin/nbmg/thermalspring/NBMG:309/	Bowers Mansion Hot Springs / Franktown Hot Springs	NV	39.2836	-119.84129	1982										9.29
http://resources.usgin.org/uri-gin/nbmg/thermalspring/NBMG:3095/	Unnamed stream - White Rock Canyon	NV	39.89952	-117.99626	1998	61.6	49.1	262.28	3.4	20.06382	306	241			
http://resources.usgin.org/uri-gin/nbmg/thermalspring/NBMG:3095/	Unnamed stream - White Rock Canyon	NV	39.89952	-117.99626	1998	61.6		262.28	3.4	20.06382	306	241	219	0.43	
http://resources.usgin.org/uri-gin/nbmg/thermalspring/NBMG:3095/	Unnamed stream - White Rock Canyon	NV	39.89952	-117.99626	1998										8.5
http://resources.usgin.org/uri-gin/nbmg/thermalspring/NBMG:3097/	Unnamed stream - White Rock Canyon	NV	39.89812	-118.01897	1998	52.3	28.8	111.718	2.44	16.79115	96.2	82.7			
http://resources.usgin.org/uri-gin/nbmg/thermalspring/NBMG:3097/	Unnamed stream - White Rock Canyon	NV	39.89812	-118.01897	1998	52.3		111.718	2.44	16.79115	96.2	82.7	264	0.34	
http://resources.usgin.org/uri-gin/nbmg/thermalspring/NBMG:3097/	Unnamed stream - White Rock Canyon	NV	39.89812	-118.01897	1998										8.8
http://resources.usgin.org/uri-gin/nbmg/thermalspring/NBMG:3101/	Warm Spring - Home Station Wash	NV	40.12672	-117.51265	1998	18.1	3.88	38.346	2.72	32.9406	23.2	22.6			
http://resources.usgin.org/uri-gin/nbmg/thermalspring/NBMG:3101/	Warm Spring - Home Station Wash	NV	40.12672	-117.51265	1998	18.1		38.346	2.72	32.9406	23.2	22.6	97.6	0.39	
http://resources.usgin.org/uri-gin/nbmg/thermalspring/NBMG:3101/	Warm Spring - Home Station Wash	NV	40.12672	-117.51265	1998										6.2
http://resources.usgin.org/uri-gin/nbmg/thermalspring/NBMG:3102/	Cedar Canyon Wash	NV	40.13542	-117.48004	1998	26.3	4.66	46.812	3.63	35.2935	27.2	62			
http://resources.usgin.org/uri-gin/nbmg/thermalspring/NBMG:3102/	Cedar Canyon Wash	NV	40.13542	-117.48004	1998	26.3		46.812	3.63	35.2935	27.2	62	99.4	0.43	
http://resources.usgin.org/uri-gin/nbmg/thermalspring/NBMG:3102/	Cedar Canyon Wash	NV	40.13542	-117.48004	1998										6.5
http://resources.usgin.org/uri-gin/nbmg/thermalspring/NBMG:3104/	Upper Jersey Seep	NV	40.16653	-117.47238	1998	23.7	2.84	260.62	26.4	109.3029	48.6	147			
http://resources.usgin.org/uri-gin/nbmg/thermalspring/NBMG:3104/	Upper Jersey Seep	NV	40.16653	-117.47238	1998	23.7		260.62	26.4	109.3029	48.6	147	471	10.5	
http://resources.usgin.org/uri-gin/nbmg/thermalspring/NBMG:3104/	Upper Jersey Seep	NV	40.16653	-117.47238	1998										7
http://resources.usgin.org/uri-gin/nbmg/thermalspring/NBMG:3105/	Butcher Creek	NV	40.18403	-117.45818	1998	29.7	6.82	42.33	3.33	31.2294	24.5	32			
http://resources.usgin.org/uri-gin/nbmg/thermalspring/NBMG:3105/	Butcher Creek	NV	40.18403	-117.45818	1998	29.7		42.33	3.33	31.2294	24.5	32	144	0.39	
http://resources.usgin.org/uri-gin/nbmg/thermalspring/NBMG:3105/	Butcher Creek	NV	40.18403	-117.45818	1998										7.9
http://resources.usgin.org/uri-gin/nbmg/thermalspring/NBMG:3106/	Cold Spring - Pleasant Valley	NV	40.16927	-117.67258	1998	88.6	59.6	380.14	11.4	52.1916	418	328			
http://resources.usgin.org/uri-gin/nbmg/thermalspring/NBMG:3106/	Cold Spring - Pleasant Valley	NV	40.16927	-117.67258	1998	88.6		380.14	11.4	52.1916	418	328	432	0.94	
http://resources.usgin.org/uri-gin/nbmg/thermalspring/NBMG:3106/	Cold Spring - Pleasant Valley	NV	40.16927	-117.67258	1998										7
http://resources.usgin.org/uri-gin/nbmg/thermalspring/NBMG:3107/	Wild Rose Spring	NV	40.29511	-117.73176	1998	97	30.4	175.96	5.96	35.7213	135	192			
http://resources.usgin.org/uri-gin/nbmg/thermalspring/NBMG:3107/	Wild Rose Spring	NV	40.29511	-117.73176	1998	97		175.96	5.96	35.7213	135	192	376	1.01	
http://resources.usgin.org/uri-gin/nbmg/thermalspring/NBMG:3107/	Wild Rose Spring	NV	40.29511	-117.73176	1998										6.5
http://resources.usgin.org/uri-gin/nbmg/thermalspring/NBMG:311/	Geyser Well - Fly Ranch Hot Springs / Wards Hot Springs / Hualapai Flat Hot Springs	NV	40.86323	-119.34269	1972	31	4.2	340	17	82	240	46			
http://resources.usgin.org/uri-gin/nbmg/thermalspring/NBMG:311/	Geyser Well - Fly Ranch Hot Springs / Wards Hot Springs / Hualapai Flat Hot Springs	NV	40.86323	-119.34269	1972	31		340	17	82	240	46	457.9	70.13	
http://resources.usgin.org/uri-gin/nbmg/thermalspring/NBMG:311/	Geyser Well - Fly Ranch Hot Springs / Wards Hot Springs / Hualapai Flat Hot Springs	NV	40.86323	-119.34269	1972										7.91
http://resources.usgin.org/uri-gin/nbmg/thermalspring/NBMG:311/	Geyser Well - Fly Ranch Hot Springs / Wards Hot Springs / Hualapai Flat Hot Springs	NV	40.86323	-119.34269		31	4.2	340	17	82	240	45			
http://resources.usgin.org/uri-gin/nbmg/thermalspring/NBMG:311/	Geyser Well - Fly Ranch Hot Springs / Wards Hot Springs / Hualapai Flat Hot Springs	NV	40.86323	-119.34269		31		340	17	82	240	45	464	70.13	
http://resources.usgin.org/uri-gin/nbmg/thermalspring/NBMG:311/	Geyser Well - Fly Ranch Hot Springs / Wards Hot Springs / Hualapai Flat Hot Springs	NV	40.86323	-119.34269											7.9
http://resources.usgin.org/uri-gin/nbmg/thermalspring/NBMG:3117/	Geothermal Separators V102 + 103 - Dixie Valley	NV	39.96381	-117.85916	1998	0.14	0.02	0.93	0.73	0.47058	0.2	3.86			
http://resources.usgin.org/uri-gin/nbmg/thermalspring/NBMG:3117/	Geothermal Separators V102 + 103 - Dixie Valley	NV	39.96381	-117.85916	1998	0.14		0.93	0.73	0.47058	0.2	3.86	48.5	-0.01	
http://resources.usgin.org/uri-gin/nbmg/thermalspring/NBMG:3117/	Geothermal Separators V102 + 103 - Dixie Valley	NV	39.96381	-117.85916	1998	8.81	0.01	498	77.1	517.638	567	211			
http://resources.usgin.org/uri-gin/nbmg/thermalspring/NBMG:3117/	Geothermal Separators V102 + 103 - Dixie Valley	NV	39.96381	-117.85916	1998	8.81		498	77.1	517.638	567	211	18.4	14.7	
http://resources.usgin.org/uri-gin/nbmg/thermalspring/NBMG:3117/	Geothermal Separators V102 + 103 - Dixie Valley	NV	39.96381	-117.85916	1998										5.87
http://resources.usgin.org/uri-gin/nbmg/thermalspring/NBMG:3117/	Geothermal Separators V102 + 103 - Dixie Valley	NV	39.96381	-117.85916	1998										8.53
http://resources.usgin.org/uri-gin/nbmg/thermalspring/NBMG:31205/	Rock House Spring / Spring SS30WS30 1	NV	38.14034	-118.3735	1973	76	16	470	52	28	262	378			
http://resources.usgin.org/uri-gin/nbmg/thermalspring/NBMG:31205/	Rock House Spring / Spring SS30WS30 1	NV	38.14034	-118.3735	1973	76		470	52	28	262	378			
http://resources.usgin.org/uri-gin/nbmg/thermalspring/NBMG:31205/	Rock House Spring / Spring SS30WS30 1	NV	38.14034	-118.3735	1973										7.3
http://resources.usgin.org/uri-gin/nbmg/thermalspring/NBMG:31206/	W German Springs / Spring SS29WS29	NV	38.13691	-118.32037	1973	44	13	270	22	24	168	152			
http://resources.usgin.org/uri-gin/nbmg/thermalspring/NBMG:31206/	W German Springs / Spring SS29WS29	NV	38.13691	-118.32037	1973	44		270	22	24	168	152			
http://resources.usgin.org/uri-gin/nbmg/thermalspring/NBMG:31206/	W German Springs / Spring SS29WS29	NV	38.13691	-118.32037	1973										7.1
http://resources.usgin.org/uri-gin/nbmg/thermalspring/NBMG:31208/	Spring SS8WS8 1 - Teels Marsh	NV	38.21409	-118.35645	1973	6.8	0.1	360	30	70	227	179			
http://resources.usgin.org/uri-gin/nbmg/thermalspring/NBMG:31208/	Spring SS8WS8 1 - Teels Marsh	NV	38.21409	-118.35645	1973	6.8		360	30	70	227	179			
http://resources.usgin.org/uri-gin/nbmg/thermalspring/NBMG:31208/	Spring SS8WS8 1 - Teels Marsh	NV	38.21409	-118.35645	1973										9.1
http://resources.usgin.org/uri-gin/nbmg/thermalspring/NBMG:31214/	Spring SS5WS5 2 - Teels Marsh	NV	38.15099	-118.36135	1973	58	32	420	46	39	232	240			
http://resources.usgin.org/uri-gin/nbmg/thermalspring/NBMG:31214/	Spring SS5WS5 2 - Teels Marsh	NV	38.15099	-118.36135	1973	58		420	46	39	232	240			
http://resources.usgin.org/uri-gin/nbmg/thermalspring/NBMG:31214/	Spring SS5WS5 2 - Teels Marsh	NV	38.15099	-118.36135	1973										7
http://resources.usgin.org/uri-gin/nbmg/thermalspring/NBMG:31215/	Rattlesnake Spring 1	NV	38.44889	-116.15936	1967	29	6.8	15	0.9	40	6.4	12			
http://resources.usgin.org/uri-gin/nbmg/thermalspring/NBMG:31215/	Rattlesnake Spring 1	NV	38.44889	-116.15936	1967	29		15	0.9	40	6.4	12		0.2	
http://resources.usgin.org/uri-gin/nbmg/thermalspring/NBMG:31215/	Rattlesnake Spring 1	NV	38.44889	-116.15936	1967										7.6
http://resources.usgin.org/uri-gin/nbmg/thermalspring/NBMG:31221/	Upper Hot Creek Ranch Springs - Hot Creek Canyon	NV	38.51658	-116.35662	1967	43	28	146	14	64	41	108			
http://resources.usgin.org/uri-gin/nbmg/thermalspring/NBMG:31221/	Upper Hot Creek Ranch Springs - Hot Creek Canyon	NV	38.51658	-116.35662	1967	43		146	14	64	41	108		50.03	
http://resources.usgin.org/uri-gin/nbmg/thermalspring/NBMG:31221/	Upper Hot Creek Ranch Springs - Hot Creek Canyon	NV	38.51658	-116.35662	1967										7.9
http://resources.usgin.org/uri-gin/nbmg/thermalspring/NBMG:31224/	Patua Hot Springs / Hazen Hot Springs	NV	39.60112	-119.11103	2002										6.86
http://resources.usgin.org/uri-gin/nbmg/thermalspring/NBMG:31225/	Patua Hot Springs / Hazen Hot Springs	NV	39.5996	-119.11216	2007	70.4	0.611	620	39.7	157.242790002136	810.5808	328.8838			
http://resources.usgin.org/uri-gin/nbmg/thermalspring/NBMG:31225/	Patua Hot Springs / Hazen Hot Springs	NV	39.5996	-119.11216	2007	70.4		620	39.7	157.242790002136	810.5808	328.8838	81	8.0024	
http://resources.usgin.org/uri-gin/nbmg/thermalspring/NBMG:31225/	Patua Hot Springs / Hazen Hot Springs	NV	39.5996	-119.11216	2007										7.5
http://resources.usgin.org/uri-gin/nbmg/thermalspring/NBMG:313/	Great Boiling Springs / Gerlach Hot Springs	NV	40.6599	-119.36435	1972	68	1.2	1400	130	165	2200	400			
http://resources.usgin.org/uri-gin/nbmg/thermalspring/NBMG:313/	Great Boiling Springs / Gerlach Hot Springs	NV	40.6599	-119.36435	1972	68		1400	130	165	2200	400	83	4.5	
http://resources.usgin.org/uri-gin/nbmg/thermalspring/NBMG:313/	Great Boiling Springs / Gerlach Hot Springs	NV	40.6599	-119.36435	1972										7.15
http://resources.usgin.org/uri-gin/nbmg/thermalspring/NBMG:314/	Orifice 37 - Great Boiling Springs / Gerlach Hot Springs	NV	40.6615	-119.36662	1972									0.02	
http://resources.usgin.org/uri-gin/nbmg/thermalspring/NBMG:314/	Orifice 37 - Great Boiling Springs / Gerlach Hot Springs	NV	40.6615	-119.36662	1978	67	1.4	1280	67	275	1790	340			
http://resources.usgin.org/uri-gin/nbmg/thermalspring/NBMG:314/	Orifice 37 - Great Boiling Springs / Gerlach Hot Springs	NV	40.6615	-119.36662	1978	67		1280	67	275	1790	340		-0.03	
http://resources.usgin.org/uri-gin/nbmg/thermalspring/NBMG:314/	Orifice 37 - Great Boiling Springs / Gerlach Hot Springs	NV	40.6615	-119.36662	1978										7.4
http://resources.usgin.org/uri-gin/nbmg/thermalspring/NBMG:317/	Hot Spring - San Emidio Desert	NV	40.39157	-119.40769	1956	140	1.5	1400	110	240	2300	230			
http://resources.usgin.org/uri-gin/nbmg/thermalspring/NBMG:317/	Hot Spring - San Emidio Desert	NV	40.39157	-119.40769	1956	140		1400	110	240	2300	230	92	50.13	
http://resources.usgin.org/uri-gin/nbmg/thermalspring/NBMG:317/	Hot Spring - San Emidio Desert	NV	40.39157	-119.40769	1956										6.69
http://resources.usgin.org/uri-gin/nbmg/thermalspring/NBMG:317/	Hot Spring - San Emidio Desert	NV	40.39157	-119.40769	1964	160	2.3	1500	120	215	2500	240			
http://resources.usgin.org/uri-gin/nbmg/thermalspring/NBMG:317/	Hot Spring - San Emidio Desert	NV	40.39157	-119.40769	1964	160		1500	120	215	2500	240	129	5.2	
http://resources.usgin.org/uri-gin/nbmg/thermalspring/NBMG:317/	Hot Spring - San Emidio Desert	NV	40.39157	-119.40769	1964										6.63
http://resources.usgin.org/uri-gin/nbmg/thermalspring/NBMG:317/	Hot Spring - San Emidio Desert	NV	40.39157	-119.40769	1975	160	2.2	1400	110	205	2300	220			
http://resources.usgin.org/uri-gin/nbmg/thermalspring/NBMG:317/	Hot Spring - San Emidio Desert	NV	40.39157	-119.40769	1975	160		1400	110	205	2300	220	102	5.1	
http://resources.usgin.org/uri-gin/nbmg/thermalspring/NBMG:317/	Hot Spring - San Emidio Desert	NV	40.39157	-119.40769	1975										6.57
http://resources.usgin.org/uri-gin/nbmg/thermalspring/NBMG:319/	Mud Springs 3 - Gerlach	NV	40.65358	-119.37582	1972	78	2.3	1400	110	100	2100	370			
http://resources.usgin.org/uri-gin/nbmg/thermalspring/NBMG:319/	Mud Springs 3 - Gerlach	NV	40.65358	-119.37582	1972	78		1400	110	100	2100	370			
http://resources.usgin.org/uri-gin/nbmg/thermalspring/NBMG:319/	Mud Springs 3 - Gerlach	NV	40.65358	-119.37582	1972									-0.02	
http://resources.usgin.org/uri-gin/nbmg/thermalspring/NBMG:320/	Jumbo Creek Spring / Jumbo Grade Spring	NV	39.28352	-119.72074	1977	100	0.83	35	1.4	20	8	73			
http://resources.usgin.org/uri-gin/nbmg/thermalspring/NBMG:320/	Jumbo Creek Spring / Jumbo Grade Spring	NV	39.28352	-119.72074	1977	100		35	1.4	20	8	73	420	0.18	
http://resources.usgin.org/uri-gin/nbmg/thermalspring/NBMG:320/	Jumbo Creek Spring / Jumbo Grade Spring	NV	39.28352	-119.72074	1977										7.5
http://resources.usgin.org/uri-gin/nbmg/thermalspring/NBMG:320/	Jumbo Creek Spring / Jumbo Grade Spring	NV	39.28352	-119.72074	1993	95	18	36	1.2	25	7	68			
http://resources.usgin.org/uri-gin/nbmg/thermalspring/NBMG:320/	Jumbo Creek Spring / Jumbo Grade Spring	NV	39.28352	-119.72074	1993	95		36	1.2	25	7	68	375	0.1	
http://resources.usgin.org/uri-gin/nbmg/thermalspring/NBMG:320/	Jumbo Creek Spring / Jumbo Grade Spring	NV	39.28352	-119.72074	1993										8
http://resources.usgin.org/uri-gin/nbmg/thermalspring/NBMG:3218/	NDOT Well - Steamboat Hot Springs / Reno Hot Springs / Mount Rose Hot Springs / Radium Hot Springs	NV	39.40245	-119.7466	1995	22	2	616	56	230	819	129			
http://resources.usgin.org/uri-gin/nbmg/thermalspring/NBMG:3218/	NDOT Well - Steamboat Hot Springs / Reno Hot Springs / Mount Rose Hot Springs / Radium Hot Springs	NV	39.40245	-119.7466	1995	22		616	56	230	819	129	290	2.34	
http://resources.usgin.org/uri-gin/nbmg/thermalspring/NBMG:3218/	NDOT Well - Steamboat Hot Springs / Reno Hot Springs / Mount Rose Hot Springs / Radium Hot Springs	NV	39.40245	-119.7466	1995	23	2	633	59	238	880	138			
http://resources.usgin.org/uri-gin/nbmg/thermalspring/NBMG:3218/	NDOT Well - Steamboat Hot Springs / Reno Hot Springs / Mount Rose Hot Springs / Radium Hot Springs	NV	39.40245	-119.7466	1995	23		633	59	238	880	138	266	2.5	
http://resources.usgin.org/uri-gin/nbmg/thermalspring/NBMG:3218/	NDOT Well - Steamboat Hot Springs / Reno Hot Springs / Mount Rose Hot Springs / Radium Hot Springs	NV	39.40245	-119.7466	1995						812	136			
http://resources.usgin.org/uri-gin/nbmg/thermalspring/NBMG:3218/	NDOT Well - Steamboat Hot Springs / Reno Hot Springs / Mount Rose Hot Springs / Radium Hot Springs	NV	39.40245	-119.7466	1995						812	136			
http://resources.usgin.org/uri-gin/nbmg/thermalspring/NBMG:3218/	NDOT Well - Steamboat Hot Springs / Reno Hot Springs / Mount Rose Hot Springs / Radium Hot Springs	NV	39.40245	-119.7466	1995										7.86
http://resources.usgin.org/uri-gin/nbmg/thermalspring/NBMG:3218/	NDOT Well - Steamboat Hot Springs / Reno Hot Springs / Mount Rose Hot Springs / Radium Hot Springs	NV	39.40245	-119.7466	1995										7.95
http://resources.usgin.org/uri-gin/nbmg/thermalspring/NBMG:3218/	NDOT Well - Steamboat Hot Springs / Reno Hot Springs / Mount Rose Hot Springs / Radium Hot Springs	NV	39.40245	-119.7466	1996						830	131			
http://resources.usgin.org/uri-gin/nbmg/thermalspring/NBMG:3218/	NDOT Well - Steamboat Hot Springs / Reno Hot Springs / Mount Rose Hot Springs / Radium Hot Springs	NV	39.40245	-119.7466	1996						830	131			
http://resources.usgin.org/uri-gin/nbmg/thermalspring/NBMG:3218/	NDOT Well - Steamboat Hot Springs / Reno Hot Springs / Mount Rose Hot Springs / Radium Hot Springs	NV	39.40245	-119.7466	1996						853	129			
http://resources.usgin.org/uri-gin/nbmg/thermalspring/NBMG:3218/	NDOT Well - Steamboat Hot Springs / Reno Hot Springs / Mount Rose Hot Springs / Radium Hot Springs	NV	39.40245	-119.7466	1996						853	129			
http://resources.usgin.org/uri-gin/nbmg/thermalspring/NBMG:3218/	NDOT Well - Steamboat Hot Springs / Reno Hot Springs / Mount Rose Hot Springs / Radium Hot Springs	NV	39.40245	-119.7466	1996						853	135		2.24	
http://resources.usgin.org/uri-gin/nbmg/thermalspring/NBMG:3218/	NDOT Well - Steamboat Hot Springs / Reno Hot Springs / Mount Rose Hot Springs / Radium Hot Springs	NV	39.40245	-119.7466	1996						853	135			
http://resources.usgin.org/uri-gin/nbmg/thermalspring/NBMG:3218/	NDOT Well - Steamboat Hot Springs / Reno Hot Springs / Mount Rose Hot Springs / Radium Hot Springs	NV	39.40245	-119.7466	1996						857	138			
http://resources.usgin.org/uri-gin/nbmg/thermalspring/NBMG:3218/	NDOT Well - Steamboat Hot Springs / Reno Hot Springs / Mount Rose Hot Springs / Radium Hot Springs	NV	39.40245	-119.7466	1996						857	138			
http://resources.usgin.org/uri-gin/nbmg/thermalspring/NBMG:3218/	NDOT Well - Steamboat Hot Springs / Reno Hot Springs / Mount Rose Hot Springs / Radium Hot Springs	NV	39.40245	-119.7466	1996										7.81
http://resources.usgin.org/uri-gin/nbmg/thermalspring/NBMG:3218/	NDOT Well - Steamboat Hot Springs / Reno Hot Springs / Mount Rose Hot Springs / Radium Hot Springs	NV	39.40245	-119.7466	1997	22	1	616	56	235	831	144			
http://resources.usgin.org/uri-gin/nbmg/thermalspring/NBMG:3218/	NDOT Well - Steamboat Hot Springs / Reno Hot Springs / Mount Rose Hot Springs / Radium Hot Springs	NV	39.40245	-119.7466	1997	22	1	620	60	232	870	142			
http://resources.usgin.org/uri-gin/nbmg/thermalspring/NBMG:3218/	NDOT Well - Steamboat Hot Springs / Reno Hot Springs / Mount Rose Hot Springs / Radium Hot Springs	NV	39.40245	-119.7466	1997	22		616	56	235	831	144	278	2.32	
http://resources.usgin.org/uri-gin/nbmg/thermalspring/NBMG:3218/	NDOT Well - Steamboat Hot Springs / Reno Hot Springs / Mount Rose Hot Springs / Radium Hot Springs	NV	39.40245	-119.7466	1997	22		620	60	232	870	142	281	2.18	
http://resources.usgin.org/uri-gin/nbmg/thermalspring/NBMG:3218/	NDOT Well - Steamboat Hot Springs / Reno Hot Springs / Mount Rose Hot Springs / Radium Hot Springs	NV	39.40245	-119.7466	1997	23	2	621	57	236	835	129			
http://resources.usgin.org/uri-gin/nbmg/thermalspring/NBMG:3218/	NDOT Well - Steamboat Hot Springs / Reno Hot Springs / Mount Rose Hot Springs / Radium Hot Springs	NV	39.40245	-119.7466	1997	23		621	57	236	835	129	290	2.26	
http://resources.usgin.org/uri-gin/nbmg/thermalspring/NBMG:3218/	NDOT Well - Steamboat Hot Springs / Reno Hot Springs / Mount Rose Hot Springs / Radium Hot Springs	NV	39.40245	-119.7466	1997						845	145		2.28	
http://resources.usgin.org/uri-gin/nbmg/thermalspring/NBMG:3218/	NDOT Well - Steamboat Hot Springs / Reno Hot Springs / Mount Rose Hot Springs / Radium Hot Springs	NV	39.40245	-119.7466	1997						845	145			
http://resources.usgin.org/uri-gin/nbmg/thermalspring/NBMG:3218/	NDOT Well - Steamboat Hot Springs / Reno Hot Springs / Mount Rose Hot Springs / Radium Hot Springs	NV	39.40245	-119.7466	1997										7.83
http://resources.usgin.org/uri-gin/nbmg/thermalspring/NBMG:3218/	NDOT Well - Steamboat Hot Springs / Reno Hot Springs / Mount Rose Hot Springs / Radium Hot Springs	NV	39.40245	-119.7466	1997										7.87
http://resources.usgin.org/uri-gin/nbmg/thermalspring/NBMG:3218/	NDOT Well - Steamboat Hot Springs / Reno Hot Springs / Mount Rose Hot Springs / Radium Hot Springs	NV	39.40245	-119.7466	1997										7.93
http://resources.usgin.org/uri-gin/nbmg/thermalspring/NBMG:3218/	NDOT Well - Steamboat Hot Springs / Reno Hot Springs / Mount Rose Hot Springs / Radium Hot Springs	NV	39.40245	-119.7466	1997										7.94
http://resources.usgin.org/uri-gin/nbmg/thermalspring/NBMG:3218/	NDOT Well - Steamboat Hot Springs / Reno Hot Springs / Mount Rose Hot Springs / Radium Hot Springs	NV	39.40245	-119.7466	1998	21	1	597	55	229	840	133			
http://resources.usgin.org/uri-gin/nbmg/thermalspring/NBMG:3218/	NDOT Well - Steamboat Hot Springs / Reno Hot Springs / Mount Rose Hot Springs / Radium Hot Springs	NV	39.40245	-119.7466	1998	21	1	607	52	226	830	122			
http://resources.usgin.org/uri-gin/nbmg/thermalspring/NBMG:3218/	NDOT Well - Steamboat Hot Springs / Reno Hot Springs / Mount Rose Hot Springs / Radium Hot Springs	NV	39.40245	-119.7466	1998	21	1	632	56	219	836	124			
http://resources.usgin.org/uri-gin/nbmg/thermalspring/NBMG:3218/	NDOT Well - Steamboat Hot Springs / Reno Hot Springs / Mount Rose Hot Springs / Radium Hot Springs	NV	39.40245	-119.7466	1998	21	1	907	52	226	930	122			
http://resources.usgin.org/uri-gin/nbmg/thermalspring/NBMG:3218/	NDOT Well - Steamboat Hot Springs / Reno Hot Springs / Mount Rose Hot Springs / Radium Hot Springs	NV	39.40245	-119.7466	1998	21		597	55	229	840	133	256	2.4	
http://resources.usgin.org/uri-gin/nbmg/thermalspring/NBMG:3218/	NDOT Well - Steamboat Hot Springs / Reno Hot Springs / Mount Rose Hot Springs / Radium Hot Springs	NV	39.40245	-119.7466	1998	21		607	52	226	830	122	268	2.52	
http://resources.usgin.org/uri-gin/nbmg/thermalspring/NBMG:3218/	NDOT Well - Steamboat Hot Springs / Reno Hot Springs / Mount Rose Hot Springs / Radium Hot Springs	NV	39.40245	-119.7466	1998	21		632	56	219	836	124	281	2.32	
http://resources.usgin.org/uri-gin/nbmg/thermalspring/NBMG:3218/	NDOT Well - Steamboat Hot Springs / Reno Hot Springs / Mount Rose Hot Springs / Radium Hot Springs	NV	39.40245	-119.7466	1998	21		907	52	226	930	122	268	2.52	
http://resources.usgin.org/uri-gin/nbmg/thermalspring/NBMG:3218/	NDOT Well - Steamboat Hot Springs / Reno Hot Springs / Mount Rose Hot Springs / Radium Hot Springs	NV	39.40245	-119.7466	1998	23	2	636	53	228	819	126			
http://resources.usgin.org/uri-gin/nbmg/thermalspring/NBMG:3218/	NDOT Well - Steamboat Hot Springs / Reno Hot Springs / Mount Rose Hot Springs / Radium Hot Springs	NV	39.40245	-119.7466	1998	23		636	53	228	819	126	273	2.3	
http://resources.usgin.org/uri-gin/nbmg/thermalspring/NBMG:3218/	NDOT Well - Steamboat Hot Springs / Reno Hot Springs / Mount Rose Hot Springs / Radium Hot Springs	NV	39.40245	-119.7466	1998										7.6
http://resources.usgin.org/uri-gin/nbmg/thermalspring/NBMG:3218/	NDOT Well - Steamboat Hot Springs / Reno Hot Springs / Mount Rose Hot Springs / Radium Hot Springs	NV	39.40245	-119.7466	1998										7.74
http://resources.usgin.org/uri-gin/nbmg/thermalspring/NBMG:3218/	NDOT Well - Steamboat Hot Springs / Reno Hot Springs / Mount Rose Hot Springs / Radium Hot Springs	NV	39.40245	-119.7466	1998										7.84
http://resources.usgin.org/uri-gin/nbmg/thermalspring/NBMG:3218/	NDOT Well - Steamboat Hot Springs / Reno Hot Springs / Mount Rose Hot Springs / Radium Hot Springs	NV	39.40245	-119.7466	1998										7.84
http://resources.usgin.org/uri-gin/nbmg/thermalspring/NBMG:3218/	NDOT Well - Steamboat Hot Springs / Reno Hot Springs / Mount Rose Hot Springs / Radium Hot Springs	NV	39.40245	-119.7466	1998										7.93
http://resources.usgin.org/uri-gin/nbmg/thermalspring/NBMG:3218/	NDOT Well - Steamboat Hot Springs / Reno Hot Springs / Mount Rose Hot Springs / Radium Hot Springs	NV	39.40245	-119.7466	1999	19	1	608	52	230	851	134			
http://resources.usgin.org/uri-gin/nbmg/thermalspring/NBMG:3218/	NDOT Well - Steamboat Hot Springs / Reno Hot Springs / Mount Rose Hot Springs / Radium Hot Springs	NV	39.40245	-119.7466	1999	19	1	632	57	231	831	123			
http://resources.usgin.org/uri-gin/nbmg/thermalspring/NBMG:3218/	NDOT Well - Steamboat Hot Springs / Reno Hot Springs / Mount Rose Hot Springs / Radium Hot Springs	NV	39.40245	-119.7466	1999	19		608	52	230	851	134	251	2.32	
http://resources.usgin.org/uri-gin/nbmg/thermalspring/NBMG:3218/	NDOT Well - Steamboat Hot Springs / Reno Hot Springs / Mount Rose Hot Springs / Radium Hot Springs	NV	39.40245	-119.7466	1999	19		632	57	231	831	123	259	2.5	
http://resources.usgin.org/uri-gin/nbmg/thermalspring/NBMG:3218/	NDOT Well - Steamboat Hot Springs / Reno Hot Springs / Mount Rose Hot Springs / Radium Hot Springs	NV	39.40245	-119.7466	1999	21	1	645	54	231	841	119			
http://resources.usgin.org/uri-gin/nbmg/thermalspring/NBMG:3218/	NDOT Well - Steamboat Hot Springs / Reno Hot Springs / Mount Rose Hot Springs / Radium Hot Springs	NV	39.40245	-119.7466	1999	21	1	698	56	241	847	128			
http://resources.usgin.org/uri-gin/nbmg/thermalspring/NBMG:3218/	NDOT Well - Steamboat Hot Springs / Reno Hot Springs / Mount Rose Hot Springs / Radium Hot Springs	NV	39.40245	-119.7466	1999	21		645	54	231	841	119	254	2.38	
http://resources.usgin.org/uri-gin/nbmg/thermalspring/NBMG:3218/	NDOT Well - Steamboat Hot Springs / Reno Hot Springs / Mount Rose Hot Springs / Radium Hot Springs	NV	39.40245	-119.7466	1999	21		698	56	241	847	128	271	2.48	
http://resources.usgin.org/uri-gin/nbmg/thermalspring/NBMG:3218/	NDOT Well - Steamboat Hot Springs / Reno Hot Springs / Mount Rose Hot Springs / Radium Hot Springs	NV	39.40245	-119.7466	1999										7.55
http://resources.usgin.org/uri-gin/nbmg/thermalspring/NBMG:3218/	NDOT Well - Steamboat Hot Springs / Reno Hot Springs / Mount Rose Hot Springs / Radium Hot Springs	NV	39.40245	-119.7466	1999										7.77
http://resources.usgin.org/uri-gin/nbmg/thermalspring/NBMG:3218/	NDOT Well - Steamboat Hot Springs / Reno Hot Springs / Mount Rose Hot Springs / Radium Hot Springs	NV	39.40245	-119.7466	1999										7.81
http://resources.usgin.org/uri-gin/nbmg/thermalspring/NBMG:3218/	NDOT Well - Steamboat Hot Springs / Reno Hot Springs / Mount Rose Hot Springs / Radium Hot Springs	NV	39.40245	-119.7466	1999										7.82
http://resources.usgin.org/uri-gin/nbmg/thermalspring/NBMG:3218/	NDOT Well - Steamboat Hot Springs / Reno Hot Springs / Mount Rose Hot Springs / Radium Hot Springs	NV	39.40245	-119.7466	2000	14	1	606	56	233	1	1			
http://resources.usgin.org/uri-gin/nbmg/thermalspring/NBMG:3218/	NDOT Well - Steamboat Hot Springs / Reno Hot Springs / Mount Rose Hot Springs / Radium Hot Springs	NV	39.40245	-119.7466	2000	14		606	56	233	1	1	224	2.36	
http://resources.usgin.org/uri-gin/nbmg/thermalspring/NBMG:3218/	NDOT Well - Steamboat Hot Springs / Reno Hot Springs / Mount Rose Hot Springs / Radium Hot Springs	NV	39.40245	-119.7466	2000	18	1	663	54	238	859	139			
http://resources.usgin.org/uri-gin/nbmg/thermalspring/NBMG:3218/	NDOT Well - Steamboat Hot Springs / Reno Hot Springs / Mount Rose Hot Springs / Radium Hot Springs	NV	39.40245	-119.7466	2000	18		663	54	238	859	139	239	2.44	
http://resources.usgin.org/uri-gin/nbmg/thermalspring/NBMG:3218/	NDOT Well - Steamboat Hot Springs / Reno Hot Springs / Mount Rose Hot Springs / Radium Hot Springs	NV	39.40245	-119.7466	2000	19	1	644	55	228	857	144			
http://resources.usgin.org/uri-gin/nbmg/thermalspring/NBMG:3218/	NDOT Well - Steamboat Hot Springs / Reno Hot Springs / Mount Rose Hot Springs / Radium Hot Springs	NV	39.40245	-119.7466	2000	19		644	55	228	857	144	246	2.42	
http://resources.usgin.org/uri-gin/nbmg/thermalspring/NBMG:3218/	NDOT Well - Steamboat Hot Springs / Reno Hot Springs / Mount Rose Hot Springs / Radium Hot Springs	NV	39.40245	-119.7466	2000										7.46
http://resources.usgin.org/uri-gin/nbmg/thermalspring/NBMG:3218/	NDOT Well - Steamboat Hot Springs / Reno Hot Springs / Mount Rose Hot Springs / Radium Hot Springs	NV	39.40245	-119.7466	2000										7.57
http://resources.usgin.org/uri-gin/nbmg/thermalspring/NBMG:3218/	NDOT Well - Steamboat Hot Springs / Reno Hot Springs / Mount Rose Hot Springs / Radium Hot Springs	NV	39.40245	-119.7466	2000										7.64
http://resources.usgin.org/uri-gin/nbmg/thermalspring/NBMG:3218/	NDOT Well - Steamboat Hot Springs / Reno Hot Springs / Mount Rose Hot Springs / Radium Hot Springs	NV	39.40245	-119.7466	2001	14	1	637	51	241	843	131			
http://resources.usgin.org/uri-gin/nbmg/thermalspring/NBMG:3218/	NDOT Well - Steamboat Hot Springs / Reno Hot Springs / Mount Rose Hot Springs / Radium Hot Springs	NV	39.40245	-119.7466	2001	14		637	51	241	843	131	215	2.34	
http://resources.usgin.org/uri-gin/nbmg/thermalspring/NBMG:3218/	NDOT Well - Steamboat Hot Springs / Reno Hot Springs / Mount Rose Hot Springs / Radium Hot Springs	NV	39.40245	-119.7466	2001										8.07
http://resources.usgin.org/uri-gin/nbmg/thermalspring/NBMG:324/	Pyramid Lake water	NV	40.14661	-119.67543	1976	8	110	1850	120	1	2050	280			
http://resources.usgin.org/uri-gin/nbmg/thermalspring/NBMG:324/	Pyramid Lake water	NV	40.14661	-119.67543	1976	8		1850	120	1	2050	280	1085	1.7	
http://resources.usgin.org/uri-gin/nbmg/thermalspring/NBMG:324/	Pyramid Lake water	NV	40.14661	-119.67543	1976										9.22
http://resources.usgin.org/uri-gin/nbmg/thermalspring/NBMG:326/	Soda Spring - Bonham Ranch	NV	40.26918	-119.73517	1976	3.4	2	760	19	26	670	410			
http://resources.usgin.org/uri-gin/nbmg/thermalspring/NBMG:326/	Soda Spring - Bonham Ranch	NV	40.26918	-119.73517	1976	3.4		760	19	26	670	410	432	1.9	
http://resources.usgin.org/uri-gin/nbmg/thermalspring/NBMG:326/	Soda Spring - Bonham Ranch	NV	40.26918	-119.73517	1976										9.06
http://resources.usgin.org/uri-gin/nbmg/thermalspring/NBMG:348/	Tahoe Meadow	NV	39.30824	-119.90602	1993	14.5	4	11.5	1.6	18	52	0.4			
http://resources.usgin.org/uri-gin/nbmg/thermalspring/NBMG:348/	Tahoe Meadow	NV	39.30824	-119.90602	1993	14.5		11.5	1.6	18	52	0.4	8	-0.02	
http://resources.usgin.org/uri-gin/nbmg/thermalspring/NBMG:348/	Tahoe Meadow	NV	39.30824	-119.90602	1993										5.83
http://resources.usgin.org/uri-gin/nbmg/thermalspring/NBMG:349/	Third Creek Spring	NV	39.32274	-119.93463	1989	4.8	1.6	2.1	2	30	0.1	-1			
http://resources.usgin.org/uri-gin/nbmg/thermalspring/NBMG:349/	Third Creek Spring	NV	39.32274	-119.93463	1989	4.8		2.1	2	30	0.1	-1	39		
http://resources.usgin.org/uri-gin/nbmg/thermalspring/NBMG:349/	Third Creek Spring	NV	39.32274	-119.93463	1989										7.3
http://resources.usgin.org/uri-gin/nbmg/thermalspring/NBMG:349/	Third Creek Spring	NV	39.32274	-119.93463	1993	5	1.6	2.1	2.2	33	0.2	0.2			
http://resources.usgin.org/uri-gin/nbmg/thermalspring/NBMG:349/	Third Creek Spring	NV	39.32274	-119.93463	1993	5		2.1	2.2	33	0.2	0.2	34	-0.02	
http://resources.usgin.org/uri-gin/nbmg/thermalspring/NBMG:349/	Third Creek Spring	NV	39.32274	-119.93463	1993										7.29
http://resources.usgin.org/uri-gin/nbmg/thermalspring/NBMG:350/	Thomas Creek Spring	NV	39.39463	-119.86935	1977	20	0.77	13	3.8	48	1.5	0.8			
http://resources.usgin.org/uri-gin/nbmg/thermalspring/NBMG:350/	Thomas Creek Spring	NV	39.39463	-119.86935	1977	20		13	3.8	48	1.5	0.8	193	0.05	
http://resources.usgin.org/uri-gin/nbmg/thermalspring/NBMG:350/	Thomas Creek Spring	NV	39.39463	-119.86935	1977										7.7
http://resources.usgin.org/uri-gin/nbmg/thermalspring/NBMG:350/	Thomas Creek Spring	NV	39.39463	-119.86935	1993	17.7	14.5	13	5.7	65	1	0.7			
http://resources.usgin.org/uri-gin/nbmg/thermalspring/NBMG:350/	Thomas Creek Spring	NV	39.39463	-119.86935	1993	17.7		13	5.7	65	1	0.7	164	0.03	
http://resources.usgin.org/uri-gin/nbmg/thermalspring/NBMG:350/	Thomas Creek Spring	NV	39.39463	-119.86935	1993										8
http://resources.usgin.org/uri-gin/nbmg/thermalspring/NBMG:3795/	Hot Well - Steamboat Hot Springs / Reno Hot Springs / Mount Rose Hot Springs / Radium Hot Springs	NV	39.40115	-119.75517	1972	45	2				480	68			
http://resources.usgin.org/uri-gin/nbmg/thermalspring/NBMG:3795/	Hot Well - Steamboat Hot Springs / Reno Hot Springs / Mount Rose Hot Springs / Radium Hot Springs	NV	39.40115	-119.75517	1972	45					480	68	422	0.69	
http://resources.usgin.org/uri-gin/nbmg/thermalspring/NBMG:3795/	Hot Well - Steamboat Hot Springs / Reno Hot Springs / Mount Rose Hot Springs / Radium Hot Springs	NV	39.40115	-119.75517	1972										7.34
http://resources.usgin.org/uri-gin/nbmg/thermalspring/NBMG:3804/	Well at 12770 Valley Springs Road	NV	39.41722	-119.76304	1985	44	14	37	13	73	72	14			
http://resources.usgin.org/uri-gin/nbmg/thermalspring/NBMG:3804/	Well at 12770 Valley Springs Road	NV	39.41722	-119.76304	1985	44		37	13	73	72	14	198	0.12	
http://resources.usgin.org/uri-gin/nbmg/thermalspring/NBMG:3804/	Well at 12770 Valley Springs Road	NV	39.41722	-119.76304	1985										7.45
http://resources.usgin.org/uri-gin/nbmg/thermalspring/NBMG:3805/	Well at 12755 Valley Springs Road	NV	39.41766	-119.76332	1985	53	18	26	12	81	71	13			
http://resources.usgin.org/uri-gin/nbmg/thermalspring/NBMG:3805/	Well at 12755 Valley Springs Road	NV	39.41766	-119.76332	1985	53		26	12	81	71	13	215	0.09	
http://resources.usgin.org/uri-gin/nbmg/thermalspring/NBMG:3805/	Well at 12755 Valley Springs Road	NV	39.41766	-119.76332	1985										7.62
http://resources.usgin.org/uri-gin/nbmg/thermalspring/NBMG:3806/	Well at 13200 Valley Springs Road	NV	39.4136	-119.76345	1986	13	6	44	10	97	8	5			
http://resources.usgin.org/uri-gin/nbmg/thermalspring/NBMG:3806/	Well at 13200 Valley Springs Road	NV	39.4136	-119.76345	1986	13		44	10	97	8	5	190	0.27	
http://resources.usgin.org/uri-gin/nbmg/thermalspring/NBMG:3806/	Well at 13200 Valley Springs Road	NV	39.4136	-119.76345	1986										7.85
http://resources.usgin.org/uri-gin/nbmg/thermalspring/NBMG:428/	Hot Spring - Steamboat Hot Springs / Reno Hot Springs / Mount Rose Hot Springs / Radium Hot Springs 	NV	39.38324	-119.74546	1983	26	0.65	655	63	270	790	130			
http://resources.usgin.org/uri-gin/nbmg/thermalspring/NBMG:428/	Hot Spring - Steamboat Hot Springs / Reno Hot Springs / Mount Rose Hot Springs / Radium Hot Springs 	NV	39.38324	-119.74546	1983	26		655	63	270	790	130	341	2.4	
http://resources.usgin.org/uri-gin/nbmg/thermalspring/NBMG:428/	Hot Spring - Steamboat Hot Springs / Reno Hot Springs / Mount Rose Hot Springs / Radium Hot Springs 	NV	39.38324	-119.74546	1983										6.72
http://resources.usgin.org/uri-gin/nbmg/thermalspring/NBMG:430/	Hot Spring - Steamboat Hot Springs / Reno Hot Springs / Mount Rose Hot Springs / Radium Hot Springs 	NV	39.38324	-119.73435	1973	16	0.7	680	66	270	837	73			
http://resources.usgin.org/uri-gin/nbmg/thermalspring/NBMG:430/	Hot Spring - Steamboat Hot Springs / Reno Hot Springs / Mount Rose Hot Springs / Radium Hot Springs 	NV	39.38324	-119.73435	1973	16		680	66	270	837	73	364	2.1	
http://resources.usgin.org/uri-gin/nbmg/thermalspring/NBMG:430/	Hot Spring - Steamboat Hot Springs / Reno Hot Springs / Mount Rose Hot Springs / Radium Hot Springs 	NV	39.38324	-119.73435	1973										7.19
http://resources.usgin.org/uri-gin/nbmg/thermalspring/NBMG:430/	Hot Spring - Steamboat Hot Springs / Reno Hot Springs / Mount Rose Hot Springs / Radium Hot Springs	NV	39.38324	-119.73435		13	-8888888	806	77	205	996	130			
http://resources.usgin.org/uri-gin/nbmg/thermalspring/NBMG:430/	Hot Spring - Steamboat Hot Springs / Reno Hot Springs / Mount Rose Hot Springs / Radium Hot Springs	NV	39.38324	-119.73435		13		806	77	205	996	130	375		
http://resources.usgin.org/uri-gin/nbmg/thermalspring/NBMG:430/	Hot Spring - Steamboat Hot Springs / Reno Hot Springs / Mount Rose Hot Springs / Radium Hot Springs	NV	39.38324	-119.73435		5.4	1.3	696	62	254	945	130			
http://resources.usgin.org/uri-gin/nbmg/thermalspring/NBMG:430/	Hot Spring - Steamboat Hot Springs / Reno Hot Springs / Mount Rose Hot Springs / Radium Hot Springs	NV	39.38324	-119.73435		5.4		696	62	254	945	130		20.1	
http://resources.usgin.org/uri-gin/nbmg/thermalspring/NBMG:433/	Ditch Spring - Great Boiling Springs / Gerlach Hot Springs	NV	40.67401	-119.36449	1975	58	1	1400	86	145	2050	350			
http://resources.usgin.org/uri-gin/nbmg/thermalspring/NBMG:433/	Ditch Spring - Great Boiling Springs / Gerlach Hot Springs	NV	40.67401	-119.36449	1975	58		1400	86	145	2050	350	68	4.8	
http://resources.usgin.org/uri-gin/nbmg/thermalspring/NBMG:433/	Ditch Spring - Great Boiling Springs / Gerlach Hot Springs	NV	40.67401	-119.36449	1975										7.62
http://resources.usgin.org/uri-gin/nbmg/thermalspring/NBMG:433/	Ditch Spring - Great Boiling Springs / Gerlach Hot Springs	NV	40.67401	-119.36449	1979	56	0.9	1400	110		2000	370			
http://resources.usgin.org/uri-gin/nbmg/thermalspring/NBMG:433/	Ditch Spring - Great Boiling Springs / Gerlach Hot Springs	NV	40.67401	-119.36449	1979	56		1400	110		2000	370		4.6	
http://resources.usgin.org/uri-gin/nbmg/thermalspring/NBMG:433/	Ditch Spring - Great Boiling Springs / Gerlach Hot Springs	NV	40.67401	-119.36449	1979										8.1
http://resources.usgin.org/uri-gin/nbmg/thermalspring/NBMG:435/	Warm Spring - San Emidio Desert	NV	40.41657	-119.40102	1975	160	4.8	1300	92	150	2200	210			
http://resources.usgin.org/uri-gin/nbmg/thermalspring/NBMG:435/	Warm Spring - San Emidio Desert	NV	40.41657	-119.40102	1975	160		1300	92	150	2200	210	130		
http://resources.usgin.org/uri-gin/nbmg/thermalspring/NBMG:435/	Warm Spring - San Emidio Desert	NV	40.41657	-119.40102	1975										7.5
http://resources.usgin.org/uri-gin/nbmg/thermalspring/NBMG:436/	Western Geothermal Inc Well Needles 1 - The Needle Rocks Hot Springs	NV	40.14649	-119.67557	1950	282	0.1	1080	31	95	1841	338			
http://resources.usgin.org/uri-gin/nbmg/thermalspring/NBMG:436/	Western Geothermal Inc Well Needles 1 - The Needle Rocks Hot Springs	NV	40.14649	-119.67557	1950	282		1080	31	95	1841	338	12	30.02	
http://resources.usgin.org/uri-gin/nbmg/thermalspring/NBMG:436/	Western Geothermal Inc Well Needles 1 - The Needle Rocks Hot Springs	NV	40.14649	-119.67557	1950										8.1
http://resources.usgin.org/uri-gin/nbmg/thermalspring/NBMG:436/	Western Geothermal Inc Well Needles 1 - The Needle Rocks Hot Springs	NV	40.14649	-119.67557	1964	245		1050	29	97	1830	293	11		
http://resources.usgin.org/uri-gin/nbmg/thermalspring/NBMG:436/	Western Geothermal Inc Well Needles 1 - The Needle Rocks Hot Springs	NV	40.14649	-119.67557	1964	245		1050	29	97	1830	293			
http://resources.usgin.org/uri-gin/nbmg/thermalspring/NBMG:436/	Western Geothermal Inc Well Needles 1 - The Needle Rocks Hot Springs	NV	40.14649	-119.67557	1964										8.5
http://resources.usgin.org/uri-gin/nbmg/thermalspring/NBMG:436/	Western Geothermal Inc Well Needles 1 - The Needle Rocks Hot Springs	NV	40.14649	-119.67557	1973	282	0.12	1080	31	95	1840	338			
http://resources.usgin.org/uri-gin/nbmg/thermalspring/NBMG:436/	Western Geothermal Inc Well Needles 1 - The Needle Rocks Hot Springs	NV	40.14649	-119.67557	1973	282		1080	31	95	1840	338		0.02	
http://resources.usgin.org/uri-gin/nbmg/thermalspring/NBMG:436/	Western Geothermal Inc Well Needles 1 - The Needle Rocks Hot Springs	NV	40.14649	-119.67557	1973										8.1
http://resources.usgin.org/uri-gin/nbmg/thermalspring/NBMG:436/	Western Geothermal Inc Well Needles 1 - The Needle Rocks Hot Springs	NV	40.14649	-119.67557		260	0.1	1100	160	110	1880	340			
http://resources.usgin.org/uri-gin/nbmg/thermalspring/NBMG:436/	Western Geothermal Inc Well Needles 1 - The Needle Rocks Hot Springs	NV	40.14649	-119.67557		260		1100	160	110	1880	340	22	0.02	
http://resources.usgin.org/uri-gin/nbmg/thermalspring/NBMG:436/	Western Geothermal Inc Well Needles 1 - The Needle Rocks Hot Springs	NV	40.14649	-119.67557											8.43
http://resources.usgin.org/uri-gin/nbmg/thermalspring/NBMG:437/	Monte Neva Hot Springs / Melvin Hot Springs / Goodrich Hot Springs	NV	39.66689	-114.80655	1970									0.02	
http://resources.usgin.org/uri-gin/nbmg/thermalspring/NBMG:437/	Monte Neva Hot Springs / Melvin Hot Springs / Goodrich Hot Springs	NV	39.66689	-114.80655	1974	63	21	16	5.6	52	5	26			
http://resources.usgin.org/uri-gin/nbmg/thermalspring/NBMG:437/	Monte Neva Hot Springs / Melvin Hot Springs / Goodrich Hot Springs	NV	39.66689	-114.80655	1974	63		16	5.6	52	5	26	303	10.02	
http://resources.usgin.org/uri-gin/nbmg/thermalspring/NBMG:437/	Monte Neva Hot Springs / Melvin Hot Springs / Goodrich Hot Springs	NV	39.66689	-114.80655	1974										6.35
http://resources.usgin.org/uri-gin/nbmg/thermalspring/NBMG:438/	Cherry Creek Hot Springs / Youngs Hot Springs / John Salvis Hot Springs	NV	39.88738	-114.89908	1974	12	0.3	150	4.8	105	16	1			
http://resources.usgin.org/uri-gin/nbmg/thermalspring/NBMG:438/	Cherry Creek Hot Springs / Youngs Hot Springs / John Salvis Hot Springs	NV	39.88738	-114.89908	1974	12		150	4.8	105	16	1	376	1.2	
http://resources.usgin.org/uri-gin/nbmg/thermalspring/NBMG:438/	Cherry Creek Hot Springs / Youngs Hot Springs / John Salvis Hot Springs	NV	39.88738	-114.89908	1974										7.77
http://resources.usgin.org/uri-gin/nbmg/thermalspring/NBMG:438/	Cherry Creek Hot Springs / Youngs Hot Springs / John Salvis Hot Springs	NV	39.88738	-114.89908	2002	34.9	0.29	143	7.1	100.6	18.5	14.1			
http://resources.usgin.org/uri-gin/nbmg/thermalspring/NBMG:438/	Cherry Creek Hot Springs / Youngs Hot Springs / John Salvis Hot Springs	NV	39.88738	-114.89908	2002	34.9		143	7.1	100.6	18.5	14.1	432	13.1	
http://resources.usgin.org/uri-gin/nbmg/thermalspring/NBMG:438/	Cherry Creek Hot Springs / Youngs Hot Springs / John Salvis Hot Springs	NV	39.88738	-114.89908	2002										7.44
http://resources.usgin.org/uri-gin/nbmg/thermalspring/NBMG:4430/	Steamboat Springs Resort Well 4	NV	39.37969	-119.74181							750				
http://resources.usgin.org/uri-gin/nbmg/thermalspring/NBMG:4430/	Steamboat Springs Resort Well 4	NV	39.37969	-119.74181							980				
http://resources.usgin.org/uri-gin/nbmg/thermalspring/NBMG:4435/	Greil Spring	NV	39.24635	-119.75333							7				
http://resources.usgin.org/uri-gin/nbmg/thermalspring/NBMG:4435/	Greil Spring	NV	39.24635	-119.75333							7				
http://resources.usgin.org/uri-gin/nbmg/thermalspring/NBMG:4435/	Greil Spring	NV	39.24635	-119.75333											7.5
http://resources.usgin.org/uri-gin/nbmg/thermalspring/NBMG:4438/	Unnamed spring	NV	39.3625	-119.71719							5				
http://resources.usgin.org/uri-gin/nbmg/thermalspring/NBMG:4438/	Unnamed spring	NV	39.3625	-119.71719							5				
http://resources.usgin.org/uri-gin/nbmg/thermalspring/NBMG:4438/	Unnamed spring	NV	39.3625	-119.71719											7.68
http://resources.usgin.org/uri-gin/nbmg/thermalspring/NBMG:4441/	Unnamed spring	NV	39.43929	-119.81974							3				
http://resources.usgin.org/uri-gin/nbmg/thermalspring/NBMG:4441/	Unnamed spring	NV	39.43929	-119.81974							3				
http://resources.usgin.org/uri-gin/nbmg/thermalspring/NBMG:4441/	Unnamed spring	NV	39.43929	-119.81974											7.46
http://resources.usgin.org/uri-gin/nbmg/thermalspring/NBMG:4444/	Christman Spring	NV	39.43831	-119.79612							11				
http://resources.usgin.org/uri-gin/nbmg/thermalspring/NBMG:4444/	Christman Spring	NV	39.43831	-119.79612							11				
http://resources.usgin.org/uri-gin/nbmg/thermalspring/NBMG:4445/	Unnamed spring	NV	39.42567	-119.82618							6				
http://resources.usgin.org/uri-gin/nbmg/thermalspring/NBMG:4445/	Unnamed spring	NV	39.42567	-119.82618							6				
http://resources.usgin.org/uri-gin/nbmg/thermalspring/NBMG:4445/	Unnamed spring	NV	39.42567	-119.82618											6.86
http://resources.usgin.org/uri-gin/nbmg/thermalspring/NBMG:4446/	Forest Service Spring	NV	39.40808	-119.83505							6				
http://resources.usgin.org/uri-gin/nbmg/thermalspring/NBMG:4446/	Forest Service Spring	NV	39.40808	-119.83505							6				
http://resources.usgin.org/uri-gin/nbmg/thermalspring/NBMG:4446/	Forest Service Spring	NV	39.40808	-119.83505											7.81
http://resources.usgin.org/uri-gin/nbmg/thermalspring/NBMG:4456/	Unnamed spring	NV	39.38857	-119.70247							28				
http://resources.usgin.org/uri-gin/nbmg/thermalspring/NBMG:4456/	Unnamed spring	NV	39.38857	-119.70247							28				
http://resources.usgin.org/uri-gin/nbmg/thermalspring/NBMG:4456/	Unnamed spring	NV	39.38857	-119.70247											2.86
http://resources.usgin.org/uri-gin/nbmg/thermalspring/NBMG:45/	Warm Spring (LDMW for Dixie Valley Hot Springs)	NV	39.77575	-118.07597	1973	56	3.8	220	2.7	43	240	170			
http://resources.usgin.org/uri-gin/nbmg/thermalspring/NBMG:45/	Warm Spring (LDMW for Dixie Valley Hot Springs)	NV	39.77575	-118.07597	1973	56		220	2.7	43	240	170	160	5	
http://resources.usgin.org/uri-gin/nbmg/thermalspring/NBMG:45/	Warm Spring (LDMW for Dixie Valley Hot Springs)	NV	39.77575	-118.07597	1973										7.8
http://resources.usgin.org/uri-gin/nbmg/thermalspring/NBMG:4539/	Diamond Springs Water Co Well	NV	39.42787	-119.6999							12				
http://resources.usgin.org/uri-gin/nbmg/thermalspring/NBMG:4539/	Diamond Springs Water Co Well	NV	39.42787	-119.6999							12				
http://resources.usgin.org/uri-gin/nbmg/thermalspring/NBMG:4541/	Moana Springs	NV	39.49028	-119.8001							28				
http://resources.usgin.org/uri-gin/nbmg/thermalspring/NBMG:4541/	Moana Springs	NV	39.49028	-119.8001							28				
http://resources.usgin.org/uri-gin/nbmg/thermalspring/NBMG:4541/	Moana Springs	NV	39.49028	-119.8001											8.13
http://resources.usgin.org/uri-gin/nbmg/thermalspring/NBMG:47/	Creek (LDMW for Dixie Valley Hot Springs)	NV	39.79825	-118.07541	1973	68	32	190	3.8	19	200	180			
http://resources.usgin.org/uri-gin/nbmg/thermalspring/NBMG:47/	Creek (LDMW for Dixie Valley Hot Springs)	NV	39.79825	-118.07541	1973	68		190	3.8	19	200	180	240	0.5	
http://resources.usgin.org/uri-gin/nbmg/thermalspring/NBMG:47/	Creek (LDMW for Dixie Valley Hot Springs)	NV	39.79825	-118.07541	1973										8.5
http://resources.usgin.org/uri-gin/nbmg/thermalspring/NBMG:48/	Dixie Hot Springs	NV	39.79721	-118.06827	1973	3.6	0.02	190	6.5	115	126	111			
http://resources.usgin.org/uri-gin/nbmg/thermalspring/NBMG:48/	Dixie Hot Springs	NV	39.79721	-118.06827	1973	3.6		190	6.5	115	126	111	111	16.3	
http://resources.usgin.org/uri-gin/nbmg/thermalspring/NBMG:48/	Dixie Hot Springs	NV	39.79721	-118.06827	1973										8.59
http://resources.usgin.org/uri-gin/nbmg/thermalspring/NBMG:500/	White Rock Spring - Spring Mountains	NV	36.17418	-115.47954	1985	94	29	8.4	1.8	13	16	180			
http://resources.usgin.org/uri-gin/nbmg/thermalspring/NBMG:500/	White Rock Spring - Spring Mountains	NV	36.17418	-115.47954	1985	94		8.4	1.8	13	16	180		0.2	
http://resources.usgin.org/uri-gin/nbmg/thermalspring/NBMG:500/	White Rock Spring - Spring Mountains	NV	36.17418	-115.47954	1985										7
http://resources.usgin.org/uri-gin/nbmg/thermalspring/NBMG:504/	San Emidio Spring	NV	40.25644	-119.43768	1956	18	7.9	25	8.3	34	16	19			
http://resources.usgin.org/uri-gin/nbmg/thermalspring/NBMG:504/	San Emidio Spring	NV	40.25644	-119.43768	1956	18		25	8.3	34	16	19	120	0.29	
http://resources.usgin.org/uri-gin/nbmg/thermalspring/NBMG:504/	San Emidio Spring	NV	40.25644	-119.43768	1956										9.7
http://resources.usgin.org/uri-gin/nbmg/thermalspring/NBMG:505/	Cold Spring - Columbus Marsh	NV	37.97943	-117.99361	1960	90	27	810	70	23	857	354			
http://resources.usgin.org/uri-gin/nbmg/thermalspring/NBMG:505/	Cold Spring - Columbus Marsh	NV	37.97943	-117.99361	1960	90		810	70	23	857	354	719	6	
http://resources.usgin.org/uri-gin/nbmg/thermalspring/NBMG:505/	Cold Spring - Columbus Marsh	NV	37.97943	-117.99361	1960										7.9
http://resources.usgin.org/uri-gin/nbmg/thermalspring/NBMG:506/	Mound Springs	NV	40.31242	-117.07043	1954	47	21				16				
http://resources.usgin.org/uri-gin/nbmg/thermalspring/NBMG:506/	Mound Springs	NV	40.31242	-117.07043	1954	47					16		450		
http://resources.usgin.org/uri-gin/nbmg/thermalspring/NBMG:506/	Mound Springs	NV	40.31242	-117.07043	1954										7.8
http://resources.usgin.org/uri-gin/nbmg/thermalspring/NBMG:507/	Geyser Ranch Springs	NV	38.67083	-114.62839		44	37			11	2	11			
http://resources.usgin.org/uri-gin/nbmg/thermalspring/NBMG:507/	Geyser Ranch Springs	NV	38.67083	-114.62839		44				11	2	11	124	0.1	
http://resources.usgin.org/uri-gin/nbmg/thermalspring/NBMG:51/	Lee Hot Springs / Lee Allen Hot Springs	NV	39.20808	-118.72378	1948	45	0.2	450	22	155	383	456			
http://resources.usgin.org/uri-gin/nbmg/thermalspring/NBMG:51/	Lee Hot Springs / Lee Allen Hot Springs	NV	39.20808	-118.72378	1948	45		450	22	155	383	456	122	6	
http://resources.usgin.org/uri-gin/nbmg/thermalspring/NBMG:51/	Lee Hot Springs / Lee Allen Hot Springs	NV	39.20808	-118.72378	1948										8
http://resources.usgin.org/uri-gin/nbmg/thermalspring/NBMG:51/	Lee Hot Springs / Lee Allen Hot Springs	NV	39.20808	-118.72378	1972	44	0.6	450	26	180	380	470			
http://resources.usgin.org/uri-gin/nbmg/thermalspring/NBMG:51/	Lee Hot Springs / Lee Allen Hot Springs	NV	39.20808	-118.72378	1972	44		450	26	180	380	470	114.27	7.9	
http://resources.usgin.org/uri-gin/nbmg/thermalspring/NBMG:51/	Lee Hot Springs / Lee Allen Hot Springs	NV	39.20808	-118.72378	1972										7.36
http://resources.usgin.org/uri-gin/nbmg/thermalspring/NBMG:51/	Lee Hot Springs / Lee Allen Hot Springs	NV	39.20808	-118.72378	1978	41	0.72	410	23	162	425	26			
http://resources.usgin.org/uri-gin/nbmg/thermalspring/NBMG:51/	Lee Hot Springs / Lee Allen Hot Springs	NV	39.20808	-118.72378	1978	41		410	23	162	425	26		0.36	
http://resources.usgin.org/uri-gin/nbmg/thermalspring/NBMG:51/	Lee Hot Springs / Lee Allen Hot Springs	NV	39.20808	-118.72378	1978										7.2
http://resources.usgin.org/uri-gin/nbmg/thermalspring/NBMG:510/	Wabuska Hot Springs	NV	39.15992	-119.18432		81	1.2	554	22	128		1180			
http://resources.usgin.org/uri-gin/nbmg/thermalspring/NBMG:510/	Wabuska Hot Springs	NV	39.15992	-119.18432		81		554	22	128		1180	146	0.08	
http://resources.usgin.org/uri-gin/nbmg/thermalspring/NBMG:510/	Wabuska Hot Springs	NV	39.15992	-119.18432											7.2
http://resources.usgin.org/uri-gin/nbmg/thermalspring/NBMG:522/	Warm Well - Fly Ranch Hot Springs / Wards Hot Springs / Hualapai Flat Hot Springs	NV	40.89364	-119.31762		44	14	35	8.9	60	46	42			
http://resources.usgin.org/uri-gin/nbmg/thermalspring/NBMG:522/	Warm Well - Fly Ranch Hot Springs / Wards Hot Springs / Hualapai Flat Hot Springs	NV	40.89364	-119.31762		44		35	8.9	60	46	42	178	0.1	
http://resources.usgin.org/uri-gin/nbmg/thermalspring/NBMG:522/	Warm Well - Fly Ranch Hot Springs / Wards Hot Springs / Hualapai Flat Hot Springs	NV	40.89364	-119.31762											7.3
http://resources.usgin.org/uri-gin/nbmg/thermalspring/NBMG:523/	Geyser Ranch Springs	NV	38.67699	-114.6312	1965	30	3.4	3	1	13	3	5			
http://resources.usgin.org/uri-gin/nbmg/thermalspring/NBMG:523/	Geyser Ranch Springs	NV	38.67699	-114.6312	1965	30		3	1	13	3	5	103	-9999999	
http://resources.usgin.org/uri-gin/nbmg/thermalspring/NBMG:523/	Geyser Ranch Springs	NV	38.67699	-114.6312	1965										8
http://resources.usgin.org/uri-gin/nbmg/thermalspring/NBMG:524/	Preston Big Spring - Preston Springs	NV	38.93368	-115.08155	1954	40	18	12	3.3	22	16	38			
http://resources.usgin.org/uri-gin/nbmg/thermalspring/NBMG:524/	Preston Big Spring - Preston Springs	NV	38.93368	-115.08155	1954	40		12	3.3	22	16	38	185	0.22	
http://resources.usgin.org/uri-gin/nbmg/thermalspring/NBMG:524/	Preston Big Spring - Preston Springs	NV	38.93368	-115.08155	1954										8.06
http://resources.usgin.org/uri-gin/nbmg/thermalspring/NBMG:524/	Preston Big Spring - Preston Springs	NV	38.93368	-115.08155	1981	39	19	12	3.1	20	13	39			
http://resources.usgin.org/uri-gin/nbmg/thermalspring/NBMG:524/	Preston Big Spring - Preston Springs	NV	38.93368	-115.08155	1981	39		12	3.1	20	13	39		0.3	
http://resources.usgin.org/uri-gin/nbmg/thermalspring/NBMG:524/	Preston Big Spring - Preston Springs	NV	38.93368	-115.08155	1981										7.2
http://resources.usgin.org/uri-gin/nbmg/thermalspring/NBMG:524/	Preston Big Spring - Preston Springs	NV	38.93368	-115.08155	1983	43	20	13	2.9	20	14	37			
http://resources.usgin.org/uri-gin/nbmg/thermalspring/NBMG:524/	Preston Big Spring - Preston Springs	NV	38.93368	-115.08155	1983	43		13	2.9	20	14	37		0.4	
http://resources.usgin.org/uri-gin/nbmg/thermalspring/NBMG:524/	Preston Big Spring - Preston Springs	NV	38.93368	-115.08155	1983	44	20	13	2.9	20	14	36			
http://resources.usgin.org/uri-gin/nbmg/thermalspring/NBMG:524/	Preston Big Spring - Preston Springs	NV	38.93368	-115.08155	1983	44		13	2.9	20	14	36		0.4	
http://resources.usgin.org/uri-gin/nbmg/thermalspring/NBMG:524/	Preston Big Spring - Preston Springs	NV	38.93368	-115.08155	1983										7.7
http://resources.usgin.org/uri-gin/nbmg/thermalspring/NBMG:524/	Preston Big Spring - Preston Springs	NV	38.93368	-115.08155	1983										7.8
http://resources.usgin.org/uri-gin/nbmg/thermalspring/NBMG:524/	Preston Big Spring - Preston Springs	NV	38.93368	-115.08155	1984	45	20	13	3	19	15	38			
http://resources.usgin.org/uri-gin/nbmg/thermalspring/NBMG:524/	Preston Big Spring - Preston Springs	NV	38.93368	-115.08155	1984	45		13	3	19	15	38		0.4	
http://resources.usgin.org/uri-gin/nbmg/thermalspring/NBMG:524/	Preston Big Spring - Preston Springs	NV	38.93368	-115.08155	1984										7.7
http://resources.usgin.org/uri-gin/nbmg/thermalspring/NBMG:526/	Lackawanna Hot Springs / Ely Hot Springs	NV	39.28299	-114.86645	1978			29			20	138			
http://resources.usgin.org/uri-gin/nbmg/thermalspring/NBMG:526/	Lackawanna Hot Springs / Ely Hot Springs	NV	39.28299	-114.86645	1978			29			20	138			
http://resources.usgin.org/uri-gin/nbmg/thermalspring/NBMG:526/	Lackawanna Hot Springs / Ely Hot Springs	NV	39.28299	-114.86645	1978										8.7
http://resources.usgin.org/uri-gin/nbmg/thermalspring/NBMG:529/	Davis Ranch Springs	NV	36.41008	-116.31114	1972	50	22	101	11	30	34	114			
http://resources.usgin.org/uri-gin/nbmg/thermalspring/NBMG:529/	Davis Ranch Springs	NV	36.41008	-116.31114	1972	50		101	11	30	34	114	340	1.7	
http://resources.usgin.org/uri-gin/nbmg/thermalspring/NBMG:529/	Davis Ranch Springs	NV	36.41008	-116.31114	1972										7.7
http://resources.usgin.org/uri-gin/nbmg/thermalspring/NBMG:533/	Riordan Ranch Springs / Emigrant Springs	NV	38.62495	-115.04863	1981	67	24	5.3	1.6	13	2.9	14			
http://resources.usgin.org/uri-gin/nbmg/thermalspring/NBMG:533/	Riordan Ranch Springs / Emigrant Springs	NV	38.62495	-115.04863	1981	67		5.3	1.6	13	2.9	14		0.2	
http://resources.usgin.org/uri-gin/nbmg/thermalspring/NBMG:533/	Riordan Ranch Springs / Emigrant Springs	NV	38.62495	-115.04863	1981										7.1
http://resources.usgin.org/uri-gin/nbmg/thermalspring/NBMG:534/	Warm Spring - Hot Creek Canyon	NV	38.52692	-116.37629	1968	71	28								
http://resources.usgin.org/uri-gin/nbmg/thermalspring/NBMG:534/	Warm Spring - Hot Creek Canyon	NV	38.52692	-116.37629	1968	71									
http://resources.usgin.org/uri-gin/nbmg/thermalspring/NBMG:534/	Warm Spring - Hot Creek Canyon	NV	38.52692	-116.37629	1968										8
http://resources.usgin.org/uri-gin/nbmg/thermalspring/NBMG:538/	Warm Well - Wabuska Hot Springs	NV	39.11265	-119.13579		5	1				23	110			
http://resources.usgin.org/uri-gin/nbmg/thermalspring/NBMG:538/	Warm Well - Wabuska Hot Springs	NV	39.11265	-119.13579		5					23	110	84	0.05	
http://resources.usgin.org/uri-gin/nbmg/thermalspring/NBMG:538/	Warm Well - Wabuska Hot Springs	NV	39.11265	-119.13579											7.9
http://resources.usgin.org/uri-gin/nbmg/thermalspring/NBMG:541/	Bennett Springs / Bennetts Springs	NV	37.78351	-114.52903	1985	56	26	6.5	1.5	14	7.9	6.9			
http://resources.usgin.org/uri-gin/nbmg/thermalspring/NBMG:541/	Bennett Springs / Bennetts Springs	NV	37.78351	-114.52903	1985	56		6.5	1.5	14	7.9	6.9		0.1	
http://resources.usgin.org/uri-gin/nbmg/thermalspring/NBMG:541/	Bennett Springs / Bennetts Springs	NV	37.78351	-114.52903	1985										7.5
http://resources.usgin.org/uri-gin/nbmg/thermalspring/NBMG:542/	Warm Spring - Lone Butte	NV	41.02826	-117.31981	1950	2	-9999999	620	3.5	34	46	98			
http://resources.usgin.org/uri-gin/nbmg/thermalspring/NBMG:542/	Warm Spring - Lone Butte	NV	41.02826	-117.31981	1950	2		620	3.5	34	46	98	1080	-9999999	
http://resources.usgin.org/uri-gin/nbmg/thermalspring/NBMG:542/	Warm Spring - Lone Butte	NV	41.02826	-117.31981	1950										9.2
http://resources.usgin.org/uri-gin/nbmg/thermalspring/NBMG:542/	Warm Spring - Lone Butte	NV	41.02826	-117.31981	1961	2	0	620	3.5	34	46	98			
http://resources.usgin.org/uri-gin/nbmg/thermalspring/NBMG:542/	Warm Spring - Lone Butte	NV	41.02826	-117.31981	1961	2		620	3.5	34	46	98		16	
http://resources.usgin.org/uri-gin/nbmg/thermalspring/NBMG:542/	Warm Spring - Lone Butte	NV	41.02826	-117.31981	1961										9.2
http://resources.usgin.org/uri-gin/nbmg/thermalspring/NBMG:543/	Cane Spring - Black Rock Desert	NV	41.2576	-118.93711	1965	23	8.5	75	10	74	32	24			
http://resources.usgin.org/uri-gin/nbmg/thermalspring/NBMG:543/	Cane Spring - Black Rock Desert	NV	41.2576	-118.93711	1965	23		75	10	74	32	24	107	0.1	
http://resources.usgin.org/uri-gin/nbmg/thermalspring/NBMG:543/	Cane Spring - Black Rock Desert	NV	41.2576	-118.93711	1965										7.9
http://resources.usgin.org/uri-gin/nbmg/thermalspring/NBMG:543/	Cane Spring - Black Rock Desert	NV	41.2576	-118.93711		23	8.4	74	10	74	32	22			
http://resources.usgin.org/uri-gin/nbmg/thermalspring/NBMG:543/	Cane Spring - Black Rock Desert	NV	41.2576	-118.93711		23		74	10	74	32	22	107	0.1	
http://resources.usgin.org/uri-gin/nbmg/thermalspring/NBMG:543/	Cane Spring - Black Rock Desert	NV	41.2576	-118.93711		6.4	0.2	55	0.6	34	11	15			
http://resources.usgin.org/uri-gin/nbmg/thermalspring/NBMG:543/	Cane Spring - Black Rock Desert	NV	41.2576	-118.93711		6.4		55	0.6	34	11	15	120	0.3	
http://resources.usgin.org/uri-gin/nbmg/thermalspring/NBMG:543/	Cane Spring - Black Rock Desert	NV	41.2576	-118.93711											7.3
http://resources.usgin.org/uri-gin/nbmg/thermalspring/NBMG:543/	Cane Spring - Black Rock Desert	NV	41.2576	-118.93711											8.2
http://resources.usgin.org/uri-gin/nbmg/thermalspring/NBMG:544/	Bartholomae Hot Springs / Klobe Hot Springs / Clobe Hot Springs	NV	39.40493	-116.34423	1967	22	7.8	23	8.9	75	5	21			
http://resources.usgin.org/uri-gin/nbmg/thermalspring/NBMG:544/	Bartholomae Hot Springs / Klobe Hot Springs / Clobe Hot Springs	NV	39.40493	-116.34423	1967	22	8.1	23	9.4	71	4.8	19			
http://resources.usgin.org/uri-gin/nbmg/thermalspring/NBMG:544/	Bartholomae Hot Springs / Klobe Hot Springs / Clobe Hot Springs	NV	39.40493	-116.34423	1967	22		23	8.9	75	5	21		0.5	
http://resources.usgin.org/uri-gin/nbmg/thermalspring/NBMG:544/	Bartholomae Hot Springs / Klobe Hot Springs / Clobe Hot Springs	NV	39.40493	-116.34423	1967	22		23	9.4	71	4.8	19		0.7	
http://resources.usgin.org/uri-gin/nbmg/thermalspring/NBMG:544/	Bartholomae Hot Springs / Klobe Hot Springs / Clobe Hot Springs	NV	39.40493	-116.34423	1967										7.7
http://resources.usgin.org/uri-gin/nbmg/thermalspring/NBMG:544/	Bartholomae Hot Springs / Klobe Hot Springs / Clobe Hot Springs	NV	39.40493	-116.34423	1967										7.9
http://resources.usgin.org/uri-gin/nbmg/thermalspring/NBMG:545/	Warm Spring - Sand Canyon	NV	41.49207	-118.32016	1957	30	6.3	455	9.9	51	69	204			
http://resources.usgin.org/uri-gin/nbmg/thermalspring/NBMG:545/	Warm Spring - Sand Canyon	NV	41.49207	-118.32016	1957	30		455	9.9	51	69	204	948	9.8	
http://resources.usgin.org/uri-gin/nbmg/thermalspring/NBMG:545/	Warm Spring - Sand Canyon	NV	41.49207	-118.32016	1957										8.1
http://resources.usgin.org/uri-gin/nbmg/thermalspring/NBMG:547/	Doud Springs 2	NV	38.79711	-119.6511	2008	34.4979838396897	15.3	17	5.67	63.5389233069857	4.2282	41.0414			
http://resources.usgin.org/uri-gin/nbmg/thermalspring/NBMG:547/	Doud Springs 2	NV	38.79711	-119.6511	2008	34.4979838396897		17	5.67	63.5389233069857	4.2282	41.0414	134.2	0.2422	
http://resources.usgin.org/uri-gin/nbmg/thermalspring/NBMG:547/	Doud Springs 2	NV	38.79711	-119.6511	2008										7.47
http://resources.usgin.org/uri-gin/nbmg/thermalspring/NBMG:560/	Cane Springs - Calico Hills	NV	41.02063	-119.27522	1961	23	8.4	74	10	74					
http://resources.usgin.org/uri-gin/nbmg/thermalspring/NBMG:560/	Cane Springs - Calico Hills	NV	41.02063	-119.27522	1961	23		74	10	74					
http://resources.usgin.org/uri-gin/nbmg/thermalspring/NBMG:566/	Soda Spring - Ash Meadows	NV	36.49127	-116.33598	1935	38	18	78	8.7	23	21	82			
http://resources.usgin.org/uri-gin/nbmg/thermalspring/NBMG:566/	Soda Spring - Ash Meadows	NV	36.49127	-116.33598	1935	38		78	8.7	23	21	82	288	1.9	
http://resources.usgin.org/uri-gin/nbmg/thermalspring/NBMG:566/	Soda Spring - Ash Meadows	NV	36.49127	-116.33598	1935										7.9
http://resources.usgin.org/uri-gin/nbmg/thermalspring/NBMG:568/	South Big Alkali Spring - Rose Creek Springs / North East Range Springs	NV	40.87122	-117.93903	1957	62	27	570	19	70	235	102			
http://resources.usgin.org/uri-gin/nbmg/thermalspring/NBMG:568/	South Big Alkali Spring - Rose Creek Springs / North East Range Springs	NV	40.87122	-117.93903	1957	62		570	19	70	235	102	1280	5.5	
http://resources.usgin.org/uri-gin/nbmg/thermalspring/NBMG:568/	South Big Alkali Spring - Rose Creek Springs / North East Range Springs	NV	40.87122	-117.93903	1957										6.4
http://resources.usgin.org/uri-gin/nbmg/thermalspring/NBMG:574/	Warm Well - Collar and Elbow Spring	NV	40.08364	-114.63763	1940	49	17	8.4	4	24	5.1	20			
http://resources.usgin.org/uri-gin/nbmg/thermalspring/NBMG:574/	Warm Well - Collar and Elbow Spring	NV	40.08364	-114.63763	1940	49		8.4	4	24	5.1	20	226	0.334	
http://resources.usgin.org/uri-gin/nbmg/thermalspring/NBMG:574/	Warm Well - Collar and Elbow Spring	NV	40.08364	-114.63763	1940										7.74
http://resources.usgin.org/uri-gin/nbmg/thermalspring/NBMG:577/	Barker Springs / Cottonwood Springs	NV	40.85385	-119.35182	1980	72	21	54	10	89	93	67			
http://resources.usgin.org/uri-gin/nbmg/thermalspring/NBMG:577/	Barker Springs / Cottonwood Springs	NV	40.85385	-119.35182	1980	72		54	10	89	93	67	223	0.1	
http://resources.usgin.org/uri-gin/nbmg/thermalspring/NBMG:577/	Barker Springs / Cottonwood Springs	NV	40.85385	-119.35182	1980										7.2
http://resources.usgin.org/uri-gin/nbmg/thermalspring/NBMG:584/	Warm Well - Steamboat Hot Springs / Reno Hot Springs / Mount Rose Hot Springs / Radium Hot Springs	NV	39.40158	-119.73935	1979	34	9.2	83	6.6	61	73	22			
http://resources.usgin.org/uri-gin/nbmg/thermalspring/NBMG:584/	Warm Well - Steamboat Hot Springs / Reno Hot Springs / Mount Rose Hot Springs / Radium Hot Springs	NV	39.40158	-119.73935	1979	34		83	6.6	61	73	22	241	0.2	
http://resources.usgin.org/uri-gin/nbmg/thermalspring/NBMG:584/	Warm Well - Steamboat Hot Springs / Reno Hot Springs / Mount Rose Hot Springs / Radium Hot Springs	NV	39.40158	-119.73935	1979										7.6
http://resources.usgin.org/uri-gin/nbmg/thermalspring/NBMG:597/	Nicholas Spring - Preston Springs	NV	38.91058	-115.06115	1982	42	19	13	3.3	20	24	40			
http://resources.usgin.org/uri-gin/nbmg/thermalspring/NBMG:597/	Nicholas Spring - Preston Springs	NV	38.91058	-115.06115	1982	42		13	3.3	20	24	40		0.6	
http://resources.usgin.org/uri-gin/nbmg/thermalspring/NBMG:597/	Nicholas Spring - Preston Springs	NV	38.91058	-115.06115	1982										7.8
http://resources.usgin.org/uri-gin/nbmg/thermalspring/NBMG:600/	Bole Spring / Bole Hot Spring	NV	36.36334	-116.27187	1963	46	24	99	9.8	30	32	137			
http://resources.usgin.org/uri-gin/nbmg/thermalspring/NBMG:600/	Bole Spring / Bole Hot Spring	NV	36.36334	-116.27187	1963	46		99	9.8	30	32	137	314	1.6	
http://resources.usgin.org/uri-gin/nbmg/thermalspring/NBMG:600/	Bole Spring / Bole Hot Spring	NV	36.36334	-116.27187	1963										7.5
http://resources.usgin.org/uri-gin/nbmg/thermalspring/NBMG:600/	Bole Spring / Bole Hot Spring	NV	36.36334	-116.27187	1968	38	19	106	9.2	33	27	113			
http://resources.usgin.org/uri-gin/nbmg/thermalspring/NBMG:600/	Bole Spring / Bole Hot Spring	NV	36.36334	-116.27187	1968	38		106	9.2	33	27	113	306	10.03	
http://resources.usgin.org/uri-gin/nbmg/thermalspring/NBMG:600/	Bole Spring / Bole Hot Spring	NV	36.36334	-116.27187	1968										7.1
http://resources.usgin.org/uri-gin/nbmg/thermalspring/NBMG:600/	Bole Spring / Bole Hot Spring	NV	36.36334	-116.27187	1977	37	20	104	9.8	34	26	125			
http://resources.usgin.org/uri-gin/nbmg/thermalspring/NBMG:600/	Bole Spring / Bole Hot Spring	NV	36.36334	-116.27187	1977	37		104	9.8	34	26	125	309	0.8	
http://resources.usgin.org/uri-gin/nbmg/thermalspring/NBMG:600/	Bole Spring / Bole Hot Spring	NV	36.36334	-116.27187	1977										7.7
http://resources.usgin.org/uri-gin/nbmg/thermalspring/NBMG:608/	Warm Spring - Colson Pond	NV	37.07411	-116.69098		19	1				48	24			
http://resources.usgin.org/uri-gin/nbmg/thermalspring/NBMG:608/	Warm Spring - Colson Pond	NV	37.07411	-116.69098		19					48	24	188	-9999999	
http://resources.usgin.org/uri-gin/nbmg/thermalspring/NBMG:608/	Warm Spring - Colson Pond	NV	37.07411	-116.69098		6	1				54	24			
http://resources.usgin.org/uri-gin/nbmg/thermalspring/NBMG:608/	Warm Spring - Colson Pond	NV	37.07411	-116.69098		6					54	24	212	-9999999	
http://resources.usgin.org/uri-gin/nbmg/thermalspring/NBMG:608/	Warm Spring - Colson Pond	NV	37.07411	-116.69098											8.3
http://resources.usgin.org/uri-gin/nbmg/thermalspring/NBMG:608/	Warm Spring - Colson Pond	NV	37.07411	-116.69098											8.5
http://resources.usgin.org/uri-gin/nbmg/thermalspring/NBMG:61/	Cold Spring - Hot Springs Flat	NV	39.73658	-119.02267	1983	120	12	2350	160	100	3800	95			
http://resources.usgin.org/uri-gin/nbmg/thermalspring/NBMG:61/	Cold Spring - Hot Springs Flat	NV	39.73658	-119.02267	1983	120		2350	160	100	3800	95	201	3.1	
http://resources.usgin.org/uri-gin/nbmg/thermalspring/NBMG:61/	Cold Spring - Hot Springs Flat	NV	39.73658	-119.02267	1983										7.65
http://resources.usgin.org/uri-gin/nbmg/thermalspring/NBMG:611/	Pat Spring - Hot Creek Canyon	NV	38.53606	-116.457	1967	6.8	0.4	41	3.3	64	8.8	23			
http://resources.usgin.org/uri-gin/nbmg/thermalspring/NBMG:611/	Pat Spring - Hot Creek Canyon	NV	38.53606	-116.457	1967	6.8		41	3.3	64	8.8	23		0.5	
http://resources.usgin.org/uri-gin/nbmg/thermalspring/NBMG:611/	Pat Spring - Hot Creek Canyon	NV	38.53606	-116.457	1967										7.3
http://resources.usgin.org/uri-gin/nbmg/thermalspring/NBMG:611/	Pat Spring - Hot Creek Canyon	NV	38.53606	-116.457	1968	6.5	0.3								
http://resources.usgin.org/uri-gin/nbmg/thermalspring/NBMG:611/	Pat Spring - Hot Creek Canyon	NV	38.53606	-116.457	1968	6.5									
http://resources.usgin.org/uri-gin/nbmg/thermalspring/NBMG:611/	Pat Spring - Hot Creek Canyon	NV	38.53606	-116.457	1968										7.8
http://resources.usgin.org/uri-gin/nbmg/thermalspring/NBMG:614/	Chillis Hot Springs	NV	40.18697	-116.80533	1975	141	61				332	315			
http://resources.usgin.org/uri-gin/nbmg/thermalspring/NBMG:614/	Chillis Hot Springs	NV	40.18697	-116.80533	1975	141					332	315	540		
http://resources.usgin.org/uri-gin/nbmg/thermalspring/NBMG:614/	Chillis Hot Springs	NV	40.18697	-116.80533	1975										7.8
http://resources.usgin.org/uri-gin/nbmg/thermalspring/NBMG:615/	Warm Spring - Carico Lake Valley	NV	40.12716	-116.88553	2008	43.8372471253384	16.5412114380636	80.5604907121417	25.8	27.1698426262195	18.4	87.1			
http://resources.usgin.org/uri-gin/nbmg/thermalspring/NBMG:615/	Warm Spring - Carico Lake Valley	NV	40.12716	-116.88553	2008	43.8372471253384		80.5604907121417	25.8	27.1698426262195	18.4	87.1	316.6		
http://resources.usgin.org/uri-gin/nbmg/thermalspring/NBMG:615/	Warm Spring - Carico Lake Valley	NV	40.12716	-116.88553		54	18				18	95			
http://resources.usgin.org/uri-gin/nbmg/thermalspring/NBMG:615/	Warm Spring - Carico Lake Valley	NV	40.12716	-116.88553		54					18	95	396		
http://resources.usgin.org/uri-gin/nbmg/thermalspring/NBMG:615/	Warm Spring - Carico Lake Valley	NV	40.12716	-116.88553											7.9
http://resources.usgin.org/uri-gin/nbmg/thermalspring/NBMG:621/	Ash Tree Spring	NV	36.42634	-116.41254	1970	15	4.2	55	8.8	76	6.6	35			
http://resources.usgin.org/uri-gin/nbmg/thermalspring/NBMG:621/	Ash Tree Spring	NV	36.42634	-116.41254	1970	15		55	8.8	76	6.6	35	156	2.6	
http://resources.usgin.org/uri-gin/nbmg/thermalspring/NBMG:621/	Ash Tree Spring	NV	36.42634	-116.41254	1970	16	4.8	55	7.9	80	7.2	37			
http://resources.usgin.org/uri-gin/nbmg/thermalspring/NBMG:621/	Ash Tree Spring	NV	36.42634	-116.41254	1970	16		55	7.9	80	7.2	37	160	2.8	
http://resources.usgin.org/uri-gin/nbmg/thermalspring/NBMG:621/	Ash Tree Spring	NV	36.42634	-116.41254	1970										7.9
http://resources.usgin.org/uri-gin/nbmg/thermalspring/NBMG:621/	Ash Tree Spring	NV	36.42634	-116.41254	1970										8
http://resources.usgin.org/uri-gin/nbmg/thermalspring/NBMG:621/	Ash Tree Spring	NV	36.42634	-116.41254	1974	14	4.4	46	8	82	6.5	40			
http://resources.usgin.org/uri-gin/nbmg/thermalspring/NBMG:621/	Ash Tree Spring	NV	36.42634	-116.41254	1974	14		46	8	82	6.5	40		2.3	
http://resources.usgin.org/uri-gin/nbmg/thermalspring/NBMG:621/	Ash Tree Spring	NV	36.42634	-116.41254	1974										7.9
http://resources.usgin.org/uri-gin/nbmg/thermalspring/NBMG:623/	Giocoechea Warm Springs / Simonsen Warm Springs / Moores Ranch Springs / Warm Springs Ranch	NV	39.8116	-115.60921	1974	42	20	18	6.7	20	6.7	35			
http://resources.usgin.org/uri-gin/nbmg/thermalspring/NBMG:623/	Giocoechea Warm Springs / Simonsen Warm Springs / Moores Ranch Springs / Warm Springs Ranch	NV	39.8116	-115.60921	1974	42		18	6.7	20	6.7	35	217	0.319	
http://resources.usgin.org/uri-gin/nbmg/thermalspring/NBMG:623/	Giocoechea Warm Springs / Simonsen Warm Springs / Moores Ranch Springs / Warm Springs Ranch	NV	39.8116	-115.60921	1974										8.65
http://resources.usgin.org/uri-gin/nbmg/thermalspring/NBMG:623/	Giocoechea Warm Springs / Simonsen Warm Springs / Moores Ranch Springs / Warm Springs Ranch	NV	39.8116	-115.60921	1980	41.5	20.1	17.6	6.73	20.1	6.68	34.5			
http://resources.usgin.org/uri-gin/nbmg/thermalspring/NBMG:623/	Giocoechea Warm Springs / Simonsen Warm Springs / Moores Ranch Springs / Warm Springs Ranch	NV	39.8116	-115.60921	1980	41.5		17.6	6.73	20.1	6.68	34.5	217	0.319	
http://resources.usgin.org/uri-gin/nbmg/thermalspring/NBMG:623/	Giocoechea Warm Springs / Simonsen Warm Springs / Moores Ranch Springs / Warm Springs Ranch	NV	39.8116	-115.60921	1980										8.65
http://resources.usgin.org/uri-gin/nbmg/thermalspring/NBMG:63/	Bradys Springs Well	NV	39.89532	-119.0593	1983	6.9	0.3	200	2.4	16	65	220			
http://resources.usgin.org/uri-gin/nbmg/thermalspring/NBMG:63/	Bradys Springs Well	NV	39.89532	-119.0593	1983	6.9		200	2.4	16	65	220	152	6.4	
http://resources.usgin.org/uri-gin/nbmg/thermalspring/NBMG:63/	Bradys Springs Well	NV	39.89532	-119.0593	1983										8.97
http://resources.usgin.org/uri-gin/nbmg/thermalspring/NBMG:644/	Fish Springs - Honey Lake Valley	NV	40.10234	-119.88514	1952	3	3				18				
http://resources.usgin.org/uri-gin/nbmg/thermalspring/NBMG:644/	Fish Springs - Honey Lake Valley	NV	40.10234	-119.88514	1952	3					18		179		
http://resources.usgin.org/uri-gin/nbmg/thermalspring/NBMG:644/	Fish Springs - Honey Lake Valley	NV	40.10234	-119.88514	1952										8
http://resources.usgin.org/uri-gin/nbmg/thermalspring/NBMG:645/	Warm Well - Moana Hot Springs	NV	39.49824	-119.8327	1966	51	7.1	23	2.6	41	22	48			
http://resources.usgin.org/uri-gin/nbmg/thermalspring/NBMG:645/	Warm Well - Moana Hot Springs	NV	39.49824	-119.8327	1966	51		23	2.6	41	22	48	156	0.4	
http://resources.usgin.org/uri-gin/nbmg/thermalspring/NBMG:645/	Warm Well - Moana Hot Springs	NV	39.49824	-119.8327	1966										8.1
http://resources.usgin.org/uri-gin/nbmg/thermalspring/NBMG:648/	Warm Well - Steamboat Hot Springs / Reno Hot Springs / Mount Rose Hot Springs / Radium Hot Springs	NV	39.39991	-119.76602	1972	51	10	18			6	13			
http://resources.usgin.org/uri-gin/nbmg/thermalspring/NBMG:648/	Warm Well - Steamboat Hot Springs / Reno Hot Springs / Mount Rose Hot Springs / Radium Hot Springs	NV	39.39991	-119.76602	1972	51		18			6	13	212		
http://resources.usgin.org/uri-gin/nbmg/thermalspring/NBMG:648/	Warm Well - Steamboat Hot Springs / Reno Hot Springs / Mount Rose Hot Springs / Radium Hot Springs	NV	39.39991	-119.76602	1972										8
http://resources.usgin.org/uri-gin/nbmg/thermalspring/NBMG:650/	Warm Well - Steamboat Hot Springs / Reno Hot Springs / Mount Rose Hot Springs / Radium Hot Springs	NV	39.40491	-119.75602		27	8			25	14	21			
http://resources.usgin.org/uri-gin/nbmg/thermalspring/NBMG:650/	Warm Well - Steamboat Hot Springs / Reno Hot Springs / Mount Rose Hot Springs / Radium Hot Springs	NV	39.40491	-119.75602		27				25	14	21	102		
http://resources.usgin.org/uri-gin/nbmg/thermalspring/NBMG:655/	Petersons Mill Hot Spring	NV	39.55854	-117.43114	2008					6.84594459873246					
http://resources.usgin.org/uri-gin/nbmg/thermalspring/NBMG:655/	Petersons Mill Hot Spring	NV	39.55854	-117.43114	2008					6.84594459873246					
http://resources.usgin.org/uri-gin/nbmg/thermalspring/NBMG:656/	Warm Spring - S Columbus Marsh	NV	37.9796	-117.99361	1975	38	38	792	60	23	860	323			
http://resources.usgin.org/uri-gin/nbmg/thermalspring/NBMG:656/	Warm Spring - S Columbus Marsh	NV	37.9796	-117.99361	1975	38		792	60	23	860	323	720	3.2	
http://resources.usgin.org/uri-gin/nbmg/thermalspring/NBMG:656/	Warm Spring - S Columbus Marsh	NV	37.9796	-117.99361	1975										7.9
http://resources.usgin.org/uri-gin/nbmg/thermalspring/NBMG:669/	Sand Spring - Fish Lake Valley	NV	37.90567	-118.17184	1965	1.1	0.6				2	22			
http://resources.usgin.org/uri-gin/nbmg/thermalspring/NBMG:669/	Sand Spring - Fish Lake Valley	NV	37.90567	-118.17184	1965	1.1					2	22	50	0.2	
http://resources.usgin.org/uri-gin/nbmg/thermalspring/NBMG:669/	Sand Spring - Fish Lake Valley	NV	37.90567	-118.17184	1965										7.2
http://resources.usgin.org/uri-gin/nbmg/thermalspring/NBMG:669/	Sand Spring - Fish Lake Valley	NV	37.90567	-118.17184	2008	1.59660090497738	0.018471976744186	29.5763072606256	2.31	68.4594459873246	4.0004	21.9081			
http://resources.usgin.org/uri-gin/nbmg/thermalspring/NBMG:669/	Sand Spring - Fish Lake Valley	NV	37.90567	-118.17184	2008	1.59660090497738		29.5763072606256	2.31	68.4594459873246	4.0004	21.9081	38	0.2061	
http://resources.usgin.org/uri-gin/nbmg/thermalspring/NBMG:669/	Sand Spring - Fish Lake Valley	NV	37.90567	-118.17184		1.1	0.6				2	22			
http://resources.usgin.org/uri-gin/nbmg/thermalspring/NBMG:669/	Sand Spring - Fish Lake Valley	NV	37.90567	-118.17184		1.1					2	22	50	0.2	
http://resources.usgin.org/uri-gin/nbmg/thermalspring/NBMG:669/	Sand Spring - Fish Lake Valley	NV	37.90567	-118.17184											7.2
http://resources.usgin.org/uri-gin/nbmg/thermalspring/NBMG:67/	Stambaughs Spring	NV	39.02628	-119.94617	1959	16	6.3	7	2.5	20	0.5	1.2			
http://resources.usgin.org/uri-gin/nbmg/thermalspring/NBMG:67/	Stambaughs Spring	NV	39.02628	-119.94617	1959	16		7	2.5	20	0.5	1.2	105	0.1	
http://resources.usgin.org/uri-gin/nbmg/thermalspring/NBMG:67/	Stambaughs Spring	NV	39.02628	-119.94617	1959										6.9
http://resources.usgin.org/uri-gin/nbmg/thermalspring/NBMG:679/	Warm Spring - Oasis Valley	NV	37.02802	-116.72003		24	0.1				65	14			
http://resources.usgin.org/uri-gin/nbmg/thermalspring/NBMG:679/	Warm Spring - Oasis Valley	NV	37.02802	-116.72003		24					65	14	275	-9999999	
http://resources.usgin.org/uri-gin/nbmg/thermalspring/NBMG:679/	Warm Spring - Oasis Valley	NV	37.02802	-116.72003											8
http://resources.usgin.org/uri-gin/nbmg/thermalspring/NBMG:681/	Beatty Mineral Springs / Beatty Springs / Revert Springs	NV	36.91661	-116.75089		14	1.9	106	5.8	68	27	69			
http://resources.usgin.org/uri-gin/nbmg/thermalspring/NBMG:681/	Beatty Mineral Springs / Beatty Springs / Revert Springs	NV	36.91661	-116.75089		14		106	5.8	68	27	69	194	40.12	
http://resources.usgin.org/uri-gin/nbmg/thermalspring/NBMG:681/	Beatty Mineral Springs / Beatty Springs / Revert Springs	NV	36.91661	-116.75089		15	1.8				26	70			
http://resources.usgin.org/uri-gin/nbmg/thermalspring/NBMG:681/	Beatty Mineral Springs / Beatty Springs / Revert Springs	NV	36.91661	-116.75089		15					26	70	196	3.2	
http://resources.usgin.org/uri-gin/nbmg/thermalspring/NBMG:681/	Beatty Mineral Springs / Beatty Springs / Revert Springs	NV	36.91661	-116.75089											7.5
http://resources.usgin.org/uri-gin/nbmg/thermalspring/NBMG:681/	Beatty Mineral Springs / Beatty Springs / Revert Springs	NV	36.91661	-116.75089											8.2
http://resources.usgin.org/uri-gin/nbmg/thermalspring/NBMG:682/	Sunnyside Springs / Butterfield Springs	NV	38.43969	-115.01195	1960	40	23			46	18	27			
http://resources.usgin.org/uri-gin/nbmg/thermalspring/NBMG:682/	Sunnyside Springs / Butterfield Springs	NV	38.43969	-115.01195	1960	40				46	18	27	178		
http://resources.usgin.org/uri-gin/nbmg/thermalspring/NBMG:682/	Sunnyside Springs / Butterfield Springs	NV	38.43969	-115.01195		40	23			46	18	27			
http://resources.usgin.org/uri-gin/nbmg/thermalspring/NBMG:682/	Sunnyside Springs / Butterfield Springs	NV	38.43969	-115.01195		40				46	18	27	178		
http://resources.usgin.org/uri-gin/nbmg/thermalspring/NBMG:688/	Browns Spring / Steve Brown Spring	NV	36.03361	-115.88875	1978	73	13			51	0.5				
http://resources.usgin.org/uri-gin/nbmg/thermalspring/NBMG:688/	Browns Spring / Steve Brown Spring	NV	36.03361	-115.88875	1978	73				51	0.5		269		
http://resources.usgin.org/uri-gin/nbmg/thermalspring/NBMG:696/	Bowers Mansion Well - Bowers Mansion Hot Springs / Franktown Hot Springs	NV	39.28229	-119.84301	1958	19	3.3				3.8	6			
http://resources.usgin.org/uri-gin/nbmg/thermalspring/NBMG:696/	Bowers Mansion Well - Bowers Mansion Hot Springs / Franktown Hot Springs	NV	39.28229	-119.84301	1958	19					3.8	6	103		
http://resources.usgin.org/uri-gin/nbmg/thermalspring/NBMG:696/	Bowers Mansion Well - Bowers Mansion Hot Springs / Franktown Hot Springs	NV	39.28229	-119.84301	1958										7.8
http://resources.usgin.org/uri-gin/nbmg/thermalspring/NBMG:704/	Warm Well - Fly Ranch Hot Springs / Wards Hot Springs / Hualapai Flat Hot Springs	NV	40.90835	-119.33312	1964	34	13				48	61			
http://resources.usgin.org/uri-gin/nbmg/thermalspring/NBMG:704/	Warm Well - Fly Ranch Hot Springs / Wards Hot Springs / Hualapai Flat Hot Springs	NV	40.90835	-119.33312	1964	34					48	61	174		
http://resources.usgin.org/uri-gin/nbmg/thermalspring/NBMG:704/	Warm Well - Fly Ranch Hot Springs / Wards Hot Springs / Hualapai Flat Hot Springs	NV	40.90835	-119.33312	1964										8.2
http://resources.usgin.org/uri-gin/nbmg/thermalspring/NBMG:704/	Warm Well - Fly Ranch Hot Springs / Wards Hot Springs / Hualapai Flat Hot Springs	NV	40.90835	-119.33312	1967	34	13	44	16	34	48	61			
http://resources.usgin.org/uri-gin/nbmg/thermalspring/NBMG:704/	Warm Well - Fly Ranch Hot Springs / Wards Hot Springs / Hualapai Flat Hot Springs	NV	40.90835	-119.33312	1967	34		44	16	34	48	61			
http://resources.usgin.org/uri-gin/nbmg/thermalspring/NBMG:704/	Warm Well - Fly Ranch Hot Springs / Wards Hot Springs / Hualapai Flat Hot Springs	NV	40.90835	-119.33312	1967										8.2
http://resources.usgin.org/uri-gin/nbmg/thermalspring/NBMG:71/	Stonier Ranch Spring (LDMW for Sulphur Hot Springs)	NV	40.60074	-115.29188	1973	60	1.6	2.8	0.6	9	0.9	5			
http://resources.usgin.org/uri-gin/nbmg/thermalspring/NBMG:71/	Stonier Ranch Spring (LDMW for Sulphur Hot Springs)	NV	40.60074	-115.29188	1973	60		2.8	0.6	9	0.9	5	190	-0.1	
http://resources.usgin.org/uri-gin/nbmg/thermalspring/NBMG:71/	Stonier Ranch Spring (LDMW for Sulphur Hot Springs)	NV	40.60074	-115.29188	1973										8
http://resources.usgin.org/uri-gin/nbmg/thermalspring/NBMG:710/	Fish Lake Spring / Fish Spring - Fish Lake Valley	NV	37.73525	-118.04607		13	4				7	38			
http://resources.usgin.org/uri-gin/nbmg/thermalspring/NBMG:710/	Fish Lake Spring / Fish Spring - Fish Lake Valley	NV	37.73525	-118.04607		13					7	38	158	1.5	
http://resources.usgin.org/uri-gin/nbmg/thermalspring/NBMG:710/	Fish Lake Spring / Fish Spring - Fish Lake Valley	NV	37.73525	-118.04607											8.3
http://resources.usgin.org/uri-gin/nbmg/thermalspring/NBMG:711/	Warm Spring - Virgin River Narrows	NV	36.48498	-114.32581	1962	441	128	317	4.8	16	401	1283			
http://resources.usgin.org/uri-gin/nbmg/thermalspring/NBMG:711/	Warm Spring - Virgin River Narrows	NV	36.48498	-114.32581	1962	441		317	4.8	16	401	1283	509		
http://resources.usgin.org/uri-gin/nbmg/thermalspring/NBMG:712/	Nevada State Prison Spring	NV	39.15991	-119.73601	1967	14	0.33	82	2	33	21	148			
http://resources.usgin.org/uri-gin/nbmg/thermalspring/NBMG:712/	Nevada State Prison Spring	NV	39.15991	-119.73601	1967	14		82	2	33	21	148	48	5.8	
http://resources.usgin.org/uri-gin/nbmg/thermalspring/NBMG:712/	Nevada State Prison Spring	NV	39.15991	-119.73601	1967										8.8
http://resources.usgin.org/uri-gin/nbmg/thermalspring/NBMG:713/	Manse Ranch Springs	NV	36.15567	-115.88945	1966	52	11	30			0.7	42			
http://resources.usgin.org/uri-gin/nbmg/thermalspring/NBMG:713/	Manse Ranch Springs	NV	36.15567	-115.88945	1966	52		30			0.7	42	239		
http://resources.usgin.org/uri-gin/nbmg/thermalspring/NBMG:713/	Manse Ranch Springs	NV	36.15567	-115.88945	1978	55	29			18	4.9	42			
http://resources.usgin.org/uri-gin/nbmg/thermalspring/NBMG:713/	Manse Ranch Springs	NV	36.15567	-115.88945	1978	55				18	4.9	42	239		
http://resources.usgin.org/uri-gin/nbmg/thermalspring/NBMG:713/	Manse Ranch Springs	NV	36.15567	-115.88945		55	29			18	4.9	42			
http://resources.usgin.org/uri-gin/nbmg/thermalspring/NBMG:713/	Manse Ranch Springs	NV	36.15567	-115.88945		55				18	4.9	42	239		
http://resources.usgin.org/uri-gin/nbmg/thermalspring/NBMG:725/	E Hobo Hot Springs	NV	39.06905	-119.78661	1918	2						83	98	7.5	
http://resources.usgin.org/uri-gin/nbmg/thermalspring/NBMG:725/	E Hobo Hot Springs	NV	39.06905	-119.78661	1918	2						83			
http://resources.usgin.org/uri-gin/nbmg/thermalspring/NBMG:725/	E Hobo Hot Springs	NV	39.06905	-119.78661	1918										8.7
http://resources.usgin.org/uri-gin/nbmg/thermalspring/NBMG:725/	E Hobo Hot Springs	NV	39.06905	-119.78661	1962	2							93	7.6	
http://resources.usgin.org/uri-gin/nbmg/thermalspring/NBMG:725/	E Hobo Hot Springs	NV	39.06905	-119.78661	1962	2									
http://resources.usgin.org/uri-gin/nbmg/thermalspring/NBMG:725/	E Hobo Hot Springs	NV	39.06905	-119.78661	1962										8.4
http://resources.usgin.org/uri-gin/nbmg/thermalspring/NBMG:725/	E Hobo Hot Springs	NV	39.06905	-119.78661		3						90	98	7.7	
http://resources.usgin.org/uri-gin/nbmg/thermalspring/NBMG:725/	E Hobo Hot Springs	NV	39.06905	-119.78661		3						90			
http://resources.usgin.org/uri-gin/nbmg/thermalspring/NBMG:725/	E Hobo Hot Springs	NV	39.06905	-119.78661		8						84	107	7.7	
http://resources.usgin.org/uri-gin/nbmg/thermalspring/NBMG:725/	E Hobo Hot Springs	NV	39.06905	-119.78661		8						84			
http://resources.usgin.org/uri-gin/nbmg/thermalspring/NBMG:725/	E Hobo Hot Springs	NV	39.06905	-119.78661											8.8
http://resources.usgin.org/uri-gin/nbmg/thermalspring/NBMG:725/	E Hobo Hot Springs	NV	39.06905	-119.78661											8.9
http://resources.usgin.org/uri-gin/nbmg/thermalspring/NBMG:73/	Cold Spring (LDMW for GT 14, 15, and 16RM 74)	NV	41.19434	-114.98212	1974	29	6.8	16	2.8	23	13	26			
http://resources.usgin.org/uri-gin/nbmg/thermalspring/NBMG:73/	Cold Spring (LDMW for GT 14, 15, and 16RM 74)	NV	41.19434	-114.98212	1974	29		16	2.8	23	13	26	116	0.3	
http://resources.usgin.org/uri-gin/nbmg/thermalspring/NBMG:73/	Cold Spring (LDMW for GT 14, 15, and 16RM 74)	NV	41.19434	-114.98212	1974										7.14
http://resources.usgin.org/uri-gin/nbmg/thermalspring/NBMG:733/	Pedro Spring	NV	37.9946	-116.39069	1967	5.8	1	36	0.3	40	6.3	9.5			
http://resources.usgin.org/uri-gin/nbmg/thermalspring/NBMG:733/	Pedro Spring	NV	37.9946	-116.39069	1967	5.8		36	0.3	40	6.3	9.5		0.3	
http://resources.usgin.org/uri-gin/nbmg/thermalspring/NBMG:733/	Pedro Spring	NV	37.9946	-116.39069	1967										7.7
http://resources.usgin.org/uri-gin/nbmg/thermalspring/NBMG:735/	Warm Well - Fly Ranch Hot Springs / Wards Hot Springs / Hualapai Flat Hot Springs	NV	40.90109	-119.31867	1964	31	13				38	56			
http://resources.usgin.org/uri-gin/nbmg/thermalspring/NBMG:735/	Warm Well - Fly Ranch Hot Springs / Wards Hot Springs / Hualapai Flat Hot Springs	NV	40.90109	-119.31867	1964	31					38	56	172		
http://resources.usgin.org/uri-gin/nbmg/thermalspring/NBMG:735/	Warm Well - Fly Ranch Hot Springs / Wards Hot Springs / Hualapai Flat Hot Springs	NV	40.90109	-119.31867	1964										8.3
http://resources.usgin.org/uri-gin/nbmg/thermalspring/NBMG:735/	Warm Well - Fly Ranch Hot Springs / Wards Hot Springs / Hualapai Flat Hot Springs	NV	40.90109	-119.31867	1967	31	13	42	17		38	56			
http://resources.usgin.org/uri-gin/nbmg/thermalspring/NBMG:735/	Warm Well - Fly Ranch Hot Springs / Wards Hot Springs / Hualapai Flat Hot Springs	NV	40.90109	-119.31867	1967	31		42	17		38	56			
http://resources.usgin.org/uri-gin/nbmg/thermalspring/NBMG:735/	Warm Well - Fly Ranch Hot Springs / Wards Hot Springs / Hualapai Flat Hot Springs	NV	40.90109	-119.31867	1967										8.3
http://resources.usgin.org/uri-gin/nbmg/thermalspring/NBMG:736/	Flatnose Spring	NV	37.89607	-114.22665	1985	26	3.5	34	5.6	55	10	18			
http://resources.usgin.org/uri-gin/nbmg/thermalspring/NBMG:736/	Flatnose Spring	NV	37.89607	-114.22665	1985	26		34	5.6	55	10	18		1.3	
http://resources.usgin.org/uri-gin/nbmg/thermalspring/NBMG:736/	Flatnose Spring	NV	37.89607	-114.22665	1985										8
http://resources.usgin.org/uri-gin/nbmg/thermalspring/NBMG:736/	Flatnose Spring	NV	37.89607	-114.22665		30	10			20	20	44			
http://resources.usgin.org/uri-gin/nbmg/thermalspring/NBMG:736/	Flatnose Spring	NV	37.89607	-114.22665		30				20	20	44	162		
http://resources.usgin.org/uri-gin/nbmg/thermalspring/NBMG:74/	Hot Spring - Ruby Marsh	NV	40.25014	-115.40148	1949	45	12	58	14	50	6.5	24			
http://resources.usgin.org/uri-gin/nbmg/thermalspring/NBMG:74/	Hot Spring - Ruby Marsh	NV	40.25014	-115.40148	1949	45		58	14	50	6.5	24	377		
http://resources.usgin.org/uri-gin/nbmg/thermalspring/NBMG:74/	Hot Spring - Ruby Marsh	NV	40.25014	-115.40148	1949										8
http://resources.usgin.org/uri-gin/nbmg/thermalspring/NBMG:74/	Hot Spring - Ruby Marsh	NV	40.25014	-115.40148	1972	45	12	58	13.8	50	6.5	24			
http://resources.usgin.org/uri-gin/nbmg/thermalspring/NBMG:74/	Hot Spring - Ruby Marsh	NV	40.25014	-115.40148	1972	45		58	13.8	50	6.5	24	377	3.6	
http://resources.usgin.org/uri-gin/nbmg/thermalspring/NBMG:74/	Hot Spring - Ruby Marsh	NV	40.25014	-115.40148	1972										8
http://resources.usgin.org/uri-gin/nbmg/thermalspring/NBMG:740/	McLeod Ranch Hot Springs	NV	39.03139	-117.16585	1960	39	2.3	575	41	96	52	82			
http://resources.usgin.org/uri-gin/nbmg/thermalspring/NBMG:740/	McLeod Ranch Hot Springs	NV	39.03139	-117.16585	1960	39		575	41	96	52	82	1519		
http://resources.usgin.org/uri-gin/nbmg/thermalspring/NBMG:740/	McLeod Ranch Hot Springs	NV	39.03139	-117.16585	1960										6.7
http://resources.usgin.org/uri-gin/nbmg/thermalspring/NBMG:755/	Pahrump Springs / Bennetts Springs	NV	36.20747	-115.97918	1960	50.3	22.2	8.2			0.7	32.9			
http://resources.usgin.org/uri-gin/nbmg/thermalspring/NBMG:755/	Pahrump Springs / Bennetts Springs	NV	36.20747	-115.97918	1960	50.3		8.2			0.7	32.9	243.8		
http://resources.usgin.org/uri-gin/nbmg/thermalspring/NBMG:764/	Indian Springs 2 - Indian Springs Valley	NV	36.56496	-115.66919	1958	50	20				3.7	16			
http://resources.usgin.org/uri-gin/nbmg/thermalspring/NBMG:764/	Indian Springs 2 - Indian Springs Valley	NV	36.56496	-115.66919	1958	50					3.7	16	239	0.1	
http://resources.usgin.org/uri-gin/nbmg/thermalspring/NBMG:764/	Indian Springs 2 - Indian Springs Valley	NV	36.56496	-115.66919	1958										7.3
http://resources.usgin.org/uri-gin/nbmg/thermalspring/NBMG:764/	Indian Springs 2 - Indian Springs Valley	NV	36.56496	-115.66919	1959	50	20	4.5	1.1	13	3.7	16			
http://resources.usgin.org/uri-gin/nbmg/thermalspring/NBMG:764/	Indian Springs 2 - Indian Springs Valley	NV	36.56496	-115.66919	1959	50		4.5	1.1	13	3.7	16	238	-9999999	
http://resources.usgin.org/uri-gin/nbmg/thermalspring/NBMG:764/	Indian Springs 2 - Indian Springs Valley	NV	36.56496	-115.66919	1959										7.4
http://resources.usgin.org/uri-gin/nbmg/thermalspring/NBMG:764/	Indian Springs 2 - Indian Springs Valley	NV	36.56496	-115.66919	1994	42	23	3.9	1.2	13	3.3	14			
http://resources.usgin.org/uri-gin/nbmg/thermalspring/NBMG:764/	Indian Springs 2 - Indian Springs Valley	NV	36.56496	-115.66919	1994	42		3.9	1.2	13	3.3	14	232	0.1	
http://resources.usgin.org/uri-gin/nbmg/thermalspring/NBMG:764/	Indian Springs 2 - Indian Springs Valley	NV	36.56496	-115.66919	1994										7.4
http://resources.usgin.org/uri-gin/nbmg/thermalspring/NBMG:784/	San Jacinto Ranch Springs / Mineral Springs	NV	41.86824	-114.69587	1962	25	8.6	13	3.9	18	3.9	11			
http://resources.usgin.org/uri-gin/nbmg/thermalspring/NBMG:784/	San Jacinto Ranch Springs / Mineral Springs	NV	41.86824	-114.69587	1962	25		13	3.9	18	3.9	11	132	-9999999	
http://resources.usgin.org/uri-gin/nbmg/thermalspring/NBMG:784/	San Jacinto Ranch Springs / Mineral Springs	NV	41.86824	-114.69587	1962										8.1
http://resources.usgin.org/uri-gin/nbmg/thermalspring/NBMG:784/	San Jacinto Ranch Springs / Mineral Springs	NV	41.86824	-114.69587	1979	23	7.3	14	4.5	16	4	17			
http://resources.usgin.org/uri-gin/nbmg/thermalspring/NBMG:784/	San Jacinto Ranch Springs / Mineral Springs	NV	41.86824	-114.69587	1979	23		14	4.5	16	4	17		0.1	
http://resources.usgin.org/uri-gin/nbmg/thermalspring/NBMG:784/	San Jacinto Ranch Springs / Mineral Springs	NV	41.86824	-114.69587	1979										7.6
http://resources.usgin.org/uri-gin/nbmg/thermalspring/NBMG:784/	San Jacinto Ranch Springs / Mineral Springs	NV	41.86824	-114.69587		25	8.6	13	3.9	18	3.9	11			
http://resources.usgin.org/uri-gin/nbmg/thermalspring/NBMG:784/	San Jacinto Ranch Springs / Mineral Springs	NV	41.86824	-114.69587		25		13	3.9	18	3.9	11	132	-9999999	
http://resources.usgin.org/uri-gin/nbmg/thermalspring/NBMG:784/	San Jacinto Ranch Springs / Mineral Springs	NV	41.86824	-114.69587											8.1
http://resources.usgin.org/uri-gin/nbmg/thermalspring/NBMG:787/	Jack Rabbit Spring	NV	36.38986	-116.27837	1963	160	95	420	21	24	310	980			
http://resources.usgin.org/uri-gin/nbmg/thermalspring/NBMG:787/	Jack Rabbit Spring	NV	36.38986	-116.27837	1963	160		420	21	24	310	980	168	1.7	
http://resources.usgin.org/uri-gin/nbmg/thermalspring/NBMG:787/	Jack Rabbit Spring	NV	36.38986	-116.27837	1963										8
http://resources.usgin.org/uri-gin/nbmg/thermalspring/NBMG:79/	Rizzi Ranch Hot Spring	NV	41.77366	-115.92222	1961	33	6.8	120	7.9	25	5	22			
http://resources.usgin.org/uri-gin/nbmg/thermalspring/NBMG:79/	Rizzi Ranch Hot Spring	NV	41.77366	-115.92222	1961	33		120	7.9	25	5	22	383	2.5	
http://resources.usgin.org/uri-gin/nbmg/thermalspring/NBMG:79/	Rizzi Ranch Hot Spring	NV	41.77366	-115.92222	1961										7.2
http://resources.usgin.org/uri-gin/nbmg/thermalspring/NBMG:79/	Rizzi Ranch Hot Spring	NV	41.77366	-115.92222	1973	29	7.7	110	8.3	23	4.4	36			
http://resources.usgin.org/uri-gin/nbmg/thermalspring/NBMG:79/	Rizzi Ranch Hot Spring	NV	41.77366	-115.92222	1973	29		110	8.3	23	4.4	36	380	3.4	
http://resources.usgin.org/uri-gin/nbmg/thermalspring/NBMG:79/	Rizzi Ranch Hot Spring	NV	41.77366	-115.92222	1973										7.4
http://resources.usgin.org/uri-gin/nbmg/thermalspring/NBMG:8/	Mud Volcano 2	NV	39.78324	-119.00933	1960	412	28	1380	114	149	1070	2760			
http://resources.usgin.org/uri-gin/nbmg/thermalspring/NBMG:8/	Mud Volcano 2	NV	39.78324	-119.00933	1960	412		1380	114	149	1070	2760	2	2.4	
http://resources.usgin.org/uri-gin/nbmg/thermalspring/NBMG:8/	Mud Volcano 2	NV	39.78324	-119.00933	1960										4.7
http://resources.usgin.org/uri-gin/nbmg/thermalspring/NBMG:8/	Mud Volcano 2	NV	39.78324	-119.00933	1962	412	28	1380	114	149	1070	2760			
http://resources.usgin.org/uri-gin/nbmg/thermalspring/NBMG:8/	Mud Volcano 2	NV	39.78324	-119.00933	1962	412		1380	114	149	1070	2760	2	2.4	
http://resources.usgin.org/uri-gin/nbmg/thermalspring/NBMG:8/	Mud Volcano 2	NV	39.78324	-119.00933	1962										4.7
http://resources.usgin.org/uri-gin/nbmg/thermalspring/NBMG:80254/	Cold Spring - Tobin Range	NV	40.64115	-117.37913	2002	42.1	17.6	14.7	0.9	16.5	27.9	46.5			
http://resources.usgin.org/uri-gin/nbmg/thermalspring/NBMG:80254/	Cold Spring - Tobin Range	NV	40.64115	-117.37913	2002	42.1		14.7	0.9	16.5	27.9	46.5	168	0.1	
http://resources.usgin.org/uri-gin/nbmg/thermalspring/NBMG:80254/	Cold Spring - Tobin Range	NV	40.64115	-117.37913	2002										7.79
http://resources.usgin.org/uri-gin/nbmg/thermalspring/NBMG:80255/	Buffalo Springs	NV	40.42661	-117.41107	2002	44.3	6.7	18.8	1.3	21.6	30	24.6			
http://resources.usgin.org/uri-gin/nbmg/thermalspring/NBMG:80255/	Buffalo Springs	NV	40.42661	-117.41107	2002	44.3		18.8	1.3	21.6	30	24.6	166	0.1	
http://resources.usgin.org/uri-gin/nbmg/thermalspring/NBMG:80255/	Buffalo Springs	NV	40.42661	-117.41107	2002										8.07
http://resources.usgin.org/uri-gin/nbmg/thermalspring/NBMG:80256/	Buffalo Springs	NV	40.39751	-117.41386	2003	12.7	2.3	37.6	1.2	15.8	26.1	21.3			
http://resources.usgin.org/uri-gin/nbmg/thermalspring/NBMG:80256/	Buffalo Springs	NV	40.39751	-117.41386	2003	12.7		37.6	1.2	15.8	26.1	21.3	98	0.2	
http://resources.usgin.org/uri-gin/nbmg/thermalspring/NBMG:80256/	Buffalo Springs	NV	40.39751	-117.41386	2003										8.16
http://resources.usgin.org/uri-gin/nbmg/thermalspring/NBMG:80257/	Buffalo Springs	NV	40.39536	-117.37664	2003										8.28
http://resources.usgin.org/uri-gin/nbmg/thermalspring/NBMG:80257/	Buffalo Springs	NV	40.39536	-117.37664	2004	9.6	3.1	95.7	10.1	85.1	36.2	31.3			
http://resources.usgin.org/uri-gin/nbmg/thermalspring/NBMG:80257/	Buffalo Springs	NV	40.39536	-117.37664	2004	9.6		95.7	10.1	85.1	36.2	31.3	234	0.8	
http://resources.usgin.org/uri-gin/nbmg/thermalspring/NBMG:80257/	Buffalo Springs	NV	40.39536	-117.37664	2004										8.39
http://resources.usgin.org/uri-gin/nbmg/thermalspring/NBMG:80258/	Buffalo Springs	NV	40.38595	-117.38647	2003	20.7	3.7	36.8	3.5	47.1	28	19.3			
http://resources.usgin.org/uri-gin/nbmg/thermalspring/NBMG:80258/	Buffalo Springs	NV	40.38595	-117.38647	2003	20.7		36.8	3.5	47.1	28	19.3	120	0.3	
http://resources.usgin.org/uri-gin/nbmg/thermalspring/NBMG:80258/	Buffalo Springs	NV	40.38595	-117.38647	2003										7.87
http://resources.usgin.org/uri-gin/nbmg/thermalspring/NBMG:80259/	Buffalo Springs	NV	40.42441	-117.36432	2004	1.5	0.7	460	12.9	79.4	455	63.7			
http://resources.usgin.org/uri-gin/nbmg/thermalspring/NBMG:80259/	Buffalo Springs	NV	40.42441	-117.36432	2004	1.5		460	12.9	79.4	455	63.7	365	10.574	
http://resources.usgin.org/uri-gin/nbmg/thermalspring/NBMG:80259/	Buffalo Springs	NV	40.42441	-117.36432	2004										9.21
http://resources.usgin.org/uri-gin/nbmg/thermalspring/NBMG:80260/	Cold Spring - Fish Creek Mountains	NV	40.20288	-117.4039	2004	12.2	2.6	26.9	0.8	21.8	22.7	16.7			
http://resources.usgin.org/uri-gin/nbmg/thermalspring/NBMG:80260/	Cold Spring - Fish Creek Mountains	NV	40.20288	-117.4039	2004	12.2		26.9	0.8	21.8	22.7	16.7	60	0.1	
http://resources.usgin.org/uri-gin/nbmg/thermalspring/NBMG:80260/	Cold Spring - Fish Creek Mountains	NV	40.20288	-117.4039	2004										7.61
http://resources.usgin.org/uri-gin/nbmg/thermalspring/NBMG:80261/	Cold Spring - Tobin Range	NV	40.55508	-117.42326	2004										7.23
http://resources.usgin.org/uri-gin/nbmg/thermalspring/NBMG:80262/	Cold Spring - Tobin Range	NV	40.55511	-117.42322	2005	57.8	18.3	8.6	0.8	12.6	9.2	23.8			
http://resources.usgin.org/uri-gin/nbmg/thermalspring/NBMG:80262/	Cold Spring - Tobin Range	NV	40.55511	-117.42322	2005	57.8		8.6	0.8	12.6	9.2	23.8	245	0.1	
http://resources.usgin.org/uri-gin/nbmg/thermalspring/NBMG:80262/	Cold Spring - Tobin Range	NV	40.55511	-117.42322	2005										7.48
http://resources.usgin.org/uri-gin/nbmg/thermalspring/NBMG:80264/	Cold Spring - Buffalo Valley	NV	40.45294	-117.45776	2004										7.46
http://resources.usgin.org/uri-gin/nbmg/thermalspring/NBMG:80264/	Cold Spring - Buffalo Valley	NV	40.45294	-117.45776	2005	46.4	19	31.3	1.1	14.2	24.6	46			
http://resources.usgin.org/uri-gin/nbmg/thermalspring/NBMG:80264/	Cold Spring - Buffalo Valley	NV	40.45294	-117.45776	2005	46.4		31.3	1.1	14.2	24.6	46	204	0.1	
http://resources.usgin.org/uri-gin/nbmg/thermalspring/NBMG:80264/	Cold Spring - Buffalo Valley	NV	40.45294	-117.45776	2005										7.48
http://resources.usgin.org/uri-gin/nbmg/thermalspring/NBMG:80274/	Buffalo Valley Hot Springs	NV	40.36732	-117.32495	2002	38.7	4.69	260	30.6	77.4	33	93.8			
http://resources.usgin.org/uri-gin/nbmg/thermalspring/NBMG:80274/	Buffalo Valley Hot Springs	NV	40.36732	-117.32495	2002	38.7		260	30.6	77.4	33	93.8	688	2.2	
http://resources.usgin.org/uri-gin/nbmg/thermalspring/NBMG:80274/	Buffalo Valley Hot Springs	NV	40.36732	-117.32495	2002										7.66
http://resources.usgin.org/uri-gin/nbmg/thermalspring/NBMG:80322/	Buffalo Valley Hot Springs	NV	40.36644	-117.32654	2002	34.2	4.5	264.5	30.8	75.5	37.1	104			
http://resources.usgin.org/uri-gin/nbmg/thermalspring/NBMG:80322/	Buffalo Valley Hot Springs	NV	40.36644	-117.32654	2002	34.2		264.5	30.8	75.5	37.1	104	692	2.2	
http://resources.usgin.org/uri-gin/nbmg/thermalspring/NBMG:80322/	Buffalo Valley Hot Springs	NV	40.36644	-117.32654	2002										7.3
http://resources.usgin.org/uri-gin/nbmg/thermalspring/NBMG:80323/	Buffalo Valley Hot Springs	NV	40.36758	-117.32737	2002	31.8	4.76	262	31.9	75.3	33	93.8			
http://resources.usgin.org/uri-gin/nbmg/thermalspring/NBMG:80323/	Buffalo Valley Hot Springs	NV	40.36758	-117.32737	2002	31.8		262	31.9	75.3	33	93.8	696	2.2	
http://resources.usgin.org/uri-gin/nbmg/thermalspring/NBMG:80323/	Buffalo Valley Hot Springs	NV	40.36758	-117.32737	2002										6.9
http://resources.usgin.org/uri-gin/nbmg/thermalspring/NBMG:80323/	Buffalo Valley Hot Springs	NV	40.36758	-117.32737	2004										6.46
http://resources.usgin.org/uri-gin/nbmg/thermalspring/NBMG:80324/	Buffalo Valley Hot Springs	NV	40.36739	-117.32549	2005										6.55
http://resources.usgin.org/uri-gin/nbmg/thermalspring/NBMG:80325/	Buffalo Valley Hot Springs	NV	40.3663	-117.32748	2002	36.4	4.83	260	31.7	68.7	33	87.8			
http://resources.usgin.org/uri-gin/nbmg/thermalspring/NBMG:80325/	Buffalo Valley Hot Springs	NV	40.3663	-117.32748	2002	36.4		260	31.7	68.7	33	87.8	704	2.2	
http://resources.usgin.org/uri-gin/nbmg/thermalspring/NBMG:80325/	Buffalo Valley Hot Springs	NV	40.3663	-117.32748	2002										6.72
http://resources.usgin.org/uri-gin/nbmg/thermalspring/NBMG:80330/	Monte Neva Hot Springs / Melvin Hot Springs / Goodrich Hot Springs	NV	39.6688	-114.8094	2002	53.4	18.7	13.5	7.6	51.1	3.7	20.4			
http://resources.usgin.org/uri-gin/nbmg/thermalspring/NBMG:80330/	Monte Neva Hot Springs / Melvin Hot Springs / Goodrich Hot Springs	NV	39.6688	-114.8094	2002	53.4		13.5	7.6	51.1	3.7	20.4	269	0.8	
http://resources.usgin.org/uri-gin/nbmg/thermalspring/NBMG:80330/	Monte Neva Hot Springs / Melvin Hot Springs / Goodrich Hot Springs	NV	39.6688	-114.8094	2002										6.76
http://resources.usgin.org/uri-gin/nbmg/thermalspring/NBMG:80333/	Warm Spring - Candelaria Hills	NV	38.11233	-117.99771	2005	29.8	8.25	1000	48.7	65.7	1180	456			
http://resources.usgin.org/uri-gin/nbmg/thermalspring/NBMG:80333/	Warm Spring - Candelaria Hills	NV	38.11233	-117.99771	2005	29.8		1000	48.7	65.7	1180	456	305	9.9	
http://resources.usgin.org/uri-gin/nbmg/thermalspring/NBMG:80333/	Warm Spring - Candelaria Hills	NV	38.11233	-117.99771	2005										8.12
http://resources.usgin.org/uri-gin/nbmg/thermalspring/NBMG:80334/	Cold Spring - Columbus Marsh	NV	38.04784	-118.00671	2005	79.9	10.9	811	101	65.5	1308	185			
http://resources.usgin.org/uri-gin/nbmg/thermalspring/NBMG:80334/	Cold Spring - Columbus Marsh	NV	38.04784	-118.00671	2005	79.9		811	101	65.5	1308	185	111	120.211	
http://resources.usgin.org/uri-gin/nbmg/thermalspring/NBMG:80334/	Cold Spring - Columbus Marsh	NV	38.04784	-118.00671	2005										8.33
http://resources.usgin.org/uri-gin/nbmg/thermalspring/NBMG:80343/	Devils Punch Bowl / Cress Ranch Hot Springs / Hot Springs nr Winter Creek	NV	41.2615	-115.30707	2002	31.2	14.2	238	43.1	48.6	33.4	8.9			
http://resources.usgin.org/uri-gin/nbmg/thermalspring/NBMG:80343/	Devils Punch Bowl / Cress Ranch Hot Springs / Hot Springs nr Winter Creek	NV	41.2615	-115.30707	2002	31.2		238	43.1	48.6	33.4	8.9	728	0.8	
http://resources.usgin.org/uri-gin/nbmg/thermalspring/NBMG:80343/	Devils Punch Bowl / Cress Ranch Hot Springs / Hot Springs nr Winter Creek	NV	41.2615	-115.30707	2002										6.48
http://resources.usgin.org/uri-gin/nbmg/thermalspring/NBMG:80344/	Devils Punch Bowl / Cress Ranch Hot Springs / Hot Springs nr Winter Creek	NV	41.2618	-115.30485	2002	33.3	14.4	231	44.6	43.2	31.4	11			
http://resources.usgin.org/uri-gin/nbmg/thermalspring/NBMG:80344/	Devils Punch Bowl / Cress Ranch Hot Springs / Hot Springs nr Winter Creek	NV	41.2618	-115.30485	2002	33.3		231	44.6	43.2	31.4	11	718	0.7	
http://resources.usgin.org/uri-gin/nbmg/thermalspring/NBMG:80344/	Devils Punch Bowl / Cress Ranch Hot Springs / Hot Springs nr Winter Creek	NV	41.2618	-115.30485	2002										6.36
http://resources.usgin.org/uri-gin/nbmg/thermalspring/NBMG:80348/	Cold Spring - Sadler Ranch	NV	39.96144	-116.06211	2002	13.4	14.3	238	15.3	55.6	221	213.44			
http://resources.usgin.org/uri-gin/nbmg/thermalspring/NBMG:80348/	Cold Spring - Sadler Ranch	NV	39.96144	-116.06211	2002	13.4		238	15.3	55.6	221	213.44	181.2	0.5	
http://resources.usgin.org/uri-gin/nbmg/thermalspring/NBMG:80348/	Cold Spring - Sadler Ranch	NV	39.96144	-116.06211	2002										7.96
http://resources.usgin.org/uri-gin/nbmg/thermalspring/NBMG:80349/	Sulfur Springs / Sulphur Springs	NV	39.83662	-116.06898	2003	63.7	27.6	26.2	9.1	33.4	31.3	42.3			
http://resources.usgin.org/uri-gin/nbmg/thermalspring/NBMG:80349/	Sulfur Springs / Sulphur Springs	NV	39.83662	-116.06898	2003	63.7		26.2	9.1	33.4	31.3	42.3	327	0.3	
http://resources.usgin.org/uri-gin/nbmg/thermalspring/NBMG:80349/	Sulfur Springs / Sulphur Springs	NV	39.83662	-116.06898	2003										7.58
http://resources.usgin.org/uri-gin/nbmg/thermalspring/NBMG:80353/	W Rock Springs Well	NV	39.29862	-118.55142	2002	46.9	8.4	955	49.6	103.3	1320	277			
http://resources.usgin.org/uri-gin/nbmg/thermalspring/NBMG:80353/	W Rock Springs Well	NV	39.29862	-118.55142	2002	46.9		955	49.6	103.3	1320	277	206	70.167	
http://resources.usgin.org/uri-gin/nbmg/thermalspring/NBMG:80353/	W Rock Springs Well	NV	39.29862	-118.55142	2002										7.36
http://resources.usgin.org/uri-gin/nbmg/thermalspring/NBMG:80355/	Open Pit Mine Spring	NV	37.9852	-117.98791	2005	23.3	40	1096	93.9	3.63690806807662	-0.001	442			
http://resources.usgin.org/uri-gin/nbmg/thermalspring/NBMG:80355/	Open Pit Mine Spring	NV	37.9852	-117.98791	2005	23.3		1096	93.9	3.63690806807662	-0.001	442	36.3	11.5	
http://resources.usgin.org/uri-gin/nbmg/thermalspring/NBMG:80355/	Open Pit Mine Spring	NV	37.9852	-117.98791	2005										8.7
http://resources.usgin.org/uri-gin/nbmg/thermalspring/NBMG:80356/	Swimming Pool Well	NV	37.86006	-117.98378	2005	4.2	0.2	322	31.6	80.7	-0.001	76.8			
http://resources.usgin.org/uri-gin/nbmg/thermalspring/NBMG:80356/	Swimming Pool Well	NV	37.86006	-117.98378	2005	4.2		322	31.6	80.7	-0.001	76.8	12.7	6.6	
http://resources.usgin.org/uri-gin/nbmg/thermalspring/NBMG:80356/	Swimming Pool Well	NV	37.86006	-117.98378	2005										7.95
http://resources.usgin.org/uri-gin/nbmg/thermalspring/NBMG:80357/	Cold Spring - Fish Lake Valley	NV	37.85004	-117.98868	2005	15.4	1.6	242	28.5	106.8	-0.001	68.2			
http://resources.usgin.org/uri-gin/nbmg/thermalspring/NBMG:80357/	Cold Spring - Fish Lake Valley	NV	37.85004	-117.98868	2005	15.4		242	28.5	106.8	-0.001	68.2	14.5	5.4	
http://resources.usgin.org/uri-gin/nbmg/thermalspring/NBMG:80357/	Cold Spring - Fish Lake Valley	NV	37.85004	-117.98868	2005										7.38
http://resources.usgin.org/uri-gin/nbmg/thermalspring/NBMG:80358/	Golconda Hot Springs / Segerstroms Hot Springs	NV	40.95419	-117.49025	2002	30.8	9.3	185	27.9	46.9	23	56.0164			
http://resources.usgin.org/uri-gin/nbmg/thermalspring/NBMG:80358/	Golconda Hot Springs / Segerstroms Hot Springs	NV	40.95419	-117.49025	2002	30.8		185	27.9	46.9	23	56.0164	516	1.07	
http://resources.usgin.org/uri-gin/nbmg/thermalspring/NBMG:80358/	Golconda Hot Springs / Segerstroms Hot Springs	NV	40.95419	-117.49025	2002										6.01
http://resources.usgin.org/uri-gin/nbmg/thermalspring/NBMG:80369/	Hot Spring - Hot Springs Point	NV	39.96816	-116.6815	2002	39	11.8	114	42	66.3	30	48.024			
http://resources.usgin.org/uri-gin/nbmg/thermalspring/NBMG:80369/	Hot Spring - Hot Springs Point	NV	39.96816	-116.6815	2002	39		114	42	66.3	30	48.024	396	2.2	
http://resources.usgin.org/uri-gin/nbmg/thermalspring/NBMG:80369/	Hot Spring - Hot Springs Point	NV	39.96816	-116.6815	2002										6.7
http://resources.usgin.org/uri-gin/nbmg/thermalspring/NBMG:80370/	Hot Spring - Hot Springs Point	NV	39.94098	-116.6825	2002	34.7	11.4	111	42.4	62.7	33	50.5			
http://resources.usgin.org/uri-gin/nbmg/thermalspring/NBMG:80370/	Hot Spring - Hot Springs Point	NV	39.94098	-116.6825	2002	34.7		111	42.4	62.7	33	50.5	383	2.1	
http://resources.usgin.org/uri-gin/nbmg/thermalspring/NBMG:80370/	Hot Spring - Hot Springs Point	NV	39.94098	-116.6825	2002										6.95
http://resources.usgin.org/uri-gin/nbmg/thermalspring/NBMG:80371/	Little Hot Springs - SE Hot Springs Point	NV	39.89264	-116.65022	2005	13.6	0.8	127	22.1	148.3	-0.001	62.5			
http://resources.usgin.org/uri-gin/nbmg/thermalspring/NBMG:80371/	Little Hot Springs - SE Hot Springs Point	NV	39.89264	-116.65022	2005	13.6		127	22.1	148.3	-0.001	62.5	9.2	8.7	
http://resources.usgin.org/uri-gin/nbmg/thermalspring/NBMG:80371/	Little Hot Springs - SE Hot Springs Point	NV	39.89264	-116.65022	2005										7.88
http://resources.usgin.org/uri-gin/nbmg/thermalspring/NBMG:80372/	Hot Spring - Hot Springs Point	NV	39.94118	-116.68257	2005	51.8	12	119	43	86.6	-0.001	61.5			
http://resources.usgin.org/uri-gin/nbmg/thermalspring/NBMG:80372/	Hot Spring - Hot Springs Point	NV	39.94118	-116.68257	2005	51.8		119	43	86.6	-0.001	61.5	24	9.6	
http://resources.usgin.org/uri-gin/nbmg/thermalspring/NBMG:80372/	Hot Spring - Hot Springs Point	NV	39.94118	-116.68257	2005										6.36
http://resources.usgin.org/uri-gin/nbmg/thermalspring/NBMG:80379/	Blue Jay Spring	NV	38.44737	-116.29942	2002	37.6	30.9	190	9.3	46.9	61	107			
http://resources.usgin.org/uri-gin/nbmg/thermalspring/NBMG:80379/	Blue Jay Spring	NV	38.44737	-116.29942	2002	37.6		190	9.3	46.9	61	107	487	1.3	
http://resources.usgin.org/uri-gin/nbmg/thermalspring/NBMG:80381/	Bartine Hot Springs	NV	39.55852	-116.36068	2003	60.7	18.9	26.5	11.9	32.9	10.4	28.7			
http://resources.usgin.org/uri-gin/nbmg/thermalspring/NBMG:80381/	Bartine Hot Springs	NV	39.55852	-116.36068	2003	60.7		26.5	11.9	32.9	10.4	28.7	290	0.63	
http://resources.usgin.org/uri-gin/nbmg/thermalspring/NBMG:80381/	Bartine Hot Springs	NV	39.55852	-116.36068	2003										7.07
http://resources.usgin.org/uri-gin/nbmg/thermalspring/NBMG:80383/	Warm Spring - Hot Springs Ranch	NV	41.06519	-117.07701	2004	20	3.7	58.1	1.1	66.1	18.6	28.2			
http://resources.usgin.org/uri-gin/nbmg/thermalspring/NBMG:80383/	Warm Spring - Hot Springs Ranch	NV	41.06519	-117.07701	2004	20		58.1	1.1	66.1	18.6	28.2	157	5.1	
http://resources.usgin.org/uri-gin/nbmg/thermalspring/NBMG:80383/	Warm Spring - Hot Springs Ranch	NV	41.06519	-117.07701	2004										7.25
http://resources.usgin.org/uri-gin/nbmg/thermalspring/NBMG:80384/	Warm Spring - Hot Springs Ranch	NV	41.06466	-117.07709	1980	19.1	3.09	72	4.96	33.3	18.6	26.9			
http://resources.usgin.org/uri-gin/nbmg/thermalspring/NBMG:80384/	Warm Spring - Hot Springs Ranch	NV	41.06466	-117.07709	1980	19.1		72	4.96	33.3	18.6	26.9	185	6.16	
http://resources.usgin.org/uri-gin/nbmg/thermalspring/NBMG:80384/	Warm Spring - Hot Springs Ranch	NV	41.06466	-117.07709	1980										7.4
http://resources.usgin.org/uri-gin/nbmg/thermalspring/NBMG:80384/	Warm Spring - Hot Springs Ranch	NV	41.06466	-117.07709	2004	18.9	3.2	59.6	2.1	59.9	17.8	22			
http://resources.usgin.org/uri-gin/nbmg/thermalspring/NBMG:80384/	Warm Spring - Hot Springs Ranch	NV	41.06466	-117.07709	2004	18.9		59.6	2.1	59.9	17.8	22	162	4.2	
http://resources.usgin.org/uri-gin/nbmg/thermalspring/NBMG:80384/	Warm Spring - Hot Springs Ranch	NV	41.06466	-117.07709	2004										7.77
http://resources.usgin.org/uri-gin/nbmg/thermalspring/NBMG:80386/	Hot Sulphur Springs / Ellison Ranch Springs / Tuscarora Hot Springs / Hot Sulfur Springs	NV	41.47856	-116.14572	2003	4.09	0.22	146	20	143.6	18.6	50.2			
http://resources.usgin.org/uri-gin/nbmg/thermalspring/NBMG:80386/	Hot Sulphur Springs / Ellison Ranch Springs / Tuscarora Hot Springs / Hot Sulfur Springs	NV	41.47856	-116.14572	2003	4.09		146	20	143.6	18.6	50.2	268	8.2	
http://resources.usgin.org/uri-gin/nbmg/thermalspring/NBMG:80386/	Hot Sulphur Springs / Ellison Ranch Springs / Tuscarora Hot Springs / Hot Sulfur Springs	NV	41.47856	-116.14572	2003										7.8
http://resources.usgin.org/uri-gin/nbmg/thermalspring/NBMG:80396/	Patua Hot Springs / Hazen Hot Springs	NV	39.60114	-119.11086	2006	64.5	1.67453	606	36	148.9	750	344			
http://resources.usgin.org/uri-gin/nbmg/thermalspring/NBMG:80396/	Patua Hot Springs / Hazen Hot Springs	NV	39.60114	-119.11086	2006	64.5		606	36	148.9	750	344	96	4.7	
http://resources.usgin.org/uri-gin/nbmg/thermalspring/NBMG:80396/	Patua Hot Springs / Hazen Hot Springs	NV	39.60114	-119.11086	2006										6.63
http://resources.usgin.org/uri-gin/nbmg/thermalspring/NBMG:80398/	Patua Hot Springs / Hazen Hot Springs	NV	39.60044	-119.11253	2002										7.42
http://resources.usgin.org/uri-gin/nbmg/thermalspring/NBMG:80398/	Patua Hot Springs / Hazen Hot Springs	NV	39.60044	-119.11253	2003	41.6	0.78	660	39	156.4	757	355			
http://resources.usgin.org/uri-gin/nbmg/thermalspring/NBMG:80398/	Patua Hot Springs / Hazen Hot Springs	NV	39.60044	-119.11253	2003	41.6		660	39	156.4	757	355	81	3.4	
http://resources.usgin.org/uri-gin/nbmg/thermalspring/NBMG:80398/	Patua Hot Springs / Hazen Hot Springs	NV	39.60044	-119.11253	2003										7.24
http://resources.usgin.org/uri-gin/nbmg/thermalspring/NBMG:80401/	Patua Hot Springs / Hazen Hot Springs	NV	39.59953	-119.10959	2006	55.8	1.31281	643	49.8	168.4	785	360			
http://resources.usgin.org/uri-gin/nbmg/thermalspring/NBMG:80401/	Patua Hot Springs / Hazen Hot Springs	NV	39.59953	-119.10959	2006	55.8		643	49.8	168.4	785	360	88	5.5	
http://resources.usgin.org/uri-gin/nbmg/thermalspring/NBMG:80401/	Patua Hot Springs / Hazen Hot Springs	NV	39.59953	-119.10959	2006										7.12
http://resources.usgin.org/uri-gin/nbmg/thermalspring/NBMG:80404/	Lee Hot Springs / Lee Allen Hot Springs	NV	39.20834	-118.72508	2002	44.8	0.45	499	37.2	191.7	430	487			
http://resources.usgin.org/uri-gin/nbmg/thermalspring/NBMG:80404/	Lee Hot Springs / Lee Allen Hot Springs	NV	39.20834	-118.72508	2002	44.8		499	37.2	191.7	430	487	67.1	9.5	
http://resources.usgin.org/uri-gin/nbmg/thermalspring/NBMG:80404/	Lee Hot Springs / Lee Allen Hot Springs	NV	39.20834	-118.72508	2002										7.19
http://resources.usgin.org/uri-gin/nbmg/thermalspring/NBMG:80406/	Threemile Spring	NV	40.26896	-119.38232	2005	7.2	1.9	45.5	9	57.8	21.7	20.4			
http://resources.usgin.org/uri-gin/nbmg/thermalspring/NBMG:80406/	Threemile Spring	NV	40.26896	-119.38232	2005	7.2		45.5	9	57.8	21.7	20.4	104.3	0.4	
http://resources.usgin.org/uri-gin/nbmg/thermalspring/NBMG:80406/	Threemile Spring	NV	40.26896	-119.38232	2005										8.11
http://resources.usgin.org/uri-gin/nbmg/thermalspring/NBMG:80407/	Jackass Spring	NV	40.22238	-119.39206	2005	12.7	2.6	21.7	8.3	58.2	10.4	9.8			
http://resources.usgin.org/uri-gin/nbmg/thermalspring/NBMG:80407/	Jackass Spring	NV	40.22238	-119.39206	2005	12.7		21.7	8.3	58.2	10.4	9.8	89.1	0.3	
http://resources.usgin.org/uri-gin/nbmg/thermalspring/NBMG:80407/	Jackass Spring	NV	40.22238	-119.39206	2005										7.83
http://resources.usgin.org/uri-gin/nbmg/thermalspring/NBMG:80408/	Potato Patch Spring	NV	40.20184	-119.39322	2005	13.8	2	20.3	7.2	53.9	8.4	7.7			
http://resources.usgin.org/uri-gin/nbmg/thermalspring/NBMG:80408/	Potato Patch Spring	NV	40.20184	-119.39322	2005	13.8		20.3	7.2	53.9	8.4	7.7	86.4	0.3	
http://resources.usgin.org/uri-gin/nbmg/thermalspring/NBMG:80408/	Potato Patch Spring	NV	40.20184	-119.39322	2005										8.04
http://resources.usgin.org/uri-gin/nbmg/thermalspring/NBMG:80409/	Sevenmile Springs	NV	40.05207	-119.39495	2005	23.3	6	31.9	1.8	29.7	16.2	15.8			
http://resources.usgin.org/uri-gin/nbmg/thermalspring/NBMG:80409/	Sevenmile Springs	NV	40.05207	-119.39495	2005	23.3		31.9	1.8	29.7	16.2	15.8	177.5	0.2	
http://resources.usgin.org/uri-gin/nbmg/thermalspring/NBMG:80409/	Sevenmile Springs	NV	40.05207	-119.39495	2005										7.51
http://resources.usgin.org/uri-gin/nbmg/thermalspring/NBMG:80412/	MacFarlanes Bath House Spring / MacFarlanes Hot Spring / MacFarlanes Bathhouse Hot Spring	NV	41.05094	-118.71901	1980	21.9	11.9	1180	33.3	99.6	831	196			
http://resources.usgin.org/uri-gin/nbmg/thermalspring/NBMG:80412/	MacFarlanes Bath House Spring / MacFarlanes Hot Spring / MacFarlanes Bathhouse Hot Spring	NV	41.05094	-118.71901	1980	21.9		1180	33.3	99.6	831	196	1906	2.39	
http://resources.usgin.org/uri-gin/nbmg/thermalspring/NBMG:80412/	MacFarlanes Bath House Spring / MacFarlanes Hot Spring / MacFarlanes Bathhouse Hot Spring	NV	41.05094	-118.71901	1980										7.42
http://resources.usgin.org/uri-gin/nbmg/thermalspring/NBMG:80413/	MacFarlanes Bath House Spring / MacFarlanes Hot Spring / MacFarlanes Bathhouse Hot Spring	NV	41.05094	-118.71895	2002	18.4	10	1280	33.3	96.7	909	224			
http://resources.usgin.org/uri-gin/nbmg/thermalspring/NBMG:80413/	MacFarlanes Bath House Spring / MacFarlanes Hot Spring / MacFarlanes Bathhouse Hot Spring	NV	41.05094	-118.71895	2002	18.4		1280	33.3	96.7	909	224	1647	1.98	
http://resources.usgin.org/uri-gin/nbmg/thermalspring/NBMG:80413/	MacFarlanes Bath House Spring / MacFarlanes Hot Spring / MacFarlanes Bathhouse Hot Spring	NV	41.05094	-118.71895	2002										6.91
http://resources.usgin.org/uri-gin/nbmg/thermalspring/NBMG:80415/	Salt Water Spring	NV	41.08965	-118.71	2002	14.4	34.9	1020	20.9	70.2	1030	0.61			
http://resources.usgin.org/uri-gin/nbmg/thermalspring/NBMG:80415/	Salt Water Spring	NV	41.08965	-118.71	2002	14.4		1020	20.9	70.2	1030	0.61	1010	0.949	
http://resources.usgin.org/uri-gin/nbmg/thermalspring/NBMG:80415/	Salt Water Spring	NV	41.08965	-118.71	2002										9.74
http://resources.usgin.org/uri-gin/nbmg/thermalspring/NBMG:80424/	Pyramid Lake water	NV	39.84408	-119.43668	2006	17	42.6	537.661	50	11.3599893185217	639	109			
http://resources.usgin.org/uri-gin/nbmg/thermalspring/NBMG:80424/	Pyramid Lake water	NV	39.84408	-119.43668	2006	17		537.661	50	11.3599893185217	639	109	490	8.2	
http://resources.usgin.org/uri-gin/nbmg/thermalspring/NBMG:80424/	Pyramid Lake water	NV	39.84408	-119.43668	2006										9.31
http://resources.usgin.org/uri-gin/nbmg/thermalspring/NBMG:80425/	Popcorn Rock Spring	NV	39.84673	-119.45505	2006	23.9	36.9	644	35	26.9559068575091	382	443			
http://resources.usgin.org/uri-gin/nbmg/thermalspring/NBMG:80425/	Popcorn Rock Spring	NV	39.84673	-119.45505	2006	23.9		644	35	26.9559068575091	382	443	773	4.2	
http://resources.usgin.org/uri-gin/nbmg/thermalspring/NBMG:80425/	Popcorn Rock Spring	NV	39.84673	-119.45505	2006										8.83
http://resources.usgin.org/uri-gin/nbmg/thermalspring/NBMG:80426/	Pyramid Lake water	NV	40.18246	-119.51944	2006	12.2	102.878	1630	118	0.534839421775974	1830	277			
http://resources.usgin.org/uri-gin/nbmg/thermalspring/NBMG:80426/	Pyramid Lake water	NV	40.18246	-119.51944	2006	12.2		1630	118	0.534839421775974	1830	277	1261	20.07	
http://resources.usgin.org/uri-gin/nbmg/thermalspring/NBMG:80426/	Pyramid Lake water	NV	40.18246	-119.51944	2006										9.1
http://resources.usgin.org/uri-gin/nbmg/thermalspring/NBMG:80427/	Pyramid Lake water	NV	40.04273	-119.66597	2006	12.2	97.4501	1580	118	0.855743074841558	1780	273			
http://resources.usgin.org/uri-gin/nbmg/thermalspring/NBMG:80427/	Pyramid Lake water	NV	40.04273	-119.66597	2006	12.2		1580	118	0.855743074841558	1780	273	1274	40.06	
http://resources.usgin.org/uri-gin/nbmg/thermalspring/NBMG:80427/	Pyramid Lake water	NV	40.04273	-119.66597	2006										9.23
http://resources.usgin.org/uri-gin/nbmg/thermalspring/NBMG:80428/	Pyramid Lake water	NV	39.93346	-119.58615	2006	11.9	95.9084	1640	119	0.235329345581428	1900	272			
http://resources.usgin.org/uri-gin/nbmg/thermalspring/NBMG:80428/	Pyramid Lake water	NV	39.93346	-119.58615	2006	11.9		1640	119	0.235329345581428	1900	272	1270	0.11	
http://resources.usgin.org/uri-gin/nbmg/thermalspring/NBMG:80428/	Pyramid Lake water	NV	39.93346	-119.58615	2006										9.15
http://resources.usgin.org/uri-gin/nbmg/thermalspring/NBMG:80429/	Pyramid Lake water	NV	39.91727	-119.54946	2006	12.4	101.532	1640	108	0.513445844904935	1800	276			
http://resources.usgin.org/uri-gin/nbmg/thermalspring/NBMG:80429/	Pyramid Lake water	NV	39.91727	-119.54946	2006	12.4		1640	108	0.513445844904935	1800	276	1254	7.28	
http://resources.usgin.org/uri-gin/nbmg/thermalspring/NBMG:80429/	Pyramid Lake water	NV	39.91727	-119.54946	2006										9.2
http://resources.usgin.org/uri-gin/nbmg/thermalspring/NBMG:80430/	Pyramid Lake water	NV	39.95024	-119.4857	2006	12.7	99.092	1560	110	0.21393576871039	1830	278			
http://resources.usgin.org/uri-gin/nbmg/thermalspring/NBMG:80430/	Pyramid Lake water	NV	39.95024	-119.4857	2006	12.7		1560	110	0.21393576871039	1830	278	1235	4.9	
http://resources.usgin.org/uri-gin/nbmg/thermalspring/NBMG:80430/	Pyramid Lake water	NV	39.95024	-119.4857	2006										9.2
http://resources.usgin.org/uri-gin/nbmg/thermalspring/NBMG:80431/	Pyramid Lake water	NV	39.978	-119.49819	2006	12.8	106.03	1550	111	0.149755038097273	1780	269			
http://resources.usgin.org/uri-gin/nbmg/thermalspring/NBMG:80431/	Pyramid Lake water	NV	39.978	-119.49819	2006	12.8		1550	111	0.149755038097273	1780	269	1259	3.5	
http://resources.usgin.org/uri-gin/nbmg/thermalspring/NBMG:80431/	Pyramid Lake water	NV	39.978	-119.49819	2006										9.21
http://resources.usgin.org/uri-gin/nbmg/thermalspring/NBMG:80432/	Numana Dam water	NV	39.78755	-119.34844	2006	20.8	9.03579	25.8	14	22.5	36	26.1			
http://resources.usgin.org/uri-gin/nbmg/thermalspring/NBMG:80432/	Numana Dam water	NV	39.78755	-119.34844	2006	20.8		25.8	14	22.5	36	26.1	82	40.04	
http://resources.usgin.org/uri-gin/nbmg/thermalspring/NBMG:80432/	Numana Dam water	NV	39.78755	-119.34844	2006										8.28
http://resources.usgin.org/uri-gin/nbmg/thermalspring/NBMG:80433/	Hot Spring - Hot Springs Ranch	NV	40.76123	-117.49311	2002	12.2	42.6	537.661	50	159.8	52.8	126			
http://resources.usgin.org/uri-gin/nbmg/thermalspring/NBMG:80433/	Hot Spring - Hot Springs Ranch	NV	40.76123	-117.49311	2002	12.2		537.661	50	159.8	52.8	126	324	8.2	
http://resources.usgin.org/uri-gin/nbmg/thermalspring/NBMG:80433/	Hot Spring - Hot Springs Ranch	NV	40.76123	-117.49311	2002										7
http://resources.usgin.org/uri-gin/nbmg/thermalspring/NBMG:80434/	Hot Spring - Hot Springs Ranch	NV	40.76122	-117.49317	2002	9.1	36.9	644	35	149.5	52.8	126			
http://resources.usgin.org/uri-gin/nbmg/thermalspring/NBMG:80434/	Hot Spring - Hot Springs Ranch	NV	40.76122	-117.49317	2002	9.1		644	35	149.5	52.8	126	312	4.2	
http://resources.usgin.org/uri-gin/nbmg/thermalspring/NBMG:80434/	Hot Spring - Hot Springs Ranch	NV	40.76122	-117.49317	2002										7
http://resources.usgin.org/uri-gin/nbmg/thermalspring/NBMG:80437/	Hot Spring - Hot Springs Ranch	NV	40.76074	-117.49291		11.5	0.9	230	25	140	36.1	144			
http://resources.usgin.org/uri-gin/nbmg/thermalspring/NBMG:80437/	Hot Spring - Hot Springs Ranch	NV	40.76074	-117.49291		11.5		230	25	140	36.1	144	434	9.8	
http://resources.usgin.org/uri-gin/nbmg/thermalspring/NBMG:80437/	Hot Spring - Hot Springs Ranch	NV	40.76074	-117.49291											8
http://resources.usgin.org/uri-gin/nbmg/thermalspring/NBMG:80442/	Bass Spring - Hot Springs Ranch	NV	40.7605	-117.49226	2002	20.2	1.58	205	18	151.5	52.8	122			
http://resources.usgin.org/uri-gin/nbmg/thermalspring/NBMG:80442/	Bass Spring - Hot Springs Ranch	NV	40.7605	-117.49226	2002	20.2		205	18	151.5	52.8	122	352	8.5	
http://resources.usgin.org/uri-gin/nbmg/thermalspring/NBMG:80443/	Hot Well - Hot Springs Ranch	NV	40.76127	-117.48878	2002	22.6	1.9	214	19.2	200.2	57.3	128			
http://resources.usgin.org/uri-gin/nbmg/thermalspring/NBMG:80443/	Hot Well - Hot Springs Ranch	NV	40.76127	-117.48878	2002	22.6		214	19.2	200.2	57.3	128	362	8.3	
http://resources.usgin.org/uri-gin/nbmg/thermalspring/NBMG:80448/	Warm Spring - Rock Creek	NV	41.27913	-116.62131	2002	29.8	11.65	81.5	14.7	15.1	12.6	63.9508			
http://resources.usgin.org/uri-gin/nbmg/thermalspring/NBMG:80448/	Warm Spring - Rock Creek	NV	41.27913	-116.62131	2002	29.8		81.5	14.7	15.1	12.6	63.9508	263	1.46	
http://resources.usgin.org/uri-gin/nbmg/thermalspring/NBMG:80448/	Warm Spring - Rock Creek	NV	41.27913	-116.62131	2002										7
http://resources.usgin.org/uri-gin/nbmg/thermalspring/NBMG:80451/	Warm Spring - Rhodes Marsh	NV	38.28161	-118.06933	2005	1.1	0	1050	26.3	152.8	361	414			
http://resources.usgin.org/uri-gin/nbmg/thermalspring/NBMG:80451/	Warm Spring - Rhodes Marsh	NV	38.28161	-118.06933	2005	1.1		1050	26.3	152.8	361	414	1525	54.5	
http://resources.usgin.org/uri-gin/nbmg/thermalspring/NBMG:80451/	Warm Spring - Rhodes Marsh	NV	38.28161	-118.06933	2005										9.82
http://resources.usgin.org/uri-gin/nbmg/thermalspring/NBMG:80455/	Cold Spring - Smith Creek Valley	NV	39.30232	-117.55077	2002	1.7	0.01	169	6.4	64.4	23.8	106			
http://resources.usgin.org/uri-gin/nbmg/thermalspring/NBMG:80455/	Cold Spring - Smith Creek Valley	NV	39.30232	-117.55077	2002	1.7		169	6.4	64.4	23.8	106	255	8.9	
http://resources.usgin.org/uri-gin/nbmg/thermalspring/NBMG:80455/	Cold Spring - Smith Creek Valley	NV	39.30232	-117.55077	2002										8.65
http://resources.usgin.org/uri-gin/nbmg/thermalspring/NBMG:80468/	Smith Creek Hot Springs	NV	39.31251	-117.55082	2002	5.4	0.13	140	11.3	119.6	23.9	118			
http://resources.usgin.org/uri-gin/nbmg/thermalspring/NBMG:80468/	Smith Creek Hot Springs	NV	39.31251	-117.55082	2002	5.4		140	11.3	119.6	23.9	118	221	8.9	
http://resources.usgin.org/uri-gin/nbmg/thermalspring/NBMG:80468/	Smith Creek Hot Springs	NV	39.31251	-117.55082	2002										8.04
http://resources.usgin.org/uri-gin/nbmg/thermalspring/NBMG:80478/	Smith Creek Hot Springs	NV	39.31284	-117.55011	2002	5.5	0.06	141	9.55	136.5	23.7	114			
http://resources.usgin.org/uri-gin/nbmg/thermalspring/NBMG:80478/	Smith Creek Hot Springs	NV	39.31284	-117.55011	2002	5.5		141	9.55	136.5	23.7	114	225	8.7	
http://resources.usgin.org/uri-gin/nbmg/thermalspring/NBMG:80478/	Smith Creek Hot Springs	NV	39.31284	-117.55011	2002										8
http://resources.usgin.org/uri-gin/nbmg/thermalspring/NBMG:80482/	Smith Creek Hot Springs	NV	39.31355	-117.54961	2002	5.3	0.02	136	8.04	85.1	23.3	112			
http://resources.usgin.org/uri-gin/nbmg/thermalspring/NBMG:80482/	Smith Creek Hot Springs	NV	39.31355	-117.54961	2002	5.3		136	8.04	85.1	23.3	112	225	8.5	
http://resources.usgin.org/uri-gin/nbmg/thermalspring/NBMG:80482/	Smith Creek Hot Springs	NV	39.31355	-117.54961	2002										8.01
http://resources.usgin.org/uri-gin/nbmg/thermalspring/NBMG:80490/	Smith Creek Hot Springs	NV	39.31561	-117.54692	2002	5.5	0.05	137	10.1	120	22.8	111			
http://resources.usgin.org/uri-gin/nbmg/thermalspring/NBMG:80490/	Smith Creek Hot Springs	NV	39.31561	-117.54692	2002	5.5		137	10.1	120	22.8	111	229	8.3	
http://resources.usgin.org/uri-gin/nbmg/thermalspring/NBMG:80490/	Smith Creek Hot Springs	NV	39.31561	-117.54692	2002										8.14
http://resources.usgin.org/uri-gin/nbmg/thermalspring/NBMG:80492/	Smith Creek Hot Springs	NV	39.31526	-117.54886	2002	6.6	0.14	150	10.7	126.2	26.7	114			
http://resources.usgin.org/uri-gin/nbmg/thermalspring/NBMG:80492/	Smith Creek Hot Springs	NV	39.31526	-117.54886	2002	6.6		150	10.7	126.2	26.7	114	254	8.7	
http://resources.usgin.org/uri-gin/nbmg/thermalspring/NBMG:80492/	Smith Creek Hot Springs	NV	39.31526	-117.54886	2002										7.78
http://resources.usgin.org/uri-gin/nbmg/thermalspring/NBMG:80492/	Smith Creek Hot Springs	NV	39.31526	-117.54886	2003	6.6	0.14	150	10.7	126.2	26.7	114			
http://resources.usgin.org/uri-gin/nbmg/thermalspring/NBMG:80492/	Smith Creek Hot Springs	NV	39.31526	-117.54886	2003	6.6		150	10.7	126.2	26.7	114	208	8.7	
http://resources.usgin.org/uri-gin/nbmg/thermalspring/NBMG:80493/	Twin Springs - Smith Creek Valley	NV	39.39983	-117.57784	2002	8.4	0.92	38.7	3.6	45.4	12.7	27.2			
http://resources.usgin.org/uri-gin/nbmg/thermalspring/NBMG:80493/	Twin Springs - Smith Creek Valley	NV	39.39983	-117.57784	2002	8.4		38.7	3.6	45.4	12.7	27.2	72	0.3	
http://resources.usgin.org/uri-gin/nbmg/thermalspring/NBMG:80493/	Twin Springs - Smith Creek Valley	NV	39.39983	-117.57784	2002										7.68
http://resources.usgin.org/uri-gin/nbmg/thermalspring/NBMG:80495/	Round Hole Springs	NV	40.315	-119.79667	2003										8.34
http://resources.usgin.org/uri-gin/nbmg/thermalspring/NBMG:80498/	Rotten Egg Spring	NV	40.33087	-119.80972	2005	65.5	1.9	985	25.1	80.7	1270	474			
http://resources.usgin.org/uri-gin/nbmg/thermalspring/NBMG:80498/	Rotten Egg Spring	NV	40.33087	-119.80972	2005	65.5		985	25.1	80.7	1270	474	83.5	0.1	
http://resources.usgin.org/uri-gin/nbmg/thermalspring/NBMG:80498/	Rotten Egg Spring	NV	40.33087	-119.80972	2005										7.98
http://resources.usgin.org/uri-gin/nbmg/thermalspring/NBMG:80514/	Cold Spring - Aurora Crater	NV	38.34123	-118.90722	2008	33.3	13.1099074513526	34.9513899160395	6.11	47.4937406537065	15.6	56.4			
http://resources.usgin.org/uri-gin/nbmg/thermalspring/NBMG:80514/	Cold Spring - Aurora Crater	NV	38.34123	-118.90722	2008	33.3		34.9513899160395	6.11	47.4937406537065	15.6	56.4	158	0.18	
http://resources.usgin.org/uri-gin/nbmg/thermalspring/NBMG:80514/	Cold Spring - Aurora Crater	NV	38.34123	-118.90722	2008										7.96
http://resources.usgin.org/uri-gin/nbmg/thermalspring/NBMG:80516/	Cold Spring - Aurora Crater	NV	38.36394	-118.83895	2008	21.4898622670222	4.45736853345989	36.1566102579719	5.95	66.9618956063519	12.4	49.8			
http://resources.usgin.org/uri-gin/nbmg/thermalspring/NBMG:80516/	Cold Spring - Aurora Crater	NV	38.36394	-118.83895	2008	21.4898622670222		36.1566102579719	5.95	66.9618956063519	12.4	49.8	98	0.17	
http://resources.usgin.org/uri-gin/nbmg/thermalspring/NBMG:80516/	Cold Spring - Aurora Crater	NV	38.36394	-118.83895	2008										8.48
http://resources.usgin.org/uri-gin/nbmg/thermalspring/NBMG:80517/	Cold Spring - Aurora Crater	NV	38.26198	-118.75281	2008	11.6792729712077	4.26314768232874	289.252882063775	56.7	32.3043010752688	115.05	113.84			
http://resources.usgin.org/uri-gin/nbmg/thermalspring/NBMG:80517/	Cold Spring - Aurora Crater	NV	38.26198	-118.75281	2008	11.6792729712077		289.252882063775	56.7	32.3043010752688	115.05	113.84	428.6	0.92	
http://resources.usgin.org/uri-gin/nbmg/thermalspring/NBMG:80517/	Cold Spring - Aurora Crater	NV	38.26198	-118.75281	2008										9.15
http://resources.usgin.org/uri-gin/nbmg/thermalspring/NBMG:80518/	Warm spring - Aurora Crater	NV	38.2776	-118.76066	2008										7.35
http://resources.usgin.org/uri-gin/nbmg/thermalspring/NBMG:80520/	Antelope Springs - Soldier Meadows	NV	41.42687	-119.16111	2002	6.8	2.39	14	1.75	51.1	8.5	11.8			
http://resources.usgin.org/uri-gin/nbmg/thermalspring/NBMG:80520/	Antelope Springs - Soldier Meadows	NV	41.42687	-119.16111	2002	6.8		14	1.75	51.1	8.5	11.8	41	0.3	
http://resources.usgin.org/uri-gin/nbmg/thermalspring/NBMG:80523/	Hot Spring - Eightmile Flat	NV	39.35471	-118.57785	2005	47.3	3.9	914	75	165.2	1210	249			
http://resources.usgin.org/uri-gin/nbmg/thermalspring/NBMG:80523/	Hot Spring - Eightmile Flat	NV	39.35471	-118.57785	2005	47.3		914	75	165.2	1210	249	271	60.2	
http://resources.usgin.org/uri-gin/nbmg/thermalspring/NBMG:80523/	Hot Spring - Eightmile Flat	NV	39.35471	-118.57785	2005										6.94
http://resources.usgin.org/uri-gin/nbmg/thermalspring/NBMG:80572/	Cold Spring - Leadville	NV	41.11013	-119.40102	2007	5.67	2.61	13.5	5.4	70.8127394431389	10.4	19.5			
http://resources.usgin.org/uri-gin/nbmg/thermalspring/NBMG:80572/	Cold Spring - Leadville	NV	41.11013	-119.40102	2007	5.67		13.5	5.4	70.8127394431389	10.4	19.5	25.6	0.0786	
http://resources.usgin.org/uri-gin/nbmg/thermalspring/NBMG:80572/	Cold Spring - Leadville	NV	41.11013	-119.40102	2007										7.18
http://resources.usgin.org/uri-gin/nbmg/thermalspring/NBMG:80573/	Gillam Spring	NV	41.24608	-119.5391	2007										7.2
http://resources.usgin.org/uri-gin/nbmg/thermalspring/NBMG:80575/	Cold Spring - Vya	NV	41.58971	-119.86717	2007	10.1	4.52	22.6	4.48	68.0315744499039	17.1395	11.3088			
http://resources.usgin.org/uri-gin/nbmg/thermalspring/NBMG:80575/	Cold Spring - Vya	NV	41.58971	-119.86717	2007	10.1		22.6	4.48	68.0315744499039	17.1395	11.3088	70	0.195	
http://resources.usgin.org/uri-gin/nbmg/thermalspring/NBMG:80575/	Cold Spring - Vya	NV	41.58971	-119.86717	2007										7.51
http://resources.usgin.org/uri-gin/nbmg/thermalspring/NBMG:80576/	Cold Spring - Vya	NV	41.58598	-119.86242	2007	10.6	3.86	21.5	6	66.3200883002207	16.1	10.3			
http://resources.usgin.org/uri-gin/nbmg/thermalspring/NBMG:80576/	Cold Spring - Vya	NV	41.58598	-119.86242	2007	10.6		21.5	6	66.3200883002207	16.1	10.3	75.5	0.19	
http://resources.usgin.org/uri-gin/nbmg/thermalspring/NBMG:80576/	Cold Spring - Vya	NV	41.58598	-119.86242	2007										7.64
http://resources.usgin.org/uri-gin/nbmg/thermalspring/NBMG:80579/	Warm Spring - Vya	NV	41.74552	-119.79445	2007	6.63	2.88	55.5	5.34	45.568318735313	18.4567	15.2631			
http://resources.usgin.org/uri-gin/nbmg/thermalspring/NBMG:80579/	Warm Spring - Vya	NV	41.74552	-119.79445	2007	6.63		55.5	5.34	45.568318735313	18.4567	15.2631	116	0.2878	
http://resources.usgin.org/uri-gin/nbmg/thermalspring/NBMG:80579/	Warm Spring - Vya	NV	41.74552	-119.79445	2007										8.42
http://resources.usgin.org/uri-gin/nbmg/thermalspring/NBMG:80580/	Cold Spring - Vya	NV	41.76025	-119.83377	2007	8.01	2.98	54.6	4.75	41.2896033611052	21.0356	11.5027			
http://resources.usgin.org/uri-gin/nbmg/thermalspring/NBMG:80580/	Cold Spring - Vya	NV	41.76025	-119.83377	2007	8.01		54.6	4.75	41.2896033611052	21.0356	11.5027	100	0.0988	
http://resources.usgin.org/uri-gin/nbmg/thermalspring/NBMG:80580/	Cold Spring - Vya	NV	41.76025	-119.83377	2007										9.5
http://resources.usgin.org/uri-gin/nbmg/thermalspring/NBMG:806/	Golconda Hot Springs Well / Segerstroms Hot Springs Well	NV	40.96152	-117.49417	1947	40	6.8	126	22	80	20	50			
http://resources.usgin.org/uri-gin/nbmg/thermalspring/NBMG:806/	Golconda Hot Springs Well / Segerstroms Hot Springs Well	NV	40.96152	-117.49417	1947	40		126	22	80	20	50	434		
http://resources.usgin.org/uri-gin/nbmg/thermalspring/NBMG:806/	Golconda Hot Springs Well / Segerstroms Hot Springs Well	NV	40.96152	-117.49417	1947										7.7
http://resources.usgin.org/uri-gin/nbmg/thermalspring/NBMG:80667/	Double Spring 2	NV	38.79405	-119.5989	2008	46.6568016793256	23.1385813953488	45.1267368512638	1.24	24.3886776329844	5.8214	133.0839			
http://resources.usgin.org/uri-gin/nbmg/thermalspring/NBMG:80667/	Double Spring 2	NV	38.79405	-119.5989	2008	46.6568016793256		45.1267368512638	1.24	24.3886776329844	5.8214	133.0839	155.6	0.1151	
http://resources.usgin.org/uri-gin/nbmg/thermalspring/NBMG:80667/	Double Spring 2	NV	38.79405	-119.5989	2008										7.46
http://resources.usgin.org/uri-gin/nbmg/thermalspring/NBMG:80785/	Warm Spring - Dry Lake Valley	NV	38.07396	-114.73484	1979	40	10	21	2.5	53	17	21			
http://resources.usgin.org/uri-gin/nbmg/thermalspring/NBMG:80785/	Warm Spring - Dry Lake Valley	NV	38.07396	-114.73484	1979	40		21	2.5	53	17	21	214	0.24	
http://resources.usgin.org/uri-gin/nbmg/thermalspring/NBMG:80785/	Warm Spring - Dry Lake Valley	NV	38.07396	-114.73484	1979										6.8
http://resources.usgin.org/uri-gin/nbmg/thermalspring/NBMG:808/	Warm Spring 1 - Huffacker Narrows	NV	39.47181	-119.74802	1946	1.4	1.2	5	0.41		2.8	1.2			
http://resources.usgin.org/uri-gin/nbmg/thermalspring/NBMG:808/	Warm Spring 1 - Huffacker Narrows	NV	39.47181	-119.74802	1946	1.4		5	0.41		2.8	1.2	3.9		
http://resources.usgin.org/uri-gin/nbmg/thermalspring/NBMG:808/	Warm Spring 1 - Huffacker Narrows	NV	39.47181	-119.74802	1946										8.4
http://resources.usgin.org/uri-gin/nbmg/thermalspring/NBMG:808/	Warm Spring 1 - Huffacker Narrows	NV	39.47181	-119.74802	1957						420				
http://resources.usgin.org/uri-gin/nbmg/thermalspring/NBMG:808/	Warm Spring 1 - Huffacker Narrows	NV	39.47181	-119.74802	1957						420				
http://resources.usgin.org/uri-gin/nbmg/thermalspring/NBMG:808/	Warm Spring 1 - Huffacker Narrows	NV	39.47181	-119.74802	1957										7.1
http://resources.usgin.org/uri-gin/nbmg/thermalspring/NBMG:808/	Warm Spring 1 - Huffacker Narrows	NV	39.47181	-119.74802		62	20	341	30	113	420	156			
http://resources.usgin.org/uri-gin/nbmg/thermalspring/NBMG:808/	Warm Spring 1 - Huffacker Narrows	NV	39.47181	-119.74802		62		341	30	113	420	156	269		
http://resources.usgin.org/uri-gin/nbmg/thermalspring/NBMG:808/	Warm Spring 1 - Huffacker Narrows	NV	39.47181	-119.74802							420				
http://resources.usgin.org/uri-gin/nbmg/thermalspring/NBMG:808/	Warm Spring 1 - Huffacker Narrows	NV	39.47181	-119.74802							420				
http://resources.usgin.org/uri-gin/nbmg/thermalspring/NBMG:808/	Warm Spring 1 - Huffacker Narrows	NV	39.47181	-119.74802											7.1
http://resources.usgin.org/uri-gin/nbmg/thermalspring/NBMG:808/	Warm Spring 1 - Huffacker Narrows	NV	39.47181	-119.74802											7.2
http://resources.usgin.org/uri-gin/nbmg/thermalspring/NBMG:80817/	Warm Spring - Tipton Ranch / Buffalo Mountain	NV	40.71291	-117.46295		47	13	20	1.9	35	31.2	54			
http://resources.usgin.org/uri-gin/nbmg/thermalspring/NBMG:80817/	Warm Spring - Tipton Ranch / Buffalo Mountain	NV	40.71291	-117.46295		47		20	1.9	35	31.2	54	138.6	0.26	
http://resources.usgin.org/uri-gin/nbmg/thermalspring/NBMG:80817/	Warm Spring - Tipton Ranch / Buffalo Mountain	NV	40.71291	-117.46295											7.7
http://resources.usgin.org/uri-gin/nbmg/thermalspring/NBMG:80862/	Coyote Spring - Dry Lake Valley	NV	38.03196	-114.86284	1979	82	13	49	7.6	79	25	25			
http://resources.usgin.org/uri-gin/nbmg/thermalspring/NBMG:80862/	Coyote Spring - Dry Lake Valley	NV	38.03196	-114.86284	1979	82		49	7.6	79	25	25	282	0.51	
http://resources.usgin.org/uri-gin/nbmg/thermalspring/NBMG:80862/	Coyote Spring - Dry Lake Valley	NV	38.03196	-114.86284	1979										6.8
http://resources.usgin.org/uri-gin/nbmg/thermalspring/NBMG:81/	Nile Spring	NV	41.92862	-114.07175	1973	40	11.5	10	5.6	31	8.7	37			
http://resources.usgin.org/uri-gin/nbmg/thermalspring/NBMG:81/	Nile Spring	NV	41.92862	-114.07175	1973	40		10	5.6	31	8.7	37	149	0.4	
http://resources.usgin.org/uri-gin/nbmg/thermalspring/NBMG:81/	Nile Spring	NV	41.92862	-114.07175	1973										7.2
http://resources.usgin.org/uri-gin/nbmg/thermalspring/NBMG:811/	Hot Creek Spring / Hot Creek Ranch Springs	NV	38.38298	-115.15335	1960	60	24	24	5.1	28	9	43			
http://resources.usgin.org/uri-gin/nbmg/thermalspring/NBMG:811/	Hot Creek Spring / Hot Creek Ranch Springs	NV	38.38298	-115.15335	1960	60		24	5.1	28	9	43	300	10.01	
http://resources.usgin.org/uri-gin/nbmg/thermalspring/NBMG:811/	Hot Creek Spring / Hot Creek Ranch Springs	NV	38.38298	-115.15335	1960										7.6
http://resources.usgin.org/uri-gin/nbmg/thermalspring/NBMG:811/	Hot Creek Spring / Hot Creek Ranch Springs	NV	38.38298	-115.15335	1981	59	21	24	5.5	28	10	46			
http://resources.usgin.org/uri-gin/nbmg/thermalspring/NBMG:811/	Hot Creek Spring / Hot Creek Ranch Springs	NV	38.38298	-115.15335	1981	59		24	5.5	28	10	46		0.9	
http://resources.usgin.org/uri-gin/nbmg/thermalspring/NBMG:811/	Hot Creek Spring / Hot Creek Ranch Springs	NV	38.38298	-115.15335	1981										7.2
http://resources.usgin.org/uri-gin/nbmg/thermalspring/NBMG:811/	Hot Creek Spring / Hot Creek Ranch Springs	NV	38.38298	-115.15335		60	22	29	5.3	28	8.9	45			
http://resources.usgin.org/uri-gin/nbmg/thermalspring/NBMG:811/	Hot Creek Spring / Hot Creek Ranch Springs	NV	38.38298	-115.15335		60		29	5.3	28	8.9	45	288	1	
http://resources.usgin.org/uri-gin/nbmg/thermalspring/NBMG:811/	Hot Creek Spring / Hot Creek Ranch Springs	NV	38.38298	-115.15335											8
http://resources.usgin.org/uri-gin/nbmg/thermalspring/NBMG:81141/	Community Pool Well - Gabbs	NV	38.85724	-117.93112	2008	47.7448679062971	19.1307538364183	74.1210510288424	8.85	55.8372356334117	23.3096	213.3848			
http://resources.usgin.org/uri-gin/nbmg/thermalspring/NBMG:81141/	Community Pool Well - Gabbs	NV	38.85724	-117.93112	2008	47.7448679062971		74.1210510288424	8.85	55.8372356334117	23.3096	213.3848	94	2.2122	
http://resources.usgin.org/uri-gin/nbmg/thermalspring/NBMG:81141/	Community Pool Well - Gabbs	NV	38.85724	-117.93112	2008										7.65
http://resources.usgin.org/uri-gin/nbmg/thermalspring/NBMG:81169/	Cold Spring - Johnson Ranch / Big Springs Ranch	NV	40.97553	-114.50833	2008	34.5	16.3543050941307	5.10632313916562	2.53	14.0769735811436	2.9278	13.2578			
http://resources.usgin.org/uri-gin/nbmg/thermalspring/NBMG:81169/	Cold Spring - Johnson Ranch / Big Springs Ranch	NV	40.97553	-114.50833	2008	34.5		5.10632313916562	2.53	14.0769735811436	2.9278	13.2578	167.6	0.065	
http://resources.usgin.org/uri-gin/nbmg/thermalspring/NBMG:81200/	HD Ranch Springs / Hot Creek Springs	NV	41.57562	-115.18228	2008	54.3182587720038	18.3168217054264	23.7047461608735	22	30.5928149255857	2.7433	53.2147			
http://resources.usgin.org/uri-gin/nbmg/thermalspring/NBMG:81200/	HD Ranch Springs / Hot Creek Springs	NV	41.57562	-115.18228	2008	54.3182587720038		23.7047461608735	22	30.5928149255857	2.7433	53.2147	260.4	0.8045	
http://resources.usgin.org/uri-gin/nbmg/thermalspring/NBMG:81205/	Well 2 - Golconda Hot Springs / Sergerstroms Hot Springs	NV	40.95407	-117.4904	1905	42.7	9.75	151	26	20	24.4	54.2			
http://resources.usgin.org/uri-gin/nbmg/thermalspring/NBMG:81205/	Well 2 - Golconda Hot Springs / Sergerstroms Hot Springs	NV	40.95407	-117.4904	1905	42.7		151	26	20	24.4	54.2	521	2.47	
http://resources.usgin.org/uri-gin/nbmg/thermalspring/NBMG:81205/	Well 2 - Golconda Hot Springs / Sergerstroms Hot Springs	NV	40.95407	-117.4904	1905										6.85
http://resources.usgin.org/uri-gin/nbmg/thermalspring/NBMG:81206/	Spring 5 - Golconda Hot Springs / Segerstroms Hot Springs	NV	40.96167	-117.49436	1905	36.1	8.37	146	24	29.5	22	53.4			
http://resources.usgin.org/uri-gin/nbmg/thermalspring/NBMG:81206/	Spring 5 - Golconda Hot Springs / Segerstroms Hot Springs	NV	40.96167	-117.49436	1905	36.1		146	24	29.5	22	53.4	451	2.14	
http://resources.usgin.org/uri-gin/nbmg/thermalspring/NBMG:81206/	Spring 5 - Golconda Hot Springs / Segerstroms Hot Springs	NV	40.96167	-117.49436	1905										7.4
http://resources.usgin.org/uri-gin/nbmg/thermalspring/NBMG:81209/	E Hobo Hot Springs	NV	39.06785	-119.78651	2008	4.16256664511959	0	117.898681863662	2.92	46.4240618101545	70.8052	85.1606			
http://resources.usgin.org/uri-gin/nbmg/thermalspring/NBMG:81209/	E Hobo Hot Springs	NV	39.06785	-119.78651	2008	4.16256664511959		117.898681863662	2.92	46.4240618101545	70.8052	85.1606	63.2	7.8951	
http://resources.usgin.org/uri-gin/nbmg/thermalspring/NBMG:81209/	E Hobo Hot Springs	NV	39.06785	-119.78651	2008										8.76
http://resources.usgin.org/uri-gin/nbmg/thermalspring/NBMG:81210/	Hobo Hot Springs	NV	39.05908	-119.81571	2008	3.3642661926309	0	154.487927959281	2.28	43.0010895107883	89.8604	132.9634			
http://resources.usgin.org/uri-gin/nbmg/thermalspring/NBMG:81210/	Hobo Hot Springs	NV	39.05908	-119.81571	2008	3.3642661926309		154.487927959281	2.28	43.0010895107883	89.8604	132.9634	60	8.6719	
http://resources.usgin.org/uri-gin/nbmg/thermalspring/NBMG:81210/	Hobo Hot Springs	NV	39.05908	-119.81571	2008										8.63
http://resources.usgin.org/uri-gin/nbmg/thermalspring/NBMG:81233/	City of Hawthorne Swimming Pool Well	NV	38.52513	-118.63364	2008	30.8332806439884	3.09782257554184	23.4013616391874	3.02	25.244420707826	17.0628	28.9427			
http://resources.usgin.org/uri-gin/nbmg/thermalspring/NBMG:81233/	City of Hawthorne Swimming Pool Well	NV	38.52513	-118.63364	2008	30.8332806439884		23.4013616391874	3.02	25.244420707826	17.0628	28.9427	88.2	0.1914	
http://resources.usgin.org/uri-gin/nbmg/thermalspring/NBMG:81233/	City of Hawthorne Swimming Pool Well	NV	38.52513	-118.63364	2008										7.84
http://resources.usgin.org/uri-gin/nbmg/thermalspring/NBMG:81236/	Ralphs Warm Springs / Warm Springs Ranch	NV	40.95133	-114.7516	2008	34.2712444319534	16.4477582660971	12.2979510157915	4.54	18.7621669159012	7.512	27.6858			
http://resources.usgin.org/uri-gin/nbmg/thermalspring/NBMG:81236/	Ralphs Warm Springs / Warm Springs Ranch	NV	40.95133	-114.7516	2008	34.2712444319534		12.2979510157915	4.54	18.7621669159012	7.512	27.6858	163	0.3273	
http://resources.usgin.org/uri-gin/nbmg/thermalspring/NBMG:81245/	Warm Spring - Monte Cristo Valley	NV	38.4353	-117.85995	2008	72.659208939345	24.1107906976744	13.212783312307	2.46	14.3764836573382	15.013	143.2865			
http://resources.usgin.org/uri-gin/nbmg/thermalspring/NBMG:81245/	Warm Spring - Monte Cristo Valley	NV	38.4353	-117.85995	2008	72.659208939345		13.212783312307	2.46	14.3764836573382	15.013	143.2865	149.2	0.3209	
http://resources.usgin.org/uri-gin/nbmg/thermalspring/NBMG:81284/	Warm Spring - Pilot Creek Valley	NV	40.95391	-114.25763	2008	27.8	5.86885919949375	18.981620046113	1.82	32.3043010752688	15.7033	12.8636			
http://resources.usgin.org/uri-gin/nbmg/thermalspring/NBMG:81284/	Warm Spring - Pilot Creek Valley	NV	40.95391	-114.25763	2008	27.8		18.981620046113	1.82	32.3043010752688	15.7033	12.8636	109	0.3316	
http://resources.usgin.org/uri-gin/nbmg/thermalspring/NBMG:81299/	Stonehouse Spring	NV	40.84405	-117.20131		33	11	104	14.9	31	15.9	44			
http://resources.usgin.org/uri-gin/nbmg/thermalspring/NBMG:81299/	Stonehouse Spring	NV	40.84405	-117.20131		33		104	14.9	31	15.9	44	358.6	2.6	
http://resources.usgin.org/uri-gin/nbmg/thermalspring/NBMG:81299/	Stonehouse Spring	NV	40.84405	-117.20131											7.2
http://resources.usgin.org/uri-gin/nbmg/thermalspring/NBMG:81323/	Carlin Hot Springs / Hot Springs - Carlin	NV	40.6992	-116.12951		67	14.8	56	18.8	64	12	66			
http://resources.usgin.org/uri-gin/nbmg/thermalspring/NBMG:81323/	Carlin Hot Springs / Hot Springs - Carlin	NV	40.6992	-116.12951		67		56	18.8	64	12	66	335.2	1.5	
http://resources.usgin.org/uri-gin/nbmg/thermalspring/NBMG:81323/	Carlin Hot Springs / Hot Springs - Carlin	NV	40.6992	-116.12951											6.9
http://resources.usgin.org/uri-gin/nbmg/thermalspring/NBMG:81324/	Raine Ranch Springs	NV	40.5917	-116.15541	2008	30.1121128261338	12.2423655276064	60.955061556532	15.7	23.9608060955636	14.7	17.1			
http://resources.usgin.org/uri-gin/nbmg/thermalspring/NBMG:81324/	Raine Ranch Springs	NV	40.5917	-116.15541	2008	30.1121128261338		60.955061556532	15.7	23.9608060955636	14.7	17.1	272	2.33	
http://resources.usgin.org/uri-gin/nbmg/thermalspring/NBMG:81327/	N Bruffeys Hot Springs / Mineral Hill Hot Springs	NV	40.22654	-116.07109	2008	57.0632856318447	20.466244660655	34.6659633706008	9.76	37.2248237556078	16	52			
http://resources.usgin.org/uri-gin/nbmg/thermalspring/NBMG:81327/	N Bruffeys Hot Springs / Mineral Hill Hot Springs	NV	40.22654	-116.07109	2008	57.0632856318447		34.6659633706008	9.76	37.2248237556078	16	52	282.8	0.82	
http://resources.usgin.org/uri-gin/nbmg/thermalspring/NBMG:81363/	Hot Spring - Hot Springs Ranch	NV	40.18374	-117.10324	2008	50.9909534873481	7.98090088593577	111.394483838691	26.1	54.9814925585701	18.04	75.63			
http://resources.usgin.org/uri-gin/nbmg/thermalspring/NBMG:81363/	Hot Spring - Hot Springs Ranch	NV	40.18374	-117.10324	2008	50.9909534873481		111.394483838691	26.1	54.9814925585701	18.04	75.63	376.8	4.51	
http://resources.usgin.org/uri-gin/nbmg/thermalspring/NBMG:81444/	Hot Well - Silver Springs	NV	39.4285	-119.20569	2008	42.9797245340444	3.47655323524759	366.587854004437	22.9	114.883507797479	106.16	597.8			
http://resources.usgin.org/uri-gin/nbmg/thermalspring/NBMG:81444/	Hot Well - Silver Springs	NV	39.4285	-119.20569	2008	42.9797245340444		366.587854004437	22.9	114.883507797479	106.16	597.8	429	4.59	
http://resources.usgin.org/uri-gin/nbmg/thermalspring/NBMG:81444/	Hot Well - Silver Springs	NV	39.4285	-119.20569	2008										6.97
http://resources.usgin.org/uri-gin/nbmg/thermalspring/NBMG:81445/	Hot Well - Silver Springs	NV	39.42949	-119.19982	2008	39.9898306534152	0.779796717291568	335.452995171184	16	121.943388164922	98.3	536.34			
http://resources.usgin.org/uri-gin/nbmg/thermalspring/NBMG:81445/	Hot Well - Silver Springs	NV	39.42949	-119.19982	2008	39.9898306534152		335.452995171184	16	121.943388164922	98.3	536.34	108	4.54	
http://resources.usgin.org/uri-gin/nbmg/thermalspring/NBMG:81445/	Hot Well - Silver Springs	NV	39.42949	-119.19982	2008										7.04
http://resources.usgin.org/uri-gin/nbmg/thermalspring/NBMG:81446/	Warm Well - Silver Springs	NV	39.42973	-119.199	2008										7.4
http://resources.usgin.org/uri-gin/nbmg/thermalspring/NBMG:81448/	Southern Pacific Spring	NV	38.42167	-118.06186	2008	35.9721607513198	16.0232202183199	76.0293165702354	11.3	70.1709321370078	16.8498	152.2513			
http://resources.usgin.org/uri-gin/nbmg/thermalspring/NBMG:81448/	Southern Pacific Spring	NV	38.42167	-118.06186	2008	35.9721607513198		76.0293165702354	11.3	70.1709321370078	16.8498	152.2513	148.4	0.1716	
http://resources.usgin.org/uri-gin/nbmg/thermalspring/NBMG:81448/	Southern Pacific Spring	NV	38.42167	-118.06186	2008										7.84
http://resources.usgin.org/uri-gin/nbmg/thermalspring/NBMG:81475/	Hot Spring - Wine Cup Ranch Springs / Thousand Springs	NV	41.41115	-114.67587	2008	57.4791987924267	15.4197733744661	83.679536259625	39.1	71.2406109805597	14.9413	41.813			
http://resources.usgin.org/uri-gin/nbmg/thermalspring/NBMG:81475/	Hot Spring - Wine Cup Ranch Springs / Thousand Springs	NV	41.41115	-114.67587	2008	57.4791987924267		83.679536259625	39.1	71.2406109805597	14.9413	41.813	432.8	2.3362	
http://resources.usgin.org/uri-gin/nbmg/thermalspring/NBMG:815/	Hiko Spring	NV	37.59836	-115.21535	1950	44	23	29	7.2	33	11	36			
http://resources.usgin.org/uri-gin/nbmg/thermalspring/NBMG:815/	Hiko Spring	NV	37.59836	-115.21535	1950	44		29	7.2	33	11	36	260	0.5	
http://resources.usgin.org/uri-gin/nbmg/thermalspring/NBMG:815/	Hiko Spring	NV	37.59836	-115.21535	1950										8
http://resources.usgin.org/uri-gin/nbmg/thermalspring/NBMG:815/	Hiko Spring	NV	37.59836	-115.21535	1962	44.09	23.34	28.97	7.02	33	10.99	36.02			
http://resources.usgin.org/uri-gin/nbmg/thermalspring/NBMG:815/	Hiko Spring	NV	37.59836	-115.21535	1962	44.09		28.97	7.02	33	10.99	36.02	259.93	0.57	
http://resources.usgin.org/uri-gin/nbmg/thermalspring/NBMG:815/	Hiko Spring	NV	37.59836	-115.21535	1962										8
http://resources.usgin.org/uri-gin/nbmg/thermalspring/NBMG:81504/	Cold Spring - Tipton Ranch / Buffalo Mountain	NV	40.71198	-117.46553		50	13.2	22	2.4	34	31.9	56			
http://resources.usgin.org/uri-gin/nbmg/thermalspring/NBMG:81504/	Cold Spring - Tipton Ranch / Buffalo Mountain	NV	40.71198	-117.46553		50		22	2.4	34	31.9	56	155.1	0.33	
http://resources.usgin.org/uri-gin/nbmg/thermalspring/NBMG:81504/	Cold Spring - Tipton Ranch / Buffalo Mountain	NV	40.71198	-117.46553											7.7
http://resources.usgin.org/uri-gin/nbmg/thermalspring/NBMG:81507/	Tungsten Mountain Drill Hole NT-13A	NV	39.6723	-117.6813	2003	4.04	-0.1	93	3	34.0157872249519	23.7	62			
http://resources.usgin.org/uri-gin/nbmg/thermalspring/NBMG:81507/	Tungsten Mountain Drill Hole NT-13A	NV	39.6723	-117.6813	2003	4.04		93	3	34.0157872249519	23.7	62		5.03	
http://resources.usgin.org/uri-gin/nbmg/thermalspring/NBMG:81507/	Tungsten Mountain Drill Hole NT-13A	NV	39.6723	-117.6813	2003										9.68
http://resources.usgin.org/uri-gin/nbmg/thermalspring/NBMG:81507/	Tungsten Mountain Drill Hole NT-13B	NV	39.6723	-117.6813	2003	5.78	-0.1	134	7	85.146435946735	34.8	92			
http://resources.usgin.org/uri-gin/nbmg/thermalspring/NBMG:81507/	Tungsten Mountain Drill Hole NT-13B	NV	39.6723	-117.6813	2003	5.78		134	7	85.146435946735	34.8	92		9.62	
http://resources.usgin.org/uri-gin/nbmg/thermalspring/NBMG:81507/	Tungsten Mountain Drill Hole NT-13B	NV	39.6723	-117.6813	2003										8.71
http://resources.usgin.org/uri-gin/nbmg/thermalspring/NBMG:81515/	Horse Spring - Cave Valley	NV	38.36555	-114.93509	1989	25		11	1.2		16	15	280		
http://resources.usgin.org/uri-gin/nbmg/thermalspring/NBMG:81515/	Horse Spring - Cave Valley	NV	38.36555	-114.93509	1989	25		11	1.2		16	15			
http://resources.usgin.org/uri-gin/nbmg/thermalspring/NBMG:81515/	Horse Spring - Cave Valley	NV	38.36555	-114.93509	1989										8
http://resources.usgin.org/uri-gin/nbmg/thermalspring/NBMG:81516/	Warm Spring - Dry Lake Valley	NV	37.78794	-114.8307	1979	83	10	53	7.1	44	30	54			
http://resources.usgin.org/uri-gin/nbmg/thermalspring/NBMG:81516/	Warm Spring - Dry Lake Valley	NV	37.78794	-114.8307	1979	83		53	7.1	44	30	54	320	0.36	
http://resources.usgin.org/uri-gin/nbmg/thermalspring/NBMG:81516/	Warm Spring - Dry Lake Valley	NV	37.78794	-114.8307	1979										6.9
http://resources.usgin.org/uri-gin/nbmg/thermalspring/NBMG:81517/	Cold Spring - Quinn Canyon Range	NV	38.12768	-115.58406	1980	67	24	17	3.4	32	10	21			
http://resources.usgin.org/uri-gin/nbmg/thermalspring/NBMG:81517/	Cold Spring - Quinn Canyon Range	NV	38.12768	-115.58406	1980	67		17	3.4	32	10	21	327	0.3	
http://resources.usgin.org/uri-gin/nbmg/thermalspring/NBMG:81517/	Cold Spring - Quinn Canyon Range	NV	38.12768	-115.58406	1980										6.7
http://resources.usgin.org/uri-gin/nbmg/thermalspring/NBMG:81519/	Cold Spring - Worthington Mountains	NV	37.93105	-115.59863	1980	111	20	43	3.9	66	18	78			
http://resources.usgin.org/uri-gin/nbmg/thermalspring/NBMG:81519/	Cold Spring - Worthington Mountains	NV	37.93105	-115.59863	1980	111		43	3.9	66	18	78	390	1.3	
http://resources.usgin.org/uri-gin/nbmg/thermalspring/NBMG:81519/	Cold Spring - Worthington Mountains	NV	37.93105	-115.59863	1980										7
http://resources.usgin.org/uri-gin/nbmg/thermalspring/NBMG:81520/	Oreana Spring	NV	37.91751	-115.15162	1980	82	9.1	23	2	24	14	26			
http://resources.usgin.org/uri-gin/nbmg/thermalspring/NBMG:81520/	Oreana Spring	NV	37.91751	-115.15162	1980	82		23	2	24	14	26	303	0.2	
http://resources.usgin.org/uri-gin/nbmg/thermalspring/NBMG:81520/	Oreana Spring	NV	37.91751	-115.15162	1980										6.7
http://resources.usgin.org/uri-gin/nbmg/thermalspring/NBMG:81521/	Pahroc Spring	NV	37.66433	-114.98074	1980	28	7.6	13	5	23	12	12			
http://resources.usgin.org/uri-gin/nbmg/thermalspring/NBMG:81521/	Pahroc Spring	NV	37.66433	-114.98074	1980	28		13	5	23	12	12	151		
http://resources.usgin.org/uri-gin/nbmg/thermalspring/NBMG:81521/	Pahroc Spring	NV	37.66433	-114.98074	1980										7
http://resources.usgin.org/uri-gin/nbmg/thermalspring/NBMG:81529/	Rock Springs Stock Well	NV	39.29889	-118.54995	2005	14	1.3	1050	85	81	1289	259			
http://resources.usgin.org/uri-gin/nbmg/thermalspring/NBMG:81529/	Rock Springs Stock Well	NV	39.29889	-118.54995	2005	14		1050	85	81	1289	259	395	5.2	
http://resources.usgin.org/uri-gin/nbmg/thermalspring/NBMG:81529/	Rock Springs Stock Well	NV	39.29889	-118.54995	2005										8.1
http://resources.usgin.org/uri-gin/nbmg/thermalspring/NBMG:81537/	Warm Spring - Lake Range	NV	40.26213	-119.38003	1969	7	2	39	13		19	21			
http://resources.usgin.org/uri-gin/nbmg/thermalspring/NBMG:81537/	Warm Spring - Lake Range	NV	40.26213	-119.38003	1969	7		39	13		19	21	109		
http://resources.usgin.org/uri-gin/nbmg/thermalspring/NBMG:81537/	Warm Spring - Lake Range	NV	40.26213	-119.38003	1969										8.2
http://resources.usgin.org/uri-gin/nbmg/thermalspring/NBMG:818/	Blue Point Spring	NV	36.38927	-114.43321	1958	472	167				355	1910			
http://resources.usgin.org/uri-gin/nbmg/thermalspring/NBMG:818/	Blue Point Spring	NV	36.38927	-114.43321	1958	472					355	1910	122		
http://resources.usgin.org/uri-gin/nbmg/thermalspring/NBMG:818/	Blue Point Spring	NV	36.38927	-114.43321	1977	500	170	340	26	17	380	1900			
http://resources.usgin.org/uri-gin/nbmg/thermalspring/NBMG:818/	Blue Point Spring	NV	36.38927	-114.43321	1977	500		340	26	17	380	1900	160	1.5	
http://resources.usgin.org/uri-gin/nbmg/thermalspring/NBMG:818/	Blue Point Spring	NV	36.38927	-114.43321	1977										8.1
http://resources.usgin.org/uri-gin/nbmg/thermalspring/NBMG:818/	Blue Point Spring	NV	36.38927	-114.43321	1985	470	160	330	23	16	400	1900			
http://resources.usgin.org/uri-gin/nbmg/thermalspring/NBMG:818/	Blue Point Spring	NV	36.38927	-114.43321	1985	470		330	23	16	400	1900		1.5	
http://resources.usgin.org/uri-gin/nbmg/thermalspring/NBMG:818/	Blue Point Spring	NV	36.38927	-114.43321	1985	510	170	360	23	18	500	2300			
http://resources.usgin.org/uri-gin/nbmg/thermalspring/NBMG:818/	Blue Point Spring	NV	36.38927	-114.43321	1985	510		360	23	18	500	2300		1.4	
http://resources.usgin.org/uri-gin/nbmg/thermalspring/NBMG:818/	Blue Point Spring	NV	36.38927	-114.43321	1985										7
http://resources.usgin.org/uri-gin/nbmg/thermalspring/NBMG:818/	Blue Point Spring	NV	36.38927	-114.43321	1985										7
http://resources.usgin.org/uri-gin/nbmg/thermalspring/NBMG:818/	Blue Point Spring	NV	36.38927	-114.43321	1985										7
http://resources.usgin.org/uri-gin/nbmg/thermalspring/NBMG:818/	Blue Point Spring	NV	36.38927	-114.43321	2003	490	162	353	26	17.7	374	1910			
http://resources.usgin.org/uri-gin/nbmg/thermalspring/NBMG:818/	Blue Point Spring	NV	36.38927	-114.43321	2003	490		353	26	17.7	374	1910	159	1.5	
http://resources.usgin.org/uri-gin/nbmg/thermalspring/NBMG:818/	Blue Point Spring	NV	36.38927	-114.43321	2003										6.9
http://resources.usgin.org/uri-gin/nbmg/thermalspring/NBMG:822/	Big Spring / Ash Meadows Spring / Deep Spring	NV	36.37461	-116.27437	1959	45	18	98		32	25	110			
http://resources.usgin.org/uri-gin/nbmg/thermalspring/NBMG:822/	Big Spring / Ash Meadows Spring / Deep Spring	NV	36.37461	-116.27437	1959	45		98		32	25	110	3.1	1.4	
http://resources.usgin.org/uri-gin/nbmg/thermalspring/NBMG:822/	Big Spring / Ash Meadows Spring / Deep Spring	NV	36.37461	-116.27437	1959	48	14	95	9	75	26	105			
http://resources.usgin.org/uri-gin/nbmg/thermalspring/NBMG:822/	Big Spring / Ash Meadows Spring / Deep Spring	NV	36.37461	-116.27437	1959	48		95	9	75	26	105	311	1.4	
http://resources.usgin.org/uri-gin/nbmg/thermalspring/NBMG:822/	Big Spring / Ash Meadows Spring / Deep Spring	NV	36.37461	-116.27437	1959										7.4
http://resources.usgin.org/uri-gin/nbmg/thermalspring/NBMG:822/	Big Spring / Ash Meadows Spring / Deep Spring	NV	36.37461	-116.27437	1959										7.7
http://resources.usgin.org/uri-gin/nbmg/thermalspring/NBMG:822/	Big Spring / Ash Meadows Spring / Deep Spring	NV	36.37461	-116.27437	1968	51	14	106	8.6		32	130			
http://resources.usgin.org/uri-gin/nbmg/thermalspring/NBMG:822/	Big Spring / Ash Meadows Spring / Deep Spring	NV	36.37461	-116.27437	1968	51		106	8.6		32	130	301	1.5	
http://resources.usgin.org/uri-gin/nbmg/thermalspring/NBMG:822/	Big Spring / Ash Meadows Spring / Deep Spring	NV	36.37461	-116.27437	1968										7.5
http://resources.usgin.org/uri-gin/nbmg/thermalspring/NBMG:822/	Big Spring / Ash Meadows Spring / Deep Spring	NV	36.37461	-116.27437	1972	58	12				28				
http://resources.usgin.org/uri-gin/nbmg/thermalspring/NBMG:822/	Big Spring / Ash Meadows Spring / Deep Spring	NV	36.37461	-116.27437	1972	58					28		290	1.8	
http://resources.usgin.org/uri-gin/nbmg/thermalspring/NBMG:822/	Big Spring / Ash Meadows Spring / Deep Spring	NV	36.37461	-116.27437	1972										7.7
http://resources.usgin.org/uri-gin/nbmg/thermalspring/NBMG:822/	Big Spring / Ash Meadows Spring / Deep Spring	NV	36.37461	-116.27437	1976	43	20	96	8.8	31	26	117			
http://resources.usgin.org/uri-gin/nbmg/thermalspring/NBMG:822/	Big Spring / Ash Meadows Spring / Deep Spring	NV	36.37461	-116.27437	1976	43		96	8.8	31	26	117	313	1.2	
http://resources.usgin.org/uri-gin/nbmg/thermalspring/NBMG:822/	Big Spring / Ash Meadows Spring / Deep Spring	NV	36.37461	-116.27437	1976										7.5
http://resources.usgin.org/uri-gin/nbmg/thermalspring/NBMG:822/	Big Spring / Ash Meadows Spring / Deep Spring	NV	36.37461	-116.27437	1990	44	18	96	9.2	29	28	120			
http://resources.usgin.org/uri-gin/nbmg/thermalspring/NBMG:822/	Big Spring / Ash Meadows Spring / Deep Spring	NV	36.37461	-116.27437	1990	44		96	9.2	29	28	120	317	1.6	
http://resources.usgin.org/uri-gin/nbmg/thermalspring/NBMG:822/	Big Spring / Ash Meadows Spring / Deep Spring	NV	36.37461	-116.27437	1990										7.4
http://resources.usgin.org/uri-gin/nbmg/thermalspring/NBMG:822/	Big Spring / Ash Meadows Spring / Deep Spring	NV	36.37461	-116.27437	1991	43	19	100	8.8	28	27	110			
http://resources.usgin.org/uri-gin/nbmg/thermalspring/NBMG:822/	Big Spring / Ash Meadows Spring / Deep Spring	NV	36.37461	-116.27437	1991	43		100	8.8	28	27	110	317	1.5	
http://resources.usgin.org/uri-gin/nbmg/thermalspring/NBMG:822/	Big Spring / Ash Meadows Spring / Deep Spring	NV	36.37461	-116.27437	1991										7.5
http://resources.usgin.org/uri-gin/nbmg/thermalspring/NBMG:822/	Big Spring / Ash Meadows Spring / Deep Spring	NV	36.37461	-116.27437	1992	43	18	93	8.6	29	31	110			
http://resources.usgin.org/uri-gin/nbmg/thermalspring/NBMG:822/	Big Spring / Ash Meadows Spring / Deep Spring	NV	36.37461	-116.27437	1992	43		93	8.6	29	31	110	320	1.4	
http://resources.usgin.org/uri-gin/nbmg/thermalspring/NBMG:822/	Big Spring / Ash Meadows Spring / Deep Spring	NV	36.37461	-116.27437	1992										7.4
http://resources.usgin.org/uri-gin/nbmg/thermalspring/NBMG:822/	Big Spring / Ash Meadows Spring / Deep Spring	NV	36.37461	-116.27437	1994	42	19	99	9.2	29	23	110			
http://resources.usgin.org/uri-gin/nbmg/thermalspring/NBMG:822/	Big Spring / Ash Meadows Spring / Deep Spring	NV	36.37461	-116.27437	1994	42		99	9.2	29	23	110	307	1.4	
http://resources.usgin.org/uri-gin/nbmg/thermalspring/NBMG:822/	Big Spring / Ash Meadows Spring / Deep Spring	NV	36.37461	-116.27437	1994										7.4
http://resources.usgin.org/uri-gin/nbmg/thermalspring/NBMG:822/	Big Spring / Ash Meadows Spring / Deep Spring	NV	36.37461	-116.27437	1996	41	18	96	8.8	27	25	110			
http://resources.usgin.org/uri-gin/nbmg/thermalspring/NBMG:822/	Big Spring / Ash Meadows Spring / Deep Spring	NV	36.37461	-116.27437	1996	41		96	8.8	27	25	110	315	1.5	
http://resources.usgin.org/uri-gin/nbmg/thermalspring/NBMG:822/	Big Spring / Ash Meadows Spring / Deep Spring	NV	36.37461	-116.27437	1996										7.3
http://resources.usgin.org/uri-gin/nbmg/thermalspring/NBMG:82498/	Spring SS8WS8 2 - Teels Marsh	NV	38.21692	-118.35348		6.8	0.1	360	30.1	70.3	227	179			
http://resources.usgin.org/uri-gin/nbmg/thermalspring/NBMG:82498/	Spring SS8WS8 2 - Teels Marsh	NV	38.21692	-118.35348		6.8		360	30.1	70.3	227	179	429		
http://resources.usgin.org/uri-gin/nbmg/thermalspring/NBMG:82502/	Cold Spring - Vya	NV	41.71108	-119.88164	2007	20.3	8.32	24	6.91	66.1061525315104	23.1961	11.737			
http://resources.usgin.org/uri-gin/nbmg/thermalspring/NBMG:82502/	Cold Spring - Vya	NV	41.71108	-119.88164	2007	20.3		24	6.91	66.1061525315104	23.1961	11.737	120	0.1359	
http://resources.usgin.org/uri-gin/nbmg/thermalspring/NBMG:82502/	Cold Spring - Vya	NV	41.71108	-119.88164	2007										7.28
http://resources.usgin.org/uri-gin/nbmg/thermalspring/NBMG:82507/	Buffalo Ranch Spring	NV	41.50436	-117.80691	1964	30					8.1	20			
http://resources.usgin.org/uri-gin/nbmg/thermalspring/NBMG:82507/	Buffalo Ranch Spring	NV	41.50436	-117.80691	1964	30					8.1	20			
http://resources.usgin.org/uri-gin/nbmg/thermalspring/NBMG:82507/	Buffalo Ranch Spring	NV	41.50436	-117.80691	1964										7.3
http://resources.usgin.org/uri-gin/nbmg/thermalspring/NBMG:82510/	Buckbrush Springs	NV	41.44033	-117.36648	1905	43.4	15.7	71	9	33.2	41.7	42.9			
http://resources.usgin.org/uri-gin/nbmg/thermalspring/NBMG:82510/	Buckbrush Springs	NV	41.44033	-117.36648	1905	43.4		71	9	33.2	41.7	42.9	242	0.593	
http://resources.usgin.org/uri-gin/nbmg/thermalspring/NBMG:82510/	Buckbrush Springs	NV	41.44033	-117.36648	1905										7.65
http://resources.usgin.org/uri-gin/nbmg/thermalspring/NBMG:82527/	Ferdaline Spring	NV	41.11654	-119.53487	2007										7.17
http://resources.usgin.org/uri-gin/nbmg/thermalspring/NBMG:82528/	Chicken Spring Well	NV	41.10305	-119.38714	2007	10.5	3.39	17.7	2.63	32.9461083814	15.9	18.6			
http://resources.usgin.org/uri-gin/nbmg/thermalspring/NBMG:82528/	Chicken Spring Well	NV	41.10305	-119.38714	2007	10.5		17.7	2.63	32.9461083814	15.9	18.6	40.2	0.13	
http://resources.usgin.org/uri-gin/nbmg/thermalspring/NBMG:82528/	Chicken Spring Well	NV	41.10305	-119.38714	2007										7.73
http://resources.usgin.org/uri-gin/nbmg/thermalspring/NBMG:82529/	75 Dollar Spring	NV	41.04232	-119.53406	2007										7.18
http://resources.usgin.org/uri-gin/nbmg/thermalspring/NBMG:82531/	Cold Spring - Fox Mountain	NV	41.03276	-119.54181	2007										7.04
http://resources.usgin.org/uri-gin/nbmg/thermalspring/NBMG:82534/	Potato Patch Spring	NV	41.01087	-119.54667	2007										8.3
http://resources.usgin.org/uri-gin/nbmg/thermalspring/NBMG:82536/	Well 2 - Golconda Hot Springs / Sergerstroms Hot Springs	NV	40.95407	-117.4904	1905	39.9	9.3	133	23	21.7	21.2	50.7			
http://resources.usgin.org/uri-gin/nbmg/thermalspring/NBMG:82536/	Well 2 - Golconda Hot Springs / Sergerstroms Hot Springs	NV	40.95407	-117.4904	1905	39.9		133	23	21.7	21.2	50.7	466	2.14	
http://resources.usgin.org/uri-gin/nbmg/thermalspring/NBMG:82536/	Well 2 - Golconda Hot Springs / Sergerstroms Hot Springs	NV	40.95407	-117.4904	1905										6.6
http://resources.usgin.org/uri-gin/nbmg/thermalspring/NBMG:82540/	Lower Dry Susie Spring	NV	40.7744	-116.01479		42	6.2	17	5.5	53	10.3	12			
http://resources.usgin.org/uri-gin/nbmg/thermalspring/NBMG:82540/	Lower Dry Susie Spring	NV	40.7744	-116.01479		42		17	5.5	53	10.3	12	149.9	0.4	
http://resources.usgin.org/uri-gin/nbmg/thermalspring/NBMG:82540/	Lower Dry Susie Spring	NV	40.7744	-116.01479											7.7
http://resources.usgin.org/uri-gin/nbmg/thermalspring/NBMG:82542/	Cold Spring - Spanish Basin	NV	40.71687	-117.57956		32.5	11.2	23	4	23	10.6	14			
http://resources.usgin.org/uri-gin/nbmg/thermalspring/NBMG:82542/	Cold Spring - Spanish Basin	NV	40.71687	-117.57956		32.5		23	4	23	10.6	14	166.3	0.4	
http://resources.usgin.org/uri-gin/nbmg/thermalspring/NBMG:82542/	Cold Spring - Spanish Basin	NV	40.71687	-117.57956											7.6
http://resources.usgin.org/uri-gin/nbmg/thermalspring/NBMG:82543/	Barrows Well - Carlin Hot Springs / Hot Springs - Carlin	NV	40.69962	-116.12954		57	12.8	55	18	69	11.7	58			
http://resources.usgin.org/uri-gin/nbmg/thermalspring/NBMG:82543/	Barrows Well - Carlin Hot Springs / Hot Springs - Carlin	NV	40.69962	-116.12954		57		55	18	69	11.7	58	311.8	1.2	
http://resources.usgin.org/uri-gin/nbmg/thermalspring/NBMG:82543/	Barrows Well - Carlin Hot Springs / Hot Springs - Carlin	NV	40.69962	-116.12954											6.9
http://resources.usgin.org/uri-gin/nbmg/thermalspring/NBMG:82544/	Summit Spring 2 - Tobin Range	NV	40.65079	-117.40306		39.5	15.4	13.6	0.9	10	13.1	12			
http://resources.usgin.org/uri-gin/nbmg/thermalspring/NBMG:82544/	Summit Spring 2 - Tobin Range	NV	40.65079	-117.40306		39.5		13.6	0.9	10	13.1	12	185.4	0.13	
http://resources.usgin.org/uri-gin/nbmg/thermalspring/NBMG:82544/	Summit Spring 2 - Tobin Range	NV	40.65079	-117.40306											7.8
http://resources.usgin.org/uri-gin/nbmg/thermalspring/NBMG:82545/	Kent Spring	NV	40.64957	-117.5169		108	15.2	26	2.7	21	24.1	136			
http://resources.usgin.org/uri-gin/nbmg/thermalspring/NBMG:82545/	Kent Spring	NV	40.64957	-117.5169		108		26	2.7	21	24.1	136	247.7	0.19	
http://resources.usgin.org/uri-gin/nbmg/thermalspring/NBMG:82545/	Kent Spring	NV	40.64957	-117.5169											7.7
http://resources.usgin.org/uri-gin/nbmg/thermalspring/NBMG:82546/	Cherry Spring	NV	40.54889	-116.01266		83	30	9	2.9	14	5.3	48			
http://resources.usgin.org/uri-gin/nbmg/thermalspring/NBMG:82546/	Cherry Spring	NV	40.54889	-116.01266		83		9	2.9	14	5.3	48	356.9	0.5	
http://resources.usgin.org/uri-gin/nbmg/thermalspring/NBMG:82546/	Cherry Spring	NV	40.54889	-116.01266											7.3
http://resources.usgin.org/uri-gin/nbmg/thermalspring/NBMG:82547/	Porter Spring 2	NV	40.41522	-118.86152	2007	25.9	11.9	34.1	6.49	56.6929787082532	42.1	28.47			
http://resources.usgin.org/uri-gin/nbmg/thermalspring/NBMG:82547/	Porter Spring 2	NV	40.41522	-118.86152	2007	25.9		34.1	6.49	56.6929787082532	42.1	28.47	96	0.2	
http://resources.usgin.org/uri-gin/nbmg/thermalspring/NBMG:82547/	Porter Spring 2	NV	40.41522	-118.86152	2007										7.77
http://resources.usgin.org/uri-gin/nbmg/thermalspring/NBMG:82548/	Pipe Springs	NV	40.33594	-119.91465	2007	19.3	9.98	23.5	2.43	31.4485580004273	22.5	17.6			
http://resources.usgin.org/uri-gin/nbmg/thermalspring/NBMG:82548/	Pipe Springs	NV	40.33594	-119.91465	2007	19.3		23.5	2.43	31.4485580004273	22.5	17.6	99	0.0858	
http://resources.usgin.org/uri-gin/nbmg/thermalspring/NBMG:82548/	Pipe Springs	NV	40.33594	-119.91465	2007										7.88
http://resources.usgin.org/uri-gin/nbmg/thermalspring/NBMG:82549/	Cold Spring - Sand Pass	NV	40.27553	-119.71224	2007										8.8
http://resources.usgin.org/uri-gin/nbmg/thermalspring/NBMG:82550/	N Cottonwood Spring	NV	40.27422	-119.02512	2007	67.2	15.3	43.7	3.56	18.7193797621591	58.7	47.2			
http://resources.usgin.org/uri-gin/nbmg/thermalspring/NBMG:82550/	N Cottonwood Spring	NV	40.27422	-119.02512	2007	67.2		43.7	3.56	18.7193797621591	58.7	47.2	229	0.202	
http://resources.usgin.org/uri-gin/nbmg/thermalspring/NBMG:82550/	N Cottonwood Spring	NV	40.27422	-119.02512	2007										7.68
http://resources.usgin.org/uri-gin/nbmg/thermalspring/NBMG:82551/	Juniper Spring	NV	40.25217	-119.08155	2007	61.2	12.5	38.7	4.71	12.4082745852026	56.4	47.3			
http://resources.usgin.org/uri-gin/nbmg/thermalspring/NBMG:82551/	Juniper Spring	NV	40.25217	-119.08155	2007	61.2		38.7	4.71	12.4082745852026	56.4	47.3	190	0.21	
http://resources.usgin.org/uri-gin/nbmg/thermalspring/NBMG:82551/	Juniper Spring	NV	40.25217	-119.08155	2007										7.56
http://resources.usgin.org/uri-gin/nbmg/thermalspring/NBMG:82552/	Tunnel Spring	NV	40.22988	-119.14496	2007	30.9	7.6	53.9	8.37	77.6586840418714	55.7	32.6			
http://resources.usgin.org/uri-gin/nbmg/thermalspring/NBMG:82552/	Tunnel Spring	NV	40.22988	-119.14496	2007	30.9		53.9	8.37	77.6586840418714	55.7	32.6	151	0.442	
http://resources.usgin.org/uri-gin/nbmg/thermalspring/NBMG:82552/	Tunnel Spring	NV	40.22988	-119.14496	2007										7.62
http://resources.usgin.org/uri-gin/nbmg/thermalspring/NBMG:82553/	Lower Stonehouse Spring Well	NV	40.21944	-119.19787	2007	87.3	27.7	87.7	4.79	20.9657053336182	140.9565	131.9441			
http://resources.usgin.org/uri-gin/nbmg/thermalspring/NBMG:82553/	Lower Stonehouse Spring Well	NV	40.21944	-119.19787	2007	87.3		87.7	4.79	20.9657053336182	140.9565	131.9441	247	0.184	
http://resources.usgin.org/uri-gin/nbmg/thermalspring/NBMG:82553/	Lower Stonehouse Spring Well	NV	40.21944	-119.19787	2007										7.41
http://resources.usgin.org/uri-gin/nbmg/thermalspring/NBMG:82560/	Granite Spring - Granite Springs Valley	NV	40.08001	-119.05315	2007	74.8	40.2	89.6	4.6	34.0157872249519	111.2102	103.3416			
http://resources.usgin.org/uri-gin/nbmg/thermalspring/NBMG:82560/	Granite Spring - Granite Springs Valley	NV	40.08001	-119.05315	2007	74.8		89.6	4.6	34.0157872249519	111.2102	103.3416	293	0.5617	
http://resources.usgin.org/uri-gin/nbmg/thermalspring/NBMG:82560/	Granite Spring - Granite Springs Valley	NV	40.08001	-119.05315	2007										6.98
http://resources.usgin.org/uri-gin/nbmg/thermalspring/NBMG:82561/	Sage Hen Springs - Sage Hen Valley	NV	40.05387	-119.22195	2007	140	29.7	136	4.49	24.3886776329844	278.1676	202.1881			
http://resources.usgin.org/uri-gin/nbmg/thermalspring/NBMG:82561/	Sage Hen Springs - Sage Hen Valley	NV	40.05387	-119.22195	2007	140		136	4.49	24.3886776329844	278.1676	202.1881	188	0.2133	
http://resources.usgin.org/uri-gin/nbmg/thermalspring/NBMG:82561/	Sage Hen Springs - Sage Hen Valley	NV	40.05387	-119.22195	2007										6.85
http://resources.usgin.org/uri-gin/nbmg/thermalspring/NBMG:82573/	Cold Spring - Warm Springs Valley	NV	39.8469	-119.72048	2007										7.52
http://resources.usgin.org/uri-gin/nbmg/thermalspring/NBMG:82575/	Warm Well - Warm Springs Valley	NV	39.82424	-119.71274	2007	4.04	0.74	182	2.87	23.1050630207221	74.6	250.02			
http://resources.usgin.org/uri-gin/nbmg/thermalspring/NBMG:82575/	Warm Well - Warm Springs Valley	NV	39.82424	-119.71274	2007	4.04		182	2.87	23.1050630207221	74.6	250.02	33	6.45	
http://resources.usgin.org/uri-gin/nbmg/thermalspring/NBMG:82575/	Warm Well - Warm Springs Valley	NV	39.82424	-119.71274	2007										8.69
http://resources.usgin.org/uri-gin/nbmg/thermalspring/NBMG:82577/	Claypool Ranch Well	NV	39.81492	-119.64775	2007	49	20.4	30.8	5.6	55.6232998647013	22.5	49.79			
http://resources.usgin.org/uri-gin/nbmg/thermalspring/NBMG:82577/	Claypool Ranch Well	NV	39.81492	-119.64775	2007	49		30.8	5.6	55.6232998647013	22.5	49.79	188	0.11	
http://resources.usgin.org/uri-gin/nbmg/thermalspring/NBMG:82577/	Claypool Ranch Well	NV	39.81492	-119.64775	2007										7.55
http://resources.usgin.org/uri-gin/nbmg/thermalspring/NBMG:82579/	Cold Spring - Warm Springs Valley	NV	39.78304	-119.67855	2007	5.34	1.46	69.3	5.24	33.8018514562415	15	24.35			
http://resources.usgin.org/uri-gin/nbmg/thermalspring/NBMG:82579/	Cold Spring - Warm Springs Valley	NV	39.78304	-119.67855	2007	5.34		69.3	5.24	33.8018514562415	15	24.35	126	0.44	
http://resources.usgin.org/uri-gin/nbmg/thermalspring/NBMG:82579/	Cold Spring - Warm Springs Valley	NV	39.78304	-119.67855	2007										7.1
http://resources.usgin.org/uri-gin/nbmg/thermalspring/NBMG:82581/	Warm Spring - Pyramid Lake	NV	39.73956	-119.31711	2005	112	82.2	738	51.7	40.5	1550	143			
http://resources.usgin.org/uri-gin/nbmg/thermalspring/NBMG:82581/	Warm Spring - Pyramid Lake	NV	39.73956	-119.31711	2005	112		738	51.7	40.5	1550	143	69	0.1	
http://resources.usgin.org/uri-gin/nbmg/thermalspring/NBMG:82581/	Warm Spring - Pyramid Lake	NV	39.73956	-119.31711	2005										7.65
http://resources.usgin.org/uri-gin/nbmg/thermalspring/NBMG:82582/	Cold Spring - Hot Springs Flat	NV	39.72447	-119.01094	2007	41.6	10.5	992	89	58.1905290892259	1420	288.178			
http://resources.usgin.org/uri-gin/nbmg/thermalspring/NBMG:82582/	Cold Spring - Hot Springs Flat	NV	39.72447	-119.01094	2007	41.6		992	89	58.1905290892259	1420	288.178	156	4.5781	
http://resources.usgin.org/uri-gin/nbmg/thermalspring/NBMG:82582/	Cold Spring - Hot Springs Flat	NV	39.72447	-119.01094	2007										8.18
http://resources.usgin.org/uri-gin/nbmg/thermalspring/NBMG:82583/	Cold Spring - Hot Springs Flat	NV	39.72112	-119.0714	2007	46.1	11.9	1070	95.4	61.8274371573026	1600.3036	275.5245			
http://resources.usgin.org/uri-gin/nbmg/thermalspring/NBMG:82583/	Cold Spring - Hot Springs Flat	NV	39.72112	-119.0714	2007	46.1		1070	95.4	61.8274371573026	1600.3036	275.5245	155	8.568	
http://resources.usgin.org/uri-gin/nbmg/thermalspring/NBMG:82583/	Cold Spring - Hot Springs Flat	NV	39.72112	-119.0714	2007										7.88
http://resources.usgin.org/uri-gin/nbmg/thermalspring/NBMG:82584/	Cold Spring - Edwards Creek Valley	NV	39.68199	-117.64535	2007	32.5	1.76	48.9	7.15	83.0070782596311	27.1	58.05			
http://resources.usgin.org/uri-gin/nbmg/thermalspring/NBMG:82584/	Cold Spring - Edwards Creek Valley	NV	39.68199	-117.64535	2007	32.5		48.9	7.15	83.0070782596311	27.1	58.05	116	2.09	
http://resources.usgin.org/uri-gin/nbmg/thermalspring/NBMG:82584/	Cold Spring - Edwards Creek Valley	NV	39.68199	-117.64535	2007										7.52
http://resources.usgin.org/uri-gin/nbmg/thermalspring/NBMG:82585/	Cold Spring - Edwards Creek Valley	NV	39.63982	-117.7056	2007										6.96
http://resources.usgin.org/uri-gin/nbmg/thermalspring/NBMG:82587/	Hot Spring - Eightmile Flat	NV	39.35851	-118.57693	2005	41.3	2.3	841	68.7	235.3	1090	243			
http://resources.usgin.org/uri-gin/nbmg/thermalspring/NBMG:82587/	Hot Spring - Eightmile Flat	NV	39.35851	-118.57693	2005	41.3		841	68.7	235.3	1090	243	245	5.3	
http://resources.usgin.org/uri-gin/nbmg/thermalspring/NBMG:82587/	Hot Spring - Eightmile Flat	NV	39.35851	-118.57693	2005										7.09
http://resources.usgin.org/uri-gin/nbmg/thermalspring/NBMG:82588/	Hot Spring - Eightmile Flat	NV	39.35559	-118.58329	2005	36.8	1.7	931	83	293.1	1250	260			
http://resources.usgin.org/uri-gin/nbmg/thermalspring/NBMG:82588/	Hot Spring - Eightmile Flat	NV	39.35559	-118.58329	2005	36.8		931	83	293.1	1250	260	223	5.8	
http://resources.usgin.org/uri-gin/nbmg/thermalspring/NBMG:82588/	Hot Spring - Eightmile Flat	NV	39.35559	-118.58329	2005										7.11
http://resources.usgin.org/uri-gin/nbmg/thermalspring/NBMG:82589/	Hot Spring - Eightmile Flat	NV	39.34364	-118.58219	2005	33.6	1.3	866	78.9	200.9	1170	243			
http://resources.usgin.org/uri-gin/nbmg/thermalspring/NBMG:82589/	Hot Spring - Eightmile Flat	NV	39.34364	-118.58219	2005	33.6		866	78.9	200.9	1170	243	217	5.9	
http://resources.usgin.org/uri-gin/nbmg/thermalspring/NBMG:82589/	Hot Spring - Eightmile Flat	NV	39.34364	-118.58219	2005										6.6
http://resources.usgin.org/uri-gin/nbmg/thermalspring/NBMG:82590/	Hot Spring - Eightmile Flat	NV	39.32714	-118.58004	2005	46.9	2.7	1080	102	200.2	1460	329			
http://resources.usgin.org/uri-gin/nbmg/thermalspring/NBMG:82590/	Hot Spring - Eightmile Flat	NV	39.32714	-118.58004	2005	46.9		1080	102	200.2	1460	329	270	60.026	
http://resources.usgin.org/uri-gin/nbmg/thermalspring/NBMG:82590/	Hot Spring - Eightmile Flat	NV	39.32714	-118.58004	2005										6.92
http://resources.usgin.org/uri-gin/nbmg/thermalspring/NBMG:82591/	Hot Spring - Eightmile Flat	NV	39.31817	-118.57285	2005	34.7	2.6	1030	85.3	209.2	1400	286			
http://resources.usgin.org/uri-gin/nbmg/thermalspring/NBMG:82591/	Hot Spring - Eightmile Flat	NV	39.31817	-118.57285	2005	34.7		1030	85.3	209.2	1400	286	248	5.9	
http://resources.usgin.org/uri-gin/nbmg/thermalspring/NBMG:82591/	Hot Spring - Eightmile Flat	NV	39.31817	-118.57285	2005										6.5
http://resources.usgin.org/uri-gin/nbmg/thermalspring/NBMG:82597/	Whisky Spring	NV	38.37147	-118.54008	2008	14.2019959329886	2.14614040499921	34.2483447165789	6.01	53.270006408887	16.16	42.29			
http://resources.usgin.org/uri-gin/nbmg/thermalspring/NBMG:82597/	Whisky Spring	NV	38.37147	-118.54008	2008	14.2019959329886		34.2483447165789	6.01	53.270006408887	16.16	42.29	56.4	0.41	
http://resources.usgin.org/uri-gin/nbmg/thermalspring/NBMG:82597/	Whisky Spring	NV	38.37147	-118.54008	2008										7.42
http://resources.usgin.org/uri-gin/nbmg/thermalspring/NBMG:82598/	Mud Spring - Aurora Crater	NV	38.36184	-118.82144	2008	34.4772138110052	5.79749240626483	48.6105537912733	5.93	62.6831802321441	15.5	79.1			
http://resources.usgin.org/uri-gin/nbmg/thermalspring/NBMG:82598/	Mud Spring - Aurora Crater	NV	38.36184	-118.82144	2008	34.4772138110052		48.6105537912733	5.93	62.6831802321441	15.5	79.1	114	0.24	
http://resources.usgin.org/uri-gin/nbmg/thermalspring/NBMG:82598/	Mud Spring - Aurora Crater	NV	38.36184	-118.82144	2008										7.75
http://resources.usgin.org/uri-gin/nbmg/thermalspring/NBMG:82612/	Day Warm Springs	NV	41.41643	-117.37623	1905	28.7	7.08	461	21	16	18	17.3			
http://resources.usgin.org/uri-gin/nbmg/thermalspring/NBMG:82612/	Day Warm Springs	NV	41.41643	-117.37623	1905	28.7		461	21	16	18	17.3	1376	5.7	
http://resources.usgin.org/uri-gin/nbmg/thermalspring/NBMG:82612/	Day Warm Springs	NV	41.41643	-117.37623	1905										6.75
http://resources.usgin.org/uri-gin/nbmg/thermalspring/NBMG:82619/	Cottonwood Spring	NV	38.4829659851	-118.676182625	1981	160	27.8	69	6		45.8	177			
http://resources.usgin.org/uri-gin/nbmg/thermalspring/NBMG:82619/	Cottonwood Spring	NV	38.4829659851	-118.676182625	1981	160		69	6		45.8	177	390.4	0.71	
http://resources.usgin.org/uri-gin/nbmg/thermalspring/NBMG:82619/	Cottonwood Spring	NV	38.4829659851	-118.676182625	1981										7.9
http://resources.usgin.org/uri-gin/nbmg/thermalspring/NBMG:828/	Hot Pool - Bowers Mansion Hot Springs / Franktown Hot Springs	NV	39.28599	-119.84071	1972	8	1				74	32			
http://resources.usgin.org/uri-gin/nbmg/thermalspring/NBMG:828/	Hot Pool - Bowers Mansion Hot Springs / Franktown Hot Springs	NV	39.28599	-119.84071	1972	8					74	32	110	-9999999	
http://resources.usgin.org/uri-gin/nbmg/thermalspring/NBMG:828/	Hot Pool - Bowers Mansion Hot Springs / Franktown Hot Springs	NV	39.28599	-119.84071	1972										7.9
http://resources.usgin.org/uri-gin/nbmg/thermalspring/NBMG:829/	Mud Springs Pool - Gerlach	NV	40.6549	-119.37935	1952						4500				
http://resources.usgin.org/uri-gin/nbmg/thermalspring/NBMG:829/	Mud Springs Pool - Gerlach	NV	40.6549	-119.37935	1952						4500				
http://resources.usgin.org/uri-gin/nbmg/thermalspring/NBMG:829/	Mud Springs Pool - Gerlach	NV	40.6549	-119.37935	1952										6.3
http://resources.usgin.org/uri-gin/nbmg/thermalspring/NBMG:83/	Threemile Spring - Humboldt Wells	NV	41.16182	-114.98587	1957	51		340	36	76	34	29	1150	7	
http://resources.usgin.org/uri-gin/nbmg/thermalspring/NBMG:83/	Threemile Spring - Humboldt Wells	NV	41.16182	-114.98587	1957	51		340	36	76	34	29			
http://resources.usgin.org/uri-gin/nbmg/thermalspring/NBMG:83/	Threemile Spring - Humboldt Wells	NV	41.16182	-114.98587	1957										6.3
http://resources.usgin.org/uri-gin/nbmg/thermalspring/NBMG:83/	Threemile Spring - Humboldt Wells	NV	41.16182	-114.98587	1973	49	13	390	41	84	40	18			
http://resources.usgin.org/uri-gin/nbmg/thermalspring/NBMG:83/	Threemile Spring - Humboldt Wells	NV	41.16182	-114.98587	1973	49		390	41	84	40	18	1180	7.2	
http://resources.usgin.org/uri-gin/nbmg/thermalspring/NBMG:83/	Threemile Spring - Humboldt Wells	NV	41.16182	-114.98587	1973										7
http://resources.usgin.org/uri-gin/nbmg/thermalspring/NBMG:83/	Threemile Spring - Humboldt Wells	NV	41.16182	-114.98587	1974	51	13	340	36	76	34	29			
http://resources.usgin.org/uri-gin/nbmg/thermalspring/NBMG:83/	Threemile Spring - Humboldt Wells	NV	41.16182	-114.98587	1974	51		340	36	76	34	29	1150	70.04	
http://resources.usgin.org/uri-gin/nbmg/thermalspring/NBMG:83/	Threemile Spring - Humboldt Wells	NV	41.16182	-114.98587	1974										6.3
http://resources.usgin.org/uri-gin/nbmg/thermalspring/NBMG:833/	Hills Warm Spring	NV	41.73048	-119.78328	1961	5.8	0.34	58	3.9	41	23	23			
http://resources.usgin.org/uri-gin/nbmg/thermalspring/NBMG:833/	Hills Warm Spring	NV	41.73048	-119.78328	1961	5.8		58	3.9	41	23	23	106		
http://resources.usgin.org/uri-gin/nbmg/thermalspring/NBMG:833/	Hills Warm Spring	NV	41.73048	-119.78328	1961										8.9
http://resources.usgin.org/uri-gin/nbmg/thermalspring/NBMG:833/	Hills Warm Spring	NV	41.73048	-119.78328	2007	6.17	1.34	54.9	3.45	43.0010895107883	26.7633	25.7058			
http://resources.usgin.org/uri-gin/nbmg/thermalspring/NBMG:833/	Hills Warm Spring	NV	41.73048	-119.78328	2007	6.17		54.9	3.45	43.0010895107883	26.7633	25.7058	75	0.201	
http://resources.usgin.org/uri-gin/nbmg/thermalspring/NBMG:833/	Hills Warm Spring	NV	41.73048	-119.78328	2007										8.4
http://resources.usgin.org/uri-gin/nbmg/thermalspring/NBMG:833/	Hills Warm Spring	NV	41.73048	-119.78328		5.8	0.34	58	3.9	41	23	23			
http://resources.usgin.org/uri-gin/nbmg/thermalspring/NBMG:833/	Hills Warm Spring	NV	41.73048	-119.78328		5.8		58	3.9	41	23	23	106		
http://resources.usgin.org/uri-gin/nbmg/thermalspring/NBMG:833/	Hills Warm Spring	NV	41.73048	-119.78328											8.9
http://resources.usgin.org/uri-gin/nbmg/thermalspring/NBMG:834/	Fivemile Spring - Kings River Valley	NV	41.76302	-118.28019	1975	14	2.8	28	6.3	53	15	14			
http://resources.usgin.org/uri-gin/nbmg/thermalspring/NBMG:834/	Fivemile Spring - Kings River Valley	NV	41.76302	-118.28019	1975	14		28	6.3	53	15	14	94		
http://resources.usgin.org/uri-gin/nbmg/thermalspring/NBMG:834/	Fivemile Spring - Kings River Valley	NV	41.76302	-118.28019	1975										7.3
http://resources.usgin.org/uri-gin/nbmg/thermalspring/NBMG:840/	Devils Hole Spring / Button Spring	NV	36.42539	-116.29137	1965	50	24	65	7.6	22	20	76			
http://resources.usgin.org/uri-gin/nbmg/thermalspring/NBMG:840/	Devils Hole Spring / Button Spring	NV	36.42539	-116.29137	1965	50		65	7.6	22	20	76	310	-9999999	
http://resources.usgin.org/uri-gin/nbmg/thermalspring/NBMG:840/	Devils Hole Spring / Button Spring	NV	36.42539	-116.29137	1972	52	19	67	8.1	21	22	78			
http://resources.usgin.org/uri-gin/nbmg/thermalspring/NBMG:840/	Devils Hole Spring / Button Spring	NV	36.42539	-116.29137	1972	52		67	8.1	21	22	78	306	-9999999	
http://resources.usgin.org/uri-gin/nbmg/thermalspring/NBMG:840/	Devils Hole Spring / Button Spring	NV	36.42539	-116.29137	1972	62	18	35			30	52			
http://resources.usgin.org/uri-gin/nbmg/thermalspring/NBMG:840/	Devils Hole Spring / Button Spring	NV	36.42539	-116.29137	1972	62		35			30	52	315		
http://resources.usgin.org/uri-gin/nbmg/thermalspring/NBMG:840/	Devils Hole Spring / Button Spring	NV	36.42539	-116.29137	1972										7.8
http://resources.usgin.org/uri-gin/nbmg/thermalspring/NBMG:840/	Devils Hole Spring / Button Spring	NV	36.42539	-116.29137	1984	48	21	69		23					
http://resources.usgin.org/uri-gin/nbmg/thermalspring/NBMG:840/	Devils Hole Spring / Button Spring	NV	36.42539	-116.29137	1984	48	21	70		23					
http://resources.usgin.org/uri-gin/nbmg/thermalspring/NBMG:840/	Devils Hole Spring / Button Spring	NV	36.42539	-116.29137	1984	48		69		23				0.01	
http://resources.usgin.org/uri-gin/nbmg/thermalspring/NBMG:840/	Devils Hole Spring / Button Spring	NV	36.42539	-116.29137	1984	48		70		23				-8888888	
http://resources.usgin.org/uri-gin/nbmg/thermalspring/NBMG:840/	Devils Hole Spring / Button Spring	NV	36.42539	-116.29137	1984										7.4
http://resources.usgin.org/uri-gin/nbmg/thermalspring/NBMG:840/	Devils Hole Spring / Button Spring	NV	36.42539	-116.29137	1984										7.4
http://resources.usgin.org/uri-gin/nbmg/thermalspring/NBMG:840/	Devils Hole Spring / Button Spring	NV	36.42539	-116.29137	1985	46	22	67	7.9	23	22	83			
http://resources.usgin.org/uri-gin/nbmg/thermalspring/NBMG:840/	Devils Hole Spring / Button Spring	NV	36.42539	-116.29137	1985	46		67	7.9	23	22	83		1.5	
http://resources.usgin.org/uri-gin/nbmg/thermalspring/NBMG:840/	Devils Hole Spring / Button Spring	NV	36.42539	-116.29137	1985	53	22	67	8	23	21	83			
http://resources.usgin.org/uri-gin/nbmg/thermalspring/NBMG:840/	Devils Hole Spring / Button Spring	NV	36.42539	-116.29137	1985	53		67	8	23	21	83		1.5	
http://resources.usgin.org/uri-gin/nbmg/thermalspring/NBMG:840/	Devils Hole Spring / Button Spring	NV	36.42539	-116.29137	1985										7.4
http://resources.usgin.org/uri-gin/nbmg/thermalspring/NBMG:840/	Devils Hole Spring / Button Spring	NV	36.42539	-116.29137	1985										7.4
http://resources.usgin.org/uri-gin/nbmg/thermalspring/NBMG:840/	Devils Hole Spring / Button Spring	NV	36.42539	-116.29137	1990	50	20	68	7.8	23	24	87			
http://resources.usgin.org/uri-gin/nbmg/thermalspring/NBMG:840/	Devils Hole Spring / Button Spring	NV	36.42539	-116.29137	1990	50		68	7.8	23	24	87	279	1.6	
http://resources.usgin.org/uri-gin/nbmg/thermalspring/NBMG:840/	Devils Hole Spring / Button Spring	NV	36.42539	-116.29137	1990										7.5
http://resources.usgin.org/uri-gin/nbmg/thermalspring/NBMG:840/	Devils Hole Spring / Button Spring	NV	36.42539	-116.29137	1990										7.5
http://resources.usgin.org/uri-gin/nbmg/thermalspring/NBMG:840/	Devils Hole Spring / Button Spring	NV	36.42539	-116.29137	1990										7.5
http://resources.usgin.org/uri-gin/nbmg/thermalspring/NBMG:840/	Devils Hole Spring / Button Spring	NV	36.42539	-116.29137	1991	49	21	69	7.9	23	24	83			
http://resources.usgin.org/uri-gin/nbmg/thermalspring/NBMG:840/	Devils Hole Spring / Button Spring	NV	36.42539	-116.29137	1991	49		69	7.9	23	24	83	301	1.6	
http://resources.usgin.org/uri-gin/nbmg/thermalspring/NBMG:840/	Devils Hole Spring / Button Spring	NV	36.42539	-116.29137	1991										7.3
http://resources.usgin.org/uri-gin/nbmg/thermalspring/NBMG:840/	Devils Hole Spring / Button Spring	NV	36.42539	-116.29137	1991										7.4
http://resources.usgin.org/uri-gin/nbmg/thermalspring/NBMG:840/	Devils Hole Spring / Button Spring	NV	36.42539	-116.29137	1992	51	21	69	7.4	23	25	82			
http://resources.usgin.org/uri-gin/nbmg/thermalspring/NBMG:840/	Devils Hole Spring / Button Spring	NV	36.42539	-116.29137	1992	51		69	7.4	23	25	82	310	1.5	
http://resources.usgin.org/uri-gin/nbmg/thermalspring/NBMG:840/	Devils Hole Spring / Button Spring	NV	36.42539	-116.29137	1992										7.4
http://resources.usgin.org/uri-gin/nbmg/thermalspring/NBMG:840/	Devils Hole Spring / Button Spring	NV	36.42539	-116.29137	1999	45.2	19.4	64	7.8	21.5	20.3	73.8			
http://resources.usgin.org/uri-gin/nbmg/thermalspring/NBMG:840/	Devils Hole Spring / Button Spring	NV	36.42539	-116.29137	1999	45.2		64	7.8	21.5	20.3	73.8	306	1.5	
http://resources.usgin.org/uri-gin/nbmg/thermalspring/NBMG:840/	Devils Hole Spring / Button Spring	NV	36.42539	-116.29137	1999										7.3
http://resources.usgin.org/uri-gin/nbmg/thermalspring/NBMG:840/	Devils Hole Spring / Button Spring	NV	36.42539	-116.29137	1999										7.6
http://resources.usgin.org/uri-gin/nbmg/thermalspring/NBMG:840/	Devils Hole Spring / Button Spring	NV	36.42539	-116.29137	2003	52.2	21.2	66.5	7.95		20.9	77.4			
http://resources.usgin.org/uri-gin/nbmg/thermalspring/NBMG:840/	Devils Hole Spring / Button Spring	NV	36.42539	-116.29137	2003	52.2		66.5	7.95		20.9	77.4		1.5	
http://resources.usgin.org/uri-gin/nbmg/thermalspring/NBMG:840/	Devils Hole Spring / Button Spring	NV	36.42539	-116.29137	2003										7.7
http://resources.usgin.org/uri-gin/nbmg/thermalspring/NBMG:840/	Devils Hole Spring / Button Spring	NV	36.42539	-116.29137		51	21	66	7.2	23	22	79			
http://resources.usgin.org/uri-gin/nbmg/thermalspring/NBMG:840/	Devils Hole Spring / Button Spring	NV	36.42539	-116.29137		51		66	7.2	23	22	79	311	1.6	
http://resources.usgin.org/uri-gin/nbmg/thermalspring/NBMG:840/	Devils Hole Spring / Button Spring	NV	36.42539	-116.29137											7.4
http://resources.usgin.org/uri-gin/nbmg/thermalspring/NBMG:844/	Rogers Spring / Rodgers Spring	NV	36.3778	-114.44391	1959	430	128	284	17.6	18	328	1747			
http://resources.usgin.org/uri-gin/nbmg/thermalspring/NBMG:844/	Rogers Spring / Rodgers Spring	NV	36.3778	-114.44391	1959	430		284	17.6	18	328	1747	170	1.52	
http://resources.usgin.org/uri-gin/nbmg/thermalspring/NBMG:844/	Rogers Spring / Rodgers Spring	NV	36.3778	-114.44391	1959										7.5
http://resources.usgin.org/uri-gin/nbmg/thermalspring/NBMG:844/	Rogers Spring / Rodgers Spring	NV	36.3778	-114.44391	1972			13	5.6						
http://resources.usgin.org/uri-gin/nbmg/thermalspring/NBMG:844/	Rogers Spring / Rodgers Spring	NV	36.3778	-114.44391	1972			13	5.6						
http://resources.usgin.org/uri-gin/nbmg/thermalspring/NBMG:844/	Rogers Spring / Rodgers Spring	NV	36.3778	-114.44391	1977	450	140	300	20	17	340	1600			
http://resources.usgin.org/uri-gin/nbmg/thermalspring/NBMG:844/	Rogers Spring / Rodgers Spring	NV	36.3778	-114.44391	1977	450		300	20	17	340	1600	160	1.4	
http://resources.usgin.org/uri-gin/nbmg/thermalspring/NBMG:844/	Rogers Spring / Rodgers Spring	NV	36.3778	-114.44391	1977										7.9
http://resources.usgin.org/uri-gin/nbmg/thermalspring/NBMG:844/	Rogers Spring / Rodgers Spring	NV	36.3778	-114.44391	1981	410	140	280	21	18	330	1600			
http://resources.usgin.org/uri-gin/nbmg/thermalspring/NBMG:844/	Rogers Spring / Rodgers Spring	NV	36.3778	-114.44391	1981	410		280	21	18	330	1600		1.3	
http://resources.usgin.org/uri-gin/nbmg/thermalspring/NBMG:844/	Rogers Spring / Rodgers Spring	NV	36.3778	-114.44391	1981										7
http://resources.usgin.org/uri-gin/nbmg/thermalspring/NBMG:844/	Rogers Spring / Rodgers Spring	NV	36.3778	-114.44391		428	151	220		24	331	1638			
http://resources.usgin.org/uri-gin/nbmg/thermalspring/NBMG:844/	Rogers Spring / Rodgers Spring	NV	36.3778	-114.44391		428		220		24	331	1638	159		
http://resources.usgin.org/uri-gin/nbmg/thermalspring/NBMG:845/	Sutro Tunnel	NV	39.27491	-119.586	1950	267	53	67	4.6	34	8.2	732			
http://resources.usgin.org/uri-gin/nbmg/thermalspring/NBMG:845/	Sutro Tunnel	NV	39.27491	-119.586	1950	267		67	4.6	34	8.2	732	312	0.6	
http://resources.usgin.org/uri-gin/nbmg/thermalspring/NBMG:845/	Sutro Tunnel	NV	39.27491	-119.586	1950										7.6
http://resources.usgin.org/uri-gin/nbmg/thermalspring/NBMG:845/	Sutro Tunnel	NV	39.27491	-119.586							8				
http://resources.usgin.org/uri-gin/nbmg/thermalspring/NBMG:845/	Sutro Tunnel	NV	39.27491	-119.586							8				
http://resources.usgin.org/uri-gin/nbmg/thermalspring/NBMG:845/	Sutro Tunnel	NV	39.27491	-119.586											8.28
http://resources.usgin.org/uri-gin/nbmg/thermalspring/NBMG:846/	Crystal Springs	NV	37.53184	-115.23365	1954	45	23	23	5.2	28	8	27			
http://resources.usgin.org/uri-gin/nbmg/thermalspring/NBMG:846/	Crystal Springs	NV	37.53184	-115.23365	1954	45		23	5.2	28	8	27	272	-9999999	
http://resources.usgin.org/uri-gin/nbmg/thermalspring/NBMG:846/	Crystal Springs	NV	37.53184	-115.23365	1954										8.4
http://resources.usgin.org/uri-gin/nbmg/thermalspring/NBMG:846/	Crystal Springs	NV	37.53184	-115.23365	1963	45.09	23.46	22.99	5.08	31	8.15	26.9			
http://resources.usgin.org/uri-gin/nbmg/thermalspring/NBMG:846/	Crystal Springs	NV	37.53184	-115.23365	1963	45.09		22.99	5.08	31	8.15	26.9	272.14	0.57	
http://resources.usgin.org/uri-gin/nbmg/thermalspring/NBMG:846/	Crystal Springs	NV	37.53184	-115.23365	1963										8
http://resources.usgin.org/uri-gin/nbmg/thermalspring/NBMG:846/	Crystal Springs	NV	37.53184	-115.23365	1964	45	24	23	5.1	31	8.2	27			
http://resources.usgin.org/uri-gin/nbmg/thermalspring/NBMG:846/	Crystal Springs	NV	37.53184	-115.23365	1964	45		23	5.1	31	8.2	27	262	0.6	
http://resources.usgin.org/uri-gin/nbmg/thermalspring/NBMG:846/	Crystal Springs	NV	37.53184	-115.23365	1964										8
http://resources.usgin.org/uri-gin/nbmg/thermalspring/NBMG:846/	Crystal Springs	NV	37.53184	-115.23365	1981	43	21	22	5	25	8.9	34			
http://resources.usgin.org/uri-gin/nbmg/thermalspring/NBMG:846/	Crystal Springs	NV	37.53184	-115.23365	1981	43		22	5	25	8.9	34		0.3	
http://resources.usgin.org/uri-gin/nbmg/thermalspring/NBMG:846/	Crystal Springs	NV	37.53184	-115.23365	1981										7.3
http://resources.usgin.org/uri-gin/nbmg/thermalspring/NBMG:846/	Crystal Springs	NV	37.53184	-115.23365	1994	44	22	24	5.4	24	8.6	32			
http://resources.usgin.org/uri-gin/nbmg/thermalspring/NBMG:846/	Crystal Springs	NV	37.53184	-115.23365	1994	44		24	5.4	24	8.6	32	248	0.3	
http://resources.usgin.org/uri-gin/nbmg/thermalspring/NBMG:846/	Crystal Springs	NV	37.53184	-115.23365	1994										7.4
http://resources.usgin.org/uri-gin/nbmg/thermalspring/NBMG:846/	Crystal Springs	NV	37.53184	-115.23365	2003	43.3	19	21.7	4.49	24.7	8.53	32			
http://resources.usgin.org/uri-gin/nbmg/thermalspring/NBMG:846/	Crystal Springs	NV	37.53184	-115.23365	2003	43.3		21.7	4.49	24.7	8.53	32	251	-8888888	
http://resources.usgin.org/uri-gin/nbmg/thermalspring/NBMG:846/	Crystal Springs	NV	37.53184	-115.23365	2003										7.4
http://resources.usgin.org/uri-gin/nbmg/thermalspring/NBMG:846/	Crystal Springs	NV	37.53184	-115.23365		46	22	24	5.5	31	9.9	34			
http://resources.usgin.org/uri-gin/nbmg/thermalspring/NBMG:846/	Crystal Springs	NV	37.53184	-115.23365		46		24	5.5	31	9.9	34	242	2.9	
http://resources.usgin.org/uri-gin/nbmg/thermalspring/NBMG:846/	Crystal Springs	NV	37.53184	-115.23365											7.2
http://resources.usgin.org/uri-gin/nbmg/thermalspring/NBMG:85/	HD Ranch Springs / Hot Creek Springs	NV	41.57623	-115.18159	1980	62	20	23	17	139	3	51			
http://resources.usgin.org/uri-gin/nbmg/thermalspring/NBMG:85/	HD Ranch Springs / Hot Creek Springs	NV	41.57623	-115.18159	1980	62		23	17	139	3	51	307	0.78	
http://resources.usgin.org/uri-gin/nbmg/thermalspring/NBMG:85/	HD Ranch Springs / Hot Creek Springs	NV	41.57623	-115.18159	1980	67.2	21.6	24	20	13.6	3.34	56.8			
http://resources.usgin.org/uri-gin/nbmg/thermalspring/NBMG:85/	HD Ranch Springs / Hot Creek Springs	NV	41.57623	-115.18159	1980	67.2		24	20	13.6	3.34	56.8	293	0.758	
http://resources.usgin.org/uri-gin/nbmg/thermalspring/NBMG:85/	HD Ranch Springs / Hot Creek Springs	NV	41.57623	-115.18159	1980										6.76
http://resources.usgin.org/uri-gin/nbmg/thermalspring/NBMG:85/	HD Ranch Springs / Hot Creek Springs	NV	41.57623	-115.18159	1980										7.2
http://resources.usgin.org/uri-gin/nbmg/thermalspring/NBMG:852/	Boy Scout Hot Spring - Black Canyon Hot Springs / Hoover Dam Hot Springs	NV	35.96533	-114.74332	1972	290	10	650	15	34	1100	660			
http://resources.usgin.org/uri-gin/nbmg/thermalspring/NBMG:852/	Boy Scout Hot Spring - Black Canyon Hot Springs / Hoover Dam Hot Springs	NV	35.96533	-114.74332	1972	290		650	15	34	1100	660	48	0.01	
http://resources.usgin.org/uri-gin/nbmg/thermalspring/NBMG:852/	Boy Scout Hot Spring - Black Canyon Hot Springs / Hoover Dam Hot Springs	NV	35.96533	-114.74332	1972										7.8
http://resources.usgin.org/uri-gin/nbmg/thermalspring/NBMG:854/	Longstreet Spring	NV	36.46754	-116.32647	2003	47.3	20.3	67.6	7.76	24.2	21.2	78.1			
http://resources.usgin.org/uri-gin/nbmg/thermalspring/NBMG:854/	Longstreet Spring	NV	36.46754	-116.32647	2003	47.3		67.6	7.76	24.2	21.2	78.1	296	-8888888	
http://resources.usgin.org/uri-gin/nbmg/thermalspring/NBMG:854/	Longstreet Spring	NV	36.46754	-116.32647	2003										7.3
http://resources.usgin.org/uri-gin/nbmg/thermalspring/NBMG:854/	Longstreet Spring	NV	36.46754	-116.32647		51	17	68	7.9	22	22	78			
http://resources.usgin.org/uri-gin/nbmg/thermalspring/NBMG:854/	Longstreet Spring	NV	36.46754	-116.32647		51		68	7.9	22	22	78	303	1.6	
http://resources.usgin.org/uri-gin/nbmg/thermalspring/NBMG:854/	Longstreet Spring	NV	36.46754	-116.32647											7.4
http://resources.usgin.org/uri-gin/nbmg/thermalspring/NBMG:856/	Fairbanks Spring	NV	36.49042	-116.34207	1934	51	18	71	8	20	22	80			
http://resources.usgin.org/uri-gin/nbmg/thermalspring/NBMG:856/	Fairbanks Spring	NV	36.49042	-116.34207	1934	51		71	8	20	22	80	300	-9999999	
http://resources.usgin.org/uri-gin/nbmg/thermalspring/NBMG:856/	Fairbanks Spring	NV	36.49042	-116.34207	1934										7.3
http://resources.usgin.org/uri-gin/nbmg/thermalspring/NBMG:856/	Fairbanks Spring	NV	36.49042	-116.34207	1990	48	20	69	7.9	23	21	79			
http://resources.usgin.org/uri-gin/nbmg/thermalspring/NBMG:856/	Fairbanks Spring	NV	36.49042	-116.34207	1990	48		69	7.9	23	21	79	315	1.6	
http://resources.usgin.org/uri-gin/nbmg/thermalspring/NBMG:856/	Fairbanks Spring	NV	36.49042	-116.34207	1990										7.4
http://resources.usgin.org/uri-gin/nbmg/thermalspring/NBMG:856/	Fairbanks Spring	NV	36.49042	-116.34207	1991	47	21	68	8	22	23	82			
http://resources.usgin.org/uri-gin/nbmg/thermalspring/NBMG:856/	Fairbanks Spring	NV	36.49042	-116.34207	1991	47		68	8	22	23	82		1.6	
http://resources.usgin.org/uri-gin/nbmg/thermalspring/NBMG:856/	Fairbanks Spring	NV	36.49042	-116.34207	1991										7.4
http://resources.usgin.org/uri-gin/nbmg/thermalspring/NBMG:856/	Fairbanks Spring	NV	36.49042	-116.34207	1992	47	20	69	7.4	21	26	85			
http://resources.usgin.org/uri-gin/nbmg/thermalspring/NBMG:856/	Fairbanks Spring	NV	36.49042	-116.34207	1992	47		69	7.4	21	26	85	298	1.7	
http://resources.usgin.org/uri-gin/nbmg/thermalspring/NBMG:856/	Fairbanks Spring	NV	36.49042	-116.34207	1992										7.3
http://resources.usgin.org/uri-gin/nbmg/thermalspring/NBMG:856/	Fairbanks Spring	NV	36.49042	-116.34207	1994	45	21	70	7.7	22	20	81			
http://resources.usgin.org/uri-gin/nbmg/thermalspring/NBMG:856/	Fairbanks Spring	NV	36.49042	-116.34207	1994	45		70	7.7	22	20	81	293	1.7	
http://resources.usgin.org/uri-gin/nbmg/thermalspring/NBMG:856/	Fairbanks Spring	NV	36.49042	-116.34207	1994										7.3
http://resources.usgin.org/uri-gin/nbmg/thermalspring/NBMG:856/	Fairbanks Spring	NV	36.49042	-116.34207	1996	45	20	70	8	21	21	81			
http://resources.usgin.org/uri-gin/nbmg/thermalspring/NBMG:856/	Fairbanks Spring	NV	36.49042	-116.34207	1996	45		70	8	21	21	81	299	1.7	
http://resources.usgin.org/uri-gin/nbmg/thermalspring/NBMG:856/	Fairbanks Spring	NV	36.49042	-116.34207	1996										7.2
http://resources.usgin.org/uri-gin/nbmg/thermalspring/NBMG:856/	Fairbanks Spring	NV	36.49042	-116.34207	1996										7.3
http://resources.usgin.org/uri-gin/nbmg/thermalspring/NBMG:856/	Fairbanks Spring	NV	36.49042	-116.34207	1997	48.6	20.3	71.3	7.87	22.8	20.8	80.1			
http://resources.usgin.org/uri-gin/nbmg/thermalspring/NBMG:856/	Fairbanks Spring	NV	36.49042	-116.34207	1997	48.6		71.3	7.87	22.8	20.8	80.1	300	1.8	
http://resources.usgin.org/uri-gin/nbmg/thermalspring/NBMG:856/	Fairbanks Spring	NV	36.49042	-116.34207	1997										7.2
http://resources.usgin.org/uri-gin/nbmg/thermalspring/NBMG:856/	Fairbanks Spring	NV	36.49042	-116.34207	1997										7.3
http://resources.usgin.org/uri-gin/nbmg/thermalspring/NBMG:856/	Fairbanks Spring	NV	36.49042	-116.34207	1997										7.4
http://resources.usgin.org/uri-gin/nbmg/thermalspring/NBMG:856/	Fairbanks Spring	NV	36.49042	-116.34207	1997										7.4
http://resources.usgin.org/uri-gin/nbmg/thermalspring/NBMG:856/	Fairbanks Spring	NV	36.49042	-116.34207	1998										6.9
http://resources.usgin.org/uri-gin/nbmg/thermalspring/NBMG:856/	Fairbanks Spring	NV	36.49042	-116.34207	1998										7.2
http://resources.usgin.org/uri-gin/nbmg/thermalspring/NBMG:856/	Fairbanks Spring	NV	36.49042	-116.34207	1998										7.2
http://resources.usgin.org/uri-gin/nbmg/thermalspring/NBMG:856/	Fairbanks Spring	NV	36.49042	-116.34207	1998										7.5
http://resources.usgin.org/uri-gin/nbmg/thermalspring/NBMG:864/	Blue Eagle Springs / Jacks Spring	NV	38.56234	-115.52847	1946	30	28				9	36			
http://resources.usgin.org/uri-gin/nbmg/thermalspring/NBMG:864/	Blue Eagle Springs / Jacks Spring	NV	38.56234	-115.52847	1946	30					9	36	297		
http://resources.usgin.org/uri-gin/nbmg/thermalspring/NBMG:864/	Blue Eagle Springs / Jacks Spring	NV	38.56234	-115.52847	1946										8.1
http://resources.usgin.org/uri-gin/nbmg/thermalspring/NBMG:864/	Blue Eagle Springs / Jacks Spring	NV	38.56234	-115.52847	1967						9.4	18		4.5	
http://resources.usgin.org/uri-gin/nbmg/thermalspring/NBMG:864/	Blue Eagle Springs / Jacks Spring	NV	38.56234	-115.52847	1967						9.4	18			
http://resources.usgin.org/uri-gin/nbmg/thermalspring/NBMG:87/	Hot Lake - E Midas	NV	41.14658	-116.73261	1983	29	5.8	33	7	57	22	34			
http://resources.usgin.org/uri-gin/nbmg/thermalspring/NBMG:87/	Hot Lake - E Midas	NV	41.14658	-116.73261	1983	29		33	7	57	22	34	132	0.42	
http://resources.usgin.org/uri-gin/nbmg/thermalspring/NBMG:87/	Hot Lake - E Midas	NV	41.14658	-116.73261	1983										7.2
http://resources.usgin.org/uri-gin/nbmg/thermalspring/NBMG:873/	Little Alkali Spring - Rose Creek Springs / North East Range Springs	NV	40.8852	-117.93427		117	48	512	60	52	225	59			
http://resources.usgin.org/uri-gin/nbmg/thermalspring/NBMG:873/	Little Alkali Spring - Rose Creek Springs / North East Range Springs	NV	40.8852	-117.93427		117		512	60	52	225	59	1610	4.8	
http://resources.usgin.org/uri-gin/nbmg/thermalspring/NBMG:873/	Little Alkali Spring - Rose Creek Springs / North East Range Springs	NV	40.8852	-117.93427		17	40	920	94	50	381	121			
http://resources.usgin.org/uri-gin/nbmg/thermalspring/NBMG:873/	Little Alkali Spring - Rose Creek Springs / North East Range Springs	NV	40.8852	-117.93427		17		920	94	50	381	121	1940	120.01	
http://resources.usgin.org/uri-gin/nbmg/thermalspring/NBMG:873/	Little Alkali Spring - Rose Creek Springs / North East Range Springs	NV	40.8852	-117.93427											7.8
http://resources.usgin.org/uri-gin/nbmg/thermalspring/NBMG:873/	Little Alkali Spring - Rose Creek Springs / North East Range Springs	NV	40.8852	-117.93427											8.3
http://resources.usgin.org/uri-gin/nbmg/thermalspring/NBMG:88/	Carlin Hot Springs / Hot Springs - Carlin	NV	40.69967	-116.12982	1972	60	15	45	15.5	70	12	52			
http://resources.usgin.org/uri-gin/nbmg/thermalspring/NBMG:88/	Carlin Hot Springs / Hot Springs - Carlin	NV	40.69967	-116.12982	1972	60		45	15.5	70	12	52	335	1.3	
http://resources.usgin.org/uri-gin/nbmg/thermalspring/NBMG:88/	Carlin Hot Springs / Hot Springs - Carlin	NV	40.69967	-116.12982	1972										7.65
http://resources.usgin.org/uri-gin/nbmg/thermalspring/NBMG:88/	Carlin Hot Springs / Hot Springs - Carlin	NV	40.69967	-116.12982		57	13.4	56	18	68	10.6	56			
http://resources.usgin.org/uri-gin/nbmg/thermalspring/NBMG:88/	Carlin Hot Springs / Hot Springs - Carlin	NV	40.69967	-116.12982		57		56	18	68	10.6	56	335.2	1.5	
http://resources.usgin.org/uri-gin/nbmg/thermalspring/NBMG:88/	Carlin Hot Springs / Hot Springs - Carlin	NV	40.69967	-116.12982		60	15	45	16	70	12	52			
http://resources.usgin.org/uri-gin/nbmg/thermalspring/NBMG:88/	Carlin Hot Springs / Hot Springs - Carlin	NV	40.69967	-116.12982		60		45	16	70	12	52	335		
http://resources.usgin.org/uri-gin/nbmg/thermalspring/NBMG:88/	Carlin Hot Springs / Hot Springs - Carlin	NV	40.69967	-116.12982		62	14	52	16	84	13	53			
http://resources.usgin.org/uri-gin/nbmg/thermalspring/NBMG:88/	Carlin Hot Springs / Hot Springs - Carlin	NV	40.69967	-116.12982		62		52	16	84	13	53	330	1.2	
http://resources.usgin.org/uri-gin/nbmg/thermalspring/NBMG:88/	Carlin Hot Springs / Hot Springs - Carlin	NV	40.69967	-116.12982											6.9
http://resources.usgin.org/uri-gin/nbmg/thermalspring/NBMG:88/	Carlin Hot Springs / Hot Springs - Carlin	NV	40.69967	-116.12982											7.3
http://resources.usgin.org/uri-gin/nbmg/thermalspring/NBMG:88/	Carlin Hot Springs / Hot Springs - Carlin	NV	40.69967	-116.12982											7.6
http://resources.usgin.org/uri-gin/nbmg/thermalspring/NBMG:882/	Warm Well - Steamboat Hot Springs / Reno Hot Springs / Mount Rose Hot Springs / Radium Hot Springs	NV	39.38824	-119.73102	1962	64	16	230	19		43	543			
http://resources.usgin.org/uri-gin/nbmg/thermalspring/NBMG:882/	Warm Well - Steamboat Hot Springs / Reno Hot Springs / Mount Rose Hot Springs / Radium Hot Springs	NV	39.38824	-119.73102	1962	64		230	19		43	543	200		
http://resources.usgin.org/uri-gin/nbmg/thermalspring/NBMG:882/	Warm Well - Steamboat Hot Springs / Reno Hot Springs / Mount Rose Hot Springs / Radium Hot Springs	NV	39.38824	-119.73102	1962										7.2
http://resources.usgin.org/uri-gin/nbmg/thermalspring/NBMG:908/	Blue Eagle Springs / Kate Spring	NV	38.56397	-115.52787	1950	25	21	39	5.9	30					
http://resources.usgin.org/uri-gin/nbmg/thermalspring/NBMG:908/	Blue Eagle Springs / Kate Spring	NV	38.56397	-115.52787	1950	25		39	5.9	30				0.003	
http://resources.usgin.org/uri-gin/nbmg/thermalspring/NBMG:908/	Blue Eagle Springs / Kate Spring	NV	38.56397	-115.52787	1950										8.4
http://resources.usgin.org/uri-gin/nbmg/thermalspring/NBMG:91/	Devils Punch Bowl / Cress Ranch Hot Springs / Hot Springs nr Winter Creek	NV	41.26193	-115.30629	1972	41	14	236	43	38	20	10			
http://resources.usgin.org/uri-gin/nbmg/thermalspring/NBMG:91/	Devils Punch Bowl / Cress Ranch Hot Springs / Hot Springs nr Winter Creek	NV	41.26193	-115.30629	1972	41		236	43	38	20	10	867		
http://resources.usgin.org/uri-gin/nbmg/thermalspring/NBMG:91/	Devils Punch Bowl / Cress Ranch Hot Springs / Hot Springs nr Winter Creek	NV	41.26193	-115.30629	1972										6.7
http://resources.usgin.org/uri-gin/nbmg/thermalspring/NBMG:91/	Devils Punch Bowl / Cress Ranch Hot Springs / Hot Springs nr Winter Creek	NV	41.26193	-115.30629	1980	41	14	230	40	36	21	11			
http://resources.usgin.org/uri-gin/nbmg/thermalspring/NBMG:91/	Devils Punch Bowl / Cress Ranch Hot Springs / Hot Springs nr Winter Creek	NV	41.26193	-115.30629	1980	41		230	40	36	21	11	888	1.9	
http://resources.usgin.org/uri-gin/nbmg/thermalspring/NBMG:91/	Devils Punch Bowl / Cress Ranch Hot Springs / Hot Springs nr Winter Creek	NV	41.26193	-115.30629	1980										6.47
http://resources.usgin.org/uri-gin/nbmg/thermalspring/NBMG:912/	Izzenhood Ranch Springs	NV	40.92858	-116.89627	1992	35	4.2	36	5.4	48	24	37			
http://resources.usgin.org/uri-gin/nbmg/thermalspring/NBMG:912/	Izzenhood Ranch Springs	NV	40.92858	-116.89627	1992	35		36	5.4	48	24	37	132	20.004	
http://resources.usgin.org/uri-gin/nbmg/thermalspring/NBMG:912/	Izzenhood Ranch Springs	NV	40.92858	-116.89627	1992										7.3
http://resources.usgin.org/uri-gin/nbmg/thermalspring/NBMG:913/	Reveille Mill Spring	NV	38.00577	-116.36256	1980	7	0.23	31	0.29	47.7	6.5	12.5			
http://resources.usgin.org/uri-gin/nbmg/thermalspring/NBMG:913/	Reveille Mill Spring	NV	38.00577	-116.36256	1980	7		31	0.29	47.7	6.5	12.5	86.5	0.859	
http://resources.usgin.org/uri-gin/nbmg/thermalspring/NBMG:913/	Reveille Mill Spring	NV	38.00577	-116.36256	1980										7.23
http://resources.usgin.org/uri-gin/nbmg/thermalspring/NBMG:915/	Storm Spring	NV	38.39829	-115.86228	1964	63	25				12	60			
http://resources.usgin.org/uri-gin/nbmg/thermalspring/NBMG:915/	Storm Spring	NV	38.39829	-115.86228	1964	63					12	60			
http://resources.usgin.org/uri-gin/nbmg/thermalspring/NBMG:915/	Storm Spring	NV	38.39829	-115.86228	1966						17				
http://resources.usgin.org/uri-gin/nbmg/thermalspring/NBMG:915/	Storm Spring	NV	38.39829	-115.86228	1966						17				
http://resources.usgin.org/uri-gin/nbmg/thermalspring/NBMG:915/	Storm Spring	NV	38.39829	-115.86228		106	30				19	57			
http://resources.usgin.org/uri-gin/nbmg/thermalspring/NBMG:915/	Storm Spring	NV	38.39829	-115.86228		106					19	57	736		
http://resources.usgin.org/uri-gin/nbmg/thermalspring/NBMG:915/	Storm Spring	NV	38.39829	-115.86228											7.6
http://resources.usgin.org/uri-gin/nbmg/thermalspring/NBMG:917/	Wabuska Hot Springs Well	NV	39.14887	-119.19049	1949	4.6	0.6				24	80			
http://resources.usgin.org/uri-gin/nbmg/thermalspring/NBMG:917/	Wabuska Hot Springs Well	NV	39.14887	-119.19049	1949	4.6					24	80	187		
http://resources.usgin.org/uri-gin/nbmg/thermalspring/NBMG:917/	Wabuska Hot Springs Well	NV	39.14887	-119.19049	1949										8.6
http://resources.usgin.org/uri-gin/nbmg/thermalspring/NBMG:920/	Warm Well 5 - Rose Creek Springs / North East Range Springs	NV	40.89744	-117.94267	1966	43	15	420	29		185	88			
http://resources.usgin.org/uri-gin/nbmg/thermalspring/NBMG:920/	Warm Well 5 - Rose Creek Springs / North East Range Springs	NV	40.89744	-117.94267	1966	43		420	29		185	88	974		
http://resources.usgin.org/uri-gin/nbmg/thermalspring/NBMG:920/	Warm Well 5 - Rose Creek Springs / North East Range Springs	NV	40.89744	-117.94267	1966										7.9
http://resources.usgin.org/uri-gin/nbmg/thermalspring/NBMG:927/	Rogers Spring / Rodgers Spring	NV	36.47923	-116.32637	1966	55	15	78	9		27	96			
http://resources.usgin.org/uri-gin/nbmg/thermalspring/NBMG:927/	Rogers Spring / Rodgers Spring	NV	36.47923	-116.32637	1966	55		78	9		27	96	290	1.8	
http://resources.usgin.org/uri-gin/nbmg/thermalspring/NBMG:927/	Rogers Spring / Rodgers Spring	NV	36.47923	-116.32637	1966										8
http://resources.usgin.org/uri-gin/nbmg/thermalspring/NBMG:932/	Warm Well - Steamboat Hot Springs / Reno Hot Springs / Mount Rose Hot Springs / Radium Hot Springs	NV	39.39158	-119.72102	1955	114	36	100	5.8	38	6.2	508			
http://resources.usgin.org/uri-gin/nbmg/thermalspring/NBMG:932/	Warm Well - Steamboat Hot Springs / Reno Hot Springs / Mount Rose Hot Springs / Radium Hot Springs	NV	39.39158	-119.72102	1955	114		100	5.8	38	6.2	508	148	0.1	
http://resources.usgin.org/uri-gin/nbmg/thermalspring/NBMG:932/	Warm Well - Steamboat Hot Springs / Reno Hot Springs / Mount Rose Hot Springs / Radium Hot Springs	NV	39.39158	-119.72102	1955										7.6
http://resources.usgin.org/uri-gin/nbmg/thermalspring/NBMG:935/	Double Diamond Spring	NV	39.44158	-119.74602							133				
http://resources.usgin.org/uri-gin/nbmg/thermalspring/NBMG:935/	Double Diamond Spring	NV	39.44158	-119.74602							133				
http://resources.usgin.org/uri-gin/nbmg/thermalspring/NBMG:935/	Double Diamond Spring	NV	39.44158	-119.74602							250				
http://resources.usgin.org/uri-gin/nbmg/thermalspring/NBMG:935/	Double Diamond Spring	NV	39.44158	-119.74602							250				
http://resources.usgin.org/uri-gin/nbmg/thermalspring/NBMG:935/	Double Diamond Spring	NV	39.44158	-119.74602							310				
http://resources.usgin.org/uri-gin/nbmg/thermalspring/NBMG:935/	Double Diamond Spring	NV	39.44158	-119.74602							310				
http://resources.usgin.org/uri-gin/nbmg/thermalspring/NBMG:935/	Double Diamond Spring	NV	39.44158	-119.74602											7.18
http://resources.usgin.org/uri-gin/nbmg/thermalspring/NBMG:935/	Double Diamond Spring	NV	39.44158	-119.74602											7.2
http://resources.usgin.org/uri-gin/nbmg/thermalspring/NBMG:935/	Double Diamond Spring	NV	39.44158	-119.74602											7.24
http://resources.usgin.org/uri-gin/nbmg/thermalspring/NBMG:939/	Squaw Valley Ranch Spring / Poodle Spring	NV	40.83848	-119.54603	1952	32		25	7	86	28				
http://resources.usgin.org/uri-gin/nbmg/thermalspring/NBMG:939/	Squaw Valley Ranch Spring / Poodle Spring	NV	40.83848	-119.54603	1952	32		25	7	86	28				
http://resources.usgin.org/uri-gin/nbmg/thermalspring/NBMG:939/	Squaw Valley Ranch Spring / Poodle Spring	NV	40.83848	-119.54603	1952										6
http://resources.usgin.org/uri-gin/nbmg/thermalspring/NBMG:939/	Squaw Valley Ranch Spring / Poodle Spring	NV	40.83848	-119.54603	1952										7.8
http://resources.usgin.org/uri-gin/nbmg/thermalspring/NBMG:939/	Squaw Valley Ranch Spring / Poodle Spring	NV	40.83848	-119.54603	1975	32	0.2	25	7	86	28	15			
http://resources.usgin.org/uri-gin/nbmg/thermalspring/NBMG:939/	Squaw Valley Ranch Spring / Poodle Spring	NV	40.83848	-119.54603	1975	32		25	7	86	28	15			
http://resources.usgin.org/uri-gin/nbmg/thermalspring/NBMG:939/	Squaw Valley Ranch Spring / Poodle Spring	NV	40.83848	-119.54603	1975										7.8
http://resources.usgin.org/uri-gin/nbmg/thermalspring/NBMG:94/	Hot Sulphur Springs / Ellison Ranch Springs / Tuscarora Hot Springs / Hot Sulfur Springs	NV	41.46791	-116.15302	1971	13	0.2	157	16	166	9	75			
http://resources.usgin.org/uri-gin/nbmg/thermalspring/NBMG:94/	Hot Sulphur Springs / Ellison Ranch Springs / Tuscarora Hot Springs / Hot Sulfur Springs	NV	41.46791	-116.15302	1971	13		157	16	166	9	75	338	-9999999	
http://resources.usgin.org/uri-gin/nbmg/thermalspring/NBMG:94/	Hot Sulphur Springs / Ellison Ranch Springs / Tuscarora Hot Springs / Hot Sulfur Springs	NV	41.46791	-116.15302	1971										8.1
http://resources.usgin.org/uri-gin/nbmg/thermalspring/NBMG:94/	Hot Sulphur Springs / Ellison Ranch Springs / Tuscarora Hot Springs / Hot Sulfur Springs	NV	41.46791	-116.15302	1980	9.4	0.22	160	15	165	16	54			
http://resources.usgin.org/uri-gin/nbmg/thermalspring/NBMG:94/	Hot Sulphur Springs / Ellison Ranch Springs / Tuscarora Hot Springs / Hot Sulfur Springs	NV	41.46791	-116.15302	1980	9.4		160	15	165	16	54	367	9.6	
http://resources.usgin.org/uri-gin/nbmg/thermalspring/NBMG:94/	Hot Sulphur Springs / Ellison Ranch Springs / Tuscarora Hot Springs / Hot Sulfur Springs	NV	41.46791	-116.15302	1980										7.32
http://resources.usgin.org/uri-gin/nbmg/thermalspring/NBMG:94/	Hot Sulphur Springs / Ellison Ranch Springs / Tuscarora Hot Springs / Hot Sulfur Springs	NV	41.46791	-116.15302	2003	12.5	0.26	151	17.1	185.7	22.9	64.2			
http://resources.usgin.org/uri-gin/nbmg/thermalspring/NBMG:94/	Hot Sulphur Springs / Ellison Ranch Springs / Tuscarora Hot Springs / Hot Sulfur Springs	NV	41.46791	-116.15302	2003	12.5		151	17.1	185.7	22.9	64.2	300	10.5	
http://resources.usgin.org/uri-gin/nbmg/thermalspring/NBMG:94/	Hot Sulphur Springs / Ellison Ranch Springs / Tuscarora Hot Springs / Hot Sulfur Springs	NV	41.46791	-116.15302	2003										6.7
http://resources.usgin.org/uri-gin/nbmg/thermalspring/NBMG:941/	McGill Warm Springs	NV	39.41266	-114.77955		54	21			32	4.3	21			
http://resources.usgin.org/uri-gin/nbmg/thermalspring/NBMG:941/	McGill Warm Springs	NV	39.41266	-114.77955		54				32	4.3	21	267	0.1	
http://resources.usgin.org/uri-gin/nbmg/thermalspring/NBMG:949/	Coyote Hole Spring - Stone Cabin Valley	NV	38.0256	-116.6825		58	18	276	27	25	36	222			
http://resources.usgin.org/uri-gin/nbmg/thermalspring/NBMG:949/	Coyote Hole Spring - Stone Cabin Valley	NV	38.0256	-116.6825		58		276	27	25	36	222	702	6.2	
http://resources.usgin.org/uri-gin/nbmg/thermalspring/NBMG:949/	Coyote Hole Spring - Stone Cabin Valley	NV	38.0256	-116.6825											7.8
http://resources.usgin.org/uri-gin/nbmg/thermalspring/NBMG:95/	Hot Sulphur Springs / Ellison Ranch Springs / Tuscarora Hot Springs / Hot Sulfur Springs	NV	41.47823	-116.14721	1980	0.88	0.02	160	19	149	15	49			
http://resources.usgin.org/uri-gin/nbmg/thermalspring/NBMG:95/	Hot Sulphur Springs / Ellison Ranch Springs / Tuscarora Hot Springs / Hot Sulfur Springs	NV	41.47823	-116.14721	1980	0.88		160	19	149	15	49	354	8	
http://resources.usgin.org/uri-gin/nbmg/thermalspring/NBMG:95/	Hot Sulphur Springs / Ellison Ranch Springs / Tuscarora Hot Springs / Hot Sulfur Springs	NV	41.47823	-116.14721	1980	0.9	0.07	155	20	126		16			
http://resources.usgin.org/uri-gin/nbmg/thermalspring/NBMG:95/	Hot Sulphur Springs / Ellison Ranch Springs / Tuscarora Hot Springs / Hot Sulfur Springs	NV	41.47823	-116.14721	1980	0.9		155	20	126		16	350	-0.02	
http://resources.usgin.org/uri-gin/nbmg/thermalspring/NBMG:95/	Hot Sulphur Springs / Ellison Ranch Springs / Tuscarora Hot Springs / Hot Sulfur Springs	NV	41.47823	-116.14721	1980										8.49
http://resources.usgin.org/uri-gin/nbmg/thermalspring/NBMG:95/	Hot Sulphur Springs / Ellison Ranch Springs / Tuscarora Hot Springs / Hot Sulfur Springs	NV	41.47823	-116.14721	1980										8.98
http://resources.usgin.org/uri-gin/nbmg/thermalspring/NBMG:95/	Hot Sulphur Springs / Ellison Ranch Springs / Tuscarora Hot Springs / Hot Sulfur Springs	NV	41.47823	-116.14721	2004	0.6	-0.01	153	19.2	149.1	16.1	47.1			
http://resources.usgin.org/uri-gin/nbmg/thermalspring/NBMG:95/	Hot Sulphur Springs / Ellison Ranch Springs / Tuscarora Hot Springs / Hot Sulfur Springs	NV	41.47823	-116.14721	2004	0.6		153	19.2	149.1	16.1	47.1	315	7.8	
http://resources.usgin.org/uri-gin/nbmg/thermalspring/NBMG:95/	Hot Sulphur Springs / Ellison Ranch Springs / Tuscarora Hot Springs / Hot Sulfur Springs	NV	41.47823	-116.14721	2004										8.7
http://resources.usgin.org/uri-gin/nbmg/thermalspring/NBMG:951/	Moon River Spring	NV	38.35157	-115.18126	1954	52	20	20	4.6	31	9.1	40			
http://resources.usgin.org/uri-gin/nbmg/thermalspring/NBMG:951/	Moon River Spring	NV	38.35157	-115.18126	1954	52		20	4.6	31	9.1	40	267	0.704	
http://resources.usgin.org/uri-gin/nbmg/thermalspring/NBMG:951/	Moon River Spring	NV	38.35157	-115.18126	1954										8.17
http://resources.usgin.org/uri-gin/nbmg/thermalspring/NBMG:951/	Moon River Spring	NV	38.35157	-115.18126	1982	55	22	22	4.4	25	9.3	44			
http://resources.usgin.org/uri-gin/nbmg/thermalspring/NBMG:951/	Moon River Spring	NV	38.35157	-115.18126	1982	55		22	4.4	25	9.3	44		1.2	
http://resources.usgin.org/uri-gin/nbmg/thermalspring/NBMG:951/	Moon River Spring	NV	38.35157	-115.18126	1982										7.4
http://resources.usgin.org/uri-gin/nbmg/thermalspring/NBMG:952/	Panaca Warm Springs / Owl Warm Springs	NV	37.80684	-114.38042	1949	31	9.8	38	6.8	51	15	29			
http://resources.usgin.org/uri-gin/nbmg/thermalspring/NBMG:952/	Panaca Warm Springs / Owl Warm Springs	NV	37.80684	-114.38042	1949	31		38	6.8	51	15	29	189	-9999999	
http://resources.usgin.org/uri-gin/nbmg/thermalspring/NBMG:952/	Panaca Warm Springs / Owl Warm Springs	NV	37.80684	-114.38042	1949										8.1
http://resources.usgin.org/uri-gin/nbmg/thermalspring/NBMG:952/	Panaca Warm Springs / Owl Warm Springs	NV	37.80684	-114.38042	1984	32	9.8	36	6.8	45	15	29			
http://resources.usgin.org/uri-gin/nbmg/thermalspring/NBMG:952/	Panaca Warm Springs / Owl Warm Springs	NV	37.80684	-114.38042	1984	32		36	6.8	45	15	29		1.6	
http://resources.usgin.org/uri-gin/nbmg/thermalspring/NBMG:952/	Panaca Warm Springs / Owl Warm Springs	NV	37.80684	-114.38042	1984										7.8
http://resources.usgin.org/uri-gin/nbmg/thermalspring/NBMG:952/	Panaca Warm Springs / Owl Warm Springs	NV	37.80684	-114.38042	1985	34	10	38	7.1	50	16	25			
http://resources.usgin.org/uri-gin/nbmg/thermalspring/NBMG:952/	Panaca Warm Springs / Owl Warm Springs	NV	37.80684	-114.38042	1985	34		38	7.1	50	16	25		1.5	
http://resources.usgin.org/uri-gin/nbmg/thermalspring/NBMG:952/	Panaca Warm Springs / Owl Warm Springs	NV	37.80684	-114.38042	1985										7.9
http://resources.usgin.org/uri-gin/nbmg/thermalspring/NBMG:952/	Panaca Warm Springs / Owl Warm Springs	NV	37.80684	-114.38042	1986	33	10	37	6.7	48	17	27			
http://resources.usgin.org/uri-gin/nbmg/thermalspring/NBMG:952/	Panaca Warm Springs / Owl Warm Springs	NV	37.80684	-114.38042	1986	33		37	6.7	48	17	27		1.4	
http://resources.usgin.org/uri-gin/nbmg/thermalspring/NBMG:952/	Panaca Warm Springs / Owl Warm Springs	NV	37.80684	-114.38042	1986										7.8
http://resources.usgin.org/uri-gin/nbmg/thermalspring/NBMG:957/	Warm Well - Moana Hot Springs	NV	39.49158	-119.8377	1932	336	112			41	26	1959			
http://resources.usgin.org/uri-gin/nbmg/thermalspring/NBMG:957/	Warm Well - Moana Hot Springs	NV	39.49158	-119.8377	1932	336				41	26	1959	378		
http://resources.usgin.org/uri-gin/nbmg/thermalspring/NBMG:958/	Warm Well - Steamboat Hot Springs / Reno Hot Springs / Mount Rose Hot Springs / Radium Hot Springs	NV	39.38158	-119.72434		32	8	679			750	234			
http://resources.usgin.org/uri-gin/nbmg/thermalspring/NBMG:958/	Warm Well - Steamboat Hot Springs / Reno Hot Springs / Mount Rose Hot Springs / Radium Hot Springs	NV	39.38158	-119.72434		32		679			750	234	361	1.2	
http://resources.usgin.org/uri-gin/nbmg/thermalspring/NBMG:958/	Warm Well - Steamboat Hot Springs / Reno Hot Springs / Mount Rose Hot Springs / Radium Hot Springs	NV	39.38158	-119.72434											7.7
http://resources.usgin.org/uri-gin/nbmg/thermalspring/NBMG:96/	Lamoille Canyon Spring	NV	40.59326	-115.38089	1982	7.1	0.21	1.4	0.42	3.7		-1			
http://resources.usgin.org/uri-gin/nbmg/thermalspring/NBMG:96/	Lamoille Canyon Spring	NV	40.59326	-115.38089	1982	7.1		1.4	0.42	3.7		-1	25	-0.1	
http://resources.usgin.org/uri-gin/nbmg/thermalspring/NBMG:96/	Lamoille Canyon Spring	NV	40.59326	-115.38089	1982										7.61
http://resources.usgin.org/uri-gin/nbmg/thermalspring/NBMG:960/	Saulsbury Spring / Salisbury Spring	NV	38.25449	-116.83011	1950	1.6	0.1	65	2.5	76	10	26			
http://resources.usgin.org/uri-gin/nbmg/thermalspring/NBMG:960/	Saulsbury Spring / Salisbury Spring	NV	38.25449	-116.83011	1950	1.6		65	2.5	76	10	26	132	1.2	
http://resources.usgin.org/uri-gin/nbmg/thermalspring/NBMG:960/	Saulsbury Spring / Salisbury Spring	NV	38.25449	-116.83011	1950										8.1
http://resources.usgin.org/uri-gin/nbmg/thermalspring/NBMG:961/	Soda Springs / Sodaville Springs	NV	38.34217	-118.10425	1950	44	3				70	561			
http://resources.usgin.org/uri-gin/nbmg/thermalspring/NBMG:961/	Soda Springs / Sodaville Springs	NV	38.34217	-118.10425	1950	44					70	561	119		
http://resources.usgin.org/uri-gin/nbmg/thermalspring/NBMG:961/	Soda Springs / Sodaville Springs	NV	38.34217	-118.10425	1950										8
http://resources.usgin.org/uri-gin/nbmg/thermalspring/NBMG:963/	Wabuska Hot Springs Well	NV	39.13659	-119.18266	1950	39	1.6				45	552			
http://resources.usgin.org/uri-gin/nbmg/thermalspring/NBMG:963/	Wabuska Hot Springs Well	NV	39.13659	-119.18266	1950	39					45	552	72		
http://resources.usgin.org/uri-gin/nbmg/thermalspring/NBMG:963/	Wabuska Hot Springs Well	NV	39.13659	-119.18266	1950										7.9
http://resources.usgin.org/uri-gin/nbmg/thermalspring/NBMG:963/	Wabuska Hot Springs Well	NV	39.13659	-119.18266	1953	7.2	1.7				29	128			
http://resources.usgin.org/uri-gin/nbmg/thermalspring/NBMG:963/	Wabuska Hot Springs Well	NV	39.13659	-119.18266	1953	7.2					29	128	159		
http://resources.usgin.org/uri-gin/nbmg/thermalspring/NBMG:963/	Wabuska Hot Springs Well	NV	39.13659	-119.18266	1953										8.2
http://resources.usgin.org/uri-gin/nbmg/thermalspring/NBMG:963/	Wabuska Hot Springs Well	NV	39.13659	-119.18266		7.2	1.7				29	128			
http://resources.usgin.org/uri-gin/nbmg/thermalspring/NBMG:963/	Wabuska Hot Springs Well	NV	39.13659	-119.18266		7.2					29	128	159		
http://resources.usgin.org/uri-gin/nbmg/thermalspring/NBMG:963/	Wabuska Hot Springs Well	NV	39.13659	-119.18266											8.2
http://resources.usgin.org/uri-gin/nbmg/thermalspring/NBMG:964/	Sand Spring - Sand Spring Valley	NV	37.73976	-115.75297	1927	36	22				5	25			
http://resources.usgin.org/uri-gin/nbmg/thermalspring/NBMG:964/	Sand Spring - Sand Spring Valley	NV	37.73976	-115.75297	1927	36					5	25	357		
http://resources.usgin.org/uri-gin/nbmg/thermalspring/NBMG:964/	Sand Spring - Sand Spring Valley	NV	37.73976	-115.75297	1927										8
http://resources.usgin.org/uri-gin/nbmg/thermalspring/NBMG:964/	Sand Spring - Sand Spring Valley	NV	37.73976	-115.75297		36	22				5	25			
http://resources.usgin.org/uri-gin/nbmg/thermalspring/NBMG:964/	Sand Spring - Sand Spring Valley	NV	37.73976	-115.75297		36					5	25	357		
http://resources.usgin.org/uri-gin/nbmg/thermalspring/NBMG:964/	Sand Spring - Sand Spring Valley	NV	37.73976	-115.75297											8
http://resources.usgin.org/uri-gin/nbmg/thermalspring/NBMG:965/	Cress Ranch Hot Springs / Hot Springs nr Winter Creek	NV	41.19492	-115.28589	1947	6.5	0.8	358	33	132	25	2			
http://resources.usgin.org/uri-gin/nbmg/thermalspring/NBMG:965/	Cress Ranch Hot Springs / Hot Springs nr Winter Creek	NV	41.19492	-115.28589	1947	6.5		358	33	132	25	2	959		
http://resources.usgin.org/uri-gin/nbmg/thermalspring/NBMG:965/	Cress Ranch Hot Springs / Hot Springs nr Winter Creek	NV	41.19492	-115.28589	1947										7.7
http://resources.usgin.org/uri-gin/nbmg/thermalspring/NBMG:97/	Hot Spring (MDB and M Spring) - Wild Horse Reservoir	NV	41.647	-115.77501	1958	32	9.7	127	20	42	14	48			
http://resources.usgin.org/uri-gin/nbmg/thermalspring/NBMG:97/	Hot Spring (MDB and M Spring) - Wild Horse Reservoir	NV	41.647	-115.77501	1958	32		127	20	42	14	48	428	5.2	
http://resources.usgin.org/uri-gin/nbmg/thermalspring/NBMG:97/	Hot Spring (MDB and M Spring) - Wild Horse Reservoir	NV	41.647	-115.77501	1958										7.7
http://resources.usgin.org/uri-gin/nbmg/thermalspring/NBMG:973/	Crystal Pool	NV	36.4202	-116.32377	1966	40	20	70	8.6	25	22	81			
http://resources.usgin.org/uri-gin/nbmg/thermalspring/NBMG:973/	Crystal Pool	NV	36.4202	-116.32377	1966	40		70	8.6	25	22	81	278	1.7	
http://resources.usgin.org/uri-gin/nbmg/thermalspring/NBMG:973/	Crystal Pool	NV	36.4202	-116.32377	1979	48	20	80	8.8	26	32	92			
http://resources.usgin.org/uri-gin/nbmg/thermalspring/NBMG:973/	Crystal Pool	NV	36.4202	-116.32377	1979	48		80	8.8	26	32	92	311	1.4	
http://resources.usgin.org/uri-gin/nbmg/thermalspring/NBMG:973/	Crystal Pool	NV	36.4202	-116.32377	1979										7.4
http://resources.usgin.org/uri-gin/nbmg/thermalspring/NBMG:973/	Crystal Pool	NV	36.4202	-116.32377	1990	47	20	75	9	27	23	81			
http://resources.usgin.org/uri-gin/nbmg/thermalspring/NBMG:973/	Crystal Pool	NV	36.4202	-116.32377	1990	47		75	9	27	23	81	307	1.5	
http://resources.usgin.org/uri-gin/nbmg/thermalspring/NBMG:973/	Crystal Pool	NV	36.4202	-116.32377	1990										7.3
http://resources.usgin.org/uri-gin/nbmg/thermalspring/NBMG:973/	Crystal Pool	NV	36.4202	-116.32377	1991	48	20	69	9.1	27	22	89			
http://resources.usgin.org/uri-gin/nbmg/thermalspring/NBMG:973/	Crystal Pool	NV	36.4202	-116.32377	1991	48		69	9.1	27	22	89	295	1.8	
http://resources.usgin.org/uri-gin/nbmg/thermalspring/NBMG:973/	Crystal Pool	NV	36.4202	-116.32377	1991										7.4
http://resources.usgin.org/uri-gin/nbmg/thermalspring/NBMG:973/	Crystal Pool	NV	36.4202	-116.32377	1994	45	21	75	9.2	26	22	86			
http://resources.usgin.org/uri-gin/nbmg/thermalspring/NBMG:973/	Crystal Pool	NV	36.4202	-116.32377	1994	45		75	9.2	26	22	86	295	1.7	
http://resources.usgin.org/uri-gin/nbmg/thermalspring/NBMG:973/	Crystal Pool	NV	36.4202	-116.32377	1994										7.3
http://resources.usgin.org/uri-gin/nbmg/thermalspring/NBMG:973/	Crystal Pool	NV	36.4202	-116.32377	1996	45	20	73	9.4	26	23	84			
http://resources.usgin.org/uri-gin/nbmg/thermalspring/NBMG:973/	Crystal Pool	NV	36.4202	-116.32377	1996	45		73	9.4	26	23	84	303	1.8	
http://resources.usgin.org/uri-gin/nbmg/thermalspring/NBMG:973/	Crystal Pool	NV	36.4202	-116.32377	1996										7.2
http://resources.usgin.org/uri-gin/nbmg/thermalspring/NBMG:973/	Crystal Pool	NV	36.4202	-116.32377	1996										7.2
http://resources.usgin.org/uri-gin/nbmg/thermalspring/NBMG:973/	Crystal Pool	NV	36.4202	-116.32377	1997	46.6	19.9	71.3	8.44	26.8	22.8	87.7			
http://resources.usgin.org/uri-gin/nbmg/thermalspring/NBMG:973/	Crystal Pool	NV	36.4202	-116.32377	1997	46.6		71.3	8.44	26.8	22.8	87.7	310	1.8	
http://resources.usgin.org/uri-gin/nbmg/thermalspring/NBMG:973/	Crystal Pool	NV	36.4202	-116.32377	1997										7
http://resources.usgin.org/uri-gin/nbmg/thermalspring/NBMG:973/	Crystal Pool	NV	36.4202	-116.32377	1997										7.3
http://resources.usgin.org/uri-gin/nbmg/thermalspring/NBMG:973/	Crystal Pool	NV	36.4202	-116.32377	1997										7.3
http://resources.usgin.org/uri-gin/nbmg/thermalspring/NBMG:973/	Crystal Pool	NV	36.4202	-116.32377	1997										7.4
http://resources.usgin.org/uri-gin/nbmg/thermalspring/NBMG:973/	Crystal Pool	NV	36.4202	-116.32377	1998										7.1
http://resources.usgin.org/uri-gin/nbmg/thermalspring/NBMG:973/	Crystal Pool	NV	36.4202	-116.32377	1998										7.2
http://resources.usgin.org/uri-gin/nbmg/thermalspring/NBMG:973/	Crystal Pool	NV	36.4202	-116.32377	1998										7.6
http://resources.usgin.org/uri-gin/nbmg/thermalspring/NBMG:973/	Crystal Pool	NV	36.4202	-116.32377	1998										7.8
http://resources.usgin.org/uri-gin/nbmg/thermalspring/NBMG:974/	Scruggs Spring	NV	36.43217	-116.3092	1980	46	19	71	7.8	28	22	80			
http://resources.usgin.org/uri-gin/nbmg/thermalspring/NBMG:974/	Scruggs Spring	NV	36.43217	-116.3092	1980	46		71	7.8	28	22	80	283	1.2	
http://resources.usgin.org/uri-gin/nbmg/thermalspring/NBMG:974/	Scruggs Spring	NV	36.43217	-116.3092	1980										7.6
http://resources.usgin.org/uri-gin/nbmg/thermalspring/NBMG:975/	Panaca Warm Springs / Owl Warm Springs	NV	37.80744	-114.38067	1947	54	15			40	25	31			
http://resources.usgin.org/uri-gin/nbmg/thermalspring/NBMG:975/	Panaca Warm Springs / Owl Warm Springs	NV	37.80744	-114.38067	1947	54				40	25	31	149		
http://resources.usgin.org/uri-gin/nbmg/thermalspring/NBMG:976/	Siri Ranch Spring	NV	39.98873	-116.0444	2003	49	21.5	12.1	3.3	31.4	17.7	26.5			
http://resources.usgin.org/uri-gin/nbmg/thermalspring/NBMG:976/	Siri Ranch Spring	NV	39.98873	-116.0444	2003	49		12.1	3.3	31.4	17.7	26.5	216	0.2	
http://resources.usgin.org/uri-gin/nbmg/thermalspring/NBMG:976/	Siri Ranch Spring	NV	39.98873	-116.0444	2003										7.44
http://resources.usgin.org/uri-gin/nbmg/thermalspring/NBMG:983/	Pool H-50 - Fly Ranch Hot Springs / Wards Hot Springs / Hualapai Flat Hot Springs	NV	40.8609	-119.33342	1964	17	0.2	430	15	82	250	380			
http://resources.usgin.org/uri-gin/nbmg/thermalspring/NBMG:983/	Pool H-50 - Fly Ranch Hot Springs / Wards Hot Springs / Hualapai Flat Hot Springs	NV	40.8609	-119.33342	1964	17		430	15	82	250	380	452		
http://resources.usgin.org/uri-gin/nbmg/thermalspring/NBMG:983/	Pool H-50 - Fly Ranch Hot Springs / Wards Hot Springs / Hualapai Flat Hot Springs	NV	40.8609	-119.33342	1964										8
http://resources.usgin.org/uri-gin/nbmg/thermalspring/NBMG:983/	Pool H-50 - Fly Ranch Hot Springs / Wards Hot Springs / Hualapai Flat Hot Springs	NV	40.8609	-119.33342	1970	22	0.15	424	17	88	240				
http://resources.usgin.org/uri-gin/nbmg/thermalspring/NBMG:983/	Pool H-50 - Fly Ranch Hot Springs / Wards Hot Springs / Hualapai Flat Hot Springs	NV	40.8609	-119.33342	1970	22		424	17	88	240		450		
http://resources.usgin.org/uri-gin/nbmg/thermalspring/NBMG:983/	Pool H-50 - Fly Ranch Hot Springs / Wards Hot Springs / Hualapai Flat Hot Springs	NV	40.8609	-119.33342	1970										8.2
http://resources.usgin.org/uri-gin/nbmg/thermalspring/NBMG:983/	Pool H-50 - Fly Ranch Hot Springs / Wards Hot Springs / Hualapai Flat Hot Springs	NV	40.8609	-119.33342	1975	18	0.2	430	15	82	250	210			
http://resources.usgin.org/uri-gin/nbmg/thermalspring/NBMG:983/	Pool H-50 - Fly Ranch Hot Springs / Wards Hot Springs / Hualapai Flat Hot Springs	NV	40.8609	-119.33342	1975	18		430	15	82	250	210			
http://resources.usgin.org/uri-gin/nbmg/thermalspring/NBMG:983/	Pool H-50 - Fly Ranch Hot Springs / Wards Hot Springs / Hualapai Flat Hot Springs	NV	40.8609	-119.33342	1975	20	0.2	400	17	82	245	160			
http://resources.usgin.org/uri-gin/nbmg/thermalspring/NBMG:983/	Pool H-50 - Fly Ranch Hot Springs / Wards Hot Springs / Hualapai Flat Hot Springs	NV	40.8609	-119.33342	1975	20		400	17	82	245	160			
http://resources.usgin.org/uri-gin/nbmg/thermalspring/NBMG:983/	Pool H-50 - Fly Ranch Hot Springs / Wards Hot Springs / Hualapai Flat Hot Springs	NV	40.8609	-119.33342	1975										7.9
http://resources.usgin.org/uri-gin/nbmg/thermalspring/NBMG:983/	Pool H-50 - Fly Ranch Hot Springs / Wards Hot Springs / Hualapai Flat Hot Springs	NV	40.8609	-119.33342	1975										8
http://resources.usgin.org/uri-gin/nbmg/thermalspring/NBMG:984/	Izzenhood Ranch Springs	NV	40.92859	-116.89584	1962	33	4.1	38	5.6	51	25	36			
http://resources.usgin.org/uri-gin/nbmg/thermalspring/NBMG:984/	Izzenhood Ranch Springs	NV	40.92859	-116.89584	1962	33		38	5.6	51	25	36	136	1.9	
http://resources.usgin.org/uri-gin/nbmg/thermalspring/NBMG:984/	Izzenhood Ranch Springs	NV	40.92859	-116.89584	1962										7.1
http://resources.usgin.org/uri-gin/nbmg/thermalspring/NBMG:986/	Warm Spring - NE Beatty	NV	36.9421	-116.72859		4.8	0.5				31	34			
http://resources.usgin.org/uri-gin/nbmg/thermalspring/NBMG:986/	Warm Spring - NE Beatty	NV	36.9421	-116.72859		4.8					31	34	176	4.1	
http://resources.usgin.org/uri-gin/nbmg/thermalspring/NBMG:986/	Warm Spring - NE Beatty	NV	36.9421	-116.72859		50	16	195		76	93	133			
http://resources.usgin.org/uri-gin/nbmg/thermalspring/NBMG:986/	Warm Spring - NE Beatty	NV	36.9421	-116.72859		50		195		76	93	133	422		
http://resources.usgin.org/uri-gin/nbmg/thermalspring/NBMG:986/	Warm Spring - NE Beatty	NV	36.9421	-116.72859											8.2
http://resources.usgin.org/uri-gin/nbmg/thermalspring/NBMG:988/	Ash Springs / Alamo Springs	NV	37.46362	-115.19255	1944	45.09	17.99	20.92			8.86	18.25			
http://resources.usgin.org/uri-gin/nbmg/thermalspring/NBMG:988/	Ash Springs / Alamo Springs	NV	37.46362	-115.19255	1944	45.09		20.92			8.86	18.25	250.78		
http://resources.usgin.org/uri-gin/nbmg/thermalspring/NBMG:988/	Ash Springs / Alamo Springs	NV	37.46362	-115.19255	1945	39	18	32	6.8	31	9.7	34			
http://resources.usgin.org/uri-gin/nbmg/thermalspring/NBMG:988/	Ash Springs / Alamo Springs	NV	37.46362	-115.19255	1945	39		32	6.8	31	9.7	34	231	0.5	
http://resources.usgin.org/uri-gin/nbmg/thermalspring/NBMG:988/	Ash Springs / Alamo Springs	NV	37.46362	-115.19255	1945										8.1
http://resources.usgin.org/uri-gin/nbmg/thermalspring/NBMG:991/	Mosquito Creek Springs / Mosquito Ranch Springs	NV	38.82263	-116.71931	1941	7.2	0.512	43	1.9	68	7.7	18			
http://resources.usgin.org/uri-gin/nbmg/thermalspring/NBMG:991/	Mosquito Creek Springs / Mosquito Ranch Springs	NV	38.82263	-116.71931	1941	7.2		43	1.9	68	7.7	18	83	0.889	
http://resources.usgin.org/uri-gin/nbmg/thermalspring/NBMG:991/	Mosquito Creek Springs / Mosquito Ranch Springs	NV	38.82263	-116.71931	1941										9.12
http://resources.usgin.org/uri-gin/nbmg/thermalspring/NBMG:992/	Iverson Spring - Moapa Warm Springs / Muddy River Springs	NV	36.70999	-114.71583	1958	70	26	101	11	29	64	179			
http://resources.usgin.org/uri-gin/nbmg/thermalspring/NBMG:992/	Iverson Spring - Moapa Warm Springs / Muddy River Springs	NV	36.70999	-114.71583	1958	70		101	11	29	64	179	274	2.3	
http://resources.usgin.org/uri-gin/nbmg/thermalspring/NBMG:992/	Iverson Spring - Moapa Warm Springs / Muddy River Springs	NV	36.70999	-114.71583	1962	98	26			42	66	184			
http://resources.usgin.org/uri-gin/nbmg/thermalspring/NBMG:992/	Iverson Spring - Moapa Warm Springs / Muddy River Springs	NV	36.70999	-114.71583	1962	98				42	66	184	281		
http://resources.usgin.org/uri-gin/nbmg/thermalspring/NBMG:992/	Iverson Spring - Moapa Warm Springs / Muddy River Springs	NV	36.70999	-114.71583	2003	69	28.4	103	11	30.4	62.1	179			
http://resources.usgin.org/uri-gin/nbmg/thermalspring/NBMG:992/	Iverson Spring - Moapa Warm Springs / Muddy River Springs	NV	36.70999	-114.71583	2003	69		103	11	30.4	62.1	179	267	-8888888	
http://resources.usgin.org/uri-gin/nbmg/thermalspring/NBMG:992/	Iverson Spring - Moapa Warm Springs / Muddy River Springs	NV	36.70999	-114.71583	2003										7.3
http://resources.usgin.org/uri-gin/nbmg/thermalspring/NBMG:994/	Mound Springs	NV	40.31451	-117.06344	1950	70	27	105	28	40	17	94			
http://resources.usgin.org/uri-gin/nbmg/thermalspring/NBMG:994/	Mound Springs	NV	40.31451	-117.06344	1950	70		105	28	40	17	94	507	2.5	
http://resources.usgin.org/uri-gin/nbmg/thermalspring/NBMG:994/	Mound Springs	NV	40.31451	-117.06344	1950										7.1
http://resources.usgin.org/uri-gin/nbmg/thermalspring/NBMG:994/	Mound Springs	NV	40.31451	-117.06344	1980	69.5	25.2	111	29	19.1	18.3	87.3			
http://resources.usgin.org/uri-gin/nbmg/thermalspring/NBMG:994/	Mound Springs	NV	40.31451	-117.06344	1980	69.5		111	29	19.1	18.3	87.3	492	3.04	
http://resources.usgin.org/uri-gin/nbmg/thermalspring/NBMG:994/	Mound Springs	NV	40.31451	-117.06344	1980										7.1
http://resources.usgin.org/uri-gin/nbmg/thermalspring/NBMG:995/	Big Blue Springs / Charnock Springs	NV	38.95368	-117.05062	1962	23	0.95	74	13	94	12	38			
http://resources.usgin.org/uri-gin/nbmg/thermalspring/NBMG:995/	Big Blue Springs / Charnock Springs	NV	38.95368	-117.05062	1962	23		74	13	94	12	38	202	4	
http://resources.usgin.org/uri-gin/nbmg/thermalspring/NBMG:995/	Big Blue Springs / Charnock Springs	NV	38.95368	-117.05062	1962										7.5
